PlantID = ,   299
Plant Cap = ,    96.000
Date/Time , Value
01/01/2008 00:00:00,        14.586378
01/01/2008 01:00:00,        18.420499
01/01/2008 02:00:00,        18.021085
01/01/2008 03:00:00,        19.475909
01/01/2008 04:00:00,        21.092546
01/01/2008 05:00:00,        23.268452
01/01/2008 06:00:00,        24.383017
01/01/2008 07:00:00,        26.857010
01/01/2008 08:00:00,        31.495308
01/01/2008 09:00:00,        38.047061
01/01/2008 10:00:00,        44.059902
01/01/2008 11:00:00,        50.571265
01/01/2008 12:00:00,        47.240171
01/01/2008 13:00:00,        57.742872
01/01/2008 14:00:00,        61.732582
01/01/2008 15:00:00,        63.999561
01/01/2008 16:00:00,        65.570104
01/01/2008 17:00:00,        65.907203
01/01/2008 18:00:00,        72.090701
01/01/2008 19:00:00,        74.569335
01/01/2008 20:00:00,        75.787167
01/01/2008 21:00:00,        76.329086
01/01/2008 22:00:00,        76.125205
01/01/2008 23:00:00,        75.326518
01/02/2008 00:00:00,        72.850172
01/02/2008 01:00:00,        88.122902
01/02/2008 02:00:00,        86.906212
01/02/2008 03:00:00,        86.185537
01/02/2008 04:00:00,        85.508545
01/02/2008 05:00:00,        84.694256
01/02/2008 06:00:00,        83.901406
01/02/2008 07:00:00,        83.263041
01/02/2008 08:00:00,        82.014832
01/02/2008 09:00:00,        80.519738
01/02/2008 10:00:00,        78.453677
01/02/2008 11:00:00,        75.527906
01/02/2008 12:00:00,        72.113745
01/02/2008 13:00:00,        68.376949
01/02/2008 14:00:00,        64.326487
01/02/2008 15:00:00,        59.358042
01/02/2008 16:00:00,        55.699213
01/02/2008 17:00:00,        55.102898
01/02/2008 18:00:00,        55.025656
01/02/2008 19:00:00,        53.429781
01/02/2008 20:00:00,        51.447609
01/02/2008 21:00:00,        49.758995
01/02/2008 22:00:00,        48.292377
01/02/2008 23:00:00,        48.065703
01/03/2008 00:00:00,        49.717539
01/03/2008 01:00:00,        45.239688
01/03/2008 02:00:00,        44.418995
01/03/2008 03:00:00,        44.061152
01/03/2008 04:00:00,        41.893813
01/03/2008 05:00:00,        39.067596
01/03/2008 06:00:00,        36.568122
01/03/2008 07:00:00,        34.612875
01/03/2008 08:00:00,        34.529485
01/03/2008 09:00:00,        32.294958
01/03/2008 10:00:00,        28.082339
01/03/2008 11:00:00,        22.992373
01/03/2008 12:00:00,        21.097580
01/03/2008 13:00:00,        21.509832
01/03/2008 14:00:00,        23.102008
01/03/2008 15:00:00,        26.754400
01/03/2008 16:00:00,        31.652599
01/03/2008 17:00:00,        37.284166
01/03/2008 18:00:00,        44.375004
01/03/2008 19:00:00,        48.444019
01/03/2008 20:00:00,        53.678858
01/03/2008 21:00:00,        60.610011
01/03/2008 22:00:00,        67.329462
01/03/2008 23:00:00,        74.714284
01/04/2008 00:00:00,        82.934216
01/04/2008 01:00:00,        95.664464
01/04/2008 02:00:00,        95.689420
01/04/2008 03:00:00,        95.936055
01/04/2008 04:00:00,        95.980828
01/04/2008 05:00:00,        95.979360
01/04/2008 06:00:00,        95.966463
01/04/2008 07:00:00,        95.928090
01/04/2008 08:00:00,        95.848372
01/04/2008 09:00:00,        95.704021
01/04/2008 10:00:00,        95.422682
01/04/2008 11:00:00,        94.938405
01/04/2008 12:00:00,        94.226093
01/04/2008 13:00:00,        93.369527
01/04/2008 14:00:00,        92.608379
01/04/2008 15:00:00,        91.927476
01/04/2008 16:00:00,        91.200935
01/04/2008 17:00:00,        90.612034
01/04/2008 18:00:00,        90.006500
01/04/2008 19:00:00,        89.346500
01/04/2008 20:00:00,        88.686029
01/04/2008 21:00:00,        88.805873
01/04/2008 22:00:00,        88.937261
01/04/2008 23:00:00,        89.281106
01/05/2008 00:00:00,        89.797641
01/05/2008 01:00:00,        90.710709
01/05/2008 02:00:00,        90.193078
01/05/2008 03:00:00,        89.591438
01/05/2008 04:00:00,        88.546387
01/05/2008 05:00:00,        87.702502
01/05/2008 06:00:00,        86.854092
01/05/2008 07:00:00,        86.003975
01/05/2008 08:00:00,        85.026249
01/05/2008 09:00:00,        84.511556
01/05/2008 10:00:00,        83.729735
01/05/2008 11:00:00,        83.251164
01/05/2008 12:00:00,        82.909986
01/05/2008 13:00:00,        83.064488
01/05/2008 14:00:00,        83.652908
01/05/2008 15:00:00,        84.002534
01/05/2008 16:00:00,        84.361435
01/05/2008 17:00:00,        85.284288
01/05/2008 18:00:00,        87.285268
01/05/2008 19:00:00,        88.249600
01/05/2008 20:00:00,        89.009000
01/05/2008 21:00:00,        89.520900
01/05/2008 22:00:00,        89.048964
01/05/2008 23:00:00,        88.148685
01/06/2008 00:00:00,        88.356253
01/06/2008 01:00:00,        90.140926
01/06/2008 02:00:00,        90.205576
01/06/2008 03:00:00,        90.178072
01/06/2008 04:00:00,        90.091990
01/06/2008 05:00:00,        90.404542
01/06/2008 06:00:00,        90.443763
01/06/2008 07:00:00,        90.507308
01/06/2008 08:00:00,        90.639589
01/06/2008 09:00:00,        90.888844
01/06/2008 10:00:00,        91.156251
01/06/2008 11:00:00,        91.495669
01/06/2008 12:00:00,        91.810459
01/06/2008 13:00:00,        92.076571
01/06/2008 14:00:00,        92.521573
01/06/2008 15:00:00,        92.978123
01/06/2008 16:00:00,        93.488497
01/06/2008 17:00:00,        94.004568
01/06/2008 18:00:00,        94.202800
01/06/2008 19:00:00,        94.554583
01/06/2008 20:00:00,        94.822989
01/06/2008 21:00:00,        95.116005
01/06/2008 22:00:00,        95.291421
01/06/2008 23:00:00,        95.446439
01/07/2008 00:00:00,        95.542340
01/07/2008 01:00:00,        95.971354
01/07/2008 02:00:00,        95.966188
01/07/2008 03:00:00,        95.922756
01/07/2008 04:00:00,        95.762298
01/07/2008 05:00:00,        95.436416
01/07/2008 06:00:00,        94.854174
01/07/2008 07:00:00,        93.814738
01/07/2008 08:00:00,        92.716084
01/07/2008 09:00:00,        91.215940
01/07/2008 10:00:00,        89.243833
01/07/2008 11:00:00,        86.865984
01/07/2008 12:00:00,        84.464942
01/07/2008 13:00:00,        82.536277
01/07/2008 14:00:00,        81.446128
01/07/2008 15:00:00,        81.198677
01/07/2008 16:00:00,        81.352523
01/07/2008 17:00:00,        81.580659
01/07/2008 18:00:00,        81.726460
01/07/2008 19:00:00,        81.086132
01/07/2008 20:00:00,        81.493099
01/07/2008 21:00:00,        81.271740
01/07/2008 22:00:00,        82.149045
01/07/2008 23:00:00,        83.610356
01/08/2008 00:00:00,        86.177987
01/08/2008 01:00:00,        95.815090
01/08/2008 02:00:00,        95.850357
01/08/2008 03:00:00,        95.887239
01/08/2008 04:00:00,        95.843447
01/08/2008 05:00:00,        95.794356
01/08/2008 06:00:00,        95.728889
01/08/2008 07:00:00,        95.682734
01/08/2008 08:00:00,        95.653454
01/08/2008 09:00:00,        95.592562
01/08/2008 10:00:00,        95.429734
01/08/2008 11:00:00,        95.300766
01/08/2008 12:00:00,        95.214160
01/08/2008 13:00:00,        95.226136
01/08/2008 14:00:00,        95.260298
01/08/2008 15:00:00,        95.287997
01/08/2008 16:00:00,        95.177204
01/08/2008 17:00:00,        95.141242
01/08/2008 18:00:00,        95.476583
01/08/2008 19:00:00,        95.551539
01/08/2008 20:00:00,        95.628976
01/08/2008 21:00:00,        95.653240
01/08/2008 22:00:00,        95.687268
01/08/2008 23:00:00,        95.521520
01/09/2008 00:00:00,        94.791875
01/09/2008 01:00:00,        89.965656
01/09/2008 02:00:00,        89.992587
01/09/2008 03:00:00,        90.046168
01/09/2008 04:00:00,        90.014547
01/09/2008 05:00:00,        90.243338
01/09/2008 06:00:00,        89.976921
01/09/2008 07:00:00,        88.115851
01/09/2008 08:00:00,        88.198561
01/09/2008 09:00:00,        89.663942
01/09/2008 10:00:00,        91.419188
01/09/2008 11:00:00,        90.791002
01/09/2008 12:00:00,        92.792172
01/09/2008 13:00:00,        93.708186
01/09/2008 14:00:00,        94.727859
01/09/2008 15:00:00,        95.339205
01/09/2008 16:00:00,        95.619173
01/09/2008 17:00:00,        95.826986
01/09/2008 18:00:00,        95.544019
01/09/2008 19:00:00,        94.987180
01/09/2008 20:00:00,        94.247246
01/09/2008 21:00:00,        93.405467
01/09/2008 22:00:00,        92.415955
01/09/2008 23:00:00,        91.255297
01/10/2008 00:00:00,        89.885853
01/10/2008 01:00:00,        55.689911
01/10/2008 02:00:00,        50.198379
01/10/2008 03:00:00,        44.436206
01/10/2008 04:00:00,        39.577848
01/10/2008 05:00:00,        35.227593
01/10/2008 06:00:00,        31.202443
01/10/2008 07:00:00,        27.816965
01/10/2008 08:00:00,        21.506286
01/10/2008 09:00:00,        15.778677
01/10/2008 10:00:00,        10.882460
01/10/2008 11:00:00,         7.265415
01/10/2008 12:00:00,         4.625306
01/10/2008 13:00:00,         3.224963
01/10/2008 14:00:00,         3.267168
01/10/2008 15:00:00,         4.020005
01/10/2008 16:00:00,         6.802644
01/10/2008 17:00:00,        10.937974
01/10/2008 18:00:00,        16.544401
01/10/2008 19:00:00,        19.002070
01/10/2008 20:00:00,        21.892733
01/10/2008 21:00:00,        25.197384
01/10/2008 22:00:00,        28.966105
01/10/2008 23:00:00,        33.269337
01/11/2008 00:00:00,        38.916348
01/11/2008 01:00:00,        85.900084
01/11/2008 02:00:00,        86.059573
01/11/2008 03:00:00,        84.366096
01/11/2008 04:00:00,        80.858575
01/11/2008 05:00:00,        78.013587
01/11/2008 06:00:00,        78.119094
01/11/2008 07:00:00,        79.510792
01/11/2008 08:00:00,        80.836810
01/11/2008 09:00:00,        81.660830
01/11/2008 10:00:00,        81.641588
01/11/2008 11:00:00,        81.678783
01/11/2008 12:00:00,        81.573074
01/11/2008 13:00:00,        81.371795
01/11/2008 14:00:00,        82.220137
01/11/2008 15:00:00,        83.026475
01/11/2008 16:00:00,        85.542293
01/11/2008 17:00:00,        89.795308
01/11/2008 18:00:00,        93.986545
01/11/2008 19:00:00,        95.693222
01/11/2008 20:00:00,        95.822484
01/11/2008 21:00:00,        95.838000
01/11/2008 22:00:00,        95.775431
01/11/2008 23:00:00,        95.584398
01/12/2008 00:00:00,        95.254589
01/12/2008 01:00:00,        92.580173
01/12/2008 02:00:00,        89.196940
01/12/2008 03:00:00,        86.713328
01/12/2008 04:00:00,        83.857555
01/12/2008 05:00:00,        80.464076
01/12/2008 06:00:00,        76.673091
01/12/2008 07:00:00,        72.486758
01/12/2008 08:00:00,        67.073322
01/12/2008 09:00:00,        62.159457
01/12/2008 10:00:00,        55.335062
01/12/2008 11:00:00,        49.395298
01/12/2008 12:00:00,        42.959831
01/12/2008 13:00:00,        36.655535
01/12/2008 14:00:00,        31.541084
01/12/2008 15:00:00,        27.490770
01/12/2008 16:00:00,        22.822916
01/12/2008 17:00:00,        17.950987
01/12/2008 18:00:00,        15.497417
01/12/2008 19:00:00,        11.581274
01/12/2008 20:00:00,         9.141643
01/12/2008 21:00:00,         6.860896
01/12/2008 22:00:00,         5.009245
01/12/2008 23:00:00,         3.621672
01/13/2008 00:00:00,         2.505567
01/13/2008 01:00:00,         2.321708
01/13/2008 02:00:00,         3.044177
01/13/2008 03:00:00,         3.759829
01/13/2008 04:00:00,         5.420848
01/13/2008 05:00:00,         8.200329
01/13/2008 06:00:00,        12.142551
01/13/2008 07:00:00,        16.658389
01/13/2008 08:00:00,        21.436787
01/13/2008 09:00:00,        25.454279
01/13/2008 10:00:00,        28.527218
01/13/2008 11:00:00,        31.958657
01/13/2008 12:00:00,        35.466328
01/13/2008 13:00:00,        37.867010
01/13/2008 14:00:00,        39.723112
01/13/2008 15:00:00,        41.864657
01/13/2008 16:00:00,        44.691421
01/13/2008 17:00:00,        47.288064
01/13/2008 18:00:00,        46.869580
01/13/2008 19:00:00,        45.303440
01/13/2008 20:00:00,        43.554430
01/13/2008 21:00:00,        41.691654
01/13/2008 22:00:00,        40.449665
01/13/2008 23:00:00,        40.247252
01/14/2008 00:00:00,        40.992451
01/14/2008 01:00:00,        41.281295
01/14/2008 02:00:00,        39.429416
01/14/2008 03:00:00,        37.098249
01/14/2008 04:00:00,        34.104156
01/14/2008 05:00:00,        31.226140
01/14/2008 06:00:00,        28.438581
01/14/2008 07:00:00,        26.519250
01/14/2008 08:00:00,        23.243458
01/14/2008 09:00:00,        20.724018
01/14/2008 10:00:00,        19.662592
01/14/2008 11:00:00,        18.194846
01/14/2008 12:00:00,        16.992759
01/14/2008 13:00:00,        17.335723
01/14/2008 14:00:00,        16.890690
01/14/2008 15:00:00,        14.447776
01/14/2008 16:00:00,        14.200117
01/14/2008 17:00:00,        14.435424
01/14/2008 18:00:00,        15.087551
01/14/2008 19:00:00,        14.832782
01/14/2008 20:00:00,        15.427664
01/14/2008 21:00:00,        16.248692
01/14/2008 22:00:00,        17.928602
01/14/2008 23:00:00,        17.281018
01/15/2008 00:00:00,        16.639122
01/15/2008 01:00:00,         7.994387
01/15/2008 02:00:00,        11.000948
01/15/2008 03:00:00,        12.671382
01/15/2008 04:00:00,        15.084780
01/15/2008 05:00:00,        17.451500
01/15/2008 06:00:00,        18.734000
01/15/2008 07:00:00,         5.557500
01/15/2008 08:00:00,        13.946000
01/15/2008 09:00:00,        15.095500
01/15/2008 10:00:00,        26.557390
01/15/2008 11:00:00,        26.257767
01/15/2008 12:00:00,        28.560942
01/15/2008 13:00:00,        29.493870
01/15/2008 14:00:00,        27.291731
01/15/2008 15:00:00,        25.819290
01/15/2008 16:00:00,        23.953143
01/15/2008 17:00:00,        21.519641
01/15/2008 18:00:00,        18.708238
01/15/2008 19:00:00,        17.447196
01/15/2008 20:00:00,        16.479213
01/15/2008 21:00:00,        14.498534
01/15/2008 22:00:00,        13.393949
01/15/2008 23:00:00,        12.375562
01/16/2008 00:00:00,        12.153695
01/16/2008 01:00:00,         3.414871
01/16/2008 02:00:00,         3.086846
01/16/2008 03:00:00,         2.624939
01/16/2008 04:00:00,         2.648191
01/16/2008 05:00:00,         2.829761
01/16/2008 06:00:00,         2.959963
01/16/2008 07:00:00,         3.024354
01/16/2008 08:00:00,         3.011646
01/16/2008 09:00:00,         3.654339
01/16/2008 10:00:00,         4.782767
01/16/2008 11:00:00,         6.236546
01/16/2008 12:00:00,         7.940283
01/16/2008 13:00:00,        10.272280
01/16/2008 14:00:00,        12.481008
01/16/2008 15:00:00,        14.416122
01/16/2008 16:00:00,        17.097337
01/16/2008 17:00:00,        20.201005
01/16/2008 18:00:00,        24.187615
01/16/2008 19:00:00,        26.753614
01/16/2008 20:00:00,        29.702489
01/16/2008 21:00:00,        32.715049
01/16/2008 22:00:00,        35.002061
01/16/2008 23:00:00,        37.950231
01/17/2008 00:00:00,        40.510221
01/17/2008 01:00:00,        70.102436
01/17/2008 02:00:00,        70.992694
01/17/2008 03:00:00,        72.135585
01/17/2008 04:00:00,        72.211139
01/17/2008 05:00:00,        71.446959
01/17/2008 06:00:00,        71.001974
01/17/2008 07:00:00,        71.394465
01/17/2008 08:00:00,        72.593513
01/17/2008 09:00:00,        73.631865
01/17/2008 10:00:00,        74.033860
01/17/2008 11:00:00,        73.793458
01/17/2008 12:00:00,        73.572271
01/17/2008 13:00:00,        72.773629
01/17/2008 14:00:00,        72.386909
01/17/2008 15:00:00,        71.091561
01/17/2008 16:00:00,        71.376974
01/17/2008 17:00:00,        72.827152
01/17/2008 18:00:00,        75.093315
01/17/2008 19:00:00,        76.038937
01/17/2008 20:00:00,        76.498104
01/17/2008 21:00:00,        76.603375
01/17/2008 22:00:00,        77.155668
01/17/2008 23:00:00,        78.638938
01/18/2008 00:00:00,        79.784186
01/18/2008 01:00:00,        92.243997
01/18/2008 02:00:00,        93.274700
01/18/2008 03:00:00,        94.020100
01/18/2008 04:00:00,        94.528900
01/18/2008 05:00:00,        94.879326
01/18/2008 06:00:00,        95.151877
01/18/2008 07:00:00,        93.732100
01/18/2008 08:00:00,        95.361307
01/18/2008 09:00:00,        95.671003
01/18/2008 10:00:00,        95.758570
01/18/2008 11:00:00,        95.781981
01/18/2008 12:00:00,        95.972790
01/18/2008 13:00:00,        95.960135
01/18/2008 14:00:00,        95.959179
01/18/2008 15:00:00,        95.942693
01/18/2008 16:00:00,        95.905345
01/18/2008 17:00:00,        95.870202
01/18/2008 18:00:00,        95.829723
01/18/2008 19:00:00,        95.788862
01/18/2008 20:00:00,        95.750124
01/18/2008 21:00:00,        95.691008
01/18/2008 22:00:00,        95.635541
01/18/2008 23:00:00,        95.600459
01/19/2008 00:00:00,        95.561798
01/19/2008 01:00:00,        95.192492
01/19/2008 02:00:00,        94.658283
01/19/2008 03:00:00,        94.022631
01/19/2008 04:00:00,        93.164820
01/19/2008 05:00:00,        93.334000
01/19/2008 06:00:00,        92.333959
01/19/2008 07:00:00,        91.726965
01/19/2008 08:00:00,        90.992282
01/19/2008 09:00:00,        89.071146
01/19/2008 10:00:00,        87.307393
01/19/2008 11:00:00,        87.010099
01/19/2008 12:00:00,        86.110537
01/19/2008 13:00:00,        85.519357
01/19/2008 14:00:00,        84.351556
01/19/2008 15:00:00,        84.011799
01/19/2008 16:00:00,        83.402459
01/19/2008 17:00:00,        82.933394
01/19/2008 18:00:00,        81.436223
01/19/2008 19:00:00,        81.594540
01/19/2008 20:00:00,        82.653291
01/19/2008 21:00:00,        83.189789
01/19/2008 22:00:00,        83.488081
01/19/2008 23:00:00,        84.076354
01/20/2008 00:00:00,        84.549393
01/20/2008 01:00:00,        76.553968
01/20/2008 02:00:00,        76.942441
01/20/2008 03:00:00,        78.092106
01/20/2008 04:00:00,        79.569895
01/20/2008 05:00:00,        80.970268
01/20/2008 06:00:00,        82.529758
01/20/2008 07:00:00,        83.747735
01/20/2008 08:00:00,        86.990715
01/20/2008 09:00:00,        88.590735
01/20/2008 10:00:00,        89.161439
01/20/2008 11:00:00,        90.112074
01/20/2008 12:00:00,        91.277280
01/20/2008 13:00:00,        91.417600
01/20/2008 14:00:00,        92.248047
01/20/2008 15:00:00,        93.384830
01/20/2008 16:00:00,        94.126237
01/20/2008 17:00:00,        94.537828
01/20/2008 18:00:00,        94.527539
01/20/2008 19:00:00,        94.617795
01/20/2008 20:00:00,        94.631031
01/20/2008 21:00:00,        94.632430
01/20/2008 22:00:00,        94.515686
01/20/2008 23:00:00,        94.425224
01/21/2008 00:00:00,        94.287436
01/21/2008 01:00:00,        93.401414
01/21/2008 02:00:00,        92.574888
01/21/2008 03:00:00,        92.290124
01/21/2008 04:00:00,        92.028396
01/21/2008 05:00:00,        90.927608
01/21/2008 06:00:00,        90.704526
01/21/2008 07:00:00,        90.227240
01/21/2008 08:00:00,        88.945685
01/21/2008 09:00:00,        87.341121
01/21/2008 10:00:00,        86.060321
01/21/2008 11:00:00,        85.401124
01/21/2008 12:00:00,        84.990464
01/21/2008 13:00:00,        84.869883
01/21/2008 14:00:00,        85.150057
01/21/2008 15:00:00,        85.046770
01/21/2008 16:00:00,        84.823538
01/21/2008 17:00:00,        84.281123
01/21/2008 18:00:00,        84.502713
01/21/2008 19:00:00,        83.869177
01/21/2008 20:00:00,        83.459882
01/21/2008 21:00:00,        83.415991
01/21/2008 22:00:00,        84.038063
01/21/2008 23:00:00,        84.485088
01/22/2008 00:00:00,        83.793266
01/22/2008 01:00:00,        62.253841
01/22/2008 02:00:00,        60.432381
01/22/2008 03:00:00,        60.726520
01/22/2008 04:00:00,        60.479040
01/22/2008 05:00:00,        57.933591
01/22/2008 06:00:00,        59.119699
01/22/2008 07:00:00,        57.803224
01/22/2008 08:00:00,        60.666270
01/22/2008 09:00:00,        60.604150
01/22/2008 10:00:00,        61.351690
01/22/2008 11:00:00,        53.832458
01/22/2008 12:00:00,         2.853931
01/22/2008 13:00:00,        30.513002
01/22/2008 14:00:00,        60.415960
01/22/2008 15:00:00,        60.838960
01/22/2008 16:00:00,        61.963470
01/22/2008 17:00:00,        51.634579
01/22/2008 18:00:00,        63.064840
01/22/2008 19:00:00,        60.539707
01/22/2008 20:00:00,        61.027741
01/22/2008 21:00:00,        63.167669
01/22/2008 22:00:00,        65.595960
01/22/2008 23:00:00,        67.672325
01/23/2008 00:00:00,        68.467058
01/23/2008 01:00:00,        92.034757
01/23/2008 02:00:00,        92.716329
01/23/2008 03:00:00,        93.356951
01/23/2008 04:00:00,        93.715027
01/23/2008 05:00:00,        93.515044
01/23/2008 06:00:00,        93.225037
01/23/2008 07:00:00,        92.615038
01/23/2008 08:00:00,        91.095016
01/23/2008 09:00:00,        88.752199
01/23/2008 10:00:00,        85.314356
01/23/2008 11:00:00,        81.308573
01/23/2008 12:00:00,        77.176881
01/23/2008 13:00:00,        72.694326
01/23/2008 14:00:00,        67.548537
01/23/2008 15:00:00,        61.976308
01/23/2008 16:00:00,        55.805201
01/23/2008 17:00:00,        49.449560
01/23/2008 18:00:00,        42.641933
01/23/2008 19:00:00,        37.903620
01/23/2008 20:00:00,        33.281391
01/23/2008 21:00:00,        29.117690
01/23/2008 22:00:00,        25.249696
01/23/2008 23:00:00,        22.606585
01/24/2008 00:00:00,        20.491290
01/24/2008 01:00:00,         6.880351
01/24/2008 02:00:00,         6.356972
01/24/2008 03:00:00,         6.120082
01/24/2008 04:00:00,         6.722407
01/24/2008 05:00:00,         9.714359
01/24/2008 06:00:00,        11.785187
01/24/2008 07:00:00,        13.335135
01/24/2008 08:00:00,        14.587982
01/24/2008 09:00:00,        15.479786
01/24/2008 10:00:00,        15.687703
01/24/2008 11:00:00,        15.016191
01/24/2008 12:00:00,        14.167992
01/24/2008 13:00:00,        13.958635
01/24/2008 14:00:00,        13.148261
01/24/2008 15:00:00,        13.044661
01/24/2008 16:00:00,        15.910629
01/24/2008 17:00:00,        19.832095
01/24/2008 18:00:00,        21.648513
01/24/2008 19:00:00,        21.480167
01/24/2008 20:00:00,        21.280359
01/24/2008 21:00:00,        21.976006
01/24/2008 22:00:00,        23.724623
01/24/2008 23:00:00,        26.773082
01/25/2008 00:00:00,        34.653176
01/25/2008 01:00:00,        73.437216
01/25/2008 02:00:00,        75.761475
01/25/2008 03:00:00,        78.855244
01/25/2008 04:00:00,        81.965209
01/25/2008 05:00:00,        84.543146
01/25/2008 06:00:00,        85.819656
01/25/2008 07:00:00,        86.821955
01/25/2008 08:00:00,        89.182777
01/25/2008 09:00:00,        91.572803
01/25/2008 10:00:00,        93.391610
01/25/2008 11:00:00,        93.502546
01/25/2008 12:00:00,        93.295444
01/25/2008 13:00:00,        92.979189
01/25/2008 14:00:00,        92.244236
01/25/2008 15:00:00,        91.356644
01/25/2008 16:00:00,        89.958506
01/25/2008 17:00:00,        88.430506
01/25/2008 18:00:00,        86.510456
01/25/2008 19:00:00,        85.276846
01/25/2008 20:00:00,        83.902865
01/25/2008 21:00:00,        82.390678
01/25/2008 22:00:00,        80.765858
01/25/2008 23:00:00,        79.289249
01/26/2008 00:00:00,        77.788292
01/26/2008 01:00:00,        31.108614
01/26/2008 02:00:00,        28.950815
01/26/2008 03:00:00,        28.569431
01/26/2008 04:00:00,        28.040299
01/26/2008 05:00:00,        27.520201
01/26/2008 06:00:00,        26.796724
01/26/2008 07:00:00,        25.785702
01/26/2008 08:00:00,        24.161730
01/26/2008 09:00:00,        22.313380
01/26/2008 10:00:00,        21.178500
01/26/2008 11:00:00,        20.258281
01/26/2008 12:00:00,        19.422085
01/26/2008 13:00:00,        18.123233
01/26/2008 14:00:00,        17.902378
01/26/2008 15:00:00,        17.612599
01/26/2008 16:00:00,        16.707726
01/26/2008 17:00:00,        15.858449
01/26/2008 18:00:00,        15.504303
01/26/2008 19:00:00,        15.053579
01/26/2008 20:00:00,        14.849446
01/26/2008 21:00:00,        14.849935
01/26/2008 22:00:00,        14.634961
01/26/2008 23:00:00,        14.776513
01/27/2008 00:00:00,        15.057376
01/27/2008 01:00:00,        12.710033
01/27/2008 02:00:00,        12.821086
01/27/2008 03:00:00,        13.022765
01/27/2008 04:00:00,        12.357174
01/27/2008 05:00:00,        12.319243
01/27/2008 06:00:00,        12.491717
01/27/2008 07:00:00,        12.947550
01/27/2008 08:00:00,        11.907170
01/27/2008 09:00:00,        10.648000
01/27/2008 10:00:00,        10.226040
01/27/2008 11:00:00,         9.621090
01/27/2008 12:00:00,         9.260360
01/27/2008 13:00:00,         8.201890
01/27/2008 14:00:00,         8.339292
01/27/2008 15:00:00,         8.250675
01/27/2008 16:00:00,         7.724523
01/27/2008 17:00:00,         8.721200
01/27/2008 18:00:00,         8.745702
01/27/2008 19:00:00,         8.476685
01/27/2008 20:00:00,         8.398624
01/27/2008 21:00:00,         8.484484
01/27/2008 22:00:00,         8.910007
01/27/2008 23:00:00,         9.467730
01/28/2008 00:00:00,         9.777660
01/28/2008 01:00:00,        22.392078
01/28/2008 02:00:00,        24.220717
01/28/2008 03:00:00,        26.245144
01/28/2008 04:00:00,        28.632823
01/28/2008 05:00:00,        31.309762
01/28/2008 06:00:00,        33.890852
01/28/2008 07:00:00,        36.958814
01/28/2008 08:00:00,        40.688411
01/28/2008 09:00:00,        37.571624
01/28/2008 10:00:00,        40.597661
01/28/2008 11:00:00,        42.465699
01/28/2008 12:00:00,        43.615194
01/28/2008 13:00:00,        38.768221
01/28/2008 14:00:00,         9.226077
01/28/2008 15:00:00,        58.714370
01/28/2008 16:00:00,        62.486254
01/28/2008 17:00:00,        70.074623
01/28/2008 18:00:00,        74.102547
01/28/2008 19:00:00,        75.986732
01/28/2008 20:00:00,        77.363331
01/28/2008 21:00:00,        79.919189
01/28/2008 22:00:00,        83.345186
01/28/2008 23:00:00,        86.045772
01/29/2008 00:00:00,        88.432590
01/29/2008 01:00:00,        95.890631
01/29/2008 02:00:00,        95.899624
01/29/2008 03:00:00,        95.969724
01/29/2008 04:00:00,        95.990803
01/29/2008 05:00:00,        95.996376
01/29/2008 06:00:00,        95.997051
01/29/2008 07:00:00,        95.996699
01/29/2008 08:00:00,        95.996838
01/29/2008 09:00:00,        95.994662
01/29/2008 10:00:00,        95.991030
01/29/2008 11:00:00,        95.984276
01/29/2008 12:00:00,        95.851510
01/29/2008 13:00:00,        95.816269
01/29/2008 14:00:00,        95.764112
01/29/2008 15:00:00,        95.733655
01/29/2008 16:00:00,        95.693752
01/29/2008 17:00:00,        95.676148
01/29/2008 18:00:00,        95.652734
01/29/2008 19:00:00,        95.622298
01/29/2008 20:00:00,        95.588930
01/29/2008 21:00:00,        95.552135
01/29/2008 22:00:00,        95.507092
01/29/2008 23:00:00,        95.452383
01/30/2008 00:00:00,        95.387082
01/30/2008 01:00:00,        95.941944
01/30/2008 02:00:00,        95.947241
01/30/2008 03:00:00,        95.950908
01/30/2008 04:00:00,        95.957995
01/30/2008 05:00:00,        95.962226
01/30/2008 06:00:00,        95.965518
01/30/2008 07:00:00,        95.968543
01/30/2008 08:00:00,        95.991240
01/30/2008 09:00:00,        95.993854
01/30/2008 10:00:00,        95.998980
01/30/2008 11:00:00,        95.999185
01/30/2008 12:00:00,        95.997788
01/30/2008 13:00:00,        95.997791
01/30/2008 14:00:00,        95.998418
01/30/2008 15:00:00,        95.999741
01/30/2008 16:00:00,        95.999950
01/30/2008 17:00:00,        95.999913
01/30/2008 18:00:00,        95.999827
01/30/2008 19:00:00,        95.999534
01/30/2008 20:00:00,        95.998022
01/30/2008 21:00:00,        95.991888
01/30/2008 22:00:00,        95.976659
01/30/2008 23:00:00,        95.944463
01/31/2008 00:00:00,        95.878313
01/31/2008 01:00:00,        94.790506
01/31/2008 02:00:00,        93.612230
01/31/2008 03:00:00,        92.160430
01/31/2008 04:00:00,        90.097802
01/31/2008 05:00:00,        87.131703
01/31/2008 06:00:00,        83.825603
01/31/2008 07:00:00,        79.662277
01/31/2008 08:00:00,        73.876307
01/31/2008 09:00:00,        67.683449
01/31/2008 10:00:00,        61.224547
01/31/2008 11:00:00,        54.702287
01/31/2008 12:00:00,        48.313049
01/31/2008 13:00:00,        41.548457
01/31/2008 14:00:00,        34.581237
01/31/2008 15:00:00,        27.863039
01/31/2008 16:00:00,        21.836089
01/31/2008 17:00:00,        16.759568
01/31/2008 18:00:00,        13.161491
01/31/2008 19:00:00,        10.006807
01/31/2008 20:00:00,         8.056524
01/31/2008 21:00:00,         7.048498
01/31/2008 22:00:00,         6.722393
01/31/2008 23:00:00,         6.745163
02/01/2008 00:00:00,        10.086980
02/01/2008 01:00:00,        12.670340
02/01/2008 02:00:00,        17.308459
02/01/2008 03:00:00,        23.509459
02/01/2008 04:00:00,        28.022465
02/01/2008 05:00:00,        32.704232
02/01/2008 06:00:00,        37.920330
02/01/2008 07:00:00,        45.521298
02/01/2008 08:00:00,        53.119134
02/01/2008 09:00:00,        60.530805
02/01/2008 10:00:00,        67.483888
02/01/2008 11:00:00,        72.560410
02/01/2008 12:00:00,        76.071468
02/01/2008 13:00:00,        80.880800
02/01/2008 14:00:00,        82.336800
02/01/2008 15:00:00,        81.408100
02/01/2008 16:00:00,        78.185000
02/01/2008 17:00:00,        74.040300
02/01/2008 18:00:00,        69.355500
02/01/2008 19:00:00,        66.827750
02/01/2008 20:00:00,        62.885200
02/01/2008 21:00:00,        58.477040
02/01/2008 22:00:00,        53.635150
02/01/2008 23:00:00,        49.118300
02/02/2008 00:00:00,        44.766350
02/02/2008 01:00:00,        30.669970
02/02/2008 02:00:00,        31.771600
02/02/2008 03:00:00,        30.206328
02/02/2008 04:00:00,        31.403120
02/02/2008 05:00:00,        31.198720
02/02/2008 06:00:00,        30.682913
02/02/2008 07:00:00,        31.804621
02/02/2008 08:00:00,        31.702143
02/02/2008 09:00:00,        33.421557
02/02/2008 10:00:00,        34.220701
02/02/2008 11:00:00,        34.340783
02/02/2008 12:00:00,        34.520190
02/02/2008 13:00:00,        33.932230
02/02/2008 14:00:00,        33.498554
02/02/2008 15:00:00,        32.987140
02/02/2008 16:00:00,        33.589681
02/02/2008 17:00:00,        34.378556
02/02/2008 18:00:00,        36.949413
02/02/2008 19:00:00,        37.979666
02/02/2008 20:00:00,        39.581260
02/02/2008 21:00:00,        40.208790
02/02/2008 22:00:00,        40.394160
02/02/2008 23:00:00,        41.089200
02/03/2008 00:00:00,        42.384760
02/03/2008 01:00:00,        27.109810
02/03/2008 02:00:00,        26.885190
02/03/2008 03:00:00,         5.102043
02/03/2008 04:00:00,         8.760092
02/03/2008 05:00:00,        23.171490
02/03/2008 06:00:00,        23.028030
02/03/2008 07:00:00,        23.390870
02/03/2008 08:00:00,        22.305580
02/03/2008 09:00:00,        20.477620
02/03/2008 10:00:00,        18.417500
02/03/2008 11:00:00,        15.933280
02/03/2008 12:00:00,        14.301920
02/03/2008 13:00:00,        13.384300
02/03/2008 14:00:00,        12.572560
02/03/2008 15:00:00,        11.584290
02/03/2008 16:00:00,        11.034228
02/03/2008 17:00:00,        10.195769
02/03/2008 18:00:00,         9.262272
02/03/2008 19:00:00,         8.762293
02/03/2008 20:00:00,         8.748454
02/03/2008 21:00:00,         8.058630
02/03/2008 22:00:00,         7.253237
02/03/2008 23:00:00,         6.455246
02/04/2008 00:00:00,         5.860224
02/04/2008 01:00:00,         2.426173
02/04/2008 02:00:00,         2.647800
02/04/2008 03:00:00,         3.212561
02/04/2008 04:00:00,         4.158244
02/04/2008 05:00:00,         5.643864
02/04/2008 06:00:00,         8.213717
02/04/2008 07:00:00,        11.400036
02/04/2008 08:00:00,        14.736731
02/04/2008 09:00:00,        19.172204
02/04/2008 10:00:00,        23.161573
02/04/2008 11:00:00,        25.973895
02/04/2008 12:00:00,        29.545805
02/04/2008 13:00:00,        32.809873
02/04/2008 14:00:00,        36.161892
02/04/2008 15:00:00,        39.089354
02/04/2008 16:00:00,        42.554643
02/04/2008 17:00:00,        46.827520
02/04/2008 18:00:00,        50.112686
02/04/2008 19:00:00,        50.970063
02/04/2008 20:00:00,        50.318027
02/04/2008 21:00:00,        51.197843
02/04/2008 22:00:00,        50.549781
02/04/2008 23:00:00,        51.175347
02/05/2008 00:00:00,        53.050312
02/05/2008 01:00:00,        86.447637
02/05/2008 02:00:00,        85.655065
02/05/2008 03:00:00,        83.316763
02/05/2008 04:00:00,        78.823788
02/05/2008 05:00:00,        75.524249
02/05/2008 06:00:00,        73.064437
02/05/2008 07:00:00,        71.004345
02/05/2008 08:00:00,        67.823176
02/05/2008 09:00:00,        64.335716
02/05/2008 10:00:00,        60.175073
02/05/2008 11:00:00,        55.770557
02/05/2008 12:00:00,        50.875062
02/05/2008 13:00:00,        46.727610
02/05/2008 14:00:00,        42.375949
02/05/2008 15:00:00,        37.789538
02/05/2008 16:00:00,        34.017515
02/05/2008 17:00:00,        30.016673
02/05/2008 18:00:00,        27.317906
02/05/2008 19:00:00,        25.320840
02/05/2008 20:00:00,        23.225392
02/05/2008 21:00:00,        22.185110
02/05/2008 22:00:00,        21.796051
02/05/2008 23:00:00,        21.681020
02/06/2008 00:00:00,        22.001580
02/06/2008 01:00:00,        48.327906
02/06/2008 02:00:00,        49.154237
02/06/2008 03:00:00,        53.263171
02/06/2008 04:00:00,        53.566851
02/06/2008 05:00:00,        55.375988
02/06/2008 06:00:00,        58.545030
02/06/2008 07:00:00,        62.060632
02/06/2008 08:00:00,        22.369690
02/06/2008 09:00:00,         2.689635
02/06/2008 10:00:00,         0.761698
02/06/2008 11:00:00,        75.629500
02/06/2008 12:00:00,        77.501000
02/06/2008 13:00:00,        82.653949
02/06/2008 14:00:00,        83.692217
02/06/2008 15:00:00,        84.195362
02/06/2008 16:00:00,        86.677300
02/06/2008 17:00:00,        87.336200
02/06/2008 18:00:00,        87.766431
02/06/2008 19:00:00,        87.219802
02/06/2008 20:00:00,        88.145300
02/06/2008 21:00:00,        88.511600
02/06/2008 22:00:00,        88.490000
02/06/2008 23:00:00,        88.930300
02/07/2008 00:00:00,        89.065566
02/07/2008 01:00:00,        93.596798
02/07/2008 02:00:00,        93.546211
02/07/2008 03:00:00,        93.258882
02/07/2008 04:00:00,        92.864048
02/07/2008 05:00:00,        92.046100
02/07/2008 06:00:00,        88.231000
02/07/2008 07:00:00,        84.211660
02/07/2008 08:00:00,        77.181417
02/07/2008 09:00:00,        70.228284
02/07/2008 10:00:00,        62.613023
02/07/2008 11:00:00,        54.886127
02/07/2008 12:00:00,        47.715178
02/07/2008 13:00:00,        40.072009
02/07/2008 14:00:00,        32.954319
02/07/2008 15:00:00,        25.835377
02/07/2008 16:00:00,        19.316406
02/07/2008 17:00:00,        14.713964
02/07/2008 18:00:00,        11.771280
02/07/2008 19:00:00,         9.480251
02/07/2008 20:00:00,         7.452719
02/07/2008 21:00:00,         7.665282
02/07/2008 22:00:00,         8.397455
02/07/2008 23:00:00,         9.732567
02/08/2008 00:00:00,        11.622343
02/08/2008 01:00:00,        29.945545
02/08/2008 02:00:00,        29.862894
02/08/2008 03:00:00,        30.042601
02/08/2008 04:00:00,        29.975443
02/08/2008 05:00:00,        31.039870
02/08/2008 06:00:00,        29.868369
02/08/2008 07:00:00,        30.634270
02/08/2008 08:00:00,        31.139960
02/08/2008 09:00:00,        30.253110
02/08/2008 10:00:00,        29.357990
02/08/2008 11:00:00,        28.342820
02/08/2008 12:00:00,         9.352468
02/08/2008 13:00:00,         4.158539
02/08/2008 14:00:00,         3.609260
02/08/2008 15:00:00,         3.401000
02/08/2008 16:00:00,         3.343170
02/08/2008 17:00:00,        17.068370
02/08/2008 18:00:00,        20.783210
02/08/2008 19:00:00,        21.012180
02/08/2008 20:00:00,        20.889500
02/08/2008 21:00:00,        20.462270
02/08/2008 22:00:00,        20.227730
02/08/2008 23:00:00,        20.359580
02/09/2008 00:00:00,        20.586270
02/09/2008 01:00:00,        20.140080
02/09/2008 02:00:00,        21.912470
02/09/2008 03:00:00,        11.442404
02/09/2008 04:00:00,         7.958019
02/09/2008 05:00:00,         3.555503
02/09/2008 06:00:00,         0.694302
02/09/2008 07:00:00,         0.000000
02/09/2008 08:00:00,        25.707000
02/09/2008 09:00:00,        26.362500
02/09/2008 10:00:00,         2.917368
02/09/2008 11:00:00,         1.955241
02/09/2008 12:00:00,         0.000000
02/09/2008 13:00:00,         0.000000
02/09/2008 14:00:00,         0.000000
02/09/2008 15:00:00,         0.000000
02/09/2008 16:00:00,         0.000000
02/09/2008 17:00:00,        45.574179
02/09/2008 18:00:00,        47.148902
02/09/2008 19:00:00,        58.657610
02/09/2008 20:00:00,        61.807350
02/09/2008 21:00:00,        63.037816
02/09/2008 22:00:00,        68.451800
02/09/2008 23:00:00,        73.993300
02/10/2008 00:00:00,        81.299600
02/10/2008 01:00:00,        91.209700
02/10/2008 02:00:00,        91.782000
02/10/2008 03:00:00,        92.360700
02/10/2008 04:00:00,        92.758600
02/10/2008 05:00:00,        93.091000
02/10/2008 06:00:00,        93.322200
02/10/2008 07:00:00,        93.512600
02/10/2008 08:00:00,        93.082126
02/10/2008 09:00:00,        93.032430
02/10/2008 10:00:00,        93.182111
02/10/2008 11:00:00,        93.220625
02/10/2008 12:00:00,        94.098866
02/10/2008 13:00:00,        95.327197
02/10/2008 14:00:00,        95.941252
02/10/2008 15:00:00,        95.964311
02/10/2008 16:00:00,        95.972989
02/10/2008 17:00:00,        95.989721
02/10/2008 18:00:00,        95.993509
02/10/2008 19:00:00,        95.995064
02/10/2008 20:00:00,        95.995801
02/10/2008 21:00:00,        95.996665
02/10/2008 22:00:00,        95.997536
02/10/2008 23:00:00,        95.997880
02/11/2008 00:00:00,        95.998425
02/11/2008 01:00:00,        95.956803
02/11/2008 02:00:00,        95.652941
02/11/2008 03:00:00,        95.141138
02/11/2008 04:00:00,        94.336845
02/11/2008 05:00:00,        92.878075
02/11/2008 06:00:00,        91.192307
02/11/2008 07:00:00,        89.244035
02/11/2008 08:00:00,        86.395545
02/11/2008 09:00:00,        83.887674
02/11/2008 10:00:00,        81.695247
02/11/2008 11:00:00,        79.500779
02/11/2008 12:00:00,        76.518660
02/11/2008 13:00:00,        73.395852
02/11/2008 14:00:00,        69.641799
02/11/2008 15:00:00,        64.541409
02/11/2008 16:00:00,        59.036488
02/11/2008 17:00:00,        53.574944
02/11/2008 18:00:00,        47.606196
02/11/2008 19:00:00,        44.420055
02/11/2008 20:00:00,        41.519975
02/11/2008 21:00:00,        39.297192
02/11/2008 22:00:00,        36.599614
02/11/2008 23:00:00,        32.875074
02/12/2008 00:00:00,        30.401157
02/12/2008 01:00:00,        17.307703
02/12/2008 02:00:00,        15.659323
02/12/2008 03:00:00,        15.494514
02/12/2008 04:00:00,        15.326918
02/12/2008 05:00:00,        13.897060
02/12/2008 06:00:00,        14.337960
02/12/2008 07:00:00,        14.135469
02/12/2008 08:00:00,        12.091352
02/12/2008 09:00:00,        10.741341
02/12/2008 10:00:00,        11.393209
02/12/2008 11:00:00,        12.644260
02/12/2008 12:00:00,        14.010472
02/12/2008 13:00:00,        14.923758
02/12/2008 14:00:00,        16.224104
02/12/2008 15:00:00,        17.928739
02/12/2008 16:00:00,        19.026889
02/12/2008 17:00:00,        21.196187
02/12/2008 18:00:00,        21.009284
02/12/2008 19:00:00,        21.276740
02/12/2008 20:00:00,        21.930979
02/12/2008 21:00:00,        23.063728
02/12/2008 22:00:00,        24.117398
02/12/2008 23:00:00,        24.508837
02/13/2008 00:00:00,        24.825702
02/13/2008 01:00:00,        40.623732
02/13/2008 02:00:00,        38.764934
02/13/2008 03:00:00,        36.175909
02/13/2008 04:00:00,        33.874072
02/13/2008 05:00:00,        32.784230
02/13/2008 06:00:00,        31.543437
02/13/2008 07:00:00,        31.495880
02/13/2008 08:00:00,        27.627533
02/13/2008 09:00:00,        24.895815
02/13/2008 10:00:00,        23.185736
02/13/2008 11:00:00,        20.247985
02/13/2008 12:00:00,        18.724360
02/13/2008 13:00:00,        18.128440
02/13/2008 14:00:00,        19.748901
02/13/2008 15:00:00,        19.425762
02/13/2008 16:00:00,        20.355484
02/13/2008 17:00:00,        21.031017
02/13/2008 18:00:00,        20.895732
02/13/2008 19:00:00,        20.139876
02/13/2008 20:00:00,        19.400406
02/13/2008 21:00:00,        20.950480
02/13/2008 22:00:00,        21.834287
02/13/2008 23:00:00,        23.749425
02/14/2008 00:00:00,        26.218132
02/14/2008 01:00:00,        24.316502
02/14/2008 02:00:00,        24.120555
02/14/2008 03:00:00,        22.385035
02/14/2008 04:00:00,        22.008538
02/14/2008 05:00:00,        21.048800
02/14/2008 06:00:00,        21.651841
02/14/2008 07:00:00,        24.398054
02/14/2008 08:00:00,        25.347546
02/14/2008 09:00:00,        28.477094
02/14/2008 10:00:00,        28.799446
02/14/2008 11:00:00,        30.933806
02/14/2008 12:00:00,        34.536289
02/14/2008 13:00:00,        38.223800
02/14/2008 14:00:00,        23.154852
02/14/2008 15:00:00,        49.540399
02/14/2008 16:00:00,        53.434894
02/14/2008 17:00:00,        61.408464
02/14/2008 18:00:00,        66.117436
02/14/2008 19:00:00,        68.664391
02/14/2008 20:00:00,        70.120682
02/14/2008 21:00:00,        72.557834
02/14/2008 22:00:00,        74.806922
02/14/2008 23:00:00,        77.126691
02/15/2008 00:00:00,        79.300902
02/15/2008 01:00:00,        72.550383
02/15/2008 02:00:00,        72.991342
02/15/2008 03:00:00,        78.687000
02/15/2008 04:00:00,        78.748400
02/15/2008 05:00:00,        80.577300
02/15/2008 06:00:00,        76.481800
02/15/2008 07:00:00,        71.989800
02/15/2008 08:00:00,        68.376300
02/15/2008 09:00:00,        60.734676
02/15/2008 10:00:00,        56.873033
02/15/2008 11:00:00,        52.289396
02/15/2008 12:00:00,        49.562808
02/15/2008 13:00:00,        46.114727
02/15/2008 14:00:00,        45.020285
02/15/2008 15:00:00,        42.677623
02/15/2008 16:00:00,        40.908487
02/15/2008 17:00:00,        38.343318
02/15/2008 18:00:00,        34.961461
02/15/2008 19:00:00,        33.313524
02/15/2008 20:00:00,        32.931082
02/15/2008 21:00:00,        33.423663
02/15/2008 22:00:00,        34.683971
02/15/2008 23:00:00,        34.854823
02/16/2008 00:00:00,        36.308518
02/16/2008 01:00:00,        20.648135
02/16/2008 02:00:00,        20.986148
02/16/2008 03:00:00,        21.806995
02/16/2008 04:00:00,        21.662408
02/16/2008 05:00:00,        23.203024
02/16/2008 06:00:00,        23.541950
02/16/2008 07:00:00,        24.063364
02/16/2008 08:00:00,        25.343440
02/16/2008 09:00:00,        25.584442
02/16/2008 10:00:00,        26.300055
02/16/2008 11:00:00,        28.406636
02/16/2008 12:00:00,        30.814840
02/16/2008 13:00:00,        32.207179
02/16/2008 14:00:00,        34.305129
02/16/2008 15:00:00,        37.866577
02/16/2008 16:00:00,        41.806139
02/16/2008 17:00:00,        45.824468
02/16/2008 18:00:00,        49.756365
02/16/2008 19:00:00,        51.490054
02/16/2008 20:00:00,        54.101789
02/16/2008 21:00:00,        58.061818
02/16/2008 22:00:00,        62.508487
02/16/2008 23:00:00,        66.463615
02/17/2008 00:00:00,        69.804502
02/17/2008 01:00:00,        83.461276
02/17/2008 02:00:00,        84.835446
02/17/2008 03:00:00,        85.844764
02/17/2008 04:00:00,        86.517254
02/17/2008 05:00:00,        86.689456
02/17/2008 06:00:00,        85.385961
02/17/2008 07:00:00,        84.769499
02/17/2008 08:00:00,        84.868600
02/17/2008 09:00:00,        84.191200
02/17/2008 10:00:00,        83.822900
02/17/2008 11:00:00,        83.935400
02/17/2008 12:00:00,        81.356269
02/17/2008 13:00:00,        81.690561
02/17/2008 14:00:00,         4.369968
02/17/2008 15:00:00,        80.446000
02/17/2008 16:00:00,        81.911461
02/17/2008 17:00:00,        83.242248
02/17/2008 18:00:00,        84.918077
02/17/2008 19:00:00,        86.825349
02/17/2008 20:00:00,        88.640026
02/17/2008 21:00:00,        90.655769
02/17/2008 22:00:00,        92.840903
02/17/2008 23:00:00,        94.060635
02/18/2008 00:00:00,        95.024033
02/18/2008 01:00:00,        95.703744
02/18/2008 02:00:00,        94.515324
02/18/2008 03:00:00,        94.566151
02/18/2008 04:00:00,        94.238811
02/18/2008 05:00:00,        94.389446
02/18/2008 06:00:00,        94.518998
02/18/2008 07:00:00,        94.623835
02/18/2008 08:00:00,        94.608648
02/18/2008 09:00:00,        94.551974
02/18/2008 10:00:00,        94.387130
02/18/2008 11:00:00,        94.000056
02/18/2008 12:00:00,        93.699400
02/18/2008 13:00:00,        92.824592
02/18/2008 14:00:00,        91.247402
02/18/2008 15:00:00,        90.227413
02/18/2008 16:00:00,        87.391236
02/18/2008 17:00:00,        83.983164
02/18/2008 18:00:00,        78.718931
02/18/2008 19:00:00,        76.639716
02/18/2008 20:00:00,        75.237829
02/18/2008 21:00:00,        74.326037
02/18/2008 22:00:00,        72.911353
02/18/2008 23:00:00,        70.111125
02/19/2008 00:00:00,        68.047443
02/19/2008 01:00:00,        41.405770
02/19/2008 02:00:00,        47.544360
02/19/2008 03:00:00,        51.590107
02/19/2008 04:00:00,        51.490242
02/19/2008 05:00:00,        53.456736
02/19/2008 06:00:00,        54.606855
02/19/2008 07:00:00,        54.575180
02/19/2008 08:00:00,        53.904119
02/19/2008 09:00:00,        56.758011
02/19/2008 10:00:00,        60.297202
02/19/2008 11:00:00,        59.360005
02/19/2008 12:00:00,        59.092686
02/19/2008 13:00:00,        60.909182
02/19/2008 14:00:00,        60.591922
02/19/2008 15:00:00,        57.949060
02/19/2008 16:00:00,        53.897453
02/19/2008 17:00:00,        53.763444
02/19/2008 18:00:00,        50.952820
02/19/2008 19:00:00,        50.614678
02/19/2008 20:00:00,        50.242883
02/19/2008 21:00:00,        50.119764
02/19/2008 22:00:00,        46.811615
02/19/2008 23:00:00,        42.032657
02/20/2008 00:00:00,        38.759190
02/20/2008 01:00:00,        11.612434
02/20/2008 02:00:00,        13.992961
02/20/2008 03:00:00,        16.973900
02/20/2008 04:00:00,        19.502599
02/20/2008 05:00:00,        21.880840
02/20/2008 06:00:00,        26.618862
02/20/2008 07:00:00,        26.913436
02/20/2008 08:00:00,        27.195688
02/20/2008 09:00:00,        27.704562
02/20/2008 10:00:00,        28.558484
02/20/2008 11:00:00,        29.108014
02/20/2008 12:00:00,        26.831883
02/20/2008 13:00:00,        24.953679
02/20/2008 14:00:00,        24.097735
02/20/2008 15:00:00,        21.720642
02/20/2008 16:00:00,        19.510328
02/20/2008 17:00:00,        16.921763
02/20/2008 18:00:00,        17.720615
02/20/2008 19:00:00,        17.754555
02/20/2008 20:00:00,        17.786098
02/20/2008 21:00:00,        18.944116
02/20/2008 22:00:00,        19.582319
02/20/2008 23:00:00,        19.450984
02/21/2008 00:00:00,        19.503117
02/21/2008 01:00:00,        14.513393
02/21/2008 02:00:00,        17.119277
02/21/2008 03:00:00,        20.181280
02/21/2008 04:00:00,        26.380510
02/21/2008 05:00:00,        28.947851
02/21/2008 06:00:00,        31.146526
02/21/2008 07:00:00,        30.714759
02/21/2008 08:00:00,        31.120235
02/21/2008 09:00:00,        29.493354
02/21/2008 10:00:00,        30.677977
02/21/2008 11:00:00,        31.108910
02/21/2008 12:00:00,        31.012286
02/21/2008 13:00:00,        31.998179
02/21/2008 14:00:00,        32.714311
02/21/2008 15:00:00,        30.252916
02/21/2008 16:00:00,        27.451034
02/21/2008 17:00:00,        23.056372
02/21/2008 18:00:00,        19.921532
02/21/2008 19:00:00,        18.028623
02/21/2008 20:00:00,        17.893448
02/21/2008 21:00:00,        18.145534
02/21/2008 22:00:00,        18.641537
02/21/2008 23:00:00,        19.522436
02/22/2008 00:00:00,        18.929898
02/22/2008 01:00:00,        14.965825
02/22/2008 02:00:00,        13.596040
02/22/2008 03:00:00,        12.723421
02/22/2008 04:00:00,        11.578012
02/22/2008 05:00:00,        10.514375
02/22/2008 06:00:00,         9.446928
02/22/2008 07:00:00,         8.627257
02/22/2008 08:00:00,         7.096338
02/22/2008 09:00:00,         5.344032
02/22/2008 10:00:00,         3.310957
02/22/2008 11:00:00,         1.751997
02/22/2008 12:00:00,         0.986405
02/22/2008 13:00:00,         0.614177
02/22/2008 14:00:00,         0.504509
02/22/2008 15:00:00,         0.508610
02/22/2008 16:00:00,         0.559800
02/22/2008 17:00:00,         0.616269
02/22/2008 18:00:00,         0.890093
02/22/2008 19:00:00,         1.089195
02/22/2008 20:00:00,         1.363744
02/22/2008 21:00:00,         1.368422
02/22/2008 22:00:00,         1.421882
02/22/2008 23:00:00,         1.519620
02/23/2008 00:00:00,         1.638195
02/23/2008 01:00:00,         0.418077
02/23/2008 02:00:00,         0.590544
02/23/2008 03:00:00,         0.425720
02/23/2008 04:00:00,         0.298978
02/23/2008 05:00:00,         0.275176
02/23/2008 06:00:00,         0.704713
02/23/2008 07:00:00,         0.964880
02/23/2008 08:00:00,         1.083874
02/23/2008 09:00:00,         1.270104
02/23/2008 10:00:00,         1.489199
02/23/2008 11:00:00,         1.836187
02/23/2008 12:00:00,         2.429877
02/23/2008 13:00:00,         3.223137
02/23/2008 14:00:00,         4.132732
02/23/2008 15:00:00,         5.042941
02/23/2008 16:00:00,         6.042411
02/23/2008 17:00:00,         7.168657
02/23/2008 18:00:00,         7.635762
02/23/2008 19:00:00,         8.142609
02/23/2008 20:00:00,         8.629364
02/23/2008 21:00:00,         9.339647
02/23/2008 22:00:00,        10.178911
02/23/2008 23:00:00,        11.552973
02/24/2008 00:00:00,        13.669465
02/24/2008 01:00:00,        25.091088
02/24/2008 02:00:00,        25.326035
02/24/2008 03:00:00,        26.410442
02/24/2008 04:00:00,        28.454669
02/24/2008 05:00:00,        31.595686
02/24/2008 06:00:00,        33.411673
02/24/2008 07:00:00,        34.368617
02/24/2008 08:00:00,        37.206827
02/24/2008 09:00:00,        39.291593
02/24/2008 10:00:00,        39.710051
02/24/2008 11:00:00,        41.980107
02/24/2008 12:00:00,        44.281469
02/24/2008 13:00:00,        49.325330
02/24/2008 14:00:00,        51.898330
02/24/2008 15:00:00,        54.335460
02/24/2008 16:00:00,        56.279670
02/24/2008 17:00:00,        56.352478
02/24/2008 18:00:00,        56.833012
02/24/2008 19:00:00,        57.956994
02/24/2008 20:00:00,        58.318750
02/24/2008 21:00:00,        60.109551
02/24/2008 22:00:00,        61.602830
02/24/2008 23:00:00,        59.854624
02/25/2008 00:00:00,        62.618730
02/25/2008 01:00:00,        56.497115
02/25/2008 02:00:00,        54.319802
02/25/2008 03:00:00,        28.332172
02/25/2008 04:00:00,         3.355110
02/25/2008 05:00:00,         7.073070
02/25/2008 06:00:00,        40.996092
02/25/2008 07:00:00,        22.556840
02/25/2008 08:00:00,        24.162721
02/25/2008 09:00:00,         1.113986
02/25/2008 10:00:00,         0.000000
02/25/2008 11:00:00,        16.866739
02/25/2008 12:00:00,         0.000000
02/25/2008 13:00:00,         0.000000
02/25/2008 14:00:00,         0.000000
02/25/2008 15:00:00,         0.000000
02/25/2008 16:00:00,         0.000000
02/25/2008 17:00:00,         0.000000
02/25/2008 18:00:00,         0.000000
02/25/2008 19:00:00,         0.000000
02/25/2008 20:00:00,         0.000000
02/25/2008 21:00:00,         0.000000
02/25/2008 22:00:00,        19.066500
02/25/2008 23:00:00,        19.081470
02/26/2008 00:00:00,        19.080410
02/26/2008 01:00:00,        14.024930
02/26/2008 02:00:00,        12.384450
02/26/2008 03:00:00,         8.642392
02/26/2008 04:00:00,         0.819425
02/26/2008 05:00:00,         0.000000
02/26/2008 06:00:00,         0.000000
02/26/2008 07:00:00,         6.351409
02/26/2008 08:00:00,         0.000000
02/26/2008 09:00:00,         0.000000
02/26/2008 10:00:00,         0.000000
02/26/2008 11:00:00,         0.000000
02/26/2008 12:00:00,        36.470500
02/26/2008 13:00:00,        42.721500
02/26/2008 14:00:00,        15.000500
02/26/2008 15:00:00,         0.108045
02/26/2008 16:00:00,         0.000000
02/26/2008 17:00:00,        11.071752
02/26/2008 18:00:00,        71.248344
02/26/2008 19:00:00,        73.249726
02/26/2008 20:00:00,        79.466838
02/26/2008 21:00:00,        82.197789
02/26/2008 22:00:00,        84.945579
02/26/2008 23:00:00,        87.757857
02/27/2008 00:00:00,        90.056197
02/27/2008 01:00:00,        90.950586
02/27/2008 02:00:00,        91.080644
02/27/2008 03:00:00,        91.337809
02/27/2008 04:00:00,        91.265968
02/27/2008 05:00:00,        91.094931
02/27/2008 06:00:00,        90.818913
02/27/2008 07:00:00,        90.431860
02/27/2008 08:00:00,        89.519506
02/27/2008 09:00:00,        88.159587
02/27/2008 10:00:00,        85.959700
02/27/2008 11:00:00,        83.066446
02/27/2008 12:00:00,        79.564766
02/27/2008 13:00:00,        75.831518
02/27/2008 14:00:00,        71.778191
02/27/2008 15:00:00,        66.677977
02/27/2008 16:00:00,        60.908944
02/27/2008 17:00:00,        55.045598
02/27/2008 18:00:00,        48.854301
02/27/2008 19:00:00,        45.318787
02/27/2008 20:00:00,        41.423651
02/27/2008 21:00:00,        37.324912
02/27/2008 22:00:00,        32.907698
02/27/2008 23:00:00,        28.868815
02/28/2008 00:00:00,        25.198221
02/28/2008 01:00:00,        13.764901
02/28/2008 02:00:00,        13.039194
02/28/2008 03:00:00,        12.278861
02/28/2008 04:00:00,        11.742701
02/28/2008 05:00:00,        11.189715
02/28/2008 06:00:00,        10.685006
02/28/2008 07:00:00,        10.462759
02/28/2008 08:00:00,        10.696000
02/28/2008 09:00:00,        10.472672
02/28/2008 10:00:00,         9.961430
02/28/2008 11:00:00,         8.965237
02/28/2008 12:00:00,         7.489348
02/28/2008 13:00:00,         6.277474
02/28/2008 14:00:00,         5.460445
02/28/2008 15:00:00,         4.751629
02/28/2008 16:00:00,         3.634094
02/28/2008 17:00:00,         2.602143
02/28/2008 18:00:00,         1.874556
02/28/2008 19:00:00,         1.511032
02/28/2008 20:00:00,         1.022335
02/28/2008 21:00:00,         0.591990
02/28/2008 22:00:00,         0.471742
02/28/2008 23:00:00,         0.721530
02/29/2008 00:00:00,         1.406110
02/29/2008 01:00:00,        14.500308
02/29/2008 02:00:00,        18.445129
02/29/2008 03:00:00,        22.939520
02/29/2008 04:00:00,        27.173241
02/29/2008 05:00:00,        32.259666
02/29/2008 06:00:00,        36.471633
02/29/2008 07:00:00,        42.534462
02/29/2008 08:00:00,        49.771450
02/29/2008 09:00:00,        57.441575
02/29/2008 10:00:00,        64.129108
02/29/2008 11:00:00,        69.983931
02/29/2008 12:00:00,        75.263630
02/29/2008 13:00:00,        79.772858
02/29/2008 14:00:00,        83.276486
02/29/2008 15:00:00,        85.470793
02/29/2008 16:00:00,        87.050466
02/29/2008 17:00:00,        88.182127
02/29/2008 18:00:00,        88.542900
02/29/2008 19:00:00,        88.551700
02/29/2008 20:00:00,        88.300400
02/29/2008 21:00:00,        87.324400
02/29/2008 22:00:00,        86.019300
02/29/2008 23:00:00,        84.474000
03/01/2008 00:00:00,        23.938261
03/01/2008 01:00:00,         1.737646
03/01/2008 02:00:00,        69.416500
03/01/2008 03:00:00,        69.255000
03/01/2008 04:00:00,        72.359500
03/01/2008 05:00:00,        73.326900
03/01/2008 06:00:00,        74.394600
03/01/2008 07:00:00,        75.583700
03/01/2008 08:00:00,        77.402000
03/01/2008 09:00:00,        78.901900
03/01/2008 10:00:00,        76.035300
03/01/2008 11:00:00,        73.612000
03/01/2008 12:00:00,        71.762800
03/01/2008 13:00:00,        68.122877
03/01/2008 14:00:00,        67.392992
03/01/2008 15:00:00,        64.488816
03/01/2008 16:00:00,        62.170504
03/01/2008 17:00:00,        58.562252
03/01/2008 18:00:00,        54.622300
03/01/2008 19:00:00,        52.168124
03/01/2008 20:00:00,        49.279796
03/01/2008 21:00:00,        47.425891
03/01/2008 22:00:00,        44.851960
03/01/2008 23:00:00,        45.333493
03/02/2008 00:00:00,        45.669330
03/02/2008 01:00:00,        13.842293
03/02/2008 02:00:00,        12.228556
03/02/2008 03:00:00,        10.540304
03/02/2008 04:00:00,         8.960706
03/02/2008 05:00:00,         7.772488
03/02/2008 06:00:00,         7.217761
03/02/2008 07:00:00,         6.844948
03/02/2008 08:00:00,         5.404031
03/02/2008 09:00:00,         5.020808
03/02/2008 10:00:00,         6.536079
03/02/2008 11:00:00,         8.716633
03/02/2008 12:00:00,        11.423091
03/02/2008 13:00:00,        15.607033
03/02/2008 14:00:00,        19.432890
03/02/2008 15:00:00,        25.430303
03/02/2008 16:00:00,        32.479208
03/02/2008 17:00:00,        38.909475
03/02/2008 18:00:00,        44.385918
03/02/2008 19:00:00,        47.858208
03/02/2008 20:00:00,        52.422155
03/02/2008 21:00:00,        56.952530
03/02/2008 22:00:00,        62.045345
03/02/2008 23:00:00,        66.779302
03/03/2008 00:00:00,        71.742970
03/03/2008 01:00:00,        93.675478
03/03/2008 02:00:00,        93.896936
03/03/2008 03:00:00,        94.738409
03/03/2008 04:00:00,        95.264203
03/03/2008 05:00:00,        95.532990
03/03/2008 06:00:00,        95.671513
03/03/2008 07:00:00,        95.805391
03/03/2008 08:00:00,        95.898784
03/03/2008 09:00:00,        95.926021
03/03/2008 10:00:00,        95.940830
03/03/2008 11:00:00,        95.968605
03/03/2008 12:00:00,        95.991230
03/03/2008 13:00:00,        93.853616
03/03/2008 14:00:00,        92.117031
03/03/2008 15:00:00,        91.473433
03/03/2008 16:00:00,        89.418962
03/03/2008 17:00:00,        87.819526
03/03/2008 18:00:00,        86.279238
03/03/2008 19:00:00,        86.880000
03/03/2008 20:00:00,        85.621500
03/03/2008 21:00:00,        84.914400
03/03/2008 22:00:00,        83.913700
03/03/2008 23:00:00,        65.633631
03/04/2008 00:00:00,        75.881572
03/04/2008 01:00:00,        75.997899
03/04/2008 02:00:00,        72.203791
03/04/2008 03:00:00,        72.419285
03/04/2008 04:00:00,        68.937271
03/04/2008 05:00:00,        67.171247
03/04/2008 06:00:00,        66.220141
03/04/2008 07:00:00,        64.404355
03/04/2008 08:00:00,        60.363511
03/04/2008 09:00:00,        55.559730
03/04/2008 10:00:00,        50.058304
03/04/2008 11:00:00,        45.529467
03/04/2008 12:00:00,        41.422078
03/04/2008 13:00:00,        38.598429
03/04/2008 14:00:00,        37.266933
03/04/2008 15:00:00,        37.437332
03/04/2008 16:00:00,        38.453235
03/04/2008 17:00:00,        41.478271
03/04/2008 18:00:00,        45.249215
03/04/2008 19:00:00,        44.752814
03/04/2008 20:00:00,        45.982297
03/04/2008 21:00:00,        49.050108
03/04/2008 22:00:00,        52.291427
03/04/2008 23:00:00,        56.592759
03/05/2008 00:00:00,        61.178064
03/05/2008 01:00:00,        77.697313
03/05/2008 02:00:00,        76.105269
03/05/2008 03:00:00,        75.051185
03/05/2008 04:00:00,        73.466992
03/05/2008 05:00:00,        71.362686
03/05/2008 06:00:00,        69.632739
03/05/2008 07:00:00,        69.000170
03/05/2008 08:00:00,        66.790810
03/05/2008 09:00:00,        62.299081
03/05/2008 10:00:00,        56.274038
03/05/2008 11:00:00,        50.024401
03/05/2008 12:00:00,        43.648844
03/05/2008 13:00:00,        37.192555
03/05/2008 14:00:00,        32.226764
03/05/2008 15:00:00,        27.121798
03/05/2008 16:00:00,        22.709700
03/05/2008 17:00:00,        18.422282
03/05/2008 18:00:00,        15.308840
03/05/2008 19:00:00,        13.133139
03/05/2008 20:00:00,         9.601108
03/05/2008 21:00:00,         7.362247
03/05/2008 22:00:00,         6.405546
03/05/2008 23:00:00,         6.468658
03/06/2008 00:00:00,         7.176092
03/06/2008 01:00:00,        28.565380
03/06/2008 02:00:00,        29.881750
03/06/2008 03:00:00,        30.117312
03/06/2008 04:00:00,        32.034325
03/06/2008 05:00:00,        35.517729
03/06/2008 06:00:00,        38.493916
03/06/2008 07:00:00,        40.190805
03/06/2008 08:00:00,        44.808990
03/06/2008 09:00:00,         9.572240
03/06/2008 10:00:00,        50.388000
03/06/2008 11:00:00,        54.253420
03/06/2008 12:00:00,        58.022820
03/06/2008 13:00:00,         2.871055
03/06/2008 14:00:00,         1.313485
03/06/2008 15:00:00,         0.000000
03/06/2008 16:00:00,        57.628724
03/06/2008 17:00:00,        60.553390
03/06/2008 18:00:00,        57.089430
03/06/2008 19:00:00,        56.717400
03/06/2008 20:00:00,        52.934813
03/06/2008 21:00:00,        55.697035
03/06/2008 22:00:00,        56.343852
03/06/2008 23:00:00,        52.351627
03/07/2008 00:00:00,        51.295220
03/07/2008 01:00:00,        29.769722
03/07/2008 02:00:00,        28.090473
03/07/2008 03:00:00,        27.402674
03/07/2008 04:00:00,        25.459586
03/07/2008 05:00:00,        23.450524
03/07/2008 06:00:00,        22.048984
03/07/2008 07:00:00,        20.723010
03/07/2008 08:00:00,        18.170453
03/07/2008 09:00:00,        16.396610
03/07/2008 10:00:00,        14.912257
03/07/2008 11:00:00,        13.518746
03/07/2008 12:00:00,        12.696308
03/07/2008 13:00:00,        13.226560
03/07/2008 14:00:00,        15.198753
03/07/2008 15:00:00,        18.732256
03/07/2008 16:00:00,        22.776830
03/07/2008 17:00:00,        27.073820
03/07/2008 18:00:00,        31.774320
03/07/2008 19:00:00,        34.498393
03/07/2008 20:00:00,        37.439815
03/07/2008 21:00:00,        40.308390
03/07/2008 22:00:00,        43.700968
03/07/2008 23:00:00,        47.825237
03/08/2008 00:00:00,        52.885088
03/08/2008 01:00:00,        69.705257
03/08/2008 02:00:00,        71.074616
03/08/2008 03:00:00,        73.360609
03/08/2008 04:00:00,        75.098199
03/08/2008 05:00:00,        76.384386
03/08/2008 06:00:00,        77.777028
03/08/2008 07:00:00,        79.989466
03/08/2008 08:00:00,        81.268835
03/08/2008 09:00:00,        83.224256
03/08/2008 10:00:00,        85.424655
03/08/2008 11:00:00,        87.070509
03/08/2008 12:00:00,        88.818163
03/08/2008 13:00:00,        90.505966
03/08/2008 14:00:00,        92.117963
03/08/2008 15:00:00,        93.113542
03/08/2008 16:00:00,        93.391747
03/08/2008 17:00:00,        93.723216
03/08/2008 18:00:00,        93.937668
03/08/2008 19:00:00,        94.142679
03/08/2008 20:00:00,        94.329860
03/08/2008 21:00:00,        94.494371
03/08/2008 22:00:00,        94.629416
03/08/2008 23:00:00,        94.524715
03/09/2008 00:00:00,        94.074926
03/09/2008 01:00:00,        79.917446
03/09/2008 02:00:00,        78.059580
03/09/2008 03:00:00,        75.267393
03/09/2008 04:00:00,        73.874616
03/09/2008 05:00:00,        72.319353
03/09/2008 06:00:00,        69.781262
03/09/2008 07:00:00,        66.503118
03/09/2008 08:00:00,        60.442522
03/09/2008 09:00:00,        54.433488
03/09/2008 10:00:00,        48.263222
03/09/2008 11:00:00,        42.704444
03/09/2008 12:00:00,        38.479254
03/09/2008 13:00:00,        34.156710
03/09/2008 14:00:00,        29.743977
03/09/2008 15:00:00,        24.872014
03/09/2008 16:00:00,        20.711208
03/09/2008 17:00:00,        16.104586
03/09/2008 18:00:00,        11.798289
03/09/2008 19:00:00,         8.413442
03/09/2008 20:00:00,         5.877380
03/09/2008 21:00:00,         4.304535
03/09/2008 22:00:00,         3.172250
03/09/2008 23:00:00,         2.511609
03/10/2008 00:00:00,         1.925512
03/10/2008 01:00:00,         0.423978
03/10/2008 02:00:00,         0.375430
03/10/2008 03:00:00,         0.262534
03/10/2008 04:00:00,         0.203611
03/10/2008 05:00:00,         0.167297
03/10/2008 06:00:00,         0.136720
03/10/2008 07:00:00,         0.098447
03/10/2008 08:00:00,         0.074788
03/10/2008 09:00:00,         0.069197
03/10/2008 10:00:00,         0.062793
03/10/2008 11:00:00,         0.066669
03/10/2008 12:00:00,         0.130475
03/10/2008 13:00:00,         0.384396
03/10/2008 14:00:00,         0.778905
03/10/2008 15:00:00,         1.238169
03/10/2008 16:00:00,         1.846720
03/10/2008 17:00:00,         2.742335
03/10/2008 18:00:00,         3.412613
03/10/2008 19:00:00,         3.724689
03/10/2008 20:00:00,         4.428985
03/10/2008 21:00:00,         4.968423
03/10/2008 22:00:00,         5.594580
03/10/2008 23:00:00,         6.426717
03/11/2008 00:00:00,         7.319827
03/11/2008 01:00:00,        22.383398
03/11/2008 02:00:00,        22.474253
03/11/2008 03:00:00,        23.698912
03/11/2008 04:00:00,        27.035755
03/11/2008 05:00:00,        30.265952
03/11/2008 06:00:00,        33.640680
03/11/2008 07:00:00,        39.902120
03/11/2008 08:00:00,        41.342971
03/11/2008 09:00:00,        46.037821
03/11/2008 10:00:00,         1.189322
03/11/2008 11:00:00,         0.711715
03/11/2008 12:00:00,         0.000000
03/11/2008 13:00:00,         0.000000
03/11/2008 14:00:00,         0.000000
03/11/2008 15:00:00,        34.553743
03/11/2008 16:00:00,        73.063306
03/11/2008 17:00:00,        75.627790
03/11/2008 18:00:00,        78.437667
03/11/2008 19:00:00,        81.427949
03/11/2008 20:00:00,        82.618502
03/11/2008 21:00:00,        92.783800
03/11/2008 22:00:00,        93.259500
03/11/2008 23:00:00,         4.640938
03/12/2008 00:00:00,         2.281095
03/12/2008 01:00:00,         0.000000
03/12/2008 02:00:00,         0.000000
03/12/2008 03:00:00,         0.000000
03/12/2008 04:00:00,         0.000000
03/12/2008 05:00:00,         0.000000
03/12/2008 06:00:00,         0.000000
03/12/2008 07:00:00,         0.000000
03/12/2008 08:00:00,         0.000000
03/12/2008 09:00:00,        14.145500
03/12/2008 10:00:00,        37.287500
03/12/2008 11:00:00,        31.174786
03/12/2008 12:00:00,        30.514629
03/12/2008 13:00:00,        25.299485
03/12/2008 14:00:00,        23.585473
03/12/2008 15:00:00,        22.059985
03/12/2008 16:00:00,        20.677165
03/12/2008 17:00:00,        18.875396
03/12/2008 18:00:00,        16.054887
03/12/2008 19:00:00,        12.640103
03/12/2008 20:00:00,         9.457534
03/12/2008 21:00:00,         7.113960
03/12/2008 22:00:00,         5.862214
03/12/2008 23:00:00,         5.523477
03/13/2008 00:00:00,         5.301064
03/13/2008 01:00:00,        19.110891
03/13/2008 02:00:00,        22.870486
03/13/2008 03:00:00,        27.429372
03/13/2008 04:00:00,        32.098550
03/13/2008 05:00:00,        37.333972
03/13/2008 06:00:00,        43.106691
03/13/2008 07:00:00,        48.034150
03/13/2008 08:00:00,        55.463503
03/13/2008 09:00:00,        62.211894
03/13/2008 10:00:00,        68.237050
03/13/2008 11:00:00,        73.044930
03/13/2008 12:00:00,        75.452993
03/13/2008 13:00:00,        76.298434
03/13/2008 14:00:00,        80.035900
03/13/2008 15:00:00,        81.587000
03/13/2008 16:00:00,        81.608316
03/13/2008 17:00:00,        81.575262
03/13/2008 18:00:00,        80.314264
03/13/2008 19:00:00,        26.606621
03/13/2008 20:00:00,        74.894804
03/13/2008 21:00:00,        73.426319
03/13/2008 22:00:00,        72.417513
03/13/2008 23:00:00,        71.273534
03/14/2008 00:00:00,        70.386474
03/14/2008 01:00:00,        56.217770
03/14/2008 02:00:00,        52.156049
03/14/2008 03:00:00,        50.358024
03/14/2008 04:00:00,        50.404328
03/14/2008 05:00:00,        47.653061
03/14/2008 06:00:00,        45.963646
03/14/2008 07:00:00,        47.340880
03/14/2008 08:00:00,        44.962050
03/14/2008 09:00:00,        39.944710
03/14/2008 10:00:00,        36.682374
03/14/2008 11:00:00,        36.589140
03/14/2008 12:00:00,        34.653550
03/14/2008 13:00:00,        32.149601
03/14/2008 14:00:00,        31.764817
03/14/2008 15:00:00,        30.540515
03/14/2008 16:00:00,        28.410315
03/14/2008 17:00:00,        26.285611
03/14/2008 18:00:00,        24.066896
03/14/2008 19:00:00,        23.813898
03/14/2008 20:00:00,        23.399216
03/14/2008 21:00:00,        22.999305
03/14/2008 22:00:00,        21.993494
03/14/2008 23:00:00,        21.542430
03/15/2008 00:00:00,        18.736390
03/15/2008 01:00:00,        15.673735
03/15/2008 02:00:00,        19.462700
03/15/2008 03:00:00,        20.112913
03/15/2008 04:00:00,        20.527040
03/15/2008 05:00:00,        19.869010
03/15/2008 06:00:00,        20.965020
03/15/2008 07:00:00,        20.484140
03/15/2008 08:00:00,        22.515500
03/15/2008 09:00:00,        23.732910
03/15/2008 10:00:00,        25.958350
03/15/2008 11:00:00,        22.585925
03/15/2008 12:00:00,        27.982450
03/15/2008 13:00:00,        28.529070
03/15/2008 14:00:00,        28.729281
03/15/2008 15:00:00,        29.068311
03/15/2008 16:00:00,        30.709278
03/15/2008 17:00:00,        32.314711
03/15/2008 18:00:00,        34.531343
03/15/2008 19:00:00,        35.098428
03/15/2008 20:00:00,        36.136637
03/15/2008 21:00:00,        36.895950
03/15/2008 22:00:00,        37.681561
03/15/2008 23:00:00,        38.551921
03/16/2008 00:00:00,        39.672381
03/16/2008 01:00:00,        53.894130
03/16/2008 02:00:00,        53.415843
03/16/2008 03:00:00,        52.665134
03/16/2008 04:00:00,        51.757250
03/16/2008 05:00:00,        52.332660
03/16/2008 06:00:00,        51.463480
03/16/2008 07:00:00,        50.953940
03/16/2008 08:00:00,        49.484870
03/16/2008 09:00:00,        45.921218
03/16/2008 10:00:00,        44.441105
03/16/2008 11:00:00,        42.754454
03/16/2008 12:00:00,        40.928322
03/16/2008 13:00:00,        38.248158
03/16/2008 14:00:00,        36.020081
03/16/2008 15:00:00,        34.205123
03/16/2008 16:00:00,        32.434659
03/16/2008 17:00:00,        31.169582
03/16/2008 18:00:00,        30.441104
03/16/2008 19:00:00,        29.951783
03/16/2008 20:00:00,        28.698455
03/16/2008 21:00:00,        28.024178
03/16/2008 22:00:00,        28.160504
03/16/2008 23:00:00,        27.837320
03/17/2008 00:00:00,        26.930897
03/17/2008 01:00:00,        12.648121
03/17/2008 02:00:00,        12.453099
03/17/2008 03:00:00,        12.677740
03/17/2008 04:00:00,        12.854110
03/17/2008 05:00:00,        12.873557
03/17/2008 06:00:00,        12.818134
03/17/2008 07:00:00,        12.273929
03/17/2008 08:00:00,        11.363589
03/17/2008 09:00:00,        10.844674
03/17/2008 10:00:00,        10.409675
03/17/2008 11:00:00,         9.741192
03/17/2008 12:00:00,         9.798684
03/17/2008 13:00:00,         9.353675
03/17/2008 14:00:00,         8.916050
03/17/2008 15:00:00,         8.678932
03/17/2008 16:00:00,         7.447458
03/17/2008 17:00:00,         5.569255
03/17/2008 18:00:00,         5.485216
03/17/2008 19:00:00,         5.142187
03/17/2008 20:00:00,         5.435391
03/17/2008 21:00:00,         5.825988
03/17/2008 22:00:00,         6.633921
03/17/2008 23:00:00,         8.269011
03/18/2008 00:00:00,        10.445480
03/18/2008 01:00:00,        30.822631
03/18/2008 02:00:00,        35.435747
03/18/2008 03:00:00,        39.874665
03/18/2008 04:00:00,        44.802024
03/18/2008 05:00:00,        49.698328
03/18/2008 06:00:00,        54.991881
03/18/2008 07:00:00,        59.071037
03/18/2008 08:00:00,        63.874844
03/18/2008 09:00:00,        68.455681
03/18/2008 10:00:00,        73.234782
03/18/2008 11:00:00,        78.158217
03/18/2008 12:00:00,        82.484805
03/18/2008 13:00:00,        84.758574
03/18/2008 14:00:00,        85.800867
03/18/2008 15:00:00,        86.237324
03/18/2008 16:00:00,        87.741848
03/18/2008 17:00:00,        88.512598
03/18/2008 18:00:00,        88.610918
03/18/2008 19:00:00,        88.022546
03/18/2008 20:00:00,        87.625412
03/18/2008 21:00:00,        86.707952
03/18/2008 22:00:00,        86.184216
03/18/2008 23:00:00,        85.072990
03/19/2008 00:00:00,        83.496602
03/19/2008 01:00:00,        43.407779
03/19/2008 02:00:00,        39.058157
03/19/2008 03:00:00,        35.509637
03/19/2008 04:00:00,        31.964089
03/19/2008 05:00:00,        29.400424
03/19/2008 06:00:00,        27.667997
03/19/2008 07:00:00,        27.447024
03/19/2008 08:00:00,        24.347844
03/19/2008 09:00:00,        22.888522
03/19/2008 10:00:00,        22.743633
03/19/2008 11:00:00,        23.565481
03/19/2008 12:00:00,        23.595930
03/19/2008 13:00:00,         5.061452
03/19/2008 14:00:00,         1.780401
03/19/2008 15:00:00,         0.207560
03/19/2008 16:00:00,         0.000000
03/19/2008 17:00:00,         0.000000
03/19/2008 18:00:00,        37.762500
03/19/2008 19:00:00,        48.108000
03/19/2008 20:00:00,        51.001930
03/19/2008 21:00:00,        52.149790
03/19/2008 22:00:00,        53.990710
03/19/2008 23:00:00,        57.197840
03/20/2008 00:00:00,        60.553650
03/20/2008 01:00:00,        93.344117
03/20/2008 02:00:00,        93.348117
03/20/2008 03:00:00,        94.085584
03/20/2008 04:00:00,        94.551678
03/20/2008 05:00:00,        94.800923
03/20/2008 06:00:00,        94.925529
03/20/2008 07:00:00,        94.970647
03/20/2008 08:00:00,        95.037283
03/20/2008 09:00:00,        94.940753
03/20/2008 10:00:00,        94.702778
03/20/2008 11:00:00,        94.585405
03/20/2008 12:00:00,        94.458438
03/20/2008 13:00:00,        94.389999
03/20/2008 14:00:00,        94.367829
03/20/2008 15:00:00,        94.385248
03/20/2008 16:00:00,        94.457623
03/20/2008 17:00:00,        94.565552
03/20/2008 18:00:00,        94.582302
03/20/2008 19:00:00,        94.503747
03/20/2008 20:00:00,        94.448858
03/20/2008 21:00:00,        94.326606
03/20/2008 22:00:00,        94.154515
03/20/2008 23:00:00,        94.068771
03/21/2008 00:00:00,        93.975673
03/21/2008 01:00:00,        75.360323
03/21/2008 02:00:00,        72.711447
03/21/2008 03:00:00,        69.489532
03/21/2008 04:00:00,        66.639520
03/21/2008 05:00:00,        63.136962
03/21/2008 06:00:00,        60.600469
03/21/2008 07:00:00,        57.638508
03/21/2008 08:00:00,        51.685451
03/21/2008 09:00:00,        45.943735
03/21/2008 10:00:00,        39.785658
03/21/2008 11:00:00,        34.460002
03/21/2008 12:00:00,        29.063445
03/21/2008 13:00:00,        25.562356
03/21/2008 14:00:00,        22.121430
03/21/2008 15:00:00,        18.216297
03/21/2008 16:00:00,        15.617791
03/21/2008 17:00:00,        13.437946
03/21/2008 18:00:00,        11.806157
03/21/2008 19:00:00,        10.165154
03/21/2008 20:00:00,         9.466575
03/21/2008 21:00:00,         8.855810
03/21/2008 22:00:00,         8.258894
03/21/2008 23:00:00,         7.908936
03/22/2008 00:00:00,         8.026488
03/22/2008 01:00:00,        21.099994
03/22/2008 02:00:00,        22.882243
03/22/2008 03:00:00,        24.666217
03/22/2008 04:00:00,        25.731130
03/22/2008 05:00:00,        26.948251
03/22/2008 06:00:00,        28.470469
03/22/2008 07:00:00,        30.016779
03/22/2008 08:00:00,        31.401786
03/22/2008 09:00:00,        31.787908
03/22/2008 10:00:00,        30.628976
03/22/2008 11:00:00,        29.622637
03/22/2008 12:00:00,        29.320942
03/22/2008 13:00:00,        29.188012
03/22/2008 14:00:00,        28.531021
03/22/2008 15:00:00,        25.959561
03/22/2008 16:00:00,        24.351424
03/22/2008 17:00:00,        24.446711
03/22/2008 18:00:00,        24.759217
03/22/2008 19:00:00,        24.022969
03/22/2008 20:00:00,        23.626142
03/22/2008 21:00:00,        24.410029
03/22/2008 22:00:00,        26.193962
03/22/2008 23:00:00,        26.735035
03/23/2008 00:00:00,        27.448631
03/23/2008 01:00:00,        33.337110
03/23/2008 02:00:00,        32.723688
03/23/2008 03:00:00,        31.198357
03/23/2008 04:00:00,        29.560083
03/23/2008 05:00:00,        28.238453
03/23/2008 06:00:00,        26.855683
03/23/2008 07:00:00,        25.399326
03/23/2008 08:00:00,        23.492184
03/23/2008 09:00:00,        21.810033
03/23/2008 10:00:00,        19.697518
03/23/2008 11:00:00,        17.039891
03/23/2008 12:00:00,        14.610424
03/23/2008 13:00:00,        12.721897
03/23/2008 14:00:00,        11.452837
03/23/2008 15:00:00,        10.987824
03/23/2008 16:00:00,        10.231325
03/23/2008 17:00:00,         9.523445
03/23/2008 18:00:00,         9.539358
03/23/2008 19:00:00,         9.499491
03/23/2008 20:00:00,         9.133766
03/23/2008 21:00:00,         8.810448
03/23/2008 22:00:00,         9.016725
03/23/2008 23:00:00,         9.602000
03/24/2008 00:00:00,        10.495110
03/24/2008 01:00:00,        12.631055
03/24/2008 02:00:00,        13.060407
03/24/2008 03:00:00,        13.097630
03/24/2008 04:00:00,        12.586558
03/24/2008 05:00:00,        12.270774
03/24/2008 06:00:00,        12.371228
03/24/2008 07:00:00,        13.222374
03/24/2008 08:00:00,        12.323696
03/24/2008 09:00:00,        11.421615
03/24/2008 10:00:00,        11.207071
03/24/2008 11:00:00,        10.973786
03/24/2008 12:00:00,         9.014819
03/24/2008 13:00:00,         9.568099
03/24/2008 14:00:00,        10.298161
03/24/2008 15:00:00,        10.081246
03/24/2008 16:00:00,        10.524501
03/24/2008 17:00:00,        11.675027
03/24/2008 18:00:00,        14.298801
03/24/2008 19:00:00,        14.941297
03/24/2008 20:00:00,        16.312593
03/24/2008 21:00:00,        18.320208
03/24/2008 22:00:00,        21.170578
03/24/2008 23:00:00,        24.813766
03/25/2008 00:00:00,        29.110201
03/25/2008 01:00:00,        63.902749
03/25/2008 02:00:00,        66.973622
03/25/2008 03:00:00,        70.628325
03/25/2008 04:00:00,        74.003222
03/25/2008 05:00:00,        77.376248
03/25/2008 06:00:00,        80.845250
03/25/2008 07:00:00,        83.122895
03/25/2008 08:00:00,        88.612366
03/25/2008 09:00:00,        92.511032
03/25/2008 10:00:00,        94.178056
03/25/2008 11:00:00,        94.857050
03/25/2008 12:00:00,        95.233241
03/25/2008 13:00:00,        95.509963
03/25/2008 14:00:00,        95.763835
03/25/2008 15:00:00,        95.933500
03/25/2008 16:00:00,        95.980700
03/25/2008 17:00:00,        96.000000
03/25/2008 18:00:00,        95.981000
03/25/2008 19:00:00,        95.981000
03/25/2008 20:00:00,        95.948324
03/25/2008 21:00:00,        95.923599
03/25/2008 22:00:00,        95.882772
03/25/2008 23:00:00,        95.808441
03/26/2008 00:00:00,        95.733453
03/26/2008 01:00:00,        83.374237
03/26/2008 02:00:00,        82.550252
03/26/2008 03:00:00,        81.938649
03/26/2008 04:00:00,        81.340667
03/26/2008 05:00:00,        82.040500
03/26/2008 06:00:00,        80.764100
03/26/2008 07:00:00,        77.708600
03/26/2008 08:00:00,        73.018100
03/26/2008 09:00:00,        67.305320
03/26/2008 10:00:00,        61.563240
03/26/2008 11:00:00,        55.792348
03/26/2008 12:00:00,        50.214132
03/26/2008 13:00:00,        46.407444
03/26/2008 14:00:00,        39.495296
03/26/2008 15:00:00,        33.571962
03/26/2008 16:00:00,        28.882178
03/26/2008 17:00:00,        25.202290
03/26/2008 18:00:00,        22.929736
03/26/2008 19:00:00,        20.073848
03/26/2008 20:00:00,        19.490141
03/26/2008 21:00:00,        19.676682
03/26/2008 22:00:00,        20.873946
03/26/2008 23:00:00,        22.301054
03/27/2008 00:00:00,        23.644608
03/27/2008 01:00:00,        53.730092
03/27/2008 02:00:00,        49.203914
03/27/2008 03:00:00,        47.293209
03/27/2008 04:00:00,        44.320817
03/27/2008 05:00:00,        41.519317
03/27/2008 06:00:00,        39.102380
03/27/2008 07:00:00,        37.683340
03/27/2008 08:00:00,        31.912300
03/27/2008 09:00:00,        28.085910
03/27/2008 10:00:00,        21.598505
03/27/2008 11:00:00,        17.297092
03/27/2008 12:00:00,        15.739748
03/27/2008 13:00:00,        15.243554
03/27/2008 14:00:00,        15.314373
03/27/2008 15:00:00,        15.250942
03/27/2008 16:00:00,        15.385900
03/27/2008 17:00:00,        15.479640
03/27/2008 18:00:00,        15.350458
03/27/2008 19:00:00,        15.104214
03/27/2008 20:00:00,        14.845505
03/27/2008 21:00:00,        15.167987
03/27/2008 22:00:00,        15.611531
03/27/2008 23:00:00,        15.911183
03/28/2008 00:00:00,        15.723709
03/28/2008 01:00:00,        13.066992
03/28/2008 02:00:00,        14.400081
03/28/2008 03:00:00,        15.960554
03/28/2008 04:00:00,        16.891937
03/28/2008 05:00:00,        17.402670
03/28/2008 06:00:00,        17.890841
03/28/2008 07:00:00,        17.836253
03/28/2008 08:00:00,        19.201685
03/28/2008 09:00:00,        18.659474
03/28/2008 10:00:00,        19.250680
03/28/2008 11:00:00,        19.391010
03/28/2008 12:00:00,        20.355193
03/28/2008 13:00:00,        20.210931
03/28/2008 14:00:00,        20.985815
03/28/2008 15:00:00,        21.180302
03/28/2008 16:00:00,        21.490491
03/28/2008 17:00:00,        22.543507
03/28/2008 18:00:00,        23.324401
03/28/2008 19:00:00,        23.687029
03/28/2008 20:00:00,        24.260998
03/28/2008 21:00:00,        25.167148
03/28/2008 22:00:00,        26.411275
03/28/2008 23:00:00,        27.383609
03/29/2008 00:00:00,        28.294573
03/29/2008 01:00:00,        33.182393
03/29/2008 02:00:00,        31.568395
03/29/2008 03:00:00,        29.878513
03/29/2008 04:00:00,        28.943812
03/29/2008 05:00:00,        27.358221
03/29/2008 06:00:00,        24.998559
03/29/2008 07:00:00,        22.642147
03/29/2008 08:00:00,        19.583768
03/29/2008 09:00:00,        16.626756
03/29/2008 10:00:00,        13.725004
03/29/2008 11:00:00,        11.578790
03/29/2008 12:00:00,         9.156843
03/29/2008 13:00:00,         7.548789
03/29/2008 14:00:00,         6.492978
03/29/2008 15:00:00,         5.721068
03/29/2008 16:00:00,         5.038050
03/29/2008 17:00:00,         4.453430
03/29/2008 18:00:00,         5.310610
03/29/2008 19:00:00,         5.290365
03/29/2008 20:00:00,         5.700038
03/29/2008 21:00:00,         6.337805
03/29/2008 22:00:00,         7.190920
03/29/2008 23:00:00,         8.204789
03/30/2008 00:00:00,         9.785087
03/30/2008 01:00:00,        25.166832
03/30/2008 02:00:00,        26.749697
03/30/2008 03:00:00,        29.258865
03/30/2008 04:00:00,        33.024446
03/30/2008 05:00:00,        38.321388
03/30/2008 06:00:00,        43.487157
03/30/2008 07:00:00,        49.736725
03/30/2008 08:00:00,        55.881477
03/30/2008 09:00:00,        61.119853
03/30/2008 10:00:00,        66.192685
03/30/2008 11:00:00,        70.641351
03/30/2008 12:00:00,        75.209852
03/30/2008 13:00:00,        79.441479
03/30/2008 14:00:00,        83.203900
03/30/2008 15:00:00,        86.619861
03/30/2008 16:00:00,        89.473308
03/30/2008 17:00:00,        91.775495
03/30/2008 18:00:00,        92.917886
03/30/2008 19:00:00,        92.785465
03/30/2008 20:00:00,        92.573149
03/30/2008 21:00:00,        92.389822
03/30/2008 22:00:00,        92.099817
03/30/2008 23:00:00,        91.613706
03/31/2008 00:00:00,        91.122576
03/31/2008 01:00:00,        91.799289
03/31/2008 02:00:00,        91.216333
03/31/2008 03:00:00,        89.243257
03/31/2008 04:00:00,        87.386790
03/31/2008 05:00:00,        84.538239
03/31/2008 06:00:00,        82.362337
03/31/2008 07:00:00,        80.579351
03/31/2008 08:00:00,        77.213553
03/31/2008 09:00:00,        72.169497
03/31/2008 10:00:00,        67.006233
03/31/2008 11:00:00,        63.538004
03/31/2008 12:00:00,        61.452032
03/31/2008 13:00:00,        56.999615
03/31/2008 14:00:00,        55.633146
03/31/2008 15:00:00,        54.929700
03/31/2008 16:00:00,        56.489039
03/31/2008 17:00:00,        58.759758
03/31/2008 18:00:00,        60.108219
03/31/2008 19:00:00,        61.087232
03/31/2008 20:00:00,        62.673067
03/31/2008 21:00:00,        65.220358
03/31/2008 22:00:00,        69.352362
03/31/2008 23:00:00,        73.023520
04/01/2008 00:00:00,        95.645841
04/01/2008 01:00:00,        95.691488
04/01/2008 02:00:00,        95.735342
04/01/2008 03:00:00,        95.756743
04/01/2008 04:00:00,        95.789100
04/01/2008 05:00:00,        95.814060
04/01/2008 06:00:00,        95.829437
04/01/2008 07:00:00,        95.944374
04/01/2008 08:00:00,        95.970204
04/01/2008 09:00:00,        95.987165
04/01/2008 10:00:00,        95.991625
04/01/2008 11:00:00,        95.996729
04/01/2008 12:00:00,        95.993971
04/01/2008 13:00:00,        95.991044
04/01/2008 14:00:00,        95.987493
04/01/2008 15:00:00,        95.767404
04/01/2008 16:00:00,        95.746618
04/01/2008 17:00:00,        95.744646
04/01/2008 18:00:00,        95.743919
04/01/2008 19:00:00,        95.723528
04/01/2008 20:00:00,        95.687003
04/01/2008 21:00:00,        95.650103
04/01/2008 22:00:00,        95.482874
04/01/2008 23:00:00,        95.295398
04/02/2008 00:00:00,        95.092842
04/02/2008 01:00:00,        94.729354
04/02/2008 02:00:00,        93.115810
04/02/2008 03:00:00,        90.627876
04/02/2008 04:00:00,        86.709786
04/02/2008 05:00:00,        82.645324
04/02/2008 06:00:00,        78.764448
04/02/2008 07:00:00,        74.526832
04/02/2008 08:00:00,        68.895962
04/02/2008 09:00:00,        62.706141
04/02/2008 10:00:00,        56.120800
04/02/2008 11:00:00,        49.261546
04/02/2008 12:00:00,        42.019472
04/02/2008 13:00:00,        35.322982
04/02/2008 14:00:00,        28.837558
04/02/2008 15:00:00,        23.038088
04/02/2008 16:00:00,        18.046034
04/02/2008 17:00:00,        15.061003
04/02/2008 18:00:00,        13.805932
04/02/2008 19:00:00,        12.381116
04/02/2008 20:00:00,        11.536375
04/02/2008 21:00:00,        11.151730
04/02/2008 22:00:00,        11.314821
04/02/2008 23:00:00,        12.126558
04/03/2008 00:00:00,        13.412634
04/03/2008 01:00:00,        72.818787
04/03/2008 02:00:00,        74.890679
04/03/2008 03:00:00,        77.019323
04/03/2008 04:00:00,        77.858850
04/03/2008 05:00:00,        78.598157
04/03/2008 06:00:00,        78.871943
04/03/2008 07:00:00,        77.037183
04/03/2008 08:00:00,        75.408757
04/03/2008 09:00:00,        70.933070
04/03/2008 10:00:00,        65.508696
04/03/2008 11:00:00,        59.595666
04/03/2008 12:00:00,        53.397568
04/03/2008 13:00:00,        47.005844
04/03/2008 14:00:00,        40.760321
04/03/2008 15:00:00,        33.423839
04/03/2008 16:00:00,        25.268902
04/03/2008 17:00:00,        18.996575
04/03/2008 18:00:00,        13.739501
04/03/2008 19:00:00,         9.810389
04/03/2008 20:00:00,         7.140845
04/03/2008 21:00:00,         4.809139
04/03/2008 22:00:00,         3.818592
04/03/2008 23:00:00,         3.137549
04/04/2008 00:00:00,         2.919134
04/04/2008 01:00:00,        18.800571
04/04/2008 02:00:00,        20.790896
04/04/2008 03:00:00,        22.222474
04/04/2008 04:00:00,        24.373492
04/04/2008 05:00:00,        25.099884
04/04/2008 06:00:00,        26.816480
04/04/2008 07:00:00,        28.331952
04/04/2008 08:00:00,        28.635199
04/04/2008 09:00:00,        29.696943
04/04/2008 10:00:00,        27.304217
04/04/2008 11:00:00,        26.917817
04/04/2008 12:00:00,        28.992530
04/04/2008 13:00:00,        31.018957
04/04/2008 14:00:00,        33.011254
04/04/2008 15:00:00,        33.118344
04/04/2008 16:00:00,        31.894862
04/04/2008 17:00:00,        29.361677
04/04/2008 18:00:00,        27.819802
04/04/2008 19:00:00,        26.745073
04/04/2008 20:00:00,        26.685460
04/04/2008 21:00:00,        27.516175
04/04/2008 22:00:00,        27.434239
04/04/2008 23:00:00,        27.557997
04/05/2008 00:00:00,        27.796244
04/05/2008 01:00:00,         6.577057
04/05/2008 02:00:00,         5.861840
04/05/2008 03:00:00,         5.145131
04/05/2008 04:00:00,         4.943963
04/05/2008 05:00:00,         4.904260
04/05/2008 06:00:00,         5.563747
04/05/2008 07:00:00,         6.833598
04/05/2008 08:00:00,         7.294238
04/05/2008 09:00:00,         8.620203
04/05/2008 10:00:00,        10.425924
04/05/2008 11:00:00,        12.994488
04/05/2008 12:00:00,        16.211059
04/05/2008 13:00:00,        19.040521
04/05/2008 14:00:00,        23.054797
04/05/2008 15:00:00,        25.803252
04/05/2008 16:00:00,        27.811868
04/05/2008 17:00:00,        29.037615
04/05/2008 18:00:00,        32.412453
04/05/2008 19:00:00,        33.992652
04/05/2008 20:00:00,        36.432184
04/05/2008 21:00:00,        39.311888
04/05/2008 22:00:00,        41.530137
04/05/2008 23:00:00,        43.797092
04/06/2008 00:00:00,        43.791646
04/06/2008 01:00:00,        87.744071
04/06/2008 02:00:00,        87.153500
04/06/2008 03:00:00,        85.731234
04/06/2008 04:00:00,        83.528528
04/06/2008 05:00:00,        81.919021
04/06/2008 06:00:00,        81.726437
04/06/2008 07:00:00,        78.489977
04/06/2008 08:00:00,        74.350462
04/06/2008 09:00:00,        70.080897
04/06/2008 10:00:00,        65.916949
04/06/2008 11:00:00,        60.862029
04/06/2008 12:00:00,        57.879876
04/06/2008 13:00:00,        54.428273
04/06/2008 14:00:00,        51.581285
04/06/2008 15:00:00,        48.121679
04/06/2008 16:00:00,        47.252132
04/06/2008 17:00:00,        46.928425
04/06/2008 18:00:00,        48.257948
04/06/2008 19:00:00,        47.105181
04/06/2008 20:00:00,        48.454866
04/06/2008 21:00:00,        51.523286
04/06/2008 22:00:00,        54.905934
04/06/2008 23:00:00,        58.742615
04/07/2008 00:00:00,        61.666178
04/07/2008 01:00:00,        86.639822
04/07/2008 02:00:00,        87.889876
04/07/2008 03:00:00,        88.949299
04/07/2008 04:00:00,        90.618075
04/07/2008 05:00:00,        91.877995
04/07/2008 06:00:00,        92.810897
04/07/2008 07:00:00,        93.493237
04/07/2008 08:00:00,        94.614100
04/07/2008 09:00:00,        95.031431
04/07/2008 10:00:00,        95.032127
04/07/2008 11:00:00,        94.726042
04/07/2008 12:00:00,        94.607230
04/07/2008 13:00:00,        94.686553
04/07/2008 14:00:00,        94.611606
04/07/2008 15:00:00,        94.389304
04/07/2008 16:00:00,        94.270789
04/07/2008 17:00:00,        93.693110
04/07/2008 18:00:00,        92.438979
04/07/2008 19:00:00,        92.385922
04/07/2008 20:00:00,        92.014312
04/07/2008 21:00:00,        90.787883
04/07/2008 22:00:00,        89.453988
04/07/2008 23:00:00,        88.370803
04/08/2008 00:00:00,        87.520772
04/08/2008 01:00:00,        63.831348
04/08/2008 02:00:00,        58.486209
04/08/2008 03:00:00,        53.419350
04/08/2008 04:00:00,        46.448551
04/08/2008 05:00:00,        42.822863
04/08/2008 06:00:00,        40.552734
04/08/2008 07:00:00,        37.682228
04/08/2008 08:00:00,        31.232354
04/08/2008 09:00:00,        26.356957
04/08/2008 10:00:00,        21.276242
04/08/2008 11:00:00,        17.073623
04/08/2008 12:00:00,        14.179249
04/08/2008 13:00:00,        11.382714
04/08/2008 14:00:00,         8.926961
04/08/2008 15:00:00,         7.362528
04/08/2008 16:00:00,         5.902440
04/08/2008 17:00:00,         4.950445
04/08/2008 18:00:00,         4.233265
04/08/2008 19:00:00,         3.079365
04/08/2008 20:00:00,         2.695760
04/08/2008 21:00:00,         2.769946
04/08/2008 22:00:00,         3.505088
04/08/2008 23:00:00,         4.663521
04/09/2008 00:00:00,         5.870426
04/09/2008 01:00:00,        64.242427
04/09/2008 02:00:00,        67.368843
04/09/2008 03:00:00,        70.669156
04/09/2008 04:00:00,        73.684970
04/09/2008 05:00:00,        76.850320
04/09/2008 06:00:00,        81.371522
04/09/2008 07:00:00,        83.597485
04/09/2008 08:00:00,        88.331917
04/09/2008 09:00:00,        91.490181
04/09/2008 10:00:00,        94.012751
04/09/2008 11:00:00,        95.812963
04/09/2008 12:00:00,        95.758002
04/09/2008 13:00:00,        95.723290
04/09/2008 14:00:00,        95.688253
04/09/2008 15:00:00,        95.615902
04/09/2008 16:00:00,        95.599489
04/09/2008 17:00:00,        95.451510
04/09/2008 18:00:00,        94.859688
04/09/2008 19:00:00,        94.297080
04/09/2008 20:00:00,        93.762856
04/09/2008 21:00:00,        92.948875
04/09/2008 22:00:00,        91.802949
04/09/2008 23:00:00,        90.662508
04/10/2008 00:00:00,        89.287806
04/10/2008 01:00:00,        72.896059
04/10/2008 02:00:00,        67.797680
04/10/2008 03:00:00,        62.732506
04/10/2008 04:00:00,        56.753189
04/10/2008 05:00:00,        50.949400
04/10/2008 06:00:00,        47.651460
04/10/2008 07:00:00,        44.055300
04/10/2008 08:00:00,        38.021940
04/10/2008 09:00:00,        32.030040
04/10/2008 10:00:00,        25.742990
04/10/2008 11:00:00,        20.143830
04/10/2008 12:00:00,        15.146660
04/10/2008 13:00:00,        12.006086
04/10/2008 14:00:00,         9.736256
04/10/2008 15:00:00,         8.185051
04/10/2008 16:00:00,         7.928321
04/10/2008 17:00:00,         8.713952
04/10/2008 18:00:00,        11.057482
04/10/2008 19:00:00,        11.972227
04/10/2008 20:00:00,        13.425028
04/10/2008 21:00:00,        15.071485
04/10/2008 22:00:00,        17.287846
04/10/2008 23:00:00,        19.855989
04/11/2008 00:00:00,        21.998784
04/11/2008 01:00:00,        62.696707
04/11/2008 02:00:00,        66.230488
04/11/2008 03:00:00,        70.486945
04/11/2008 04:00:00,        73.749348
04/11/2008 05:00:00,        76.810207
04/11/2008 06:00:00,        79.276783
04/11/2008 07:00:00,        81.401299
04/11/2008 08:00:00,        85.320110
04/11/2008 09:00:00,        87.248794
04/11/2008 10:00:00,        89.363380
04/11/2008 11:00:00,        90.770376
04/11/2008 12:00:00,        89.850123
04/11/2008 13:00:00,        87.370742
04/11/2008 14:00:00,        84.587805
04/11/2008 15:00:00,        80.763183
04/11/2008 16:00:00,        78.177660
04/11/2008 17:00:00,        73.971645
04/11/2008 18:00:00,        73.017251
04/11/2008 19:00:00,        70.801251
04/11/2008 20:00:00,        69.144874
04/11/2008 21:00:00,        67.815290
04/11/2008 22:00:00,        66.932776
04/11/2008 23:00:00,        65.633856
04/12/2008 00:00:00,        65.144470
04/12/2008 01:00:00,        56.254976
04/12/2008 02:00:00,        52.029087
04/12/2008 03:00:00,        51.395648
04/12/2008 04:00:00,        50.208770
04/12/2008 05:00:00,        47.834651
04/12/2008 06:00:00,        44.365458
04/12/2008 07:00:00,        43.378962
04/12/2008 08:00:00,        40.094161
04/12/2008 09:00:00,        33.702243
04/12/2008 10:00:00,        29.668674
04/12/2008 11:00:00,        25.942879
04/12/2008 12:00:00,        23.068551
04/12/2008 13:00:00,        18.997732
04/12/2008 14:00:00,        14.459081
04/12/2008 15:00:00,        13.056634
04/12/2008 16:00:00,        13.206750
04/12/2008 17:00:00,        14.522100
04/12/2008 18:00:00,        16.922945
04/12/2008 19:00:00,        17.882491
04/12/2008 20:00:00,        19.890672
04/12/2008 21:00:00,        22.487507
04/12/2008 22:00:00,        25.613951
04/12/2008 23:00:00,        29.405923
04/13/2008 00:00:00,        34.851419
04/13/2008 01:00:00,        84.208989
04/13/2008 02:00:00,        84.783800
04/13/2008 03:00:00,        86.044894
04/13/2008 04:00:00,        86.774855
04/13/2008 05:00:00,        87.366226
04/13/2008 06:00:00,        87.936133
04/13/2008 07:00:00,        87.976013
04/13/2008 08:00:00,        87.762812
04/13/2008 09:00:00,        86.489739
04/13/2008 10:00:00,        84.875614
04/13/2008 11:00:00,        83.282276
04/13/2008 12:00:00,        81.881098
04/13/2008 13:00:00,        80.834236
04/13/2008 14:00:00,        79.639147
04/13/2008 15:00:00,        78.152081
04/13/2008 16:00:00,        77.418563
04/13/2008 17:00:00,        76.020931
04/13/2008 18:00:00,        74.308280
04/13/2008 19:00:00,        72.949008
04/13/2008 20:00:00,        72.221670
04/13/2008 21:00:00,        71.544714
04/13/2008 22:00:00,        70.944852
04/13/2008 23:00:00,        70.779984
04/14/2008 00:00:00,        70.477988
04/14/2008 01:00:00,        66.265700
04/14/2008 02:00:00,        64.623964
04/14/2008 03:00:00,        63.127280
04/14/2008 04:00:00,        61.315662
04/14/2008 05:00:00,        58.983157
04/14/2008 06:00:00,        56.900296
04/14/2008 07:00:00,        55.609942
04/14/2008 08:00:00,        54.572369
04/14/2008 09:00:00,        51.446173
04/14/2008 10:00:00,        47.085319
04/14/2008 11:00:00,        43.152266
04/14/2008 12:00:00,        39.261182
04/14/2008 13:00:00,        35.474099
04/14/2008 14:00:00,        32.154579
04/14/2008 15:00:00,        28.973290
04/14/2008 16:00:00,        26.493566
04/14/2008 17:00:00,        24.018364
04/14/2008 18:00:00,        21.800825
04/14/2008 19:00:00,        20.458676
04/14/2008 20:00:00,        19.372391
04/14/2008 21:00:00,        18.794572
04/14/2008 22:00:00,        18.355671
04/14/2008 23:00:00,        17.744028
04/15/2008 00:00:00,        17.065428
04/15/2008 01:00:00,         3.802233
04/15/2008 02:00:00,         3.484213
04/15/2008 03:00:00,         3.080127
04/15/2008 04:00:00,         2.811973
04/15/2008 05:00:00,         2.707559
04/15/2008 06:00:00,         2.814785
04/15/2008 07:00:00,         2.891403
04/15/2008 08:00:00,         3.306174
04/15/2008 09:00:00,         4.447595
04/15/2008 10:00:00,         6.382160
04/15/2008 11:00:00,         9.236676
04/15/2008 12:00:00,        13.126159
04/15/2008 13:00:00,        17.009162
04/15/2008 14:00:00,        20.890147
04/15/2008 15:00:00,        25.428577
04/15/2008 16:00:00,        29.896074
04/15/2008 17:00:00,        34.842858
04/15/2008 18:00:00,        41.273018
04/15/2008 19:00:00,        44.879249
04/15/2008 20:00:00,        48.902050
04/15/2008 21:00:00,        53.324737
04/15/2008 22:00:00,        58.405349
04/15/2008 23:00:00,        63.369230
04/16/2008 00:00:00,        67.078234
04/16/2008 01:00:00,        92.246225
04/16/2008 02:00:00,        92.802345
04/16/2008 03:00:00,        93.777516
04/16/2008 04:00:00,        94.558107
04/16/2008 05:00:00,        95.183757
04/16/2008 06:00:00,        95.635107
04/16/2008 07:00:00,        95.811134
04/16/2008 08:00:00,        95.857701
04/16/2008 09:00:00,        95.880197
04/16/2008 10:00:00,        95.899467
04/16/2008 11:00:00,        95.914227
04/16/2008 12:00:00,        95.923505
04/16/2008 13:00:00,        95.932072
04/16/2008 14:00:00,        95.939775
04/16/2008 15:00:00,        95.938867
04/16/2008 16:00:00,        95.935586
04/16/2008 17:00:00,        95.941167
04/16/2008 18:00:00,        95.953500
04/16/2008 19:00:00,        95.958121
04/16/2008 20:00:00,        95.959650
04/16/2008 21:00:00,        95.968431
04/16/2008 22:00:00,        95.979543
04/16/2008 23:00:00,        95.982674
04/17/2008 00:00:00,        95.981950
04/17/2008 01:00:00,        95.995857
04/17/2008 02:00:00,        95.984811
04/17/2008 03:00:00,        95.932733
04/17/2008 04:00:00,        95.796700
04/17/2008 05:00:00,        95.484615
04/17/2008 06:00:00,        94.796693
04/17/2008 07:00:00,        93.197821
04/17/2008 08:00:00,        90.790906
04/17/2008 09:00:00,        87.067779
04/17/2008 10:00:00,        82.946805
04/17/2008 11:00:00,        78.019458
04/17/2008 12:00:00,        72.220469
04/17/2008 13:00:00,        65.989512
04/17/2008 14:00:00,        59.316471
04/17/2008 15:00:00,        52.112316
04/17/2008 16:00:00,        44.809279
04/17/2008 17:00:00,        38.037713
04/17/2008 18:00:00,        31.282575
04/17/2008 19:00:00,        25.598550
04/17/2008 20:00:00,        21.160176
04/17/2008 21:00:00,        16.856181
04/17/2008 22:00:00,        14.500886
04/17/2008 23:00:00,        12.240014
04/18/2008 00:00:00,        11.160636
04/18/2008 01:00:00,         8.783455
04/18/2008 02:00:00,        10.660155
04/18/2008 03:00:00,        11.117769
04/18/2008 04:00:00,        11.141324
04/18/2008 05:00:00,        12.798223
04/18/2008 06:00:00,        13.850221
04/18/2008 07:00:00,        14.078450
04/18/2008 08:00:00,        13.683952
04/18/2008 09:00:00,        12.875051
04/18/2008 10:00:00,        12.989040
04/18/2008 11:00:00,        12.847326
04/18/2008 12:00:00,        11.497016
04/18/2008 13:00:00,        10.292415
04/18/2008 14:00:00,         9.892007
04/18/2008 15:00:00,         9.068155
04/18/2008 16:00:00,         7.773892
04/18/2008 17:00:00,         7.451772
04/18/2008 18:00:00,         7.135434
04/18/2008 19:00:00,         7.041449
04/18/2008 20:00:00,         7.350997
04/18/2008 21:00:00,         7.867499
04/18/2008 22:00:00,         8.437786
04/18/2008 23:00:00,        10.138605
04/19/2008 00:00:00,        10.764553
04/19/2008 01:00:00,        45.069081
04/19/2008 02:00:00,        44.447867
04/19/2008 03:00:00,        47.089628
04/19/2008 04:00:00,        47.302505
04/19/2008 05:00:00,        46.817819
04/19/2008 06:00:00,        44.210420
04/19/2008 07:00:00,        41.377637
04/19/2008 08:00:00,        37.524075
04/19/2008 09:00:00,        34.905942
04/19/2008 10:00:00,        30.929688
04/19/2008 11:00:00,        26.481012
04/19/2008 12:00:00,        23.591518
04/19/2008 13:00:00,        22.245173
04/19/2008 14:00:00,        21.520315
04/19/2008 15:00:00,        21.777013
04/19/2008 16:00:00,        20.000953
04/19/2008 17:00:00,        18.707485
04/19/2008 18:00:00,        17.305307
04/19/2008 19:00:00,        17.015848
04/19/2008 20:00:00,        16.865087
04/19/2008 21:00:00,        17.827315
04/19/2008 22:00:00,        19.416157
04/19/2008 23:00:00,        20.807302
04/20/2008 00:00:00,        22.271833
04/20/2008 01:00:00,        68.655134
04/20/2008 02:00:00,        66.719373
04/20/2008 03:00:00,        63.687474
04/20/2008 04:00:00,        63.000565
04/20/2008 05:00:00,        59.994290
04/20/2008 06:00:00,        54.583179
04/20/2008 07:00:00,        51.075093
04/20/2008 08:00:00,        47.298352
04/20/2008 09:00:00,        42.608883
04/20/2008 10:00:00,        37.463354
04/20/2008 11:00:00,        33.912384
04/20/2008 12:00:00,        26.503967
04/20/2008 13:00:00,        21.246951
04/20/2008 14:00:00,        16.037898
04/20/2008 15:00:00,        11.124662
04/20/2008 16:00:00,         7.985396
04/20/2008 17:00:00,         4.218026
04/20/2008 18:00:00,         5.550252
04/20/2008 19:00:00,         4.728533
04/20/2008 20:00:00,         5.479923
04/20/2008 21:00:00,         4.631375
04/20/2008 22:00:00,         4.873167
04/20/2008 23:00:00,         5.461279
04/21/2008 00:00:00,         6.203205
04/21/2008 01:00:00,        57.524012
04/21/2008 02:00:00,        58.535132
04/21/2008 03:00:00,        59.993068
04/21/2008 04:00:00,        61.394346
04/21/2008 05:00:00,        62.785353
04/21/2008 06:00:00,        63.307143
04/21/2008 07:00:00,        63.200332
04/21/2008 08:00:00,        64.774375
04/21/2008 09:00:00,        67.052670
04/21/2008 10:00:00,        66.792427
04/21/2008 11:00:00,        64.315518
04/21/2008 12:00:00,        61.247760
04/21/2008 13:00:00,        57.094616
04/21/2008 14:00:00,        51.504646
04/21/2008 15:00:00,        45.965761
04/21/2008 16:00:00,        40.625293
04/21/2008 17:00:00,        35.033470
04/21/2008 18:00:00,        29.423751
04/21/2008 19:00:00,        26.162190
04/21/2008 20:00:00,        22.899575
04/21/2008 21:00:00,        20.217943
04/21/2008 22:00:00,        17.551121
04/21/2008 23:00:00,        14.625998
04/22/2008 00:00:00,        12.056503
04/22/2008 01:00:00,        58.360538
04/22/2008 02:00:00,        60.069218
04/22/2008 03:00:00,        62.265925
04/22/2008 04:00:00,        64.208821
04/22/2008 05:00:00,        66.131550
04/22/2008 06:00:00,        66.515081
04/22/2008 07:00:00,        63.709116
04/22/2008 08:00:00,        64.268753
04/22/2008 09:00:00,        60.756587
04/22/2008 10:00:00,        56.455079
04/22/2008 11:00:00,        52.327653
04/22/2008 12:00:00,        46.597957
04/22/2008 13:00:00,        42.367137
04/22/2008 14:00:00,        37.956198
04/22/2008 15:00:00,        32.872559
04/22/2008 16:00:00,        28.501388
04/22/2008 17:00:00,        24.156323
04/22/2008 18:00:00,        21.062835
04/22/2008 19:00:00,        19.853616
04/22/2008 20:00:00,        19.622190
04/22/2008 21:00:00,        20.878878
04/22/2008 22:00:00,        20.336238
04/22/2008 23:00:00,        23.355829
04/23/2008 00:00:00,        24.718506
04/23/2008 01:00:00,        78.547603
04/23/2008 02:00:00,        78.742074
04/23/2008 03:00:00,        78.433006
04/23/2008 04:00:00,        78.206160
04/23/2008 05:00:00,        74.049168
04/23/2008 06:00:00,        71.931122
04/23/2008 07:00:00,        67.515919
04/23/2008 08:00:00,        60.248101
04/23/2008 09:00:00,        57.947076
04/23/2008 10:00:00,        48.993181
04/23/2008 11:00:00,        43.200885
04/23/2008 12:00:00,        38.744384
04/23/2008 13:00:00,        30.998555
04/23/2008 14:00:00,        26.790620
04/23/2008 15:00:00,        19.577354
04/23/2008 16:00:00,        14.844494
04/23/2008 17:00:00,        10.233831
04/23/2008 18:00:00,         8.689735
04/23/2008 19:00:00,         9.076888
04/23/2008 20:00:00,         8.952984
04/23/2008 21:00:00,         8.639827
04/23/2008 22:00:00,         8.585072
04/23/2008 23:00:00,         8.166029
04/24/2008 00:00:00,         7.904063
04/24/2008 01:00:00,         3.640333
04/24/2008 02:00:00,         5.204506
04/24/2008 03:00:00,         6.702592
04/24/2008 04:00:00,         3.094203
04/24/2008 05:00:00,         2.541834
04/24/2008 06:00:00,         2.446639
04/24/2008 07:00:00,         2.257526
04/24/2008 08:00:00,         1.235161
04/24/2008 09:00:00,         0.298632
04/24/2008 10:00:00,         0.261955
04/24/2008 11:00:00,         0.265530
04/24/2008 12:00:00,         0.284630
04/24/2008 13:00:00,         0.331993
04/24/2008 14:00:00,         0.545308
04/24/2008 15:00:00,         0.975959
04/24/2008 16:00:00,         0.504272
04/24/2008 17:00:00,         0.439940
04/24/2008 18:00:00,         0.470870
04/24/2008 19:00:00,         0.490776
04/24/2008 20:00:00,         0.510941
04/24/2008 21:00:00,         0.714925
04/24/2008 22:00:00,         0.885988
04/24/2008 23:00:00,         1.991185
04/25/2008 00:00:00,         3.341381
04/25/2008 01:00:00,        58.790292
04/25/2008 02:00:00,        62.190281
04/25/2008 03:00:00,        65.549450
04/25/2008 04:00:00,        68.577585
04/25/2008 05:00:00,        71.350006
04/25/2008 06:00:00,        76.369588
04/25/2008 07:00:00,        75.486444
04/25/2008 08:00:00,        78.083058
04/25/2008 09:00:00,        80.955980
04/25/2008 10:00:00,        80.316331
04/25/2008 11:00:00,        80.665309
04/25/2008 12:00:00,        78.952341
04/25/2008 13:00:00,        75.908876
04/25/2008 14:00:00,        73.681986
04/25/2008 15:00:00,        70.304700
04/25/2008 16:00:00,        67.756257
04/25/2008 17:00:00,        64.977504
04/25/2008 18:00:00,        63.111872
04/25/2008 19:00:00,        60.192045
04/25/2008 20:00:00,        64.365167
04/25/2008 21:00:00,        65.832492
04/25/2008 22:00:00,        66.296338
04/25/2008 23:00:00,        67.424294
04/26/2008 00:00:00,        64.470064
04/26/2008 01:00:00,        95.229662
04/26/2008 02:00:00,        94.151370
04/26/2008 03:00:00,        92.322875
04/26/2008 04:00:00,        92.627368
04/26/2008 05:00:00,        92.491895
04/26/2008 06:00:00,        92.213807
04/26/2008 07:00:00,        92.151592
04/26/2008 08:00:00,        91.387193
04/26/2008 09:00:00,        88.682733
04/26/2008 10:00:00,        84.542979
04/26/2008 11:00:00,        81.474728
04/26/2008 12:00:00,        80.529265
04/26/2008 13:00:00,        80.074854
04/26/2008 14:00:00,        78.785634
04/26/2008 15:00:00,        78.194525
04/26/2008 16:00:00,        77.171515
04/26/2008 17:00:00,        74.536574
04/26/2008 18:00:00,        74.336176
04/26/2008 19:00:00,        73.318723
04/26/2008 20:00:00,        70.963255
04/26/2008 21:00:00,        70.741282
04/26/2008 22:00:00,        70.522541
04/26/2008 23:00:00,        73.406582
04/27/2008 00:00:00,        77.586208
04/27/2008 01:00:00,        85.184175
04/27/2008 02:00:00,        86.253062
04/27/2008 03:00:00,        87.230762
04/27/2008 04:00:00,        87.965827
04/27/2008 05:00:00,        88.131138
04/27/2008 06:00:00,        88.290725
04/27/2008 07:00:00,        88.139351
04/27/2008 08:00:00,        86.692845
04/27/2008 09:00:00,        85.496831
04/27/2008 10:00:00,        82.445558
04/27/2008 11:00:00,        78.751354
04/27/2008 12:00:00,        74.672695
04/27/2008 13:00:00,        69.368822
04/27/2008 14:00:00,        62.419107
04/27/2008 15:00:00,        54.579522
04/27/2008 16:00:00,        47.172411
04/27/2008 17:00:00,        40.679942
04/27/2008 18:00:00,        34.179215
04/27/2008 19:00:00,        30.240073
04/27/2008 20:00:00,        25.941203
04/27/2008 21:00:00,        22.298771
04/27/2008 22:00:00,        17.760944
04/27/2008 23:00:00,        14.462655
04/28/2008 00:00:00,        11.227441
04/28/2008 01:00:00,        12.287635
04/28/2008 02:00:00,        13.962871
04/28/2008 03:00:00,        15.133801
04/28/2008 04:00:00,        16.089370
04/28/2008 05:00:00,        17.296223
04/28/2008 06:00:00,        18.853261
04/28/2008 07:00:00,        20.142366
04/28/2008 08:00:00,        22.901605
04/28/2008 09:00:00,        25.016971
04/28/2008 10:00:00,        27.922101
04/28/2008 11:00:00,        31.105561
04/28/2008 12:00:00,        33.845849
04/28/2008 13:00:00,        34.314340
04/28/2008 14:00:00,        34.576363
04/28/2008 15:00:00,        34.727817
04/28/2008 16:00:00,        34.102629
04/28/2008 17:00:00,        33.474637
04/28/2008 18:00:00,        32.336457
04/28/2008 19:00:00,        33.078441
04/28/2008 20:00:00,        34.261124
04/28/2008 21:00:00,        34.635653
04/28/2008 22:00:00,        34.042924
04/28/2008 23:00:00,        32.771589
04/29/2008 00:00:00,        29.620371
04/29/2008 01:00:00,        29.119822
04/29/2008 02:00:00,        26.592792
04/29/2008 03:00:00,        25.471609
04/29/2008 04:00:00,        23.244864
04/29/2008 05:00:00,        22.601151
04/29/2008 06:00:00,        21.537587
04/29/2008 07:00:00,        20.515756
04/29/2008 08:00:00,        19.222576
04/29/2008 09:00:00,        18.951474
04/29/2008 10:00:00,        17.846290
04/29/2008 11:00:00,        15.497989
04/29/2008 12:00:00,        13.779656
04/29/2008 13:00:00,        13.668010
04/29/2008 14:00:00,        13.539655
04/29/2008 15:00:00,        13.687663
04/29/2008 16:00:00,        15.068388
04/29/2008 17:00:00,        16.610809
04/29/2008 18:00:00,        18.475158
04/29/2008 19:00:00,        19.244438
04/29/2008 20:00:00,        20.193018
04/29/2008 21:00:00,        20.987921
04/29/2008 22:00:00,        21.239825
04/29/2008 23:00:00,        21.308580
04/30/2008 00:00:00,        20.747338
04/30/2008 01:00:00,        22.199737
04/30/2008 02:00:00,        21.600462
04/30/2008 03:00:00,        21.284113
04/30/2008 04:00:00,        21.708112
04/30/2008 05:00:00,        22.644452
04/30/2008 06:00:00,        21.854539
04/30/2008 07:00:00,        21.615293
04/30/2008 08:00:00,        21.953808
04/30/2008 09:00:00,        23.277514
04/30/2008 10:00:00,        24.749990
04/30/2008 11:00:00,        28.676516
04/30/2008 12:00:00,        32.554254
04/30/2008 13:00:00,        35.753417
04/30/2008 14:00:00,        37.471403
04/30/2008 15:00:00,        38.977032
04/30/2008 16:00:00,        40.076350
04/30/2008 17:00:00,        40.302106
04/30/2008 18:00:00,        42.194931
04/30/2008 19:00:00,        45.191707
04/30/2008 20:00:00,        46.126927
04/30/2008 21:00:00,        48.218300
04/30/2008 22:00:00,        48.919365
04/30/2008 23:00:00,        47.976626
05/01/2008 00:00:00,        48.843090
05/01/2008 01:00:00,        50.797639
05/01/2008 02:00:00,        51.961086
05/01/2008 03:00:00,        53.117730
05/01/2008 04:00:00,        54.423831
05/01/2008 05:00:00,        57.227207
05/01/2008 06:00:00,        58.137667
05/01/2008 07:00:00,        59.203993
05/01/2008 08:00:00,        59.186114
05/01/2008 09:00:00,        59.723213
05/01/2008 10:00:00,        59.735997
05/01/2008 11:00:00,        57.209997
05/01/2008 12:00:00,        55.038906
05/01/2008 13:00:00,        54.240529
05/01/2008 14:00:00,        53.549053
05/01/2008 15:00:00,        52.412824
05/01/2008 16:00:00,        49.409070
05/01/2008 17:00:00,        46.602482
05/01/2008 18:00:00,        45.529743
05/01/2008 19:00:00,        44.851557
05/01/2008 20:00:00,        46.335419
05/01/2008 21:00:00,        48.561870
05/01/2008 22:00:00,        51.294035
05/01/2008 23:00:00,        54.358511
05/02/2008 00:00:00,        57.507802
05/02/2008 01:00:00,        82.859026
05/02/2008 02:00:00,        84.009757
05/02/2008 03:00:00,        85.965478
05/02/2008 04:00:00,        87.046289
05/02/2008 05:00:00,        88.595592
05/02/2008 06:00:00,        89.471391
05/02/2008 07:00:00,        89.787616
05/02/2008 08:00:00,        89.791389
05/02/2008 09:00:00,        89.231216
05/02/2008 10:00:00,        87.983230
05/02/2008 11:00:00,        86.198558
05/02/2008 12:00:00,        83.997008
05/02/2008 13:00:00,        81.070813
05/02/2008 14:00:00,        77.991277
05/02/2008 15:00:00,        74.569980
05/02/2008 16:00:00,        71.303296
05/02/2008 17:00:00,        69.687919
05/02/2008 18:00:00,        68.581832
05/02/2008 19:00:00,        67.332286
05/02/2008 20:00:00,        66.511275
05/02/2008 21:00:00,        66.018209
05/02/2008 22:00:00,        66.030590
05/02/2008 23:00:00,        66.021524
05/03/2008 00:00:00,        65.638144
05/03/2008 01:00:00,        90.876815
05/03/2008 02:00:00,        91.407825
05/03/2008 03:00:00,        92.103300
05/03/2008 04:00:00,        92.492138
05/03/2008 05:00:00,        92.633998
05/03/2008 06:00:00,        92.709501
05/03/2008 07:00:00,        92.330601
05/03/2008 08:00:00,        91.316265
05/03/2008 09:00:00,        90.801838
05/03/2008 10:00:00,        88.195702
05/03/2008 11:00:00,        84.290158
05/03/2008 12:00:00,        81.600231
05/03/2008 13:00:00,        80.510377
05/03/2008 14:00:00,        74.282779
05/03/2008 15:00:00,        67.757720
05/03/2008 16:00:00,        63.155761
05/03/2008 17:00:00,        59.169983
05/03/2008 18:00:00,        52.489639
05/03/2008 19:00:00,        49.246044
05/03/2008 20:00:00,        49.274891
05/03/2008 21:00:00,        43.387504
05/03/2008 22:00:00,        38.872623
05/03/2008 23:00:00,        39.251732
05/04/2008 00:00:00,        35.073225
05/04/2008 01:00:00,        33.830670
05/04/2008 02:00:00,        39.446774
05/04/2008 03:00:00,        37.578128
05/04/2008 04:00:00,        42.617074
05/04/2008 05:00:00,        43.301208
05/04/2008 06:00:00,        46.540152
05/04/2008 07:00:00,        47.183244
05/04/2008 08:00:00,        50.335629
05/04/2008 09:00:00,        53.782771
05/04/2008 10:00:00,        54.073514
05/04/2008 11:00:00,        53.224665
05/04/2008 12:00:00,        49.308090
05/04/2008 13:00:00,        45.580000
05/04/2008 14:00:00,        42.131520
05/04/2008 15:00:00,        39.232925
05/04/2008 16:00:00,        36.223870
05/04/2008 17:00:00,        32.890692
05/04/2008 18:00:00,        29.855158
05/04/2008 19:00:00,        27.764013
05/04/2008 20:00:00,        25.370527
05/04/2008 21:00:00,        23.412701
05/04/2008 22:00:00,        21.955105
05/04/2008 23:00:00,        21.420704
05/05/2008 00:00:00,        21.656693
05/05/2008 01:00:00,        66.369086
05/05/2008 02:00:00,        69.386110
05/05/2008 03:00:00,        73.232544
05/05/2008 04:00:00,        75.937545
05/05/2008 05:00:00,        78.811358
05/05/2008 06:00:00,        80.391977
05/05/2008 07:00:00,        81.017872
05/05/2008 08:00:00,        84.436618
05/05/2008 09:00:00,        84.793989
05/05/2008 10:00:00,        83.721929
05/05/2008 11:00:00,        81.010662
05/05/2008 12:00:00,        77.093673
05/05/2008 13:00:00,        72.010850
05/05/2008 14:00:00,        66.402130
05/05/2008 15:00:00,        60.056344
05/05/2008 16:00:00,        53.052988
05/05/2008 17:00:00,        46.543561
05/05/2008 18:00:00,        39.876251
05/05/2008 19:00:00,        35.370595
05/05/2008 20:00:00,        31.849519
05/05/2008 21:00:00,        27.142207
05/05/2008 22:00:00,        21.732284
05/05/2008 23:00:00,        16.118278
05/06/2008 00:00:00,        11.561531
05/06/2008 01:00:00,         9.988217
05/06/2008 02:00:00,        10.370837
05/06/2008 03:00:00,         9.601324
05/06/2008 04:00:00,        10.301483
05/06/2008 05:00:00,         9.257179
05/06/2008 06:00:00,         8.581291
05/06/2008 07:00:00,         7.617965
05/06/2008 08:00:00,         6.185322
05/06/2008 09:00:00,         6.775222
05/06/2008 10:00:00,         7.612795
05/06/2008 11:00:00,         8.261286
05/06/2008 12:00:00,         9.639062
05/06/2008 13:00:00,        11.221644
05/06/2008 14:00:00,        11.813496
05/06/2008 15:00:00,        11.882352
05/06/2008 16:00:00,        11.318511
05/06/2008 17:00:00,        10.577732
05/06/2008 18:00:00,         9.755519
05/06/2008 19:00:00,        10.691203
05/06/2008 20:00:00,        11.763847
05/06/2008 21:00:00,        12.936865
05/06/2008 22:00:00,        12.023242
05/06/2008 23:00:00,        11.197694
05/07/2008 00:00:00,        10.364714
05/07/2008 01:00:00,        44.515164
05/07/2008 02:00:00,        48.811433
05/07/2008 03:00:00,        53.302621
05/07/2008 04:00:00,        56.995367
05/07/2008 05:00:00,        60.505121
05/07/2008 06:00:00,        63.583147
05/07/2008 07:00:00,        65.239885
05/07/2008 08:00:00,        72.846791
05/07/2008 09:00:00,        78.749758
05/07/2008 10:00:00,        81.372225
05/07/2008 11:00:00,        81.776992
05/07/2008 12:00:00,        83.144516
05/07/2008 13:00:00,        83.251546
05/07/2008 14:00:00,        82.151225
05/07/2008 15:00:00,        81.440689
05/07/2008 16:00:00,        81.121522
05/07/2008 17:00:00,        80.866270
05/07/2008 18:00:00,        80.093848
05/07/2008 19:00:00,        78.763017
05/07/2008 20:00:00,        75.947989
05/07/2008 21:00:00,        73.849860
05/07/2008 22:00:00,        72.012561
05/07/2008 23:00:00,        75.923230
05/08/2008 00:00:00,        76.512266
05/08/2008 01:00:00,        72.170569
05/08/2008 02:00:00,        66.278264
05/08/2008 03:00:00,        60.397605
05/08/2008 04:00:00,        56.829800
05/08/2008 05:00:00,        53.262324
05/08/2008 06:00:00,        51.738839
05/08/2008 07:00:00,        50.723821
05/08/2008 08:00:00,        46.953839
05/08/2008 09:00:00,        42.480985
05/08/2008 10:00:00,        38.166898
05/08/2008 11:00:00,        33.925986
05/08/2008 12:00:00,        28.477563
05/08/2008 13:00:00,        22.455788
05/08/2008 14:00:00,        17.196887
05/08/2008 15:00:00,        14.633222
05/08/2008 16:00:00,        12.991055
05/08/2008 17:00:00,        12.099482
05/08/2008 18:00:00,        10.887228
05/08/2008 19:00:00,         9.223923
05/08/2008 20:00:00,         8.230106
05/08/2008 21:00:00,         7.796980
05/08/2008 22:00:00,         8.069659
05/08/2008 23:00:00,         8.208902
05/09/2008 00:00:00,         8.455905
05/09/2008 01:00:00,         9.270130
05/09/2008 02:00:00,         9.794105
05/09/2008 03:00:00,        12.676229
05/09/2008 04:00:00,        16.387171
05/09/2008 05:00:00,        20.600320
05/09/2008 06:00:00,        21.943808
05/09/2008 07:00:00,        21.553679
05/09/2008 08:00:00,        21.836849
05/09/2008 09:00:00,        21.936417
05/09/2008 10:00:00,        22.074325
05/09/2008 11:00:00,        23.115691
05/09/2008 12:00:00,        23.964474
05/09/2008 13:00:00,        26.218690
05/09/2008 14:00:00,        28.391781
05/09/2008 15:00:00,        29.282308
05/09/2008 16:00:00,        29.223686
05/09/2008 17:00:00,        28.364867
05/09/2008 18:00:00,        26.607990
05/09/2008 19:00:00,        26.675441
05/09/2008 20:00:00,        27.686064
05/09/2008 21:00:00,        28.478233
05/09/2008 22:00:00,        29.777002
05/09/2008 23:00:00,        31.839238
05/10/2008 00:00:00,        33.826962
05/10/2008 01:00:00,        28.060257
05/10/2008 02:00:00,        27.851344
05/10/2008 03:00:00,        25.923555
05/10/2008 04:00:00,        24.038512
05/10/2008 05:00:00,        22.264617
05/10/2008 06:00:00,        21.375588
05/10/2008 07:00:00,        20.162952
05/10/2008 08:00:00,        18.652101
05/10/2008 09:00:00,        17.458849
05/10/2008 10:00:00,        16.617741
05/10/2008 11:00:00,        15.122747
05/10/2008 12:00:00,        11.904018
05/10/2008 13:00:00,         8.787392
05/10/2008 14:00:00,         7.011042
05/10/2008 15:00:00,         5.016451
05/10/2008 16:00:00,         3.957380
05/10/2008 17:00:00,         3.257068
05/10/2008 18:00:00,         2.880080
05/10/2008 19:00:00,         2.098449
05/10/2008 20:00:00,         1.680516
05/10/2008 21:00:00,         1.416162
05/10/2008 22:00:00,         1.201610
05/10/2008 23:00:00,         1.156529
05/11/2008 00:00:00,         1.189700
05/11/2008 01:00:00,         2.409845
05/11/2008 02:00:00,         5.710422
05/11/2008 03:00:00,         8.829713
05/11/2008 04:00:00,        15.230246
05/11/2008 05:00:00,        21.268780
05/11/2008 06:00:00,        25.407779
05/11/2008 07:00:00,        27.847482
05/11/2008 08:00:00,        30.979870
05/11/2008 09:00:00,        37.250081
05/11/2008 10:00:00,        43.188905
05/11/2008 11:00:00,        48.588085
05/11/2008 12:00:00,        54.040143
05/11/2008 13:00:00,        60.516636
05/11/2008 14:00:00,        66.927573
05/11/2008 15:00:00,        69.732705
05/11/2008 16:00:00,        71.887217
05/11/2008 17:00:00,        72.398314
05/11/2008 18:00:00,        72.677113
05/11/2008 19:00:00,        72.966835
05/11/2008 20:00:00,        74.268611
05/11/2008 21:00:00,        76.487517
05/11/2008 22:00:00,        78.241020
05/11/2008 23:00:00,        77.597991
05/12/2008 00:00:00,        76.890718
05/12/2008 01:00:00,        50.321815
05/12/2008 02:00:00,        52.032155
05/12/2008 03:00:00,        50.500919
05/12/2008 04:00:00,        48.768232
05/12/2008 05:00:00,        45.127112
05/12/2008 06:00:00,        42.071349
05/12/2008 07:00:00,        39.764234
05/12/2008 08:00:00,        37.923240
05/12/2008 09:00:00,        36.914761
05/12/2008 10:00:00,        34.264270
05/12/2008 11:00:00,        31.648500
05/12/2008 12:00:00,        30.507993
05/12/2008 13:00:00,        30.327436
05/12/2008 14:00:00,        29.552444
05/12/2008 15:00:00,        27.246258
05/12/2008 16:00:00,        25.319471
05/12/2008 17:00:00,        24.070754
05/12/2008 18:00:00,        24.048894
05/12/2008 19:00:00,        24.581319
05/12/2008 20:00:00,        25.221337
05/12/2008 21:00:00,        25.506964
05/12/2008 22:00:00,        25.629242
05/12/2008 23:00:00,        25.328116
05/13/2008 00:00:00,        26.187002
05/13/2008 01:00:00,         0.667641
05/13/2008 02:00:00,         0.688397
05/13/2008 03:00:00,         0.671274
05/13/2008 04:00:00,         0.681657
05/13/2008 05:00:00,         0.822110
05/13/2008 06:00:00,         0.761185
05/13/2008 07:00:00,         0.791339
05/13/2008 08:00:00,         1.049951
05/13/2008 09:00:00,         0.783891
05/13/2008 10:00:00,         0.877510
05/13/2008 11:00:00,         1.418880
05/13/2008 12:00:00,         2.392727
05/13/2008 13:00:00,         3.785346
05/13/2008 14:00:00,         4.908919
05/13/2008 15:00:00,         5.997672
05/13/2008 16:00:00,         7.009239
05/13/2008 17:00:00,         7.919767
05/13/2008 18:00:00,         8.946700
05/13/2008 19:00:00,        10.192824
05/13/2008 20:00:00,        12.638749
05/13/2008 21:00:00,        15.252880
05/13/2008 22:00:00,        16.686873
05/13/2008 23:00:00,        18.250882
05/14/2008 00:00:00,        19.963140
05/14/2008 01:00:00,        70.313305
05/14/2008 02:00:00,        72.692230
05/14/2008 03:00:00,        75.143602
05/14/2008 04:00:00,        77.125067
05/14/2008 05:00:00,        80.017697
05/14/2008 06:00:00,        82.081363
05/14/2008 07:00:00,        83.057862
05/14/2008 08:00:00,        88.289438
05/14/2008 09:00:00,        92.651950
05/14/2008 10:00:00,        92.312232
05/14/2008 11:00:00,        92.380355
05/14/2008 12:00:00,        92.519140
05/14/2008 13:00:00,        92.308650
05/14/2008 14:00:00,        91.679047
05/14/2008 15:00:00,        90.199645
05/14/2008 16:00:00,        88.820250
05/14/2008 17:00:00,        81.526824
05/14/2008 18:00:00,        78.754036
05/14/2008 19:00:00,        77.520473
05/14/2008 20:00:00,        76.577152
05/14/2008 21:00:00,        75.602278
05/14/2008 22:00:00,        73.343887
05/14/2008 23:00:00,        69.525407
05/15/2008 00:00:00,        66.146625
05/15/2008 01:00:00,        39.674824
05/15/2008 02:00:00,        37.124691
05/15/2008 03:00:00,        34.010695
05/15/2008 04:00:00,        34.199498
05/15/2008 05:00:00,        32.436354
05/15/2008 06:00:00,        30.419998
05/15/2008 07:00:00,        28.549690
05/15/2008 08:00:00,        25.747982
05/15/2008 09:00:00,        20.450269
05/15/2008 10:00:00,        16.933280
05/15/2008 11:00:00,        14.275976
05/15/2008 12:00:00,        12.344308
05/15/2008 13:00:00,        11.219679
05/15/2008 14:00:00,         9.487328
05/15/2008 15:00:00,         8.357519
05/15/2008 16:00:00,         7.238115
05/15/2008 17:00:00,         5.991151
05/15/2008 18:00:00,         5.262936
05/15/2008 19:00:00,         4.629148
05/15/2008 20:00:00,         4.107785
05/15/2008 21:00:00,         3.794569
05/15/2008 22:00:00,         3.391422
05/15/2008 23:00:00,         3.147187
05/16/2008 00:00:00,         2.842905
05/16/2008 01:00:00,         2.478176
05/16/2008 02:00:00,         2.261639
05/16/2008 03:00:00,         1.989615
05/16/2008 04:00:00,         1.950962
05/16/2008 05:00:00,         1.767076
05/16/2008 06:00:00,         1.679570
05/16/2008 07:00:00,         1.839345
05/16/2008 08:00:00,         1.476919
05/16/2008 09:00:00,         1.178264
05/16/2008 10:00:00,         1.214413
05/16/2008 11:00:00,         1.722935
05/16/2008 12:00:00,         2.978078
05/16/2008 13:00:00,         4.881995
05/16/2008 14:00:00,         6.811814
05/16/2008 15:00:00,         9.169849
05/16/2008 16:00:00,        11.613544
05/16/2008 17:00:00,        13.924014
05/16/2008 18:00:00,        18.522353
05/16/2008 19:00:00,        20.169533
05/16/2008 20:00:00,        22.516724
05/16/2008 21:00:00,        25.822836
05/16/2008 22:00:00,        29.138920
05/16/2008 23:00:00,        32.878613
05/17/2008 00:00:00,        36.966331
05/17/2008 01:00:00,        61.748179
05/17/2008 02:00:00,        64.916371
05/17/2008 03:00:00,        68.364182
05/17/2008 04:00:00,        73.710308
05/17/2008 05:00:00,        74.865067
05/17/2008 06:00:00,        76.128788
05/17/2008 07:00:00,        78.297802
05/17/2008 08:00:00,        81.069358
05/17/2008 09:00:00,        83.220317
05/17/2008 10:00:00,        80.004476
05/17/2008 11:00:00,        80.010672
05/17/2008 12:00:00,        78.485021
05/17/2008 13:00:00,        74.540513
05/17/2008 14:00:00,        70.996257
05/17/2008 15:00:00,        66.299037
05/17/2008 16:00:00,        66.869378
05/17/2008 17:00:00,        65.659175
05/17/2008 18:00:00,        63.682917
05/17/2008 19:00:00,        61.953667
05/17/2008 20:00:00,        61.704228
05/17/2008 21:00:00,        61.031189
05/17/2008 22:00:00,        61.671099
05/17/2008 23:00:00,        58.715103
05/18/2008 00:00:00,        54.687534
05/18/2008 01:00:00,        17.441925
05/18/2008 02:00:00,        16.140690
05/18/2008 03:00:00,        14.617387
05/18/2008 04:00:00,        12.856975
05/18/2008 05:00:00,        12.168908
05/18/2008 06:00:00,        13.518445
05/18/2008 07:00:00,        12.735216
05/18/2008 08:00:00,        13.855797
05/18/2008 09:00:00,        13.499108
05/18/2008 10:00:00,        17.479758
05/18/2008 11:00:00,        17.412539
05/18/2008 12:00:00,        17.425180
05/18/2008 13:00:00,        20.897333
05/18/2008 14:00:00,        22.814492
05/18/2008 15:00:00,        24.052078
05/18/2008 16:00:00,        26.760699
05/18/2008 17:00:00,        29.725344
05/18/2008 18:00:00,        33.619837
05/18/2008 19:00:00,        36.472735
05/18/2008 20:00:00,        41.311351
05/18/2008 21:00:00,        44.295555
05/18/2008 22:00:00,        44.836790
05/18/2008 23:00:00,        45.589686
05/19/2008 00:00:00,        47.043783
05/19/2008 01:00:00,        90.684885
05/19/2008 02:00:00,        88.342463
05/19/2008 03:00:00,        87.251485
05/19/2008 04:00:00,        85.593323
05/19/2008 05:00:00,        84.206529
05/19/2008 06:00:00,        81.928543
05/19/2008 07:00:00,        80.695251
05/19/2008 08:00:00,        77.986116
05/19/2008 09:00:00,        75.346885
05/19/2008 10:00:00,        72.727999
05/19/2008 11:00:00,        70.788812
05/19/2008 12:00:00,        67.305441
05/19/2008 13:00:00,        65.059103
05/19/2008 14:00:00,        59.964944
05/19/2008 15:00:00,        54.888124
05/19/2008 16:00:00,        49.760699
05/19/2008 17:00:00,        44.766594
05/19/2008 18:00:00,        39.729939
05/19/2008 19:00:00,        37.584794
05/19/2008 20:00:00,        34.363463
05/19/2008 21:00:00,        31.512965
05/19/2008 22:00:00,        28.699810
05/19/2008 23:00:00,        24.729537
05/20/2008 00:00:00,        19.241235
05/20/2008 01:00:00,         7.687002
05/20/2008 02:00:00,        11.261196
05/20/2008 03:00:00,        13.444424
05/20/2008 04:00:00,        14.317231
05/20/2008 05:00:00,        14.673233
05/20/2008 06:00:00,        14.845888
05/20/2008 07:00:00,        15.062134
05/20/2008 08:00:00,        16.479666
05/20/2008 09:00:00,        17.655059
05/20/2008 10:00:00,        19.064441
05/20/2008 11:00:00,        20.058465
05/20/2008 12:00:00,        21.123077
05/20/2008 13:00:00,        23.300311
05/20/2008 14:00:00,        23.192441
05/20/2008 15:00:00,        20.341934
05/20/2008 16:00:00,        18.073205
05/20/2008 17:00:00,        17.396213
05/20/2008 18:00:00,        17.555547
05/20/2008 19:00:00,        18.296650
05/20/2008 20:00:00,        19.542859
05/20/2008 21:00:00,        19.713434
05/20/2008 22:00:00,        20.416445
05/20/2008 23:00:00,        21.020882
05/21/2008 00:00:00,        22.352284
05/21/2008 01:00:00,        44.746890
05/21/2008 02:00:00,        46.912295
05/21/2008 03:00:00,        49.135336
05/21/2008 04:00:00,        48.592239
05/21/2008 05:00:00,        48.434570
05/21/2008 06:00:00,        48.046258
05/21/2008 07:00:00,        48.180481
05/21/2008 08:00:00,        49.271602
05/21/2008 09:00:00,        48.858405
05/21/2008 10:00:00,        49.885438
05/21/2008 11:00:00,        51.058589
05/21/2008 12:00:00,        50.100448
05/21/2008 13:00:00,        48.696667
05/21/2008 14:00:00,        47.132411
05/21/2008 15:00:00,        43.407736
05/21/2008 16:00:00,        40.091816
05/21/2008 17:00:00,        38.548930
05/21/2008 18:00:00,        40.218864
05/21/2008 19:00:00,        40.310731
05/21/2008 20:00:00,        41.980670
05/21/2008 21:00:00,        42.609878
05/21/2008 22:00:00,        42.708690
05/21/2008 23:00:00,        43.176840
05/22/2008 00:00:00,        42.155731
05/22/2008 01:00:00,        75.897788
05/22/2008 02:00:00,        71.742219
05/22/2008 03:00:00,        69.056675
05/22/2008 04:00:00,        66.940253
05/22/2008 05:00:00,        64.210435
05/22/2008 06:00:00,        60.870279
05/22/2008 07:00:00,        57.589702
05/22/2008 08:00:00,        52.530331
05/22/2008 09:00:00,        47.126160
05/22/2008 10:00:00,        42.409462
05/22/2008 11:00:00,        38.306880
05/22/2008 12:00:00,        34.378829
05/22/2008 13:00:00,        30.598732
05/22/2008 14:00:00,        28.916673
05/22/2008 15:00:00,        28.514227
05/22/2008 16:00:00,        29.335260
05/22/2008 17:00:00,        30.387782
05/22/2008 18:00:00,        33.735073
05/22/2008 19:00:00,        34.546599
05/22/2008 20:00:00,        36.035458
05/22/2008 21:00:00,        38.394513
05/22/2008 22:00:00,        40.513320
05/22/2008 23:00:00,        42.446628
05/23/2008 00:00:00,        42.778594
05/23/2008 01:00:00,        26.593159
05/23/2008 02:00:00,        23.911160
05/23/2008 03:00:00,        21.823636
05/23/2008 04:00:00,        22.089335
05/23/2008 05:00:00,        21.589937
05/23/2008 06:00:00,        20.782745
05/23/2008 07:00:00,        17.479798
05/23/2008 08:00:00,        15.730442
05/23/2008 09:00:00,        13.593224
05/23/2008 10:00:00,        10.101555
05/23/2008 11:00:00,         8.644253
05/23/2008 12:00:00,         8.613331
05/23/2008 13:00:00,         8.993498
05/23/2008 14:00:00,         8.752282
05/23/2008 15:00:00,         8.934422
05/23/2008 16:00:00,         9.239513
05/23/2008 17:00:00,         9.315026
05/23/2008 18:00:00,         9.476459
05/23/2008 19:00:00,         9.627674
05/23/2008 20:00:00,         9.940706
05/23/2008 21:00:00,         9.727433
05/23/2008 22:00:00,        10.027954
05/23/2008 23:00:00,        10.277391
05/24/2008 00:00:00,         9.673825
05/24/2008 01:00:00,        13.753980
05/24/2008 02:00:00,        14.217274
05/24/2008 03:00:00,        13.492355
05/24/2008 04:00:00,        13.474194
05/24/2008 05:00:00,        13.570123
05/24/2008 06:00:00,        13.674313
05/24/2008 07:00:00,        13.400245
05/24/2008 08:00:00,        14.833046
05/24/2008 09:00:00,        14.406051
05/24/2008 10:00:00,        14.315916
05/24/2008 11:00:00,        14.593751
05/24/2008 12:00:00,        14.121764
05/24/2008 13:00:00,        13.626378
05/24/2008 14:00:00,        11.606328
05/24/2008 15:00:00,        10.570608
05/24/2008 16:00:00,         9.768488
05/24/2008 17:00:00,         8.819358
05/24/2008 18:00:00,         7.762223
05/24/2008 19:00:00,         7.114417
05/24/2008 20:00:00,         7.056414
05/24/2008 21:00:00,         6.378501
05/24/2008 22:00:00,         6.002903
05/24/2008 23:00:00,         5.710873
05/25/2008 00:00:00,         5.133786
05/25/2008 01:00:00,         0.557396
05/25/2008 02:00:00,         0.558920
05/25/2008 03:00:00,         0.704330
05/25/2008 04:00:00,         1.044237
05/25/2008 05:00:00,         1.406628
05/25/2008 06:00:00,         2.145487
05/25/2008 07:00:00,         2.793250
05/25/2008 08:00:00,         3.238647
05/25/2008 09:00:00,         3.811975
05/25/2008 10:00:00,         6.045437
05/25/2008 11:00:00,         9.779992
05/25/2008 12:00:00,        15.269058
05/25/2008 13:00:00,        21.190577
05/25/2008 14:00:00,        27.215231
05/25/2008 15:00:00,        33.206865
05/25/2008 16:00:00,        38.262766
05/25/2008 17:00:00,        44.899032
05/25/2008 18:00:00,        53.131576
05/25/2008 19:00:00,        56.884250
05/25/2008 20:00:00,        61.496260
05/25/2008 21:00:00,        66.882436
05/25/2008 22:00:00,        72.763152
05/25/2008 23:00:00,        77.547185
05/26/2008 00:00:00,        81.317426
05/26/2008 01:00:00,        90.146040
05/26/2008 02:00:00,        90.867593
05/26/2008 03:00:00,        91.755486
05/26/2008 04:00:00,        92.517900
05/26/2008 05:00:00,        93.152072
05/26/2008 06:00:00,        93.423176
05/26/2008 07:00:00,        94.066844
05/26/2008 08:00:00,        93.654633
05/26/2008 09:00:00,        94.476467
05/26/2008 10:00:00,        94.384587
05/26/2008 11:00:00,        94.631150
05/26/2008 12:00:00,        94.493435
05/26/2008 13:00:00,        93.780026
05/26/2008 14:00:00,        93.523219
05/26/2008 15:00:00,        93.139752
05/26/2008 16:00:00,        92.253047
05/26/2008 17:00:00,        91.161500
05/26/2008 18:00:00,        84.530063
05/26/2008 19:00:00,        83.005375
05/26/2008 20:00:00,        80.485130
05/26/2008 21:00:00,        77.587137
05/26/2008 22:00:00,        76.639491
05/26/2008 23:00:00,        74.812923
05/27/2008 00:00:00,        71.832735
05/27/2008 01:00:00,        34.623976
05/27/2008 02:00:00,        39.379613
05/27/2008 03:00:00,        40.777372
05/27/2008 04:00:00,        44.267350
05/27/2008 05:00:00,        46.402566
05/27/2008 06:00:00,        49.895586
05/27/2008 07:00:00,        51.886135
05/27/2008 08:00:00,        52.690829
05/27/2008 09:00:00,        58.798760
05/27/2008 10:00:00,        62.245400
05/27/2008 11:00:00,        64.768284
05/27/2008 12:00:00,        66.268610
05/27/2008 13:00:00,        67.390143
05/27/2008 14:00:00,        66.974227
05/27/2008 15:00:00,        64.787011
05/27/2008 16:00:00,        62.422023
05/27/2008 17:00:00,        58.076971
05/27/2008 18:00:00,        53.215414
05/27/2008 19:00:00,        50.184519
05/27/2008 20:00:00,        46.857051
05/27/2008 21:00:00,        45.329219
05/27/2008 22:00:00,        42.688201
05/27/2008 23:00:00,        39.302603
05/28/2008 00:00:00,        36.775855
05/28/2008 01:00:00,        11.154449
05/28/2008 02:00:00,        10.626384
05/28/2008 03:00:00,        10.161728
05/28/2008 04:00:00,         9.767343
05/28/2008 05:00:00,         8.770897
05/28/2008 06:00:00,         7.516314
05/28/2008 07:00:00,         6.441828
05/28/2008 08:00:00,         5.541517
05/28/2008 09:00:00,         4.607371
05/28/2008 10:00:00,         3.657064
05/28/2008 11:00:00,         2.845755
05/28/2008 12:00:00,         2.414550
05/28/2008 13:00:00,         2.278654
05/28/2008 14:00:00,         2.242234
05/28/2008 15:00:00,         2.282689
05/28/2008 16:00:00,         2.287825
05/28/2008 17:00:00,         2.424233
05/28/2008 18:00:00,         2.725729
05/28/2008 19:00:00,         2.986635
05/28/2008 20:00:00,         3.350308
05/28/2008 21:00:00,         3.678067
05/28/2008 22:00:00,         4.102248
05/28/2008 23:00:00,         4.511577
05/29/2008 00:00:00,         4.933364
05/29/2008 01:00:00,        32.481155
05/29/2008 02:00:00,        33.538574
05/29/2008 03:00:00,        34.391650
05/29/2008 04:00:00,        34.281021
05/29/2008 05:00:00,        33.723628
05/29/2008 06:00:00,        33.674717
05/29/2008 07:00:00,        33.778081
05/29/2008 08:00:00,        35.390253
05/29/2008 09:00:00,        35.121865
05/29/2008 10:00:00,        34.675170
05/29/2008 11:00:00,        32.908220
05/29/2008 12:00:00,        30.573689
05/29/2008 13:00:00,        28.038993
05/29/2008 14:00:00,        25.710574
05/29/2008 15:00:00,        23.487329
05/29/2008 16:00:00,        21.268875
05/29/2008 17:00:00,        19.873707
05/29/2008 18:00:00,        19.040710
05/29/2008 19:00:00,        18.106350
05/29/2008 20:00:00,        17.666949
05/29/2008 21:00:00,        17.424054
05/29/2008 22:00:00,        17.090508
05/29/2008 23:00:00,        16.228866
05/30/2008 00:00:00,        15.500151
05/30/2008 01:00:00,        18.681366
05/30/2008 02:00:00,        22.990997
05/30/2008 03:00:00,        25.599343
05/30/2008 04:00:00,        27.064137
05/30/2008 05:00:00,        28.738907
05/30/2008 06:00:00,        29.834652
05/30/2008 07:00:00,        28.927009
05/30/2008 08:00:00,        30.535158
05/30/2008 09:00:00,        32.468823
05/30/2008 10:00:00,        33.490848
05/30/2008 11:00:00,        34.580041
05/30/2008 12:00:00,        36.593950
05/30/2008 13:00:00,        40.275155
05/30/2008 14:00:00,        43.226527
05/30/2008 15:00:00,        45.352377
05/30/2008 16:00:00,        46.087735
05/30/2008 17:00:00,        50.243624
05/30/2008 18:00:00,        53.975430
05/30/2008 19:00:00,        57.192648
05/30/2008 20:00:00,        62.375154
05/30/2008 21:00:00,        64.937447
05/30/2008 22:00:00,        69.780778
05/30/2008 23:00:00,        74.688233
05/31/2008 00:00:00,        80.177862
05/31/2008 01:00:00,        68.144951
05/31/2008 02:00:00,        70.470831
05/31/2008 03:00:00,        72.691275
05/31/2008 04:00:00,        74.349770
05/31/2008 05:00:00,        74.242423
05/31/2008 06:00:00,        71.014791
05/31/2008 07:00:00,        66.957590
05/31/2008 08:00:00,        61.689484
05/31/2008 09:00:00,        62.672688
05/31/2008 10:00:00,        66.352691
05/31/2008 11:00:00,        63.670709
05/31/2008 12:00:00,        61.422668
05/31/2008 13:00:00,        57.981240
05/31/2008 14:00:00,        55.331816
05/31/2008 15:00:00,        51.420921
05/31/2008 16:00:00,        45.235250
05/31/2008 17:00:00,        40.077647
05/31/2008 18:00:00,        37.258831
05/31/2008 19:00:00,        38.193377
05/31/2008 20:00:00,        38.705780
05/31/2008 21:00:00,        39.909916
05/31/2008 22:00:00,        39.824423
05/31/2008 23:00:00,        40.512897
06/01/2008 00:00:00,        63.471621
06/01/2008 01:00:00,        62.223705
06/01/2008 02:00:00,        65.350974
06/01/2008 03:00:00,        66.560420
06/01/2008 04:00:00,        65.328748
06/01/2008 05:00:00,        64.650914
06/01/2008 06:00:00,        65.524985
06/01/2008 07:00:00,        68.836351
06/01/2008 08:00:00,        69.665788
06/01/2008 09:00:00,        65.902138
06/01/2008 10:00:00,        62.172610
06/01/2008 11:00:00,        60.907376
06/01/2008 12:00:00,        57.418148
06/01/2008 13:00:00,        53.308494
06/01/2008 14:00:00,        48.676132
06/01/2008 15:00:00,        43.331831
06/01/2008 16:00:00,        39.287464
06/01/2008 17:00:00,        33.531985
06/01/2008 18:00:00,        27.949517
06/01/2008 19:00:00,        24.289457
06/01/2008 20:00:00,        20.723393
06/01/2008 21:00:00,        17.308216
06/01/2008 22:00:00,        15.485451
06/01/2008 23:00:00,        15.302584
06/02/2008 00:00:00,        13.221807
06/02/2008 01:00:00,        25.303213
06/02/2008 02:00:00,        24.182271
06/02/2008 03:00:00,        23.900952
06/02/2008 04:00:00,        23.734572
06/02/2008 05:00:00,        23.174597
06/02/2008 06:00:00,        22.220198
06/02/2008 07:00:00,        21.720369
06/02/2008 08:00:00,        20.495035
06/02/2008 09:00:00,        19.473655
06/02/2008 10:00:00,        18.284066
06/02/2008 11:00:00,        16.924875
06/02/2008 12:00:00,        16.444823
06/02/2008 13:00:00,        16.262603
06/02/2008 14:00:00,        15.692622
06/02/2008 15:00:00,        15.697969
06/02/2008 16:00:00,        15.671049
06/02/2008 17:00:00,        15.272862
06/02/2008 18:00:00,        14.522887
06/02/2008 19:00:00,        14.771662
06/02/2008 20:00:00,        14.964622
06/02/2008 21:00:00,        15.741380
06/02/2008 22:00:00,        15.649567
06/02/2008 23:00:00,        15.092288
06/03/2008 00:00:00,        15.287506
06/03/2008 01:00:00,         5.217908
06/03/2008 02:00:00,         5.352652
06/03/2008 03:00:00,         5.171797
06/03/2008 04:00:00,         5.029561
06/03/2008 05:00:00,         4.408253
06/03/2008 06:00:00,         4.517565
06/03/2008 07:00:00,         8.217112
06/03/2008 08:00:00,         3.698234
06/03/2008 09:00:00,         3.875295
06/03/2008 10:00:00,         4.032460
06/03/2008 11:00:00,         4.715316
06/03/2008 12:00:00,         4.738448
06/03/2008 13:00:00,         4.951287
06/03/2008 14:00:00,         5.415220
06/03/2008 15:00:00,         7.230509
06/03/2008 16:00:00,         8.984098
06/03/2008 17:00:00,        10.396479
06/03/2008 18:00:00,        12.269965
06/03/2008 19:00:00,        13.250531
06/03/2008 20:00:00,        14.139949
06/03/2008 21:00:00,        15.611672
06/03/2008 22:00:00,        17.497198
06/03/2008 23:00:00,        19.765111
06/04/2008 00:00:00,        21.680279
06/04/2008 01:00:00,        37.717580
06/04/2008 02:00:00,        37.870067
06/04/2008 03:00:00,        37.711308
06/04/2008 04:00:00,        40.374727
06/04/2008 05:00:00,        43.681871
06/04/2008 06:00:00,        45.655786
06/04/2008 07:00:00,        47.990041
06/04/2008 08:00:00,        51.849289
06/04/2008 09:00:00,        53.188437
06/04/2008 10:00:00,        53.238682
06/04/2008 11:00:00,        54.766456
06/04/2008 12:00:00,        54.809146
06/04/2008 13:00:00,        54.741515
06/04/2008 14:00:00,        52.413611
06/04/2008 15:00:00,        51.608873
06/04/2008 16:00:00,        50.979616
06/04/2008 17:00:00,        47.924549
06/04/2008 18:00:00,        45.579465
06/04/2008 19:00:00,        43.946304
06/04/2008 20:00:00,        41.675638
06/04/2008 21:00:00,        40.397904
06/04/2008 22:00:00,        38.928370
06/04/2008 23:00:00,        39.690379
06/05/2008 00:00:00,        36.838793
06/05/2008 01:00:00,        56.629486
06/05/2008 02:00:00,        59.062950
06/05/2008 03:00:00,        60.584387
06/05/2008 04:00:00,        61.707232
06/05/2008 05:00:00,        60.927269
06/05/2008 06:00:00,        58.153788
06/05/2008 07:00:00,        56.113328
06/05/2008 08:00:00,        54.342114
06/05/2008 09:00:00,        52.565064
06/05/2008 10:00:00,        52.141296
06/05/2008 11:00:00,        50.532660
06/05/2008 12:00:00,        47.689539
06/05/2008 13:00:00,        42.425091
06/05/2008 14:00:00,        38.012786
06/05/2008 15:00:00,        38.492602
06/05/2008 16:00:00,        34.035670
06/05/2008 17:00:00,        30.679076
06/05/2008 18:00:00,        29.919759
06/05/2008 19:00:00,        29.652215
06/05/2008 20:00:00,        30.514599
06/05/2008 21:00:00,        32.047836
06/05/2008 22:00:00,        35.488902
06/05/2008 23:00:00,        33.782145
06/06/2008 00:00:00,        32.272501
06/06/2008 01:00:00,        35.555608
06/06/2008 02:00:00,        39.273903
06/06/2008 03:00:00,        42.688310
06/06/2008 04:00:00,        45.519891
06/06/2008 05:00:00,        46.518353
06/06/2008 06:00:00,        47.922366
06/06/2008 07:00:00,        49.514542
06/06/2008 08:00:00,        54.202554
06/06/2008 09:00:00,        59.920831
06/06/2008 10:00:00,        67.182699
06/06/2008 11:00:00,        72.988011
06/06/2008 12:00:00,        76.832641
06/06/2008 13:00:00,        78.186719
06/06/2008 14:00:00,        79.699101
06/06/2008 15:00:00,        82.654544
06/06/2008 16:00:00,        83.659002
06/06/2008 17:00:00,        84.534786
06/06/2008 18:00:00,        87.198966
06/06/2008 19:00:00,        88.472656
06/06/2008 20:00:00,        89.321645
06/06/2008 21:00:00,        91.447057
06/06/2008 22:00:00,        92.969285
06/06/2008 23:00:00,        93.457274
06/07/2008 00:00:00,        93.555397
06/07/2008 01:00:00,        94.238402
06/07/2008 02:00:00,        93.858097
06/07/2008 03:00:00,        92.392017
06/07/2008 04:00:00,        93.167833
06/07/2008 05:00:00,        94.107062
06/07/2008 06:00:00,        92.854530
06/07/2008 07:00:00,        89.684947
06/07/2008 08:00:00,        86.006446
06/07/2008 09:00:00,        82.165897
06/07/2008 10:00:00,        77.898859
06/07/2008 11:00:00,        73.990826
06/07/2008 12:00:00,        70.116963
06/07/2008 13:00:00,        65.842510
06/07/2008 14:00:00,        62.284244
06/07/2008 15:00:00,        59.827726
06/07/2008 16:00:00,        57.859961
06/07/2008 17:00:00,        55.879330
06/07/2008 18:00:00,        55.197147
06/07/2008 19:00:00,        52.871172
06/07/2008 20:00:00,        52.865043
06/07/2008 21:00:00,        54.528301
06/07/2008 22:00:00,        57.540462
06/07/2008 23:00:00,        61.278606
06/08/2008 00:00:00,        65.453358
06/08/2008 01:00:00,        91.323087
06/08/2008 02:00:00,        91.658915
06/08/2008 03:00:00,        92.610183
06/08/2008 04:00:00,        93.458911
06/08/2008 05:00:00,        94.004063
06/08/2008 06:00:00,        94.000404
06/08/2008 07:00:00,        93.713986
06/08/2008 08:00:00,        93.607207
06/08/2008 09:00:00,        93.321090
06/08/2008 10:00:00,        92.285312
06/08/2008 11:00:00,        90.629959
06/08/2008 12:00:00,        88.738205
06/08/2008 13:00:00,        83.713596
06/08/2008 14:00:00,        78.102163
06/08/2008 15:00:00,        70.588522
06/08/2008 16:00:00,        68.143476
06/08/2008 17:00:00,        61.377064
06/08/2008 18:00:00,        58.750532
06/08/2008 19:00:00,        55.738033
06/08/2008 20:00:00,        51.695860
06/08/2008 21:00:00,        48.135778
06/08/2008 22:00:00,        44.695364
06/08/2008 23:00:00,        40.541135
06/09/2008 00:00:00,        37.061905
06/09/2008 01:00:00,        40.102361
06/09/2008 02:00:00,        46.064966
06/09/2008 03:00:00,        42.096084
06/09/2008 04:00:00,        43.039058
06/09/2008 05:00:00,        43.629852
06/09/2008 06:00:00,        42.028258
06/09/2008 07:00:00,        44.768058
06/09/2008 08:00:00,        43.881381
06/09/2008 09:00:00,        50.912933
06/09/2008 10:00:00,        53.342558
06/09/2008 11:00:00,        56.257260
06/09/2008 12:00:00,        60.559434
06/09/2008 13:00:00,        63.058951
06/09/2008 14:00:00,        65.998615
06/09/2008 15:00:00,        67.428843
06/09/2008 16:00:00,        71.442050
06/09/2008 17:00:00,        73.725121
06/09/2008 18:00:00,        76.695100
06/09/2008 19:00:00,        79.042282
06/09/2008 20:00:00,        81.845569
06/09/2008 21:00:00,        86.681529
06/09/2008 22:00:00,        84.845565
06/09/2008 23:00:00,        86.277648
06/10/2008 00:00:00,        86.310339
06/10/2008 01:00:00,        26.740022
06/10/2008 02:00:00,        27.101962
06/10/2008 03:00:00,        25.627755
06/10/2008 04:00:00,        24.984085
06/10/2008 05:00:00,        23.198940
06/10/2008 06:00:00,        21.501473
06/10/2008 07:00:00,        21.463629
06/10/2008 08:00:00,        20.959687
06/10/2008 09:00:00,        20.187370
06/10/2008 10:00:00,        20.639420
06/10/2008 11:00:00,        20.954654
06/10/2008 12:00:00,        21.541551
06/10/2008 13:00:00,        22.466260
06/10/2008 14:00:00,        21.918205
06/10/2008 15:00:00,        22.564021
06/10/2008 16:00:00,        21.902035
06/10/2008 17:00:00,        22.607745
06/10/2008 18:00:00,        28.074922
06/10/2008 19:00:00,        28.808083
06/10/2008 20:00:00,        28.699620
06/10/2008 21:00:00,        25.692004
06/10/2008 22:00:00,        23.800718
06/10/2008 23:00:00,        19.905240
06/11/2008 00:00:00,        19.847064
06/11/2008 01:00:00,        49.591162
06/11/2008 02:00:00,        45.843833
06/11/2008 03:00:00,        44.229309
06/11/2008 04:00:00,        40.740111
06/11/2008 05:00:00,        39.391736
06/11/2008 06:00:00,        35.063215
06/11/2008 07:00:00,        33.716031
06/11/2008 08:00:00,        30.492785
06/11/2008 09:00:00,        27.112534
06/11/2008 10:00:00,        22.952704
06/11/2008 11:00:00,        17.483350
06/11/2008 12:00:00,        13.840016
06/11/2008 13:00:00,         9.977901
06/11/2008 14:00:00,         7.038672
06/11/2008 15:00:00,         4.152892
06/11/2008 16:00:00,         1.894235
06/11/2008 17:00:00,         0.512554
06/11/2008 18:00:00,         0.203490
06/11/2008 19:00:00,         0.277178
06/11/2008 20:00:00,         0.163606
06/11/2008 21:00:00,         0.156714
06/11/2008 22:00:00,         0.252602
06/11/2008 23:00:00,         0.487373
06/12/2008 00:00:00,         1.058655
06/12/2008 01:00:00,        23.721806
06/12/2008 02:00:00,        29.362929
06/12/2008 03:00:00,        35.050840
06/12/2008 04:00:00,        40.191450
06/12/2008 05:00:00,        43.112537
06/12/2008 06:00:00,        44.774713
06/12/2008 07:00:00,        45.452617
06/12/2008 08:00:00,        49.560947
06/12/2008 09:00:00,        51.734478
06/12/2008 10:00:00,        52.826006
06/12/2008 11:00:00,        52.986143
06/12/2008 12:00:00,        51.841561
06/12/2008 13:00:00,        49.635723
06/12/2008 14:00:00,        45.598814
06/12/2008 15:00:00,        44.863554
06/12/2008 16:00:00,        41.690162
06/12/2008 17:00:00,        41.564033
06/12/2008 18:00:00,        42.731861
06/12/2008 19:00:00,        42.227336
06/12/2008 20:00:00,        43.429677
06/12/2008 21:00:00,        45.574531
06/12/2008 22:00:00,        48.932053
06/12/2008 23:00:00,        53.075224
06/13/2008 00:00:00,        58.287703
06/13/2008 01:00:00,        92.289901
06/13/2008 02:00:00,        92.873502
06/13/2008 03:00:00,        87.310678
06/13/2008 04:00:00,        83.915365
06/13/2008 05:00:00,        79.057548
06/13/2008 06:00:00,        74.241771
06/13/2008 07:00:00,        72.123202
06/13/2008 08:00:00,        67.444846
06/13/2008 09:00:00,        65.662131
06/13/2008 10:00:00,        64.554950
06/13/2008 11:00:00,        64.278803
06/13/2008 12:00:00,        63.479196
06/13/2008 13:00:00,        62.349725
06/13/2008 14:00:00,        61.323262
06/13/2008 15:00:00,        60.034263
06/13/2008 16:00:00,        64.198952
06/13/2008 17:00:00,        67.717216
06/13/2008 18:00:00,        67.448451
06/13/2008 19:00:00,        71.544313
06/13/2008 20:00:00,        73.777433
06/13/2008 21:00:00,        77.160872
06/13/2008 22:00:00,        77.746815
06/13/2008 23:00:00,        76.937419
06/14/2008 00:00:00,        74.483284
06/14/2008 01:00:00,        64.968521
06/14/2008 02:00:00,        61.927089
06/14/2008 03:00:00,        57.515326
06/14/2008 04:00:00,        50.211092
06/14/2008 05:00:00,        48.446718
06/14/2008 06:00:00,        42.509542
06/14/2008 07:00:00,        39.932565
06/14/2008 08:00:00,        38.351847
06/14/2008 09:00:00,        30.948050
06/14/2008 10:00:00,        25.528594
06/14/2008 11:00:00,        21.440802
06/14/2008 12:00:00,        17.741204
06/14/2008 13:00:00,        14.242059
06/14/2008 14:00:00,        10.197734
06/14/2008 15:00:00,         9.459593
06/14/2008 16:00:00,         9.411460
06/14/2008 17:00:00,         9.800620
06/14/2008 18:00:00,        11.589813
06/14/2008 19:00:00,        12.666324
06/14/2008 20:00:00,        14.348439
06/14/2008 21:00:00,        15.496449
06/14/2008 22:00:00,        17.360972
06/14/2008 23:00:00,        20.018266
06/15/2008 00:00:00,        21.747076
06/15/2008 01:00:00,        65.690161
06/15/2008 02:00:00,        64.044973
06/15/2008 03:00:00,        62.529667
06/15/2008 04:00:00,        57.518137
06/15/2008 05:00:00,        55.863333
06/15/2008 06:00:00,        54.104098
06/15/2008 07:00:00,        50.572228
06/15/2008 08:00:00,        48.566676
06/15/2008 09:00:00,        41.188591
06/15/2008 10:00:00,        38.162194
06/15/2008 11:00:00,        33.327308
06/15/2008 12:00:00,        32.997485
06/15/2008 13:00:00,        26.749397
06/15/2008 14:00:00,        23.933174
06/15/2008 15:00:00,        22.588412
06/15/2008 16:00:00,        21.275733
06/15/2008 17:00:00,        22.000444
06/15/2008 18:00:00,        22.682940
06/15/2008 19:00:00,        23.413068
06/15/2008 20:00:00,        24.311259
06/15/2008 21:00:00,        25.283926
06/15/2008 22:00:00,        25.189728
06/15/2008 23:00:00,        24.355319
06/16/2008 00:00:00,        26.307862
06/16/2008 01:00:00,        26.767083
06/16/2008 02:00:00,        26.627235
06/16/2008 03:00:00,        23.045201
06/16/2008 04:00:00,        20.853398
06/16/2008 05:00:00,        22.522315
06/16/2008 06:00:00,        17.182471
06/16/2008 07:00:00,        17.450830
06/16/2008 08:00:00,         9.932346
06/16/2008 09:00:00,         7.725432
06/16/2008 10:00:00,         8.255683
06/16/2008 11:00:00,         6.411757
06/16/2008 12:00:00,         6.634070
06/16/2008 13:00:00,         5.865275
06/16/2008 14:00:00,         6.088393
06/16/2008 15:00:00,         5.925375
06/16/2008 16:00:00,         8.720037
06/16/2008 17:00:00,        11.906609
06/16/2008 18:00:00,        15.736199
06/16/2008 19:00:00,        16.913888
06/16/2008 20:00:00,        18.498677
06/16/2008 21:00:00,        20.511672
06/16/2008 22:00:00,        22.341521
06/16/2008 23:00:00,        23.780967
06/17/2008 00:00:00,        26.653853
06/17/2008 01:00:00,        21.603501
06/17/2008 02:00:00,        23.774967
06/17/2008 03:00:00,        24.563028
06/17/2008 04:00:00,        26.650704
06/17/2008 05:00:00,        28.219407
06/17/2008 06:00:00,        29.874758
06/17/2008 07:00:00,        30.895121
06/17/2008 08:00:00,        31.906703
06/17/2008 09:00:00,        32.092644
06/17/2008 10:00:00,        32.376410
06/17/2008 11:00:00,        31.802966
06/17/2008 12:00:00,        31.361654
06/17/2008 13:00:00,        29.686443
06/17/2008 14:00:00,        27.069649
06/17/2008 15:00:00,        24.300059
06/17/2008 16:00:00,        22.753295
06/17/2008 17:00:00,        20.185243
06/17/2008 18:00:00,        17.589734
06/17/2008 19:00:00,        16.006092
06/17/2008 20:00:00,        15.028355
06/17/2008 21:00:00,        14.091361
06/17/2008 22:00:00,        13.744489
06/17/2008 23:00:00,        13.698242
06/18/2008 00:00:00,        14.249274
06/18/2008 01:00:00,        17.475572
06/18/2008 02:00:00,        16.275311
06/18/2008 03:00:00,        15.391047
06/18/2008 04:00:00,        14.326813
06/18/2008 05:00:00,        13.564447
06/18/2008 06:00:00,        12.641044
06/18/2008 07:00:00,        11.908480
06/18/2008 08:00:00,        11.431787
06/18/2008 09:00:00,        10.610330
06/18/2008 10:00:00,         9.446335
06/18/2008 11:00:00,         7.681475
06/18/2008 12:00:00,         6.634453
06/18/2008 13:00:00,         5.597830
06/18/2008 14:00:00,         5.347234
06/18/2008 15:00:00,         5.265979
06/18/2008 16:00:00,         5.447590
06/18/2008 17:00:00,         5.648807
06/18/2008 18:00:00,         5.770580
06/18/2008 19:00:00,         6.012654
06/18/2008 20:00:00,         6.608534
06/18/2008 21:00:00,         7.089407
06/18/2008 22:00:00,         7.824366
06/18/2008 23:00:00,         8.231380
06/19/2008 00:00:00,         8.206981
06/19/2008 01:00:00,        12.549174
06/19/2008 02:00:00,        11.257841
06/19/2008 03:00:00,        11.127881
06/19/2008 04:00:00,        10.493071
06/19/2008 05:00:00,        10.652509
06/19/2008 06:00:00,        10.301714
06/19/2008 07:00:00,        10.096463
06/19/2008 08:00:00,        10.141232
06/19/2008 09:00:00,        10.313873
06/19/2008 10:00:00,        10.172401
06/19/2008 11:00:00,        10.162366
06/19/2008 12:00:00,         9.466870
06/19/2008 13:00:00,         8.545183
06/19/2008 14:00:00,         8.292340
06/19/2008 15:00:00,         8.414096
06/19/2008 16:00:00,         8.249172
06/19/2008 17:00:00,         8.483472
06/19/2008 18:00:00,         7.894032
06/19/2008 19:00:00,         7.807214
06/19/2008 20:00:00,         6.758093
06/19/2008 21:00:00,         6.193534
06/19/2008 22:00:00,         5.634403
06/19/2008 23:00:00,         4.878957
06/20/2008 00:00:00,         4.220980
06/20/2008 01:00:00,         3.864007
06/20/2008 02:00:00,         5.226267
06/20/2008 03:00:00,         6.941468
06/20/2008 04:00:00,         7.846562
06/20/2008 05:00:00,         7.726696
06/20/2008 06:00:00,         7.445982
06/20/2008 07:00:00,         7.167239
06/20/2008 08:00:00,         7.401935
06/20/2008 09:00:00,         7.400319
06/20/2008 10:00:00,         7.909632
06/20/2008 11:00:00,         8.597160
06/20/2008 12:00:00,         9.296776
06/20/2008 13:00:00,         9.564844
06/20/2008 14:00:00,         9.737515
06/20/2008 15:00:00,         8.687634
06/20/2008 16:00:00,         7.179300
06/20/2008 17:00:00,         6.297066
06/20/2008 18:00:00,         6.819099
06/20/2008 19:00:00,         6.529557
06/20/2008 20:00:00,         6.763126
06/20/2008 21:00:00,         7.119514
06/20/2008 22:00:00,         7.589594
06/20/2008 23:00:00,         7.409865
06/21/2008 00:00:00,         7.119324
06/21/2008 01:00:00,         8.284695
06/21/2008 02:00:00,         9.869583
06/21/2008 03:00:00,        12.587893
06/21/2008 04:00:00,        15.035652
06/21/2008 05:00:00,        16.016670
06/21/2008 06:00:00,        16.877414
06/21/2008 07:00:00,        17.671246
06/21/2008 08:00:00,        18.847601
06/21/2008 09:00:00,        20.713198
06/21/2008 10:00:00,        25.545496
06/21/2008 11:00:00,        28.865752
06/21/2008 12:00:00,        29.699432
06/21/2008 13:00:00,        29.800533
06/21/2008 14:00:00,        30.587062
06/21/2008 15:00:00,        29.478704
06/21/2008 16:00:00,        27.310261
06/21/2008 17:00:00,        25.880576
06/21/2008 18:00:00,        24.569911
06/21/2008 19:00:00,        24.627831
06/21/2008 20:00:00,        23.465384
06/21/2008 21:00:00,        25.185946
06/21/2008 22:00:00,        25.936589
06/21/2008 23:00:00,        22.398666
06/22/2008 00:00:00,        22.749365
06/22/2008 01:00:00,        46.089950
06/22/2008 02:00:00,        48.258833
06/22/2008 03:00:00,        44.359012
06/22/2008 04:00:00,        44.888364
06/22/2008 05:00:00,        42.367151
06/22/2008 06:00:00,        39.955311
06/22/2008 07:00:00,        38.136746
06/22/2008 08:00:00,        35.275741
06/22/2008 09:00:00,        35.956718
06/22/2008 10:00:00,        34.996919
06/22/2008 11:00:00,        30.512646
06/22/2008 12:00:00,        27.048257
06/22/2008 13:00:00,        22.490558
06/22/2008 14:00:00,        19.431345
06/22/2008 15:00:00,        16.605113
06/22/2008 16:00:00,        16.795941
06/22/2008 17:00:00,        15.903904
06/22/2008 18:00:00,        13.597402
06/22/2008 19:00:00,        13.013524
06/22/2008 20:00:00,        12.739561
06/22/2008 21:00:00,        12.615002
06/22/2008 22:00:00,        12.163902
06/22/2008 23:00:00,        11.960387
06/23/2008 00:00:00,        13.015459
06/23/2008 01:00:00,        22.847182
06/23/2008 02:00:00,        23.030666
06/23/2008 03:00:00,        23.148600
06/23/2008 04:00:00,        21.975357
06/23/2008 05:00:00,        20.202207
06/23/2008 06:00:00,        18.518081
06/23/2008 07:00:00,        20.910787
06/23/2008 08:00:00,        14.938394
06/23/2008 09:00:00,        13.805786
06/23/2008 10:00:00,        15.043322
06/23/2008 11:00:00,        12.856454
06/23/2008 12:00:00,        10.012928
06/23/2008 13:00:00,         8.455609
06/23/2008 14:00:00,         7.179316
06/23/2008 15:00:00,         5.410886
06/23/2008 16:00:00,         3.622056
06/23/2008 17:00:00,         3.009285
06/23/2008 18:00:00,         3.084691
06/23/2008 19:00:00,         3.345963
06/23/2008 20:00:00,         3.579785
06/23/2008 21:00:00,         3.642455
06/23/2008 22:00:00,         3.565097
06/23/2008 23:00:00,         3.015749
06/24/2008 00:00:00,         2.596949
06/24/2008 01:00:00,         1.883118
06/24/2008 02:00:00,         1.653435
06/24/2008 03:00:00,         1.560120
06/24/2008 04:00:00,         1.720974
06/24/2008 05:00:00,         1.696196
06/24/2008 06:00:00,         1.523822
06/24/2008 07:00:00,         1.450634
06/24/2008 08:00:00,         1.225892
06/24/2008 09:00:00,         1.057174
06/24/2008 10:00:00,         0.784672
06/24/2008 11:00:00,         0.694281
06/24/2008 12:00:00,         0.682151
06/24/2008 13:00:00,         0.789214
06/24/2008 14:00:00,         0.741855
06/24/2008 15:00:00,         1.057865
06/24/2008 16:00:00,         0.855458
06/24/2008 17:00:00,         0.775601
06/24/2008 18:00:00,         0.910228
06/24/2008 19:00:00,         0.699382
06/24/2008 20:00:00,         1.035276
06/24/2008 21:00:00,         1.303001
06/24/2008 22:00:00,         1.792322
06/24/2008 23:00:00,         2.178686
06/25/2008 00:00:00,         2.676331
06/25/2008 01:00:00,        40.036252
06/25/2008 02:00:00,        40.396455
06/25/2008 03:00:00,        41.263973
06/25/2008 04:00:00,        42.048518
06/25/2008 05:00:00,        43.021084
06/25/2008 06:00:00,        43.013072
06/25/2008 07:00:00,        43.841115
06/25/2008 08:00:00,        47.812570
06/25/2008 09:00:00,        49.466341
06/25/2008 10:00:00,        51.216085
06/25/2008 11:00:00,        52.354335
06/25/2008 12:00:00,        52.226546
06/25/2008 13:00:00,        51.959688
06/25/2008 14:00:00,        52.929587
06/25/2008 15:00:00,        55.099349
06/25/2008 16:00:00,        55.417392
06/25/2008 17:00:00,        57.043309
06/25/2008 18:00:00,        58.429136
06/25/2008 19:00:00,        59.607785
06/25/2008 20:00:00,        60.593618
06/25/2008 21:00:00,        63.085483
06/25/2008 22:00:00,        64.424117
06/25/2008 23:00:00,        66.091000
06/26/2008 00:00:00,        68.943107
06/26/2008 01:00:00,        58.405866
06/26/2008 02:00:00,        53.540530
06/26/2008 03:00:00,        53.112370
06/26/2008 04:00:00,        52.385226
06/26/2008 05:00:00,        51.855796
06/26/2008 06:00:00,        51.302412
06/26/2008 07:00:00,        51.313753
06/26/2008 08:00:00,        48.565479
06/26/2008 09:00:00,        44.474365
06/26/2008 10:00:00,        39.215222
06/26/2008 11:00:00,        36.649037
06/26/2008 12:00:00,        36.424003
06/26/2008 13:00:00,        35.948964
06/26/2008 14:00:00,        35.610868
06/26/2008 15:00:00,        34.137630
06/26/2008 16:00:00,        33.787152
06/26/2008 17:00:00,        32.580705
06/26/2008 18:00:00,        26.830390
06/26/2008 19:00:00,        23.781739
06/26/2008 20:00:00,        20.956290
06/26/2008 21:00:00,        18.491776
06/26/2008 22:00:00,        17.109928
06/26/2008 23:00:00,        15.231616
06/27/2008 00:00:00,        14.746254
06/27/2008 01:00:00,         4.634662
06/27/2008 02:00:00,         4.680961
06/27/2008 03:00:00,         4.308190
06/27/2008 04:00:00,         3.919392
06/27/2008 05:00:00,         4.133221
06/27/2008 06:00:00,         4.178046
06/27/2008 07:00:00,         3.876287
06/27/2008 08:00:00,         4.085349
06/27/2008 09:00:00,         4.517774
06/27/2008 10:00:00,         4.770995
06/27/2008 11:00:00,         4.185465
06/27/2008 12:00:00,         3.403068
06/27/2008 13:00:00,         3.026141
06/27/2008 14:00:00,         2.581408
06/27/2008 15:00:00,         2.074936
06/27/2008 16:00:00,         1.596979
06/27/2008 17:00:00,         1.425154
06/27/2008 18:00:00,         1.314761
06/27/2008 19:00:00,         1.336152
06/27/2008 20:00:00,         1.402585
06/27/2008 21:00:00,         1.542353
06/27/2008 22:00:00,         1.265241
06/27/2008 23:00:00,         0.816768
06/28/2008 00:00:00,         1.158282
06/28/2008 01:00:00,        17.784192
06/28/2008 02:00:00,        21.755263
06/28/2008 03:00:00,        25.014097
06/28/2008 04:00:00,        28.194417
06/28/2008 05:00:00,        33.480447
06/28/2008 06:00:00,        37.513926
06/28/2008 07:00:00,        40.203479
06/28/2008 08:00:00,        48.316079
06/28/2008 09:00:00,        53.937319
06/28/2008 10:00:00,        61.203053
06/28/2008 11:00:00,        65.470855
06/28/2008 12:00:00,        68.831792
06/28/2008 13:00:00,        71.975206
06/28/2008 14:00:00,        77.320063
06/28/2008 15:00:00,        80.348687
06/28/2008 16:00:00,        82.013313
06/28/2008 17:00:00,        81.683494
06/28/2008 18:00:00,        78.689348
06/28/2008 19:00:00,        78.300033
06/28/2008 20:00:00,        80.072735
06/28/2008 21:00:00,        80.223700
06/28/2008 22:00:00,        79.186458
06/28/2008 23:00:00,        79.288295
06/29/2008 00:00:00,        78.133729
06/29/2008 01:00:00,        72.961232
06/29/2008 02:00:00,        72.973669
06/29/2008 03:00:00,        73.740276
06/29/2008 04:00:00,        74.364526
06/29/2008 05:00:00,        74.762889
06/29/2008 06:00:00,        73.522379
06/29/2008 07:00:00,        72.899787
06/29/2008 08:00:00,        71.453889
06/29/2008 09:00:00,        71.344010
06/29/2008 10:00:00,        72.950310
06/29/2008 11:00:00,        71.746610
06/29/2008 12:00:00,        69.628697
06/29/2008 13:00:00,        65.934552
06/29/2008 14:00:00,        65.756177
06/29/2008 15:00:00,        64.462467
06/29/2008 16:00:00,        62.591180
06/29/2008 17:00:00,        58.714508
06/29/2008 18:00:00,        53.744363
06/29/2008 19:00:00,        53.082834
06/29/2008 20:00:00,        52.840626
06/29/2008 21:00:00,        52.104578
06/29/2008 22:00:00,        49.549871
06/29/2008 23:00:00,        46.686832
06/30/2008 00:00:00,        44.842024
06/30/2008 01:00:00,        13.503724
06/30/2008 02:00:00,        13.731416
06/30/2008 03:00:00,        12.421949
06/30/2008 04:00:00,        11.407122
06/30/2008 05:00:00,        10.324206
06/30/2008 06:00:00,        10.433551
06/30/2008 07:00:00,        10.690111
06/30/2008 08:00:00,        10.224020
06/30/2008 09:00:00,        10.408440
06/30/2008 10:00:00,        11.282663
06/30/2008 11:00:00,        12.679172
06/30/2008 12:00:00,        13.927881
06/30/2008 13:00:00,        16.638712
06/30/2008 14:00:00,        18.062629
06/30/2008 15:00:00,        19.770364
06/30/2008 16:00:00,        21.141252
06/30/2008 17:00:00,        22.092952
06/30/2008 18:00:00,        23.169759
06/30/2008 19:00:00,        24.977697
06/30/2008 20:00:00,        26.413285
06/30/2008 21:00:00,        28.179241
06/30/2008 22:00:00,        29.121045
06/30/2008 23:00:00,        29.569831
07/01/2008 00:00:00,        42.147413
07/01/2008 01:00:00,        37.960472
07/01/2008 02:00:00,        35.097721
07/01/2008 03:00:00,        33.351270
07/01/2008 04:00:00,        31.398580
07/01/2008 05:00:00,        29.709619
07/01/2008 06:00:00,        26.541162
07/01/2008 07:00:00,        24.458067
07/01/2008 08:00:00,        20.185673
07/01/2008 09:00:00,        16.088125
07/01/2008 10:00:00,        12.325084
07/01/2008 11:00:00,        12.972560
07/01/2008 12:00:00,        15.106112
07/01/2008 13:00:00,        17.893049
07/01/2008 14:00:00,        21.798595
07/01/2008 15:00:00,        25.412655
07/01/2008 16:00:00,        29.321028
07/01/2008 17:00:00,        33.762318
07/01/2008 18:00:00,        38.610268
07/01/2008 19:00:00,        41.789985
07/01/2008 20:00:00,        45.034431
07/01/2008 21:00:00,        48.618292
07/01/2008 22:00:00,        52.547505
07/01/2008 23:00:00,        56.857902
07/02/2008 00:00:00,        60.218293
07/02/2008 01:00:00,        73.172833
07/02/2008 02:00:00,        74.625313
07/02/2008 03:00:00,        76.523551
07/02/2008 04:00:00,        78.844584
07/02/2008 05:00:00,        80.141903
07/02/2008 06:00:00,        82.801212
07/02/2008 07:00:00,        84.554298
07/02/2008 08:00:00,        85.705393
07/02/2008 09:00:00,        86.431423
07/02/2008 10:00:00,        87.611708
07/02/2008 11:00:00,        89.872508
07/02/2008 12:00:00,        90.851682
07/02/2008 13:00:00,        91.946076
07/02/2008 14:00:00,        92.492412
07/02/2008 15:00:00,        93.213927
07/02/2008 16:00:00,        93.707773
07/02/2008 17:00:00,        94.022513
07/02/2008 18:00:00,        94.114757
07/02/2008 19:00:00,        94.080747
07/02/2008 20:00:00,        94.353681
07/02/2008 21:00:00,        94.327451
07/02/2008 22:00:00,        94.366365
07/02/2008 23:00:00,        94.053784
07/03/2008 00:00:00,        93.795616
07/03/2008 01:00:00,        54.946211
07/03/2008 02:00:00,        52.356019
07/03/2008 03:00:00,        49.516844
07/03/2008 04:00:00,        47.999405
07/03/2008 05:00:00,        47.216937
07/03/2008 06:00:00,        44.793512
07/03/2008 07:00:00,        43.876622
07/03/2008 08:00:00,        41.499290
07/03/2008 09:00:00,        41.637025
07/03/2008 10:00:00,        37.879288
07/03/2008 11:00:00,        34.011900
07/03/2008 12:00:00,        29.498855
07/03/2008 13:00:00,        26.803281
07/03/2008 14:00:00,        23.036867
07/03/2008 15:00:00,        20.647362
07/03/2008 16:00:00,        18.682146
07/03/2008 17:00:00,        17.172673
07/03/2008 18:00:00,        14.849896
07/03/2008 19:00:00,        13.230708
07/03/2008 20:00:00,        12.205465
07/03/2008 21:00:00,        11.260334
07/03/2008 22:00:00,         9.894110
07/03/2008 23:00:00,         8.603155
07/04/2008 00:00:00,         6.834998
07/04/2008 01:00:00,         2.118186
07/04/2008 02:00:00,         2.030566
07/04/2008 03:00:00,         1.676909
07/04/2008 04:00:00,         1.351048
07/04/2008 05:00:00,         1.024415
07/04/2008 06:00:00,         0.844799
07/04/2008 07:00:00,         0.742309
07/04/2008 08:00:00,         0.666335
07/04/2008 09:00:00,         0.651406
07/04/2008 10:00:00,         0.644954
07/04/2008 11:00:00,         0.791848
07/04/2008 12:00:00,         0.938841
07/04/2008 13:00:00,         1.182327
07/04/2008 14:00:00,         1.087554
07/04/2008 15:00:00,         1.126009
07/04/2008 16:00:00,         1.267350
07/04/2008 17:00:00,         1.298545
07/04/2008 18:00:00,         1.331109
07/04/2008 19:00:00,         1.419255
07/04/2008 20:00:00,         1.520476
07/04/2008 21:00:00,         1.578754
07/04/2008 22:00:00,         1.640136
07/04/2008 23:00:00,         1.738146
07/05/2008 00:00:00,         1.661907
07/05/2008 01:00:00,         0.138326
07/05/2008 02:00:00,         0.179208
07/05/2008 03:00:00,         0.262288
07/05/2008 04:00:00,         0.387870
07/05/2008 05:00:00,         0.559980
07/05/2008 06:00:00,         0.744324
07/05/2008 07:00:00,         0.948142
07/05/2008 08:00:00,         1.036788
07/05/2008 09:00:00,         1.154366
07/05/2008 10:00:00,         1.343328
07/05/2008 11:00:00,         1.436867
07/05/2008 12:00:00,         1.655169
07/05/2008 13:00:00,         1.793784
07/05/2008 14:00:00,         1.772955
07/05/2008 15:00:00,         1.459396
07/05/2008 16:00:00,         1.139612
07/05/2008 17:00:00,         0.948503
07/05/2008 18:00:00,         0.810791
07/05/2008 19:00:00,         0.771416
07/05/2008 20:00:00,         0.866375
07/05/2008 21:00:00,         1.125473
07/05/2008 22:00:00,         1.493902
07/05/2008 23:00:00,         1.902945
07/06/2008 00:00:00,         2.360781
07/06/2008 01:00:00,         4.587031
07/06/2008 02:00:00,         5.760481
07/06/2008 03:00:00,         8.068879
07/06/2008 04:00:00,        10.381064
07/06/2008 05:00:00,        12.736620
07/06/2008 06:00:00,        13.922528
07/06/2008 07:00:00,        14.301890
07/06/2008 08:00:00,        14.723600
07/06/2008 09:00:00,        14.756845
07/06/2008 10:00:00,        15.228467
07/06/2008 11:00:00,        15.994645
07/06/2008 12:00:00,        15.497048
07/06/2008 13:00:00,        14.904259
07/06/2008 14:00:00,        14.907202
07/06/2008 15:00:00,        13.748668
07/06/2008 16:00:00,        12.097410
07/06/2008 17:00:00,        10.880359
07/06/2008 18:00:00,         9.411023
07/06/2008 19:00:00,         8.550536
07/06/2008 20:00:00,         8.663885
07/06/2008 21:00:00,         9.593309
07/06/2008 22:00:00,        11.342325
07/06/2008 23:00:00,        12.864671
07/07/2008 00:00:00,        14.360784
07/07/2008 01:00:00,        63.536992
07/07/2008 02:00:00,        63.488063
07/07/2008 03:00:00,        65.056334
07/07/2008 04:00:00,        66.214063
07/07/2008 05:00:00,        67.347754
07/07/2008 06:00:00,        66.230970
07/07/2008 07:00:00,        64.717061
07/07/2008 08:00:00,        65.648989
07/07/2008 09:00:00,        64.531773
07/07/2008 10:00:00,        62.086775
07/07/2008 11:00:00,        58.579847
07/07/2008 12:00:00,        54.059725
07/07/2008 13:00:00,        50.551227
07/07/2008 14:00:00,        46.868327
07/07/2008 15:00:00,        43.955478
07/07/2008 16:00:00,        41.141079
07/07/2008 17:00:00,        38.180274
07/07/2008 18:00:00,        35.697579
07/07/2008 19:00:00,        34.909909
07/07/2008 20:00:00,        34.651885
07/07/2008 21:00:00,        32.883126
07/07/2008 22:00:00,        32.738672
07/07/2008 23:00:00,        32.653505
07/08/2008 00:00:00,        33.217169
07/08/2008 01:00:00,        74.782514
07/08/2008 02:00:00,        76.499427
07/08/2008 03:00:00,        79.099987
07/08/2008 04:00:00,        79.998739
07/08/2008 05:00:00,        82.434628
07/08/2008 06:00:00,        83.642561
07/08/2008 07:00:00,        84.392364
07/08/2008 08:00:00,        86.513667
07/08/2008 09:00:00,        86.797966
07/08/2008 10:00:00,        90.028551
07/08/2008 11:00:00,        90.233536
07/08/2008 12:00:00,        91.541180
07/08/2008 13:00:00,        91.850153
07/08/2008 14:00:00,        91.912601
07/08/2008 15:00:00,        91.194957
07/08/2008 16:00:00,        87.534492
07/08/2008 17:00:00,        86.376532
07/08/2008 18:00:00,        83.409585
07/08/2008 19:00:00,        82.092172
07/08/2008 20:00:00,        81.909481
07/08/2008 21:00:00,        80.819106
07/08/2008 22:00:00,        78.893086
07/08/2008 23:00:00,        77.785772
07/09/2008 00:00:00,        75.736158
07/09/2008 01:00:00,        40.584903
07/09/2008 02:00:00,        42.158388
07/09/2008 03:00:00,        41.151004
07/09/2008 04:00:00,        38.096761
07/09/2008 05:00:00,        35.612516
07/09/2008 06:00:00,        34.381157
07/09/2008 07:00:00,        34.299991
07/09/2008 08:00:00,        33.022477
07/09/2008 09:00:00,        31.660866
07/09/2008 10:00:00,        29.450637
07/09/2008 11:00:00,        26.178396
07/09/2008 12:00:00,        24.638639
07/09/2008 13:00:00,        21.063630
07/09/2008 14:00:00,        16.942418
07/09/2008 15:00:00,        14.233100
07/09/2008 16:00:00,        13.344721
07/09/2008 17:00:00,        14.053903
07/09/2008 18:00:00,        14.833319
07/09/2008 19:00:00,        14.782070
07/09/2008 20:00:00,        13.986594
07/09/2008 21:00:00,        13.206131
07/09/2008 22:00:00,        12.819716
07/09/2008 23:00:00,        12.147727
07/10/2008 00:00:00,        11.832966
07/10/2008 01:00:00,        13.869970
07/10/2008 02:00:00,        15.251417
07/10/2008 03:00:00,        16.749301
07/10/2008 04:00:00,        17.701651
07/10/2008 05:00:00,        18.126975
07/10/2008 06:00:00,        18.685878
07/10/2008 07:00:00,        18.320847
07/10/2008 08:00:00,        18.043839
07/10/2008 09:00:00,        17.440433
07/10/2008 10:00:00,        17.015283
07/10/2008 11:00:00,        16.517018
07/10/2008 12:00:00,        15.606134
07/10/2008 13:00:00,        14.195268
07/10/2008 14:00:00,        12.587095
07/10/2008 15:00:00,        12.229308
07/10/2008 16:00:00,        12.621123
07/10/2008 17:00:00,        13.311050
07/10/2008 18:00:00,        15.268162
07/10/2008 19:00:00,        15.488138
07/10/2008 20:00:00,        15.287304
07/10/2008 21:00:00,        16.230579
07/10/2008 22:00:00,        18.404401
07/10/2008 23:00:00,        20.884917
07/11/2008 00:00:00,        24.403718
07/11/2008 01:00:00,        48.063837
07/11/2008 02:00:00,        52.221619
07/11/2008 03:00:00,        48.628464
07/11/2008 04:00:00,        50.586596
07/11/2008 05:00:00,        50.781263
07/11/2008 06:00:00,        51.525674
07/11/2008 07:00:00,        49.247948
07/11/2008 08:00:00,        47.383282
07/11/2008 09:00:00,        49.859345
07/11/2008 10:00:00,        51.727702
07/11/2008 11:00:00,        47.281116
07/11/2008 12:00:00,        43.643986
07/11/2008 13:00:00,        38.840549
07/11/2008 14:00:00,        34.024226
07/11/2008 15:00:00,        29.928766
07/11/2008 16:00:00,        27.638287
07/11/2008 17:00:00,        22.911098
07/11/2008 18:00:00,        20.019165
07/11/2008 19:00:00,        17.883545
07/11/2008 20:00:00,        16.995493
07/11/2008 21:00:00,        17.080574
07/11/2008 22:00:00,        15.451193
07/11/2008 23:00:00,        13.557320
07/12/2008 00:00:00,        12.132231
07/12/2008 01:00:00,        16.837368
07/12/2008 02:00:00,        24.512287
07/12/2008 03:00:00,        30.185368
07/12/2008 04:00:00,        35.850369
07/12/2008 05:00:00,        40.632475
07/12/2008 06:00:00,        44.661734
07/12/2008 07:00:00,        48.419572
07/12/2008 08:00:00,        55.435873
07/12/2008 09:00:00,        62.856256
07/12/2008 10:00:00,        69.488632
07/12/2008 11:00:00,        76.409276
07/12/2008 12:00:00,        81.700025
07/12/2008 13:00:00,        85.147015
07/12/2008 14:00:00,        86.620908
07/12/2008 15:00:00,        86.272672
07/12/2008 16:00:00,        86.621020
07/12/2008 17:00:00,        85.223362
07/12/2008 18:00:00,        81.815396
07/12/2008 19:00:00,        83.288568
07/12/2008 20:00:00,        83.993082
07/12/2008 21:00:00,        85.719020
07/12/2008 22:00:00,        84.815372
07/12/2008 23:00:00,        85.080927
07/13/2008 00:00:00,        82.305494
07/13/2008 01:00:00,        75.435885
07/13/2008 02:00:00,        70.551879
07/13/2008 03:00:00,        66.980406
07/13/2008 04:00:00,        60.863271
07/13/2008 05:00:00,        63.048059
07/13/2008 06:00:00,        62.874059
07/13/2008 07:00:00,        63.091965
07/13/2008 08:00:00,        61.559197
07/13/2008 09:00:00,        60.992222
07/13/2008 10:00:00,        60.880762
07/13/2008 11:00:00,        62.011908
07/13/2008 12:00:00,        62.148812
07/13/2008 13:00:00,        62.482172
07/13/2008 14:00:00,        64.853952
07/13/2008 15:00:00,        68.962140
07/13/2008 16:00:00,        72.953380
07/13/2008 17:00:00,        75.141602
07/13/2008 18:00:00,        74.840074
07/13/2008 19:00:00,        75.572167
07/13/2008 20:00:00,        76.347143
07/13/2008 21:00:00,        77.019981
07/13/2008 22:00:00,        76.950487
07/13/2008 23:00:00,        75.147493
07/14/2008 00:00:00,        74.107509
07/14/2008 01:00:00,        74.874404
07/14/2008 02:00:00,        70.390655
07/14/2008 03:00:00,        65.907361
07/14/2008 04:00:00,        65.777203
07/14/2008 05:00:00,        62.057960
07/14/2008 06:00:00,        59.146819
07/14/2008 07:00:00,        56.827890
07/14/2008 08:00:00,        53.051576
07/14/2008 09:00:00,        48.914819
07/14/2008 10:00:00,        42.192051
07/14/2008 11:00:00,        38.354122
07/14/2008 12:00:00,        34.044755
07/14/2008 13:00:00,        28.943624
07/14/2008 14:00:00,        26.920871
07/14/2008 15:00:00,        23.686283
07/14/2008 16:00:00,        20.593064
07/14/2008 17:00:00,        17.325073
07/14/2008 18:00:00,        14.437122
07/14/2008 19:00:00,        12.107351
07/14/2008 20:00:00,         9.535888
07/14/2008 21:00:00,         8.744228
07/14/2008 22:00:00,         8.198266
07/14/2008 23:00:00,         6.988492
07/15/2008 00:00:00,         6.288614
07/15/2008 01:00:00,         0.770482
07/15/2008 02:00:00,         0.721543
07/15/2008 03:00:00,         0.855478
07/15/2008 04:00:00,         1.225004
07/15/2008 05:00:00,         1.842692
07/15/2008 06:00:00,         2.460100
07/15/2008 07:00:00,         2.877936
07/15/2008 08:00:00,         3.590412
07/15/2008 09:00:00,         5.180585
07/15/2008 10:00:00,         7.704091
07/15/2008 11:00:00,        11.843492
07/15/2008 12:00:00,        16.176017
07/15/2008 13:00:00,        21.492398
07/15/2008 14:00:00,        27.171303
07/15/2008 15:00:00,        32.942398
07/15/2008 16:00:00,        39.494564
07/15/2008 17:00:00,        45.970827
07/15/2008 18:00:00,        52.644707
07/15/2008 19:00:00,        57.395078
07/15/2008 20:00:00,        63.002365
07/15/2008 21:00:00,        68.532935
07/15/2008 22:00:00,        74.423333
07/15/2008 23:00:00,        80.419572
07/16/2008 00:00:00,        84.209935
07/16/2008 01:00:00,        93.558305
07/16/2008 02:00:00,        93.056458
07/16/2008 03:00:00,        91.867266
07/16/2008 04:00:00,        87.804247
07/16/2008 05:00:00,        82.777318
07/16/2008 06:00:00,        81.871371
07/16/2008 07:00:00,        78.982307
07/16/2008 08:00:00,        72.049178
07/16/2008 09:00:00,        66.894254
07/16/2008 10:00:00,        62.959151
07/16/2008 11:00:00,        54.707093
07/16/2008 12:00:00,        47.688755
07/16/2008 13:00:00,        41.062889
07/16/2008 14:00:00,        34.759734
07/16/2008 15:00:00,        28.538852
07/16/2008 16:00:00,        23.141981
07/16/2008 17:00:00,        20.058209
07/16/2008 18:00:00,        18.154947
07/16/2008 19:00:00,        13.743872
07/16/2008 20:00:00,        10.810626
07/16/2008 21:00:00,        11.605031
07/16/2008 22:00:00,         9.474604
07/16/2008 23:00:00,         2.871372
07/17/2008 00:00:00,         2.655587
07/17/2008 01:00:00,         3.175804
07/17/2008 02:00:00,         4.405494
07/17/2008 03:00:00,         5.585072
07/17/2008 04:00:00,        10.148947
07/17/2008 05:00:00,        12.665403
07/17/2008 06:00:00,        14.122787
07/17/2008 07:00:00,        14.880670
07/17/2008 08:00:00,        17.708795
07/17/2008 09:00:00,        19.358775
07/17/2008 10:00:00,        25.034097
07/17/2008 11:00:00,        31.743959
07/17/2008 12:00:00,        38.441582
07/17/2008 13:00:00,        41.646066
07/17/2008 14:00:00,        45.497695
07/17/2008 15:00:00,        47.329454
07/17/2008 16:00:00,        48.777020
07/17/2008 17:00:00,        46.406497
07/17/2008 18:00:00,        46.425052
07/17/2008 19:00:00,        48.359060
07/17/2008 20:00:00,        51.458776
07/17/2008 21:00:00,        53.723534
07/17/2008 22:00:00,        53.826887
07/17/2008 23:00:00,        50.329367
07/18/2008 00:00:00,        46.465359
07/18/2008 01:00:00,        24.466564
07/18/2008 02:00:00,        22.146236
07/18/2008 03:00:00,        20.788782
07/18/2008 04:00:00,        21.272681
07/18/2008 05:00:00,        23.819799
07/18/2008 06:00:00,        26.213803
07/18/2008 07:00:00,        27.649604
07/18/2008 08:00:00,        30.485102
07/18/2008 09:00:00,        32.467742
07/18/2008 10:00:00,        31.341935
07/18/2008 11:00:00,        33.135368
07/18/2008 12:00:00,        36.187890
07/18/2008 13:00:00,        37.166989
07/18/2008 14:00:00,        39.019398
07/18/2008 15:00:00,        39.079072
07/18/2008 16:00:00,        38.340939
07/18/2008 17:00:00,        39.137664
07/18/2008 18:00:00,        35.009251
07/18/2008 19:00:00,        32.646177
07/18/2008 20:00:00,        28.375134
07/18/2008 21:00:00,        25.175386
07/18/2008 22:00:00,        20.684234
07/18/2008 23:00:00,        18.256429
07/19/2008 00:00:00,        17.640506
07/19/2008 01:00:00,        11.614385
07/19/2008 02:00:00,         9.384009
07/19/2008 03:00:00,         8.448958
07/19/2008 04:00:00,         8.024911
07/19/2008 05:00:00,         7.598185
07/19/2008 06:00:00,         6.298240
07/19/2008 07:00:00,         5.597868
07/19/2008 08:00:00,         3.169342
07/19/2008 09:00:00,         2.244505
07/19/2008 10:00:00,         1.178824
07/19/2008 11:00:00,         0.890969
07/19/2008 12:00:00,         0.756532
07/19/2008 13:00:00,         0.759598
07/19/2008 14:00:00,         0.924063
07/19/2008 15:00:00,         1.197013
07/19/2008 16:00:00,         1.460418
07/19/2008 17:00:00,         1.766603
07/19/2008 18:00:00,         2.203237
07/19/2008 19:00:00,         2.595805
07/19/2008 20:00:00,         3.359101
07/19/2008 21:00:00,         3.985195
07/19/2008 22:00:00,         4.657896
07/19/2008 23:00:00,         5.952221
07/20/2008 00:00:00,         6.527073
07/20/2008 01:00:00,         8.169098
07/20/2008 02:00:00,         8.224119
07/20/2008 03:00:00,         9.732416
07/20/2008 04:00:00,         9.646232
07/20/2008 05:00:00,         8.858281
07/20/2008 06:00:00,        11.370775
07/20/2008 07:00:00,        12.655062
07/20/2008 08:00:00,        12.349200
07/20/2008 09:00:00,         7.181160
07/20/2008 10:00:00,         9.138943
07/20/2008 11:00:00,         8.543721
07/20/2008 12:00:00,         8.346978
07/20/2008 13:00:00,         6.354455
07/20/2008 14:00:00,         5.280188
07/20/2008 15:00:00,         4.415454
07/20/2008 16:00:00,         3.939388
07/20/2008 17:00:00,         3.536733
07/20/2008 18:00:00,         3.265425
07/20/2008 19:00:00,         3.433515
07/20/2008 20:00:00,         3.436109
07/20/2008 21:00:00,         3.245353
07/20/2008 22:00:00,         3.247198
07/20/2008 23:00:00,         3.493188
07/21/2008 00:00:00,         3.927925
07/21/2008 01:00:00,         4.270127
07/21/2008 02:00:00,         5.204625
07/21/2008 03:00:00,         7.153879
07/21/2008 04:00:00,         8.187679
07/21/2008 05:00:00,        10.197870
07/21/2008 06:00:00,        12.128112
07/21/2008 07:00:00,        14.372815
07/21/2008 08:00:00,        16.956978
07/21/2008 09:00:00,        20.611282
07/21/2008 10:00:00,        23.142874
07/21/2008 11:00:00,        25.073641
07/21/2008 12:00:00,        27.578317
07/21/2008 13:00:00,        29.870674
07/21/2008 14:00:00,        31.267494
07/21/2008 15:00:00,        32.962708
07/21/2008 16:00:00,        33.195212
07/21/2008 17:00:00,        33.471941
07/21/2008 18:00:00,        31.822949
07/21/2008 19:00:00,        31.609781
07/21/2008 20:00:00,        30.549560
07/21/2008 21:00:00,        30.203948
07/21/2008 22:00:00,        28.299447
07/21/2008 23:00:00,        28.167441
07/22/2008 00:00:00,        28.475922
07/22/2008 01:00:00,        14.708972
07/22/2008 02:00:00,        16.195992
07/22/2008 03:00:00,        16.730711
07/22/2008 04:00:00,        18.093247
07/22/2008 05:00:00,        19.864328
07/22/2008 06:00:00,        21.640355
07/22/2008 07:00:00,        22.037619
07/22/2008 08:00:00,        23.272043
07/22/2008 09:00:00,        25.523356
07/22/2008 10:00:00,        28.274505
07/22/2008 11:00:00,        29.162785
07/22/2008 12:00:00,        30.426403
07/22/2008 13:00:00,        32.463367
07/22/2008 14:00:00,        34.234708
07/22/2008 15:00:00,        33.895530
07/22/2008 16:00:00,        34.466566
07/22/2008 17:00:00,        37.189036
07/22/2008 18:00:00,        35.346036
07/22/2008 19:00:00,        35.480299
07/22/2008 20:00:00,        34.074353
07/22/2008 21:00:00,        34.085170
07/22/2008 22:00:00,        31.656165
07/22/2008 23:00:00,        30.117503
07/23/2008 00:00:00,        27.921915
07/23/2008 01:00:00,        35.129086
07/23/2008 02:00:00,        36.100451
07/23/2008 03:00:00,        34.955288
07/23/2008 04:00:00,        34.071138
07/23/2008 05:00:00,        35.071748
07/23/2008 06:00:00,        34.330860
07/23/2008 07:00:00,        31.815350
07/23/2008 08:00:00,        31.744930
07/23/2008 09:00:00,        32.041558
07/23/2008 10:00:00,        28.684079
07/23/2008 11:00:00,        31.291013
07/23/2008 12:00:00,        34.338624
07/23/2008 13:00:00,        30.486550
07/23/2008 14:00:00,        28.230741
07/23/2008 15:00:00,        26.506843
07/23/2008 16:00:00,        25.830729
07/23/2008 17:00:00,        24.471223
07/23/2008 18:00:00,        21.860343
07/23/2008 19:00:00,        22.571225
07/23/2008 20:00:00,        22.120584
07/23/2008 21:00:00,        22.632926
07/23/2008 22:00:00,        24.866925
07/23/2008 23:00:00,        23.947916
07/24/2008 00:00:00,        23.775257
07/24/2008 01:00:00,        13.947051
07/24/2008 02:00:00,        13.528609
07/24/2008 03:00:00,        14.712980
07/24/2008 04:00:00,        15.020348
07/24/2008 05:00:00,        12.254781
07/24/2008 06:00:00,        12.023991
07/24/2008 07:00:00,        12.399474
07/24/2008 08:00:00,        10.822061
07/24/2008 09:00:00,         9.184799
07/24/2008 10:00:00,         7.761971
07/24/2008 11:00:00,         7.336778
07/24/2008 12:00:00,         8.343524
07/24/2008 13:00:00,        10.115662
07/24/2008 14:00:00,        10.088130
07/24/2008 15:00:00,        10.910483
07/24/2008 16:00:00,        10.446005
07/24/2008 17:00:00,        11.456532
07/24/2008 18:00:00,        13.030453
07/24/2008 19:00:00,        13.534348
07/24/2008 20:00:00,        13.714812
07/24/2008 21:00:00,        13.920128
07/24/2008 22:00:00,        14.273055
07/24/2008 23:00:00,        14.904525
07/25/2008 00:00:00,        16.153562
07/25/2008 01:00:00,        37.155103
07/25/2008 02:00:00,        37.178535
07/25/2008 03:00:00,        36.685034
07/25/2008 04:00:00,        36.160425
07/25/2008 05:00:00,        34.459296
07/25/2008 06:00:00,        33.665026
07/25/2008 07:00:00,        33.372518
07/25/2008 08:00:00,        34.148860
07/25/2008 09:00:00,        34.901879
07/25/2008 10:00:00,        38.035018
07/25/2008 11:00:00,        39.066196
07/25/2008 12:00:00,        39.432004
07/25/2008 13:00:00,        39.923083
07/25/2008 14:00:00,        41.202724
07/25/2008 15:00:00,        43.675608
07/25/2008 16:00:00,        46.652151
07/25/2008 17:00:00,        49.797854
07/25/2008 18:00:00,        54.423268
07/25/2008 19:00:00,        58.088210
07/25/2008 20:00:00,        61.030284
07/25/2008 21:00:00,        64.818032
07/25/2008 22:00:00,        67.990100
07/25/2008 23:00:00,        70.236306
07/26/2008 00:00:00,        72.653050
07/26/2008 01:00:00,        71.921833
07/26/2008 02:00:00,        68.310845
07/26/2008 03:00:00,        67.779571
07/26/2008 04:00:00,        68.394505
07/26/2008 05:00:00,        67.464124
07/26/2008 06:00:00,        65.696371
07/26/2008 07:00:00,        64.348132
07/26/2008 08:00:00,        61.903809
07/26/2008 09:00:00,        58.049096
07/26/2008 10:00:00,        54.314398
07/26/2008 11:00:00,        50.009427
07/26/2008 12:00:00,        45.428912
07/26/2008 13:00:00,        43.023406
07/26/2008 14:00:00,        41.498024
07/26/2008 15:00:00,        41.632218
07/26/2008 16:00:00,        40.856212
07/26/2008 17:00:00,        36.729278
07/26/2008 18:00:00,        32.706587
07/26/2008 19:00:00,        30.494453
07/26/2008 20:00:00,        28.569010
07/26/2008 21:00:00,        27.997071
07/26/2008 22:00:00,        28.052613
07/26/2008 23:00:00,        26.904039
07/27/2008 00:00:00,        24.038910
07/27/2008 01:00:00,        40.067668
07/27/2008 02:00:00,        44.043965
07/27/2008 03:00:00,        45.131681
07/27/2008 04:00:00,        47.559178
07/27/2008 05:00:00,        47.381066
07/27/2008 06:00:00,        46.385551
07/27/2008 07:00:00,        47.134572
07/27/2008 08:00:00,        47.386187
07/27/2008 09:00:00,        48.825957
07/27/2008 10:00:00,        50.868858
07/27/2008 11:00:00,        52.899617
07/27/2008 12:00:00,        53.716691
07/27/2008 13:00:00,        53.252063
07/27/2008 14:00:00,        53.108980
07/27/2008 15:00:00,        49.785558
07/27/2008 16:00:00,        47.677149
07/27/2008 17:00:00,        46.333834
07/27/2008 18:00:00,        46.431608
07/27/2008 19:00:00,        46.183628
07/27/2008 20:00:00,        45.618142
07/27/2008 21:00:00,        47.045699
07/27/2008 22:00:00,        42.282938
07/27/2008 23:00:00,        42.780670
07/28/2008 00:00:00,        40.666364
07/28/2008 01:00:00,         8.309001
07/28/2008 02:00:00,         9.202222
07/28/2008 03:00:00,         7.776939
07/28/2008 04:00:00,         7.960801
07/28/2008 05:00:00,         8.250411
07/28/2008 06:00:00,         8.018978
07/28/2008 07:00:00,         7.640649
07/28/2008 08:00:00,         7.404436
07/28/2008 09:00:00,         7.355427
07/28/2008 10:00:00,         7.758018
07/28/2008 11:00:00,         7.965002
07/28/2008 12:00:00,         8.487790
07/28/2008 13:00:00,         8.926201
07/28/2008 14:00:00,         8.720848
07/28/2008 15:00:00,         8.803709
07/28/2008 16:00:00,         7.458189
07/28/2008 17:00:00,         6.452660
07/28/2008 18:00:00,         5.105629
07/28/2008 19:00:00,         4.636337
07/28/2008 20:00:00,         4.374282
07/28/2008 21:00:00,         3.901627
07/28/2008 22:00:00,         3.820926
07/28/2008 23:00:00,         3.257226
07/29/2008 00:00:00,         3.241803
07/29/2008 01:00:00,         0.496793
07/29/2008 02:00:00,         0.424329
07/29/2008 03:00:00,         0.300594
07/29/2008 04:00:00,         0.237305
07/29/2008 05:00:00,         0.146159
07/29/2008 06:00:00,         0.103564
07/29/2008 07:00:00,         0.073794
07/29/2008 08:00:00,         0.053782
07/29/2008 09:00:00,         0.061887
07/29/2008 10:00:00,         0.051939
07/29/2008 11:00:00,         0.058730
07/29/2008 12:00:00,         0.082001
07/29/2008 13:00:00,         0.375216
07/29/2008 14:00:00,         0.394096
07/29/2008 15:00:00,         0.392629
07/29/2008 16:00:00,         0.471296
07/29/2008 17:00:00,         0.705389
07/29/2008 18:00:00,         2.320216
07/29/2008 19:00:00,         2.536180
07/29/2008 20:00:00,         2.755286
07/29/2008 21:00:00,         3.319505
07/29/2008 22:00:00,         4.218910
07/29/2008 23:00:00,         5.732858
07/30/2008 00:00:00,         7.550713
07/30/2008 01:00:00,        30.558065
07/30/2008 02:00:00,        31.551449
07/30/2008 03:00:00,        32.417905
07/30/2008 04:00:00,        36.421286
07/30/2008 05:00:00,        40.342931
07/30/2008 06:00:00,        41.905315
07/30/2008 07:00:00,        42.303004
07/30/2008 08:00:00,        44.798422
07/30/2008 09:00:00,        45.941154
07/30/2008 10:00:00,        47.051315
07/30/2008 11:00:00,        45.641887
07/30/2008 12:00:00,        41.249561
07/30/2008 13:00:00,        38.493142
07/30/2008 14:00:00,        33.566685
07/30/2008 15:00:00,        29.263392
07/30/2008 16:00:00,        26.502140
07/30/2008 17:00:00,        22.079350
07/30/2008 18:00:00,        18.630362
07/30/2008 19:00:00,        17.284141
07/30/2008 20:00:00,        16.935500
07/30/2008 21:00:00,        13.862874
07/30/2008 22:00:00,        13.614695
07/30/2008 23:00:00,        13.181229
07/31/2008 00:00:00,        10.674022
07/31/2008 01:00:00,        21.933892
07/31/2008 02:00:00,        20.308722
07/31/2008 03:00:00,        21.095756
07/31/2008 04:00:00,        19.017940
07/31/2008 05:00:00,        19.034807
07/31/2008 06:00:00,        17.961375
07/31/2008 07:00:00,        18.886774
07/31/2008 08:00:00,        16.250327
07/31/2008 09:00:00,        14.692921
07/31/2008 10:00:00,        13.890803
07/31/2008 11:00:00,        14.836396
07/31/2008 12:00:00,        15.305252
07/31/2008 13:00:00,        15.802494
07/31/2008 14:00:00,        15.706465
07/31/2008 15:00:00,        15.345630
07/31/2008 16:00:00,        14.339451
07/31/2008 17:00:00,        13.146684
07/31/2008 18:00:00,        12.232271
07/31/2008 19:00:00,        11.607459
07/31/2008 20:00:00,        10.522731
07/31/2008 21:00:00,         9.936134
07/31/2008 22:00:00,         9.716313
07/31/2008 23:00:00,         9.478221
08/01/2008 00:00:00,        13.216841
08/01/2008 01:00:00,        13.225030
08/01/2008 02:00:00,        13.007571
08/01/2008 03:00:00,        12.880643
08/01/2008 04:00:00,        12.814419
08/01/2008 05:00:00,        12.827479
08/01/2008 06:00:00,        12.670563
08/01/2008 07:00:00,        12.545783
08/01/2008 08:00:00,        12.022179
08/01/2008 09:00:00,        11.869478
08/01/2008 10:00:00,        11.739059
08/01/2008 11:00:00,        11.119121
08/01/2008 12:00:00,        10.451651
08/01/2008 13:00:00,         9.732431
08/01/2008 14:00:00,         8.812981
08/01/2008 15:00:00,         7.702954
08/01/2008 16:00:00,         6.247513
08/01/2008 17:00:00,         5.150313
08/01/2008 18:00:00,         4.177814
08/01/2008 19:00:00,         4.018246
08/01/2008 20:00:00,         3.832558
08/01/2008 21:00:00,         3.735547
08/01/2008 22:00:00,         3.535963
08/01/2008 23:00:00,         3.126114
08/02/2008 00:00:00,         3.244019
08/02/2008 01:00:00,        26.834312
08/02/2008 02:00:00,        28.074145
08/02/2008 03:00:00,        27.985644
08/02/2008 04:00:00,        28.582446
08/02/2008 05:00:00,        28.715252
08/02/2008 06:00:00,        28.836064
08/02/2008 07:00:00,        28.752843
08/02/2008 08:00:00,        30.454432
08/02/2008 09:00:00,        32.035512
08/02/2008 10:00:00,        32.123780
08/02/2008 11:00:00,        31.662529
08/02/2008 12:00:00,        31.673779
08/02/2008 13:00:00,        30.722202
08/02/2008 14:00:00,        29.717074
08/02/2008 15:00:00,        28.887071
08/02/2008 16:00:00,        27.324543
08/02/2008 17:00:00,        26.084162
08/02/2008 18:00:00,        24.932988
08/02/2008 19:00:00,        24.447433
08/02/2008 20:00:00,        23.905842
08/02/2008 21:00:00,        23.942793
08/02/2008 22:00:00,        23.203082
08/02/2008 23:00:00,        22.273315
08/03/2008 00:00:00,        21.103241
08/03/2008 01:00:00,        12.134545
08/03/2008 02:00:00,        12.393939
08/03/2008 03:00:00,        11.869558
08/03/2008 04:00:00,        11.626171
08/03/2008 05:00:00,        10.897088
08/03/2008 06:00:00,         9.725096
08/03/2008 07:00:00,         8.958701
08/03/2008 08:00:00,         9.471069
08/03/2008 09:00:00,         9.590672
08/03/2008 10:00:00,         9.648708
08/03/2008 11:00:00,         9.193053
08/03/2008 12:00:00,         9.240549
08/03/2008 13:00:00,         9.389337
08/03/2008 14:00:00,         9.636872
08/03/2008 15:00:00,         9.083139
08/03/2008 16:00:00,         8.734607
08/03/2008 17:00:00,         8.659485
08/03/2008 18:00:00,         8.351907
08/03/2008 19:00:00,         8.393028
08/03/2008 20:00:00,         8.665689
08/03/2008 21:00:00,         7.784080
08/03/2008 22:00:00,         7.293086
08/03/2008 23:00:00,         6.970560
08/04/2008 00:00:00,         6.544766
08/04/2008 01:00:00,         1.092396
08/04/2008 02:00:00,         1.803270
08/04/2008 03:00:00,         2.321710
08/04/2008 04:00:00,         2.581867
08/04/2008 05:00:00,         2.707040
08/04/2008 06:00:00,         3.115991
08/04/2008 07:00:00,         3.235567
08/04/2008 08:00:00,         3.736869
08/04/2008 09:00:00,         4.318228
08/04/2008 10:00:00,         4.810673
08/04/2008 11:00:00,         5.585499
08/04/2008 12:00:00,         5.914636
08/04/2008 13:00:00,         7.572395
08/04/2008 14:00:00,         8.083673
08/04/2008 15:00:00,         9.547240
08/04/2008 16:00:00,         9.393088
08/04/2008 17:00:00,         9.776031
08/04/2008 18:00:00,        11.210067
08/04/2008 19:00:00,        11.639284
08/04/2008 20:00:00,        12.639866
08/04/2008 21:00:00,        13.687186
08/04/2008 22:00:00,        14.467246
08/04/2008 23:00:00,        16.277872
08/05/2008 00:00:00,        17.830064
08/05/2008 01:00:00,        17.799281
08/05/2008 02:00:00,        18.034387
08/05/2008 03:00:00,        17.998729
08/05/2008 04:00:00,        17.612034
08/05/2008 05:00:00,        17.686701
08/05/2008 06:00:00,        17.871351
08/05/2008 07:00:00,        17.980674
08/05/2008 08:00:00,        17.861140
08/05/2008 09:00:00,        15.340627
08/05/2008 10:00:00,        14.805094
08/05/2008 11:00:00,        13.126237
08/05/2008 12:00:00,        11.435851
08/05/2008 13:00:00,        10.296885
08/05/2008 14:00:00,        10.761851
08/05/2008 15:00:00,         8.509251
08/05/2008 16:00:00,         7.891496
08/05/2008 17:00:00,         7.780050
08/05/2008 18:00:00,         7.259780
08/05/2008 19:00:00,         7.565978
08/05/2008 20:00:00,         7.703428
08/05/2008 21:00:00,         8.280651
08/05/2008 22:00:00,         8.989108
08/05/2008 23:00:00,        10.530715
08/06/2008 00:00:00,        12.242069
08/06/2008 01:00:00,        48.520284
08/06/2008 02:00:00,        50.478636
08/06/2008 03:00:00,        50.489701
08/06/2008 04:00:00,        48.388680
08/06/2008 05:00:00,        47.543537
08/06/2008 06:00:00,        47.302554
08/06/2008 07:00:00,        47.300728
08/06/2008 08:00:00,        48.328420
08/06/2008 09:00:00,        47.284123
08/06/2008 10:00:00,        44.922926
08/06/2008 11:00:00,        41.059310
08/06/2008 12:00:00,        36.685313
08/06/2008 13:00:00,        33.001876
08/06/2008 14:00:00,        27.970448
08/06/2008 15:00:00,        24.147728
08/06/2008 16:00:00,        20.310984
08/06/2008 17:00:00,        17.685487
08/06/2008 18:00:00,        14.867391
08/06/2008 19:00:00,        11.885121
08/06/2008 20:00:00,         9.922329
08/06/2008 21:00:00,         8.153905
08/06/2008 22:00:00,         6.345693
08/06/2008 23:00:00,         5.216823
08/07/2008 00:00:00,         4.515108
08/07/2008 01:00:00,        16.352548
08/07/2008 02:00:00,        16.358142
08/07/2008 03:00:00,        16.887962
08/07/2008 04:00:00,        17.881341
08/07/2008 05:00:00,        17.955570
08/07/2008 06:00:00,        18.050339
08/07/2008 07:00:00,        17.629686
08/07/2008 08:00:00,        17.424418
08/07/2008 09:00:00,        17.544581
08/07/2008 10:00:00,        18.261878
08/07/2008 11:00:00,        17.933494
08/07/2008 12:00:00,        18.049795
08/07/2008 13:00:00,        18.479537
08/07/2008 14:00:00,        17.875795
08/07/2008 15:00:00,        18.114454
08/07/2008 16:00:00,        18.340742
08/07/2008 17:00:00,        18.744888
08/07/2008 18:00:00,        18.513325
08/07/2008 19:00:00,        18.328600
08/07/2008 20:00:00,        19.156118
08/07/2008 21:00:00,        20.256356
08/07/2008 22:00:00,        20.932493
08/07/2008 23:00:00,        20.574641
08/08/2008 00:00:00,        22.798450
08/08/2008 01:00:00,        25.209635
08/08/2008 02:00:00,        28.881360
08/08/2008 03:00:00,        29.760204
08/08/2008 04:00:00,        31.002971
08/08/2008 05:00:00,        34.877806
08/08/2008 06:00:00,        35.254268
08/08/2008 07:00:00,        34.043305
08/08/2008 08:00:00,        37.247284
08/08/2008 09:00:00,        40.503702
08/08/2008 10:00:00,        41.607512
08/08/2008 11:00:00,        42.741238
08/08/2008 12:00:00,        45.557228
08/08/2008 13:00:00,        47.011950
08/08/2008 14:00:00,        47.329906
08/08/2008 15:00:00,        45.966972
08/08/2008 16:00:00,        44.754790
08/08/2008 17:00:00,        43.737456
08/08/2008 18:00:00,        41.593731
08/08/2008 19:00:00,        40.338177
08/08/2008 20:00:00,        38.858044
08/08/2008 21:00:00,        36.883145
08/08/2008 22:00:00,        35.641326
08/08/2008 23:00:00,        33.884722
08/09/2008 00:00:00,        32.481910
08/09/2008 01:00:00,        19.360110
08/09/2008 02:00:00,        20.267534
08/09/2008 03:00:00,        20.234940
08/09/2008 04:00:00,        20.148160
08/09/2008 05:00:00,        19.589362
08/09/2008 06:00:00,        19.546667
08/09/2008 07:00:00,        20.532420
08/09/2008 08:00:00,        22.767525
08/09/2008 09:00:00,        26.312672
08/09/2008 10:00:00,        30.343005
08/09/2008 11:00:00,        30.500276
08/09/2008 12:00:00,        30.854239
08/09/2008 13:00:00,        29.480039
08/09/2008 14:00:00,        29.415838
08/09/2008 15:00:00,        27.241664
08/09/2008 16:00:00,        30.566713
08/09/2008 17:00:00,        29.356622
08/09/2008 18:00:00,        34.072445
08/09/2008 19:00:00,        34.413439
08/09/2008 20:00:00,        34.090966
08/09/2008 21:00:00,        34.239014
08/09/2008 22:00:00,        31.776904
08/09/2008 23:00:00,        28.431408
08/10/2008 00:00:00,        31.436631
08/10/2008 01:00:00,        29.656362
08/10/2008 02:00:00,        30.730601
08/10/2008 03:00:00,        30.141468
08/10/2008 04:00:00,        30.192235
08/10/2008 05:00:00,        29.958771
08/10/2008 06:00:00,        28.275008
08/10/2008 07:00:00,        26.730087
08/10/2008 08:00:00,        25.058307
08/10/2008 09:00:00,        26.936989
08/10/2008 10:00:00,        27.428741
08/10/2008 11:00:00,        24.268016
08/10/2008 12:00:00,        21.819738
08/10/2008 13:00:00,        23.857800
08/10/2008 14:00:00,        27.100444
08/10/2008 15:00:00,        31.056903
08/10/2008 16:00:00,        33.791250
08/10/2008 17:00:00,        36.934647
08/10/2008 18:00:00,        42.290092
08/10/2008 19:00:00,        46.862178
08/10/2008 20:00:00,        47.723335
08/10/2008 21:00:00,        51.942650
08/10/2008 22:00:00,        52.715753
08/10/2008 23:00:00,        55.062023
08/11/2008 00:00:00,        60.280227
08/11/2008 01:00:00,        40.743652
08/11/2008 02:00:00,        37.956434
08/11/2008 03:00:00,        35.143531
08/11/2008 04:00:00,        32.215750
08/11/2008 05:00:00,        30.515675
08/11/2008 06:00:00,        28.093562
08/11/2008 07:00:00,        26.271789
08/11/2008 08:00:00,        24.213488
08/11/2008 09:00:00,        21.695969
08/11/2008 10:00:00,        18.539657
08/11/2008 11:00:00,        16.614078
08/11/2008 12:00:00,        15.230652
08/11/2008 13:00:00,        13.556021
08/11/2008 14:00:00,        12.901404
08/11/2008 15:00:00,        12.746055
08/11/2008 16:00:00,        12.597191
08/11/2008 17:00:00,        12.213062
08/11/2008 18:00:00,        11.349198
08/11/2008 19:00:00,        11.816334
08/11/2008 20:00:00,        12.386681
08/11/2008 21:00:00,        12.533812
08/11/2008 22:00:00,        12.177122
08/11/2008 23:00:00,        12.295950
08/12/2008 00:00:00,        12.126927
08/12/2008 01:00:00,         4.063143
08/12/2008 02:00:00,         4.490155
08/12/2008 03:00:00,         4.403530
08/12/2008 04:00:00,         4.125845
08/12/2008 05:00:00,         3.976147
08/12/2008 06:00:00,         3.666920
08/12/2008 07:00:00,         3.383586
08/12/2008 08:00:00,         3.214756
08/12/2008 09:00:00,         3.103466
08/12/2008 10:00:00,         3.021296
08/12/2008 11:00:00,         3.208529
08/12/2008 12:00:00,         3.451602
08/12/2008 13:00:00,         3.437064
08/12/2008 14:00:00,         3.381179
08/12/2008 15:00:00,         3.048000
08/12/2008 16:00:00,         2.947381
08/12/2008 17:00:00,         2.780925
08/12/2008 18:00:00,         2.583943
08/12/2008 19:00:00,         2.674089
08/12/2008 20:00:00,         2.956120
08/12/2008 21:00:00,         3.216605
08/12/2008 22:00:00,         3.583815
08/12/2008 23:00:00,         3.795012
08/13/2008 00:00:00,         3.985517
08/13/2008 01:00:00,         6.354168
08/13/2008 02:00:00,         7.915362
08/13/2008 03:00:00,        10.201303
08/13/2008 04:00:00,        11.730990
08/13/2008 05:00:00,        12.521802
08/13/2008 06:00:00,        12.837490
08/13/2008 07:00:00,        12.601454
08/13/2008 08:00:00,        13.139549
08/13/2008 09:00:00,        13.711265
08/13/2008 10:00:00,        14.311266
08/13/2008 11:00:00,        13.149708
08/13/2008 12:00:00,        12.917022
08/13/2008 13:00:00,        11.166252
08/13/2008 14:00:00,         9.946924
08/13/2008 15:00:00,         9.071491
08/13/2008 16:00:00,         7.492746
08/13/2008 17:00:00,         5.837803
08/13/2008 18:00:00,         4.188992
08/13/2008 19:00:00,         5.398029
08/13/2008 20:00:00,         5.748848
08/13/2008 21:00:00,         3.539547
08/13/2008 22:00:00,         3.718388
08/13/2008 23:00:00,         4.663650
08/14/2008 00:00:00,         4.039161
08/14/2008 01:00:00,         0.577129
08/14/2008 02:00:00,         0.535584
08/14/2008 03:00:00,         0.666101
08/14/2008 04:00:00,         0.989718
08/14/2008 05:00:00,         1.230959
08/14/2008 06:00:00,         1.520087
08/14/2008 07:00:00,         1.569430
08/14/2008 08:00:00,         1.682629
08/14/2008 09:00:00,         1.794178
08/14/2008 10:00:00,         2.068535
08/14/2008 11:00:00,         2.983489
08/14/2008 12:00:00,         4.628017
08/14/2008 13:00:00,         6.579762
08/14/2008 14:00:00,         9.265250
08/14/2008 15:00:00,        11.661493
08/14/2008 16:00:00,        13.924885
08/14/2008 17:00:00,        15.526846
08/14/2008 18:00:00,        17.048312
08/14/2008 19:00:00,        18.505410
08/14/2008 20:00:00,        20.393664
08/14/2008 21:00:00,        22.251619
08/14/2008 22:00:00,        23.882972
08/14/2008 23:00:00,        25.299609
08/15/2008 00:00:00,        26.540263
08/15/2008 01:00:00,         9.731562
08/15/2008 02:00:00,         8.789285
08/15/2008 03:00:00,         7.814160
08/15/2008 04:00:00,         6.606236
08/15/2008 05:00:00,         5.910195
08/15/2008 06:00:00,         5.515820
08/15/2008 07:00:00,         5.120048
08/15/2008 08:00:00,         3.812645
08/15/2008 09:00:00,         2.810747
08/15/2008 10:00:00,         2.737909
08/15/2008 11:00:00,         3.424249
08/15/2008 12:00:00,         4.935043
08/15/2008 13:00:00,         5.960589
08/15/2008 14:00:00,         7.270916
08/15/2008 15:00:00,         8.539842
08/15/2008 16:00:00,         9.843714
08/15/2008 17:00:00,        10.735861
08/15/2008 18:00:00,        10.954921
08/15/2008 19:00:00,        11.123131
08/15/2008 20:00:00,        12.041567
08/15/2008 21:00:00,        13.155016
08/15/2008 22:00:00,        14.109048
08/15/2008 23:00:00,        14.327633
08/16/2008 00:00:00,        14.604448
08/16/2008 01:00:00,        10.458941
08/16/2008 02:00:00,        10.810785
08/16/2008 03:00:00,        11.240503
08/16/2008 04:00:00,        12.238341
08/16/2008 05:00:00,        12.486700
08/16/2008 06:00:00,        12.701874
08/16/2008 07:00:00,        12.902689
08/16/2008 08:00:00,        13.864498
08/16/2008 09:00:00,        14.359963
08/16/2008 10:00:00,        15.335335
08/16/2008 11:00:00,        15.839522
08/16/2008 12:00:00,        15.628425
08/16/2008 13:00:00,        15.304085
08/16/2008 14:00:00,        15.282033
08/16/2008 15:00:00,        15.739674
08/16/2008 16:00:00,        16.731201
08/16/2008 17:00:00,        17.412952
08/16/2008 18:00:00,        19.607782
08/16/2008 19:00:00,        20.412032
08/16/2008 20:00:00,        21.726971
08/16/2008 21:00:00,        23.382738
08/16/2008 22:00:00,        25.510071
08/16/2008 23:00:00,        28.159864
08/17/2008 00:00:00,        30.689868
08/17/2008 01:00:00,        30.880786
08/17/2008 02:00:00,        30.930760
08/17/2008 03:00:00,        31.371838
08/17/2008 04:00:00,        30.890256
08/17/2008 05:00:00,        30.773371
08/17/2008 06:00:00,        29.786541
08/17/2008 07:00:00,        28.736370
08/17/2008 08:00:00,        23.142148
08/17/2008 09:00:00,        20.408826
08/17/2008 10:00:00,        18.702766
08/17/2008 11:00:00,        17.611752
08/17/2008 12:00:00,        15.396435
08/17/2008 13:00:00,        14.186014
08/17/2008 14:00:00,        12.941972
08/17/2008 15:00:00,        11.964814
08/17/2008 16:00:00,        10.872018
08/17/2008 17:00:00,        10.633540
08/17/2008 18:00:00,        10.965275
08/17/2008 19:00:00,        11.311232
08/17/2008 20:00:00,        12.199844
08/17/2008 21:00:00,        12.803039
08/17/2008 22:00:00,        13.790814
08/17/2008 23:00:00,        14.826451
08/18/2008 00:00:00,        18.333004
08/18/2008 01:00:00,        58.339697
08/18/2008 02:00:00,        55.726243
08/18/2008 03:00:00,        60.372622
08/18/2008 04:00:00,        60.762696
08/18/2008 05:00:00,        63.142244
08/18/2008 06:00:00,        64.617148
08/18/2008 07:00:00,        63.477938
08/18/2008 08:00:00,        64.684797
08/18/2008 09:00:00,        67.530444
08/18/2008 10:00:00,        69.546771
08/18/2008 11:00:00,        69.839411
08/18/2008 12:00:00,        70.109564
08/18/2008 13:00:00,        68.242745
08/18/2008 14:00:00,        65.956058
08/18/2008 15:00:00,        62.738232
08/18/2008 16:00:00,        57.127487
08/18/2008 17:00:00,        52.133098
08/18/2008 18:00:00,        48.373396
08/18/2008 19:00:00,        46.259239
08/18/2008 20:00:00,        44.903193
08/18/2008 21:00:00,        43.339835
08/18/2008 22:00:00,        36.518124
08/18/2008 23:00:00,        30.802921
08/19/2008 00:00:00,        26.224404
08/19/2008 01:00:00,        54.712851
08/19/2008 02:00:00,        58.021748
08/19/2008 03:00:00,        60.309707
08/19/2008 04:00:00,        63.666716
08/19/2008 05:00:00,        65.415530
08/19/2008 06:00:00,        63.382070
08/19/2008 07:00:00,        62.373528
08/19/2008 08:00:00,        60.428305
08/19/2008 09:00:00,        57.712582
08/19/2008 10:00:00,        56.339394
08/19/2008 11:00:00,        53.181056
08/19/2008 12:00:00,        49.669605
08/19/2008 13:00:00,        45.430497
08/19/2008 14:00:00,        40.055168
08/19/2008 15:00:00,        34.902433
08/19/2008 16:00:00,        30.071191
08/19/2008 17:00:00,        24.980247
08/19/2008 18:00:00,        20.482238
08/19/2008 19:00:00,        19.077825
08/19/2008 20:00:00,        18.173141
08/19/2008 21:00:00,        18.136866
08/19/2008 22:00:00,        18.090753
08/19/2008 23:00:00,        17.985964
08/20/2008 00:00:00,        17.600580
08/20/2008 01:00:00,         9.073357
08/20/2008 02:00:00,         8.771594
08/20/2008 03:00:00,         8.635509
08/20/2008 04:00:00,         8.301980
08/20/2008 05:00:00,         8.309163
08/20/2008 06:00:00,         7.811881
08/20/2008 07:00:00,         7.020113
08/20/2008 08:00:00,         5.918421
08/20/2008 09:00:00,         5.062437
08/20/2008 10:00:00,         4.436931
08/20/2008 11:00:00,         3.964358
08/20/2008 12:00:00,         3.587351
08/20/2008 13:00:00,         3.153076
08/20/2008 14:00:00,         2.652274
08/20/2008 15:00:00,         2.181316
08/20/2008 16:00:00,         1.740604
08/20/2008 17:00:00,         1.412581
08/20/2008 18:00:00,         0.758579
08/20/2008 19:00:00,         0.357924
08/20/2008 20:00:00,         0.301633
08/20/2008 21:00:00,         0.313911
08/20/2008 22:00:00,         0.351098
08/20/2008 23:00:00,         0.373347
08/21/2008 00:00:00,         0.386956
08/21/2008 01:00:00,         8.180708
08/21/2008 02:00:00,         8.817023
08/21/2008 03:00:00,         9.655875
08/21/2008 04:00:00,         9.874610
08/21/2008 05:00:00,         9.750629
08/21/2008 06:00:00,        10.023651
08/21/2008 07:00:00,         9.672979
08/21/2008 08:00:00,         9.772327
08/21/2008 09:00:00,        10.153631
08/21/2008 10:00:00,        10.022334
08/21/2008 11:00:00,        10.191602
08/21/2008 12:00:00,         9.578947
08/21/2008 13:00:00,         7.377797
08/21/2008 14:00:00,         5.941578
08/21/2008 15:00:00,         4.596002
08/21/2008 16:00:00,         3.050762
08/21/2008 17:00:00,         2.116526
08/21/2008 18:00:00,         1.662921
08/21/2008 19:00:00,         0.910073
08/21/2008 20:00:00,         1.089116
08/21/2008 21:00:00,         2.089229
08/21/2008 22:00:00,         3.366374
08/21/2008 23:00:00,         4.603915
08/22/2008 00:00:00,         5.911003
08/22/2008 01:00:00,        63.189380
08/22/2008 02:00:00,        64.818397
08/22/2008 03:00:00,        66.531931
08/22/2008 04:00:00,        69.778964
08/22/2008 05:00:00,        73.368555
08/22/2008 06:00:00,        73.961926
08/22/2008 07:00:00,        72.474314
08/22/2008 08:00:00,        75.326105
08/22/2008 09:00:00,        74.202120
08/22/2008 10:00:00,        71.853437
08/22/2008 11:00:00,        69.574193
08/22/2008 12:00:00,        67.324964
08/22/2008 13:00:00,        66.400722
08/22/2008 14:00:00,        66.075352
08/22/2008 15:00:00,        63.970092
08/22/2008 16:00:00,        62.063415
08/22/2008 17:00:00,        62.069245
08/22/2008 18:00:00,        61.597815
08/22/2008 19:00:00,        61.335523
08/22/2008 20:00:00,        64.074973
08/22/2008 21:00:00,        67.517056
08/22/2008 22:00:00,        71.515153
08/22/2008 23:00:00,        73.585288
08/23/2008 00:00:00,        76.575907
08/23/2008 01:00:00,        82.471434
08/23/2008 02:00:00,        81.988823
08/23/2008 03:00:00,        82.029284
08/23/2008 04:00:00,        82.090136
08/23/2008 05:00:00,        82.526389
08/23/2008 06:00:00,        83.316649
08/23/2008 07:00:00,        81.990010
08/23/2008 08:00:00,        80.336471
08/23/2008 09:00:00,        77.328646
08/23/2008 10:00:00,        74.299371
08/23/2008 11:00:00,        70.816428
08/23/2008 12:00:00,        69.458614
08/23/2008 13:00:00,        69.324005
08/23/2008 14:00:00,        69.860456
08/23/2008 15:00:00,        69.843221
08/23/2008 16:00:00,        69.154081
08/23/2008 17:00:00,        69.431239
08/23/2008 18:00:00,        70.545619
08/23/2008 19:00:00,        69.978633
08/23/2008 20:00:00,        70.910869
08/23/2008 21:00:00,        71.956512
08/23/2008 22:00:00,        73.523963
08/23/2008 23:00:00,        76.411634
08/24/2008 00:00:00,        79.780877
08/24/2008 01:00:00,        35.415699
08/24/2008 02:00:00,        33.065256
08/24/2008 03:00:00,        31.930183
08/24/2008 04:00:00,        27.676539
08/24/2008 05:00:00,        25.836368
08/24/2008 06:00:00,        22.561287
08/24/2008 07:00:00,        20.364974
08/24/2008 08:00:00,        18.188618
08/24/2008 09:00:00,        13.558425
08/24/2008 10:00:00,        12.993700
08/24/2008 11:00:00,        13.564959
08/24/2008 12:00:00,        12.374442
08/24/2008 13:00:00,        13.371413
08/24/2008 14:00:00,        14.703267
08/24/2008 15:00:00,        15.651436
08/24/2008 16:00:00,        15.507204
08/24/2008 17:00:00,        16.046775
08/24/2008 18:00:00,        17.509679
08/24/2008 19:00:00,        18.958635
08/24/2008 20:00:00,        20.609086
08/24/2008 21:00:00,        22.027918
08/24/2008 22:00:00,        23.552331
08/24/2008 23:00:00,        25.135567
08/25/2008 00:00:00,        26.159741
08/25/2008 01:00:00,        55.592047
08/25/2008 02:00:00,        55.414600
08/25/2008 03:00:00,        55.218021
08/25/2008 04:00:00,        54.273214
08/25/2008 05:00:00,        52.758925
08/25/2008 06:00:00,        51.753432
08/25/2008 07:00:00,        50.563773
08/25/2008 08:00:00,        47.613595
08/25/2008 09:00:00,        44.700997
08/25/2008 10:00:00,        41.881105
08/25/2008 11:00:00,        39.902779
08/25/2008 12:00:00,        37.411626
08/25/2008 13:00:00,        35.875024
08/25/2008 14:00:00,        33.970006
08/25/2008 15:00:00,        31.481195
08/25/2008 16:00:00,        28.855822
08/25/2008 17:00:00,        26.725873
08/25/2008 18:00:00,        24.439809
08/25/2008 19:00:00,        23.187644
08/25/2008 20:00:00,        22.421403
08/25/2008 21:00:00,        21.898291
08/25/2008 22:00:00,        21.468974
08/25/2008 23:00:00,        20.777460
08/26/2008 00:00:00,        19.388775
08/26/2008 01:00:00,         6.522048
08/26/2008 02:00:00,         5.932655
08/26/2008 03:00:00,         5.388156
08/26/2008 04:00:00,         4.639647
08/26/2008 05:00:00,         3.982556
08/26/2008 06:00:00,         3.507125
08/26/2008 07:00:00,         3.152343
08/26/2008 08:00:00,         2.415776
08/26/2008 09:00:00,         1.808004
08/26/2008 10:00:00,         1.485400
08/26/2008 11:00:00,         1.119792
08/26/2008 12:00:00,         0.981503
08/26/2008 13:00:00,         1.294621
08/26/2008 14:00:00,         1.820426
08/26/2008 15:00:00,         2.398169
08/26/2008 16:00:00,         3.113812
08/26/2008 17:00:00,         4.080482
08/26/2008 18:00:00,         5.979700
08/26/2008 19:00:00,         6.529854
08/26/2008 20:00:00,         7.399755
08/26/2008 21:00:00,         8.524032
08/26/2008 22:00:00,         9.866518
08/26/2008 23:00:00,        11.566349
08/27/2008 00:00:00,        13.705845
08/27/2008 01:00:00,        39.087382
08/27/2008 02:00:00,        40.731742
08/27/2008 03:00:00,        44.707668
08/27/2008 04:00:00,        48.976534
08/27/2008 05:00:00,        52.591866
08/27/2008 06:00:00,        54.669472
08/27/2008 07:00:00,        54.289967
08/27/2008 08:00:00,        53.470762
08/27/2008 09:00:00,        51.473486
08/27/2008 10:00:00,        48.156811
08/27/2008 11:00:00,        45.713879
08/27/2008 12:00:00,        42.728485
08/27/2008 13:00:00,        39.572249
08/27/2008 14:00:00,        36.199769
08/27/2008 15:00:00,        31.061136
08/27/2008 16:00:00,        23.070310
08/27/2008 17:00:00,        16.691471
08/27/2008 18:00:00,        11.861179
08/27/2008 19:00:00,         7.787327
08/27/2008 20:00:00,         5.923923
08/27/2008 21:00:00,         5.514518
08/27/2008 22:00:00,         5.703690
08/27/2008 23:00:00,         6.340886
08/28/2008 00:00:00,         7.296907
08/28/2008 01:00:00,        71.573180
08/28/2008 02:00:00,        71.479037
08/28/2008 03:00:00,        71.004267
08/28/2008 04:00:00,        70.692681
08/28/2008 05:00:00,        68.305610
08/28/2008 06:00:00,        65.120697
08/28/2008 07:00:00,        61.754412
08/28/2008 08:00:00,        58.070893
08/28/2008 09:00:00,        52.888756
08/28/2008 10:00:00,        47.286237
08/28/2008 11:00:00,        44.217114
08/28/2008 12:00:00,        40.838639
08/28/2008 13:00:00,        35.987747
08/28/2008 14:00:00,        32.952651
08/28/2008 15:00:00,        30.829010
08/28/2008 16:00:00,        27.944065
08/28/2008 17:00:00,        24.887590
08/28/2008 18:00:00,        24.342262
08/28/2008 19:00:00,        25.469150
08/28/2008 20:00:00,        26.540874
08/28/2008 21:00:00,        28.759102
08/28/2008 22:00:00,        30.321427
08/28/2008 23:00:00,        32.258667
08/29/2008 00:00:00,        31.542517
08/29/2008 01:00:00,        45.019661
08/29/2008 02:00:00,        47.890285
08/29/2008 03:00:00,        47.327383
08/29/2008 04:00:00,        47.973658
08/29/2008 05:00:00,        48.828614
08/29/2008 06:00:00,        48.777415
08/29/2008 07:00:00,        46.826091
08/29/2008 08:00:00,        45.696368
08/29/2008 09:00:00,        43.118369
08/29/2008 10:00:00,        40.425807
08/29/2008 11:00:00,        39.501799
08/29/2008 12:00:00,        37.461752
08/29/2008 13:00:00,        36.456453
08/29/2008 14:00:00,        33.032915
08/29/2008 15:00:00,        27.691172
08/29/2008 16:00:00,        24.612420
08/29/2008 17:00:00,        20.286274
08/29/2008 18:00:00,        17.806622
08/29/2008 19:00:00,        14.485618
08/29/2008 20:00:00,        12.899739
08/29/2008 21:00:00,        10.758670
08/29/2008 22:00:00,        10.392464
08/29/2008 23:00:00,         9.078433
08/30/2008 00:00:00,         8.076774
08/30/2008 01:00:00,         0.776383
08/30/2008 02:00:00,         0.715479
08/30/2008 03:00:00,         0.642024
08/30/2008 04:00:00,         0.580321
08/30/2008 05:00:00,         0.578802
08/30/2008 06:00:00,         0.644775
08/30/2008 07:00:00,         0.728733
08/30/2008 08:00:00,         1.046105
08/30/2008 09:00:00,         1.191322
08/30/2008 10:00:00,         1.693133
08/30/2008 11:00:00,         2.290218
08/30/2008 12:00:00,         2.937569
08/30/2008 13:00:00,         3.352818
08/30/2008 14:00:00,         3.511814
08/30/2008 15:00:00,         3.582754
08/30/2008 16:00:00,         3.784741
08/30/2008 17:00:00,         3.920910
08/30/2008 18:00:00,         4.089408
08/30/2008 19:00:00,         4.551588
08/30/2008 20:00:00,         5.096240
08/30/2008 21:00:00,         5.506938
08/30/2008 22:00:00,         5.471373
08/30/2008 23:00:00,         5.036065
08/31/2008 00:00:00,         4.455526
08/31/2008 01:00:00,         4.575079
08/31/2008 02:00:00,         4.320358
08/31/2008 03:00:00,         4.584068
08/31/2008 04:00:00,         4.310527
08/31/2008 05:00:00,         4.102838
08/31/2008 06:00:00,         3.789871
08/31/2008 07:00:00,         3.559677
08/31/2008 08:00:00,         3.073869
08/31/2008 09:00:00,         2.584044
08/31/2008 10:00:00,         2.338633
08/31/2008 11:00:00,         2.300653
08/31/2008 12:00:00,         2.362723
08/31/2008 13:00:00,         2.327142
08/31/2008 14:00:00,         2.344029
08/31/2008 15:00:00,         2.183586
08/31/2008 16:00:00,         1.905418
08/31/2008 17:00:00,         1.611909
08/31/2008 18:00:00,         1.265995
08/31/2008 19:00:00,         0.937653
08/31/2008 20:00:00,         0.682929
08/31/2008 21:00:00,         0.509377
08/31/2008 22:00:00,         0.384074
08/31/2008 23:00:00,         0.291878
09/01/2008 00:00:00,         4.173386
09/01/2008 01:00:00,         4.163240
09/01/2008 02:00:00,         4.166273
09/01/2008 03:00:00,         4.055950
09/01/2008 04:00:00,         4.194935
09/01/2008 05:00:00,         4.264430
09/01/2008 06:00:00,         4.532739
09/01/2008 07:00:00,         5.111742
09/01/2008 08:00:00,         5.365887
09/01/2008 09:00:00,         5.833410
09/01/2008 10:00:00,         5.980505
09/01/2008 11:00:00,         5.717712
09/01/2008 12:00:00,         5.079656
09/01/2008 13:00:00,         5.159131
09/01/2008 14:00:00,         4.848942
09/01/2008 15:00:00,         4.520160
09/01/2008 16:00:00,         3.953627
09/01/2008 17:00:00,         3.392412
09/01/2008 18:00:00,         2.938033
09/01/2008 19:00:00,         2.440025
09/01/2008 20:00:00,         2.111204
09/01/2008 21:00:00,         1.931487
09/01/2008 22:00:00,         1.714325
09/01/2008 23:00:00,         1.557258
09/02/2008 00:00:00,         1.535246
09/02/2008 01:00:00,        18.551147
09/02/2008 02:00:00,        19.678723
09/02/2008 03:00:00,        19.238796
09/02/2008 04:00:00,        18.828670
09/02/2008 05:00:00,        18.140064
09/02/2008 06:00:00,        17.409754
09/02/2008 07:00:00,        18.237107
09/02/2008 08:00:00,        18.286356
09/02/2008 09:00:00,        17.714691
09/02/2008 10:00:00,        16.221841
09/02/2008 11:00:00,        14.283548
09/02/2008 12:00:00,        12.021654
09/02/2008 13:00:00,        10.727365
09/02/2008 14:00:00,         7.628995
09/02/2008 15:00:00,         5.270708
09/02/2008 16:00:00,         3.703891
09/02/2008 17:00:00,         2.532642
09/02/2008 18:00:00,         1.890370
09/02/2008 19:00:00,         1.525719
09/02/2008 20:00:00,         1.528279
09/02/2008 21:00:00,         1.719834
09/02/2008 22:00:00,         2.008469
09/02/2008 23:00:00,         2.249380
09/03/2008 00:00:00,         2.243116
09/03/2008 01:00:00,         1.950329
09/03/2008 02:00:00,         3.055127
09/03/2008 03:00:00,         4.348506
09/03/2008 04:00:00,         6.116294
09/03/2008 05:00:00,         7.820016
09/03/2008 06:00:00,         9.143991
09/03/2008 07:00:00,         9.597234
09/03/2008 08:00:00,        10.398628
09/03/2008 09:00:00,        11.478991
09/03/2008 10:00:00,        12.784829
09/03/2008 11:00:00,        13.486725
09/03/2008 12:00:00,        13.874825
09/03/2008 13:00:00,        13.954968
09/03/2008 14:00:00,        15.094406
09/03/2008 15:00:00,        15.696795
09/03/2008 16:00:00,        15.608003
09/03/2008 17:00:00,        14.945524
09/03/2008 18:00:00,        14.222120
09/03/2008 19:00:00,        13.627788
09/03/2008 20:00:00,        14.099164
09/03/2008 21:00:00,        14.713810
09/03/2008 22:00:00,        14.991888
09/03/2008 23:00:00,        15.917583
09/04/2008 00:00:00,        16.678367
09/04/2008 01:00:00,        56.201603
09/04/2008 02:00:00,        55.519197
09/04/2008 03:00:00,        55.734108
09/04/2008 04:00:00,        55.798054
09/04/2008 05:00:00,        55.695036
09/04/2008 06:00:00,        54.483240
09/04/2008 07:00:00,        52.248182
09/04/2008 08:00:00,        49.529346
09/04/2008 09:00:00,        46.472139
09/04/2008 10:00:00,        41.760865
09/04/2008 11:00:00,        37.446529
09/04/2008 12:00:00,        34.958059
09/04/2008 13:00:00,        33.634181
09/04/2008 14:00:00,        31.045327
09/04/2008 15:00:00,        28.472907
09/04/2008 16:00:00,        25.702554
09/04/2008 17:00:00,        24.057595
09/04/2008 18:00:00,        22.934597
09/04/2008 19:00:00,        21.867526
09/04/2008 20:00:00,        21.449910
09/04/2008 21:00:00,        22.933415
09/04/2008 22:00:00,        23.456946
09/04/2008 23:00:00,        25.655097
09/05/2008 00:00:00,        26.541524
09/05/2008 01:00:00,        52.760688
09/05/2008 02:00:00,        58.033572
09/05/2008 03:00:00,        62.420359
09/05/2008 04:00:00,        67.899408
09/05/2008 05:00:00,        68.270645
09/05/2008 06:00:00,        71.824542
09/05/2008 07:00:00,        73.770808
09/05/2008 08:00:00,        74.753264
09/05/2008 09:00:00,        79.070684
09/05/2008 10:00:00,        84.813533
09/05/2008 11:00:00,        89.082919
09/05/2008 12:00:00,        88.369317
09/05/2008 13:00:00,        85.270542
09/05/2008 14:00:00,        82.102865
09/05/2008 15:00:00,        77.729826
09/05/2008 16:00:00,        72.359886
09/05/2008 17:00:00,        65.850894
09/05/2008 18:00:00,        58.164620
09/05/2008 19:00:00,        54.606539
09/05/2008 20:00:00,        49.205249
09/05/2008 21:00:00,        46.047711
09/05/2008 22:00:00,        39.951423
09/05/2008 23:00:00,        32.979653
09/06/2008 00:00:00,        25.710720
09/06/2008 01:00:00,        20.180828
09/06/2008 02:00:00,        19.349362
09/06/2008 03:00:00,        18.371726
09/06/2008 04:00:00,        17.314040
09/06/2008 05:00:00,        16.054738
09/06/2008 06:00:00,        14.822054
09/06/2008 07:00:00,        14.316281
09/06/2008 08:00:00,        14.327778
09/06/2008 09:00:00,        14.017320
09/06/2008 10:00:00,        13.108795
09/06/2008 11:00:00,        11.262660
09/06/2008 12:00:00,         9.410280
09/06/2008 13:00:00,         8.059506
09/06/2008 14:00:00,         7.165029
09/06/2008 15:00:00,         6.731031
09/06/2008 16:00:00,         6.255112
09/06/2008 17:00:00,         6.021306
09/06/2008 18:00:00,         5.789231
09/06/2008 19:00:00,         5.993225
09/06/2008 20:00:00,         5.742927
09/06/2008 21:00:00,         6.138888
09/06/2008 22:00:00,         6.608249
09/06/2008 23:00:00,         6.334946
09/07/2008 00:00:00,         6.219685
09/07/2008 01:00:00,         0.574995
09/07/2008 02:00:00,         0.715787
09/07/2008 03:00:00,         1.098817
09/07/2008 04:00:00,         1.966640
09/07/2008 05:00:00,         2.935412
09/07/2008 06:00:00,         4.807823
09/07/2008 07:00:00,         7.167104
09/07/2008 08:00:00,         9.543496
09/07/2008 09:00:00,        12.347890
09/07/2008 10:00:00,        16.652942
09/07/2008 11:00:00,        20.495893
09/07/2008 12:00:00,        22.508384
09/07/2008 13:00:00,        26.607499
09/07/2008 14:00:00,        29.300816
09/07/2008 15:00:00,        32.592872
09/07/2008 16:00:00,        34.490454
09/07/2008 17:00:00,        35.306776
09/07/2008 18:00:00,        35.576037
09/07/2008 19:00:00,        37.164907
09/07/2008 20:00:00,        37.544936
09/07/2008 21:00:00,        37.613782
09/07/2008 22:00:00,        37.668475
09/07/2008 23:00:00,        36.967525
09/08/2008 00:00:00,        38.393507
09/08/2008 01:00:00,        34.563915
09/08/2008 02:00:00,        35.064655
09/08/2008 03:00:00,        35.669921
09/08/2008 04:00:00,        39.611946
09/08/2008 05:00:00,        40.504678
09/08/2008 06:00:00,        42.471875
09/08/2008 07:00:00,        43.828943
09/08/2008 08:00:00,        45.851606
09/08/2008 09:00:00,        47.913447
09/08/2008 10:00:00,        47.205681
09/08/2008 11:00:00,        47.197569
09/08/2008 12:00:00,        46.119384
09/08/2008 13:00:00,        44.735680
09/08/2008 14:00:00,        43.580235
09/08/2008 15:00:00,        40.180898
09/08/2008 16:00:00,        35.913642
09/08/2008 17:00:00,        30.878277
09/08/2008 18:00:00,        26.941782
09/08/2008 19:00:00,        24.634160
09/08/2008 20:00:00,        20.515280
09/08/2008 21:00:00,        15.988874
09/08/2008 22:00:00,        12.310792
09/08/2008 23:00:00,         9.292338
09/09/2008 00:00:00,         6.954796
09/09/2008 01:00:00,         2.516121
09/09/2008 02:00:00,         2.662626
09/09/2008 03:00:00,         2.274526
09/09/2008 04:00:00,         2.185282
09/09/2008 05:00:00,         2.206209
09/09/2008 06:00:00,         4.197598
09/09/2008 07:00:00,         8.854633
09/09/2008 08:00:00,        10.438971
09/09/2008 09:00:00,        13.106057
09/09/2008 10:00:00,        16.130491
09/09/2008 11:00:00,        19.909411
09/09/2008 12:00:00,        24.045675
09/09/2008 13:00:00,        28.194615
09/09/2008 14:00:00,        31.753741
09/09/2008 15:00:00,        34.651462
09/09/2008 16:00:00,        36.876787
09/09/2008 17:00:00,        39.313829
09/09/2008 18:00:00,        40.763690
09/09/2008 19:00:00,        41.016323
09/09/2008 20:00:00,        38.876294
09/09/2008 21:00:00,        41.111537
09/09/2008 22:00:00,        41.668542
09/09/2008 23:00:00,        40.693883
09/10/2008 00:00:00,        39.185381
09/10/2008 01:00:00,         7.361997
09/10/2008 02:00:00,         7.222130
09/10/2008 03:00:00,         6.596908
09/10/2008 04:00:00,         6.548225
09/10/2008 05:00:00,         5.976819
09/10/2008 06:00:00,         5.736783
09/10/2008 07:00:00,         5.019174
09/10/2008 08:00:00,         4.470620
09/10/2008 09:00:00,         4.028765
09/10/2008 10:00:00,         3.528299
09/10/2008 11:00:00,         3.120393
09/10/2008 12:00:00,         2.418580
09/10/2008 13:00:00,         1.462570
09/10/2008 14:00:00,         0.980507
09/10/2008 15:00:00,         0.735985
09/10/2008 16:00:00,         0.597808
09/10/2008 17:00:00,         0.394985
09/10/2008 18:00:00,         0.425110
09/10/2008 19:00:00,         0.432009
09/10/2008 20:00:00,         0.386863
09/10/2008 21:00:00,         0.451288
09/10/2008 22:00:00,         0.455358
09/10/2008 23:00:00,         0.507485
09/11/2008 00:00:00,         0.603292
09/11/2008 01:00:00,        14.082938
09/11/2008 02:00:00,        16.654584
09/11/2008 03:00:00,        17.731715
09/11/2008 04:00:00,        17.877479
09/11/2008 05:00:00,        18.712447
09/11/2008 06:00:00,        19.107131
09/11/2008 07:00:00,        19.317147
09/11/2008 08:00:00,        20.201602
09/11/2008 09:00:00,        20.940238
09/11/2008 10:00:00,        20.958460
09/11/2008 11:00:00,        19.959821
09/11/2008 12:00:00,        19.263478
09/11/2008 13:00:00,        16.471093
09/11/2008 14:00:00,        13.333580
09/11/2008 15:00:00,        10.262590
09/11/2008 16:00:00,         7.790466
09/11/2008 17:00:00,         6.458810
09/11/2008 18:00:00,         4.762841
09/11/2008 19:00:00,         3.427822
09/11/2008 20:00:00,         2.689877
09/11/2008 21:00:00,         3.193273
09/11/2008 22:00:00,         4.374070
09/11/2008 23:00:00,         6.210652
09/12/2008 00:00:00,         7.701659
09/12/2008 01:00:00,        44.571301
09/12/2008 02:00:00,        48.478203
09/12/2008 03:00:00,        53.079630
09/12/2008 04:00:00,        58.338573
09/12/2008 05:00:00,        63.602570
09/12/2008 06:00:00,        66.311667
09/12/2008 07:00:00,        67.794828
09/12/2008 08:00:00,        72.113962
09/12/2008 09:00:00,        75.850878
09/12/2008 10:00:00,        75.930325
09/12/2008 11:00:00,        73.084105
09/12/2008 12:00:00,        71.281654
09/12/2008 13:00:00,        67.882690
09/12/2008 14:00:00,        62.023676
09/12/2008 15:00:00,        56.890833
09/12/2008 16:00:00,        49.382506
09/12/2008 17:00:00,        42.456393
09/12/2008 18:00:00,        34.965445
09/12/2008 19:00:00,        30.733568
09/12/2008 20:00:00,        26.954864
09/12/2008 21:00:00,        23.595564
09/12/2008 22:00:00,        19.787320
09/12/2008 23:00:00,        16.666626
09/13/2008 00:00:00,        14.586243
09/13/2008 01:00:00,         1.345874
09/13/2008 02:00:00,         1.332744
09/13/2008 03:00:00,         1.143310
09/13/2008 04:00:00,         1.004047
09/13/2008 05:00:00,         0.878725
09/13/2008 06:00:00,         0.843979
09/13/2008 07:00:00,         0.710490
09/13/2008 08:00:00,         0.439591
09/13/2008 09:00:00,         0.289272
09/13/2008 10:00:00,         0.228627
09/13/2008 11:00:00,         0.225681
09/13/2008 12:00:00,         0.225600
09/13/2008 13:00:00,         0.354887
09/13/2008 14:00:00,         0.578826
09/13/2008 15:00:00,         0.996355
09/13/2008 16:00:00,         2.301225
09/13/2008 17:00:00,         3.318249
09/13/2008 18:00:00,         5.558007
09/13/2008 19:00:00,         6.830966
09/13/2008 20:00:00,         8.476285
09/13/2008 21:00:00,        10.526774
09/13/2008 22:00:00,        12.228095
09/13/2008 23:00:00,        14.942104
09/14/2008 00:00:00,        18.148521
09/14/2008 01:00:00,        83.084058
09/14/2008 02:00:00,        85.320337
09/14/2008 03:00:00,        88.028364
09/14/2008 04:00:00,        89.430429
09/14/2008 05:00:00,        90.675563
09/14/2008 06:00:00,        91.409314
09/14/2008 07:00:00,        90.921706
09/14/2008 08:00:00,        90.360559
09/14/2008 09:00:00,        87.446432
09/14/2008 10:00:00,        82.827114
09/14/2008 11:00:00,        76.840591
09/14/2008 12:00:00,        70.502307
09/14/2008 13:00:00,        64.157730
09/14/2008 14:00:00,        57.587483
09/14/2008 15:00:00,        51.677610
09/14/2008 16:00:00,        47.982302
09/14/2008 17:00:00,        45.139784
09/14/2008 18:00:00,        41.349993
09/14/2008 19:00:00,        38.140003
09/14/2008 20:00:00,        35.365127
09/14/2008 21:00:00,        33.966114
09/14/2008 22:00:00,        32.603498
09/14/2008 23:00:00,        34.958735
09/15/2008 00:00:00,        39.542881
09/15/2008 01:00:00,        91.164570
09/15/2008 02:00:00,        90.243040
09/15/2008 03:00:00,        88.931355
09/15/2008 04:00:00,        86.992808
09/15/2008 05:00:00,        84.619323
09/15/2008 06:00:00,        82.843144
09/15/2008 07:00:00,        78.834188
09/15/2008 08:00:00,        74.651032
09/15/2008 09:00:00,        69.687387
09/15/2008 10:00:00,        63.762987
09/15/2008 11:00:00,        59.123552
09/15/2008 12:00:00,        53.367289
09/15/2008 13:00:00,        47.747155
09/15/2008 14:00:00,        42.356906
09/15/2008 15:00:00,        37.301816
09/15/2008 16:00:00,        33.042551
09/15/2008 17:00:00,        29.828962
09/15/2008 18:00:00,        26.853836
09/15/2008 19:00:00,        23.389398
09/15/2008 20:00:00,        21.232915
09/15/2008 21:00:00,        19.604895
09/15/2008 22:00:00,        18.224729
09/15/2008 23:00:00,        17.444110
09/16/2008 00:00:00,        16.735571
09/16/2008 01:00:00,         4.662684
09/16/2008 02:00:00,         4.382317
09/16/2008 03:00:00,         3.914780
09/16/2008 04:00:00,         3.561799
09/16/2008 05:00:00,         3.236789
09/16/2008 06:00:00,         2.807503
09/16/2008 07:00:00,         2.455500
09/16/2008 08:00:00,         1.634653
09/16/2008 09:00:00,         1.073043
09/16/2008 10:00:00,         0.861770
09/16/2008 11:00:00,         1.313476
09/16/2008 12:00:00,         2.209148
09/16/2008 13:00:00,         3.597370
09/16/2008 14:00:00,         5.361610
09/16/2008 15:00:00,         7.297365
09/16/2008 16:00:00,         9.478504
09/16/2008 17:00:00,        11.599965
09/16/2008 18:00:00,        14.171930
09/16/2008 19:00:00,        16.093083
09/16/2008 20:00:00,        18.352842
09/16/2008 21:00:00,        20.775629
09/16/2008 22:00:00,        23.761502
09/16/2008 23:00:00,        26.645128
09/17/2008 00:00:00,        29.806267
09/17/2008 01:00:00,        62.541259
09/17/2008 02:00:00,        63.184004
09/17/2008 03:00:00,        64.364502
09/17/2008 04:00:00,        65.991100
09/17/2008 05:00:00,        68.116696
09/17/2008 06:00:00,        69.681385
09/17/2008 07:00:00,        70.464367
09/17/2008 08:00:00,        71.864964
09/17/2008 09:00:00,        71.629708
09/17/2008 10:00:00,        69.656997
09/17/2008 11:00:00,        66.529093
09/17/2008 12:00:00,        62.971778
09/17/2008 13:00:00,        58.830719
09/17/2008 14:00:00,        54.038163
09/17/2008 15:00:00,        49.518326
09/17/2008 16:00:00,        44.975081
09/17/2008 17:00:00,        40.384725
09/17/2008 18:00:00,        34.748886
09/17/2008 19:00:00,        31.178124
09/17/2008 20:00:00,        27.844288
09/17/2008 21:00:00,        24.431109
09/17/2008 22:00:00,        21.232764
09/17/2008 23:00:00,        18.896939
09/18/2008 00:00:00,        17.606087
09/18/2008 01:00:00,        40.987863
09/18/2008 02:00:00,        43.824645
09/18/2008 03:00:00,        45.960498
09/18/2008 04:00:00,        47.595428
09/18/2008 05:00:00,        48.701265
09/18/2008 06:00:00,        49.114163
09/18/2008 07:00:00,        47.533661
09/18/2008 08:00:00,        47.417229
09/18/2008 09:00:00,        45.862474
09/18/2008 10:00:00,        42.937156
09/18/2008 11:00:00,        39.429456
09/18/2008 12:00:00,        36.229862
09/18/2008 13:00:00,        33.250093
09/18/2008 14:00:00,        30.033262
09/18/2008 15:00:00,        25.485389
09/18/2008 16:00:00,        21.164654
09/18/2008 17:00:00,        17.353358
09/18/2008 18:00:00,        14.547549
09/18/2008 19:00:00,        11.098699
09/18/2008 20:00:00,         9.251079
09/18/2008 21:00:00,         8.270372
09/18/2008 22:00:00,         7.878998
09/18/2008 23:00:00,         8.192926
09/19/2008 00:00:00,         8.947888
09/19/2008 01:00:00,        58.659040
09/19/2008 02:00:00,        61.483304
09/19/2008 03:00:00,        63.637493
09/19/2008 04:00:00,        65.432405
09/19/2008 05:00:00,        67.461702
09/19/2008 06:00:00,        69.224474
09/19/2008 07:00:00,        69.983761
09/19/2008 08:00:00,        70.479645
09/19/2008 09:00:00,        68.736276
09/19/2008 10:00:00,        66.523356
09/19/2008 11:00:00,        64.097637
09/19/2008 12:00:00,        62.035137
09/19/2008 13:00:00,        60.039191
09/19/2008 14:00:00,        58.058133
09/19/2008 15:00:00,        55.701371
09/19/2008 16:00:00,        52.744134
09/19/2008 17:00:00,        52.196850
09/19/2008 18:00:00,        52.296782
09/19/2008 19:00:00,        50.825069
09/19/2008 20:00:00,        50.832965
09/19/2008 21:00:00,        53.568367
09/19/2008 22:00:00,        56.723175
09/19/2008 23:00:00,        60.738190
09/20/2008 00:00:00,        65.001251
09/20/2008 01:00:00,        83.429489
09/20/2008 02:00:00,        82.386974
09/20/2008 03:00:00,        82.090945
09/20/2008 04:00:00,        81.946120
09/20/2008 05:00:00,        82.178917
09/20/2008 06:00:00,        81.398286
09/20/2008 07:00:00,        79.879851
09/20/2008 08:00:00,        77.993842
09/20/2008 09:00:00,        74.984340
09/20/2008 10:00:00,        71.859417
09/20/2008 11:00:00,        68.475382
09/20/2008 12:00:00,        63.991332
09/20/2008 13:00:00,        59.378644
09/20/2008 14:00:00,        54.724198
09/20/2008 15:00:00,        49.716047
09/20/2008 16:00:00,        44.702628
09/20/2008 17:00:00,        39.063574
09/20/2008 18:00:00,        34.126302
09/20/2008 19:00:00,        30.099008
09/20/2008 20:00:00,        26.833439
09/20/2008 21:00:00,        23.002673
09/20/2008 22:00:00,        19.518068
09/20/2008 23:00:00,        16.083313
09/21/2008 00:00:00,        12.927274
09/21/2008 01:00:00,        33.231203
09/21/2008 02:00:00,        35.375442
09/21/2008 03:00:00,        37.331533
09/21/2008 04:00:00,        39.107075
09/21/2008 05:00:00,        41.218887
09/21/2008 06:00:00,        43.225610
09/21/2008 07:00:00,        43.119879
09/21/2008 08:00:00,        45.131524
09/21/2008 09:00:00,        45.945748
09/21/2008 10:00:00,        45.004792
09/21/2008 11:00:00,        43.439023
09/21/2008 12:00:00,        42.206834
09/21/2008 13:00:00,        40.313866
09/21/2008 14:00:00,        38.080382
09/21/2008 15:00:00,        35.435735
09/21/2008 16:00:00,        32.320714
09/21/2008 17:00:00,        29.367728
09/21/2008 18:00:00,        26.383305
09/21/2008 19:00:00,        23.824466
09/21/2008 20:00:00,        22.474496
09/21/2008 21:00:00,        21.734241
09/21/2008 22:00:00,        21.832737
09/21/2008 23:00:00,        22.195185
09/22/2008 00:00:00,        22.521765
09/22/2008 01:00:00,        13.581667
09/22/2008 02:00:00,        12.856945
09/22/2008 03:00:00,        12.137305
09/22/2008 04:00:00,        11.312762
09/22/2008 05:00:00,        10.695612
09/22/2008 06:00:00,        10.180483
09/22/2008 07:00:00,         9.984774
09/22/2008 08:00:00,         9.072085
09/22/2008 09:00:00,         7.766653
09/22/2008 10:00:00,         6.263331
09/22/2008 11:00:00,         5.285345
09/22/2008 12:00:00,         4.606718
09/22/2008 13:00:00,         4.280211
09/22/2008 14:00:00,         3.554075
09/22/2008 15:00:00,         3.022039
09/22/2008 16:00:00,         2.175127
09/22/2008 17:00:00,         1.581475
09/22/2008 18:00:00,         1.344209
09/22/2008 19:00:00,         0.990071
09/22/2008 20:00:00,         0.622728
09/22/2008 21:00:00,         0.451100
09/22/2008 22:00:00,         0.410558
09/22/2008 23:00:00,         0.663187
09/23/2008 00:00:00,         1.158232
09/23/2008 01:00:00,         8.615702
09/23/2008 02:00:00,         9.291311
09/23/2008 03:00:00,        10.327107
09/23/2008 04:00:00,        10.750951
09/23/2008 05:00:00,        11.530634
09/23/2008 06:00:00,        12.660118
09/23/2008 07:00:00,        13.644920
09/23/2008 08:00:00,        13.457987
09/23/2008 09:00:00,        13.378772
09/23/2008 10:00:00,        13.424912
09/23/2008 11:00:00,        12.887992
09/23/2008 12:00:00,        11.045520
09/23/2008 13:00:00,         9.504706
09/23/2008 14:00:00,         7.815885
09/23/2008 15:00:00,         6.674841
09/23/2008 16:00:00,         4.908108
09/23/2008 17:00:00,         3.597128
09/23/2008 18:00:00,         2.403127
09/23/2008 19:00:00,         1.726049
09/23/2008 20:00:00,         1.562050
09/23/2008 21:00:00,         2.346087
09/23/2008 22:00:00,         3.420269
09/23/2008 23:00:00,         4.652183
09/24/2008 00:00:00,         5.902718
09/24/2008 01:00:00,        50.645526
09/24/2008 02:00:00,        53.984102
09/24/2008 03:00:00,        56.995495
09/24/2008 04:00:00,        59.600276
09/24/2008 05:00:00,        61.848969
09/24/2008 06:00:00,        64.122710
09/24/2008 07:00:00,        65.150397
09/24/2008 08:00:00,        67.633978
09/24/2008 09:00:00,        69.601926
09/24/2008 10:00:00,        67.269614
09/24/2008 11:00:00,        66.503214
09/24/2008 12:00:00,        65.544780
09/24/2008 13:00:00,        64.274122
09/24/2008 14:00:00,        63.521951
09/24/2008 15:00:00,        62.684139
09/24/2008 16:00:00,        59.950455
09/24/2008 17:00:00,        59.054209
09/24/2008 18:00:00,        59.510878
09/24/2008 19:00:00,        58.182124
09/24/2008 20:00:00,        58.067465
09/24/2008 21:00:00,        60.640729
09/24/2008 22:00:00,        62.956212
09/24/2008 23:00:00,        66.229388
09/25/2008 00:00:00,        67.749002
09/25/2008 01:00:00,        67.466148
09/25/2008 02:00:00,        64.416463
09/25/2008 03:00:00,        61.730361
09/25/2008 04:00:00,        58.097335
09/25/2008 05:00:00,        54.991543
09/25/2008 06:00:00,        51.807321
09/25/2008 07:00:00,        48.804520
09/25/2008 08:00:00,        43.256386
09/25/2008 09:00:00,        37.235495
09/25/2008 10:00:00,        31.389699
09/25/2008 11:00:00,        24.394943
09/25/2008 12:00:00,        20.052351
09/25/2008 13:00:00,        16.018216
09/25/2008 14:00:00,        12.438709
09/25/2008 15:00:00,         9.401781
09/25/2008 16:00:00,         6.330856
09/25/2008 17:00:00,         4.472562
09/25/2008 18:00:00,         3.316109
09/25/2008 19:00:00,         2.217521
09/25/2008 20:00:00,         1.222116
09/25/2008 21:00:00,         0.753977
09/25/2008 22:00:00,         0.857471
09/25/2008 23:00:00,         1.405109
09/26/2008 00:00:00,         1.936281
09/26/2008 01:00:00,         5.381267
09/26/2008 02:00:00,         5.685138
09/26/2008 03:00:00,         5.933215
09/26/2008 04:00:00,         6.323740
09/26/2008 05:00:00,         7.027820
09/26/2008 06:00:00,         7.960091
09/26/2008 07:00:00,         7.863194
09/26/2008 08:00:00,         7.805043
09/26/2008 09:00:00,         8.234829
09/26/2008 10:00:00,         7.667169
09/26/2008 11:00:00,         6.861542
09/26/2008 12:00:00,         5.099405
09/26/2008 13:00:00,         4.198061
09/26/2008 14:00:00,         3.350315
09/26/2008 15:00:00,         2.710761
09/26/2008 16:00:00,         2.052063
09/26/2008 17:00:00,         2.165473
09/26/2008 18:00:00,         2.335014
09/26/2008 19:00:00,         2.635721
09/26/2008 20:00:00,         3.030717
09/26/2008 21:00:00,         3.713970
09/26/2008 22:00:00,         4.487662
09/26/2008 23:00:00,         5.336737
09/27/2008 00:00:00,         6.413637
09/27/2008 01:00:00,        36.059174
09/27/2008 02:00:00,        33.986341
09/27/2008 03:00:00,        32.591785
09/27/2008 04:00:00,        31.716439
09/27/2008 05:00:00,        30.283490
09/27/2008 06:00:00,        28.525566
09/27/2008 07:00:00,        26.733382
09/27/2008 08:00:00,        22.534617
09/27/2008 09:00:00,        20.107913
09/27/2008 10:00:00,        17.081916
09/27/2008 11:00:00,        13.201731
09/27/2008 12:00:00,         9.341767
09/27/2008 13:00:00,         6.166075
09/27/2008 14:00:00,         5.236123
09/27/2008 15:00:00,         4.226241
09/27/2008 16:00:00,         3.520668
09/27/2008 17:00:00,         4.231783
09/27/2008 18:00:00,         5.895500
09/27/2008 19:00:00,         5.766221
09/27/2008 20:00:00,         6.091588
09/27/2008 21:00:00,         6.715915
09/27/2008 22:00:00,         7.486240
09/27/2008 23:00:00,         8.418507
09/28/2008 00:00:00,         9.444378
09/28/2008 01:00:00,        11.249011
09/28/2008 02:00:00,        10.870329
09/28/2008 03:00:00,        10.842267
09/28/2008 04:00:00,        11.077430
09/28/2008 05:00:00,        10.761492
09/28/2008 06:00:00,        10.485250
09/28/2008 07:00:00,        11.299584
09/28/2008 08:00:00,        12.456843
09/28/2008 09:00:00,        13.728903
09/28/2008 10:00:00,        14.871032
09/28/2008 11:00:00,        16.430285
09/28/2008 12:00:00,        18.774666
09/28/2008 13:00:00,        20.808185
09/28/2008 14:00:00,        23.233960
09/28/2008 15:00:00,        27.239639
09/28/2008 16:00:00,        30.058059
09/28/2008 17:00:00,        32.337794
09/28/2008 18:00:00,        35.232518
09/28/2008 19:00:00,        37.097970
09/28/2008 20:00:00,        38.077690
09/28/2008 21:00:00,        38.645673
09/28/2008 22:00:00,        39.951038
09/28/2008 23:00:00,        41.642974
09/29/2008 00:00:00,        42.953984
09/29/2008 01:00:00,        36.338387
09/29/2008 02:00:00,        34.992867
09/29/2008 03:00:00,        32.568117
09/29/2008 04:00:00,        30.387106
09/29/2008 05:00:00,        28.375022
09/29/2008 06:00:00,        26.528813
09/29/2008 07:00:00,        24.843517
09/29/2008 08:00:00,        22.054569
09/29/2008 09:00:00,        18.683323
09/29/2008 10:00:00,        15.179188
09/29/2008 11:00:00,        11.696789
09/29/2008 12:00:00,         9.527151
09/29/2008 13:00:00,         8.022105
09/29/2008 14:00:00,         6.590903
09/29/2008 15:00:00,         4.803414
09/29/2008 16:00:00,         3.792864
09/29/2008 17:00:00,         3.178152
09/29/2008 18:00:00,         2.888418
09/29/2008 19:00:00,         2.646660
09/29/2008 20:00:00,         2.494803
09/29/2008 21:00:00,         2.505630
09/29/2008 22:00:00,         2.562845
09/29/2008 23:00:00,         2.433290
09/30/2008 00:00:00,         2.327936
09/30/2008 01:00:00,         6.119639
09/30/2008 02:00:00,         5.407194
09/30/2008 03:00:00,         4.932426
09/30/2008 04:00:00,         4.613825
09/30/2008 05:00:00,         6.058025
09/30/2008 06:00:00,         6.137932
09/30/2008 07:00:00,         6.359556
09/30/2008 08:00:00,         6.591311
09/30/2008 09:00:00,         6.475404
09/30/2008 10:00:00,         6.097573
09/30/2008 11:00:00,         5.130050
09/30/2008 12:00:00,         5.762742
09/30/2008 13:00:00,         5.806625
09/30/2008 14:00:00,         6.043189
09/30/2008 15:00:00,         6.815746
09/30/2008 16:00:00,        10.046676
09/30/2008 17:00:00,        12.070794
09/30/2008 18:00:00,        11.979284
09/30/2008 19:00:00,        12.974325
09/30/2008 20:00:00,        13.455978
09/30/2008 21:00:00,        14.051767
09/30/2008 22:00:00,        14.686160
09/30/2008 23:00:00,        15.906003
10/01/2008 00:00:00,        49.140646
10/01/2008 01:00:00,        48.827883
10/01/2008 02:00:00,        47.537694
10/01/2008 03:00:00,        43.723040
10/01/2008 04:00:00,        41.435189
10/01/2008 05:00:00,        41.164433
10/01/2008 06:00:00,        40.555965
10/01/2008 07:00:00,        34.447196
10/01/2008 08:00:00,        30.856282
10/01/2008 09:00:00,        30.036676
10/01/2008 10:00:00,        28.197389
10/01/2008 11:00:00,        29.792962
10/01/2008 12:00:00,        30.039961
10/01/2008 13:00:00,        30.081831
10/01/2008 14:00:00,        33.426486
10/01/2008 15:00:00,        34.826386
10/01/2008 16:00:00,        34.796711
10/01/2008 17:00:00,        34.728504
10/01/2008 18:00:00,        36.488813
10/01/2008 19:00:00,        39.173870
10/01/2008 20:00:00,        41.130909
10/01/2008 21:00:00,        43.611681
10/01/2008 22:00:00,        44.381085
10/01/2008 23:00:00,        44.460240
10/02/2008 00:00:00,        45.931812
10/02/2008 01:00:00,        45.338661
10/02/2008 02:00:00,        43.742881
10/02/2008 03:00:00,        40.535478
10/02/2008 04:00:00,        40.147189
10/02/2008 05:00:00,        43.196560
10/02/2008 06:00:00,        41.849113
10/02/2008 07:00:00,        42.631760
10/02/2008 08:00:00,        42.311164
10/02/2008 09:00:00,        43.361870
10/02/2008 10:00:00,        43.673698
10/02/2008 11:00:00,        46.329994
10/02/2008 12:00:00,        48.419753
10/02/2008 13:00:00,        50.986151
10/02/2008 14:00:00,        55.270498
10/02/2008 15:00:00,        60.052675
10/02/2008 16:00:00,        66.068656
10/02/2008 17:00:00,        70.515086
10/02/2008 18:00:00,        75.664310
10/02/2008 19:00:00,        78.639101
10/02/2008 20:00:00,        80.581130
10/02/2008 21:00:00,        83.153038
10/02/2008 22:00:00,        83.329444
10/02/2008 23:00:00,        84.562081
10/03/2008 00:00:00,        84.924346
10/03/2008 01:00:00,        71.938779
10/03/2008 02:00:00,        64.708095
10/03/2008 03:00:00,        62.555663
10/03/2008 04:00:00,        62.442545
10/03/2008 05:00:00,        61.638618
10/03/2008 06:00:00,        62.351844
10/03/2008 07:00:00,        60.943254
10/03/2008 08:00:00,        57.438662
10/03/2008 09:00:00,        55.392763
10/03/2008 10:00:00,        53.916424
10/03/2008 11:00:00,        51.414248
10/03/2008 12:00:00,        51.882018
10/03/2008 13:00:00,        53.408567
10/03/2008 14:00:00,        58.011226
10/03/2008 15:00:00,        62.011109
10/03/2008 16:00:00,        59.722506
10/03/2008 17:00:00,        58.016792
10/03/2008 18:00:00,        58.183723
10/03/2008 19:00:00,        57.016128
10/03/2008 20:00:00,        55.993796
10/03/2008 21:00:00,        55.141090
10/03/2008 22:00:00,        54.071095
10/03/2008 23:00:00,        53.820887
10/04/2008 00:00:00,        53.235686
10/04/2008 01:00:00,        37.219004
10/04/2008 02:00:00,        36.650241
10/04/2008 03:00:00,        35.146791
10/04/2008 04:00:00,        33.546788
10/04/2008 05:00:00,        32.197826
10/04/2008 06:00:00,        29.600532
10/04/2008 07:00:00,        28.183211
10/04/2008 08:00:00,        25.867509
10/04/2008 09:00:00,        23.613261
10/04/2008 10:00:00,        19.967188
10/04/2008 11:00:00,        16.322299
10/04/2008 12:00:00,        13.630989
10/04/2008 13:00:00,        12.329937
10/04/2008 14:00:00,        10.030281
10/04/2008 15:00:00,         7.587877
10/04/2008 16:00:00,         5.032907
10/04/2008 17:00:00,         3.026178
10/04/2008 18:00:00,         2.463490
10/04/2008 19:00:00,         2.179362
10/04/2008 20:00:00,         2.205948
10/04/2008 21:00:00,         1.733934
10/04/2008 22:00:00,         1.021812
10/04/2008 23:00:00,         0.817541
10/05/2008 00:00:00,         0.779209
10/05/2008 01:00:00,         1.312222
10/05/2008 02:00:00,         1.384469
10/05/2008 03:00:00,         1.145529
10/05/2008 04:00:00,         0.872875
10/05/2008 05:00:00,         0.795252
10/05/2008 06:00:00,         0.782383
10/05/2008 07:00:00,         0.855859
10/05/2008 08:00:00,         0.460587
10/05/2008 09:00:00,         0.260822
10/05/2008 10:00:00,         0.285648
10/05/2008 11:00:00,         0.616589
10/05/2008 12:00:00,         0.917517
10/05/2008 13:00:00,         1.108954
10/05/2008 14:00:00,         1.236785
10/05/2008 15:00:00,         1.223283
10/05/2008 16:00:00,         1.241552
10/05/2008 17:00:00,         1.489376
10/05/2008 18:00:00,         2.099948
10/05/2008 19:00:00,         2.276156
10/05/2008 20:00:00,         2.192808
10/05/2008 21:00:00,         2.102754
10/05/2008 22:00:00,         2.185845
10/05/2008 23:00:00,         2.272599
10/06/2008 00:00:00,         2.204726
10/06/2008 01:00:00,         1.176338
10/06/2008 02:00:00,         2.283673
10/06/2008 03:00:00,         3.436680
10/06/2008 04:00:00,         4.407640
10/06/2008 05:00:00,         5.844410
10/06/2008 06:00:00,         7.757859
10/06/2008 07:00:00,        10.103741
10/06/2008 08:00:00,        11.900946
10/06/2008 09:00:00,        12.979667
10/06/2008 10:00:00,        14.645068
10/06/2008 11:00:00,        14.937152
10/06/2008 12:00:00,        15.677343
10/06/2008 13:00:00,        15.618977
10/06/2008 14:00:00,        15.622145
10/06/2008 15:00:00,        15.144349
10/06/2008 16:00:00,        13.932641
10/06/2008 17:00:00,        13.915365
10/06/2008 18:00:00,        15.767204
10/06/2008 19:00:00,        15.570758
10/06/2008 20:00:00,        14.465151
10/06/2008 21:00:00,        14.256352
10/06/2008 22:00:00,        14.856236
10/06/2008 23:00:00,        15.282591
10/07/2008 00:00:00,        16.670393
10/07/2008 01:00:00,        43.128468
10/07/2008 02:00:00,        41.391322
10/07/2008 03:00:00,        41.023249
10/07/2008 04:00:00,        41.136354
10/07/2008 05:00:00,        41.773120
10/07/2008 06:00:00,        43.427403
10/07/2008 07:00:00,        44.834115
10/07/2008 08:00:00,        43.757173
10/07/2008 09:00:00,        40.284432
10/07/2008 10:00:00,        36.815741
10/07/2008 11:00:00,        33.720830
10/07/2008 12:00:00,        30.720672
10/07/2008 13:00:00,        29.662042
10/07/2008 14:00:00,        29.011265
10/07/2008 15:00:00,        28.137552
10/07/2008 16:00:00,        26.429462
10/07/2008 17:00:00,        23.297221
10/07/2008 18:00:00,        22.425864
10/07/2008 19:00:00,        19.342606
10/07/2008 20:00:00,        16.733152
10/07/2008 21:00:00,        16.224285
10/07/2008 22:00:00,        16.734548
10/07/2008 23:00:00,        17.761794
10/08/2008 00:00:00,        19.464434
10/08/2008 01:00:00,        74.455132
10/08/2008 02:00:00,        75.786834
10/08/2008 03:00:00,        77.433237
10/08/2008 04:00:00,        78.330502
10/08/2008 05:00:00,        79.341730
10/08/2008 06:00:00,        80.940988
10/08/2008 07:00:00,        82.063389
10/08/2008 08:00:00,        83.010888
10/08/2008 09:00:00,        83.202694
10/08/2008 10:00:00,        83.147242
10/08/2008 11:00:00,        82.871482
10/08/2008 12:00:00,        82.169267
10/08/2008 13:00:00,        81.963245
10/08/2008 14:00:00,        81.796313
10/08/2008 15:00:00,        81.597657
10/08/2008 16:00:00,        82.105239
10/08/2008 17:00:00,        82.865818
10/08/2008 18:00:00,        83.759188
10/08/2008 19:00:00,        83.446600
10/08/2008 20:00:00,        83.765227
10/08/2008 21:00:00,        84.927569
10/08/2008 22:00:00,        85.454311
10/08/2008 23:00:00,        85.658136
10/09/2008 00:00:00,        84.717018
10/09/2008 01:00:00,        77.792317
10/09/2008 02:00:00,        76.289026
10/09/2008 03:00:00,        75.335100
10/09/2008 04:00:00,        73.760887
10/09/2008 05:00:00,        74.281170
10/09/2008 06:00:00,        75.091839
10/09/2008 07:00:00,        76.262235
10/09/2008 08:00:00,        74.552350
10/09/2008 09:00:00,        74.573899
10/09/2008 10:00:00,        75.123560
10/09/2008 11:00:00,        75.612300
10/09/2008 12:00:00,        77.088634
10/09/2008 13:00:00,        78.930456
10/09/2008 14:00:00,        80.816641
10/09/2008 15:00:00,        82.724595
10/09/2008 16:00:00,        84.510392
10/09/2008 17:00:00,        86.362273
10/09/2008 18:00:00,        87.436355
10/09/2008 19:00:00,        87.793079
10/09/2008 20:00:00,        87.378172
10/09/2008 21:00:00,        88.094478
10/09/2008 22:00:00,        88.774569
10/09/2008 23:00:00,        88.852048
10/10/2008 00:00:00,        89.113320
10/10/2008 01:00:00,        71.606141
10/10/2008 02:00:00,        67.088658
10/10/2008 03:00:00,        63.181705
10/10/2008 04:00:00,        60.504955
10/10/2008 05:00:00,        58.960936
10/10/2008 06:00:00,        55.998017
10/10/2008 07:00:00,        52.283465
10/10/2008 08:00:00,        46.644080
10/10/2008 09:00:00,        40.876628
10/10/2008 10:00:00,        34.693946
10/10/2008 11:00:00,        28.392897
10/10/2008 12:00:00,        23.134243
10/10/2008 13:00:00,        20.100082
10/10/2008 14:00:00,        17.888625
10/10/2008 15:00:00,        15.459672
10/10/2008 16:00:00,        12.846452
10/10/2008 17:00:00,         9.858531
10/10/2008 18:00:00,         6.174746
10/10/2008 19:00:00,         4.276267
10/10/2008 20:00:00,         3.070131
10/10/2008 21:00:00,         2.109225
10/10/2008 22:00:00,         1.455688
10/10/2008 23:00:00,         1.026720
10/11/2008 00:00:00,         0.509186
10/11/2008 01:00:00,         0.444053
10/11/2008 02:00:00,         0.874432
10/11/2008 03:00:00,         1.792231
10/11/2008 04:00:00,         2.939139
10/11/2008 05:00:00,         4.114643
10/11/2008 06:00:00,         5.831861
10/11/2008 07:00:00,         7.538473
10/11/2008 08:00:00,         8.789335
10/11/2008 09:00:00,         9.307730
10/11/2008 10:00:00,         9.888770
10/11/2008 11:00:00,        10.258438
10/11/2008 12:00:00,        10.732338
10/11/2008 13:00:00,        11.336014
10/11/2008 14:00:00,        11.461240
10/11/2008 15:00:00,        11.505182
10/11/2008 16:00:00,         9.821124
10/11/2008 17:00:00,         8.518507
10/11/2008 18:00:00,        10.359113
10/11/2008 19:00:00,         9.338075
10/11/2008 20:00:00,         8.375401
10/11/2008 21:00:00,         8.716339
10/11/2008 22:00:00,        10.367328
10/11/2008 23:00:00,        12.351789
10/12/2008 00:00:00,        14.727731
10/12/2008 01:00:00,        69.413577
10/12/2008 02:00:00,        70.132344
10/12/2008 03:00:00,        71.499298
10/12/2008 04:00:00,        73.100895
10/12/2008 05:00:00,        73.780137
10/12/2008 06:00:00,        74.838488
10/12/2008 07:00:00,        75.063140
10/12/2008 08:00:00,        74.268858
10/12/2008 09:00:00,        70.083597
10/12/2008 10:00:00,        65.181774
10/12/2008 11:00:00,        60.076481
10/12/2008 12:00:00,        54.803066
10/12/2008 13:00:00,        49.278421
10/12/2008 14:00:00,        44.278295
10/12/2008 15:00:00,        39.242402
10/12/2008 16:00:00,        33.777067
10/12/2008 17:00:00,        29.851542
10/12/2008 18:00:00,        26.931664
10/12/2008 19:00:00,        23.957951
10/12/2008 20:00:00,        21.636513
10/12/2008 21:00:00,        21.453966
10/12/2008 22:00:00,        22.838062
10/12/2008 23:00:00,        24.369348
10/13/2008 00:00:00,        25.918477
10/13/2008 01:00:00,        49.872476
10/13/2008 02:00:00,        51.388198
10/13/2008 03:00:00,        52.945023
10/13/2008 04:00:00,        54.418150
10/13/2008 05:00:00,        54.727166
10/13/2008 06:00:00,        54.552023
10/13/2008 07:00:00,        54.007210
10/13/2008 08:00:00,        54.348121
10/13/2008 09:00:00,        53.018223
10/13/2008 10:00:00,        51.102731
10/13/2008 11:00:00,        48.775918
10/13/2008 12:00:00,        47.332323
10/13/2008 13:00:00,        45.435732
10/13/2008 14:00:00,        44.596570
10/13/2008 15:00:00,        43.148150
10/13/2008 16:00:00,        43.136936
10/13/2008 17:00:00,        45.271811
10/13/2008 18:00:00,        47.979557
10/13/2008 19:00:00,        48.997605
10/13/2008 20:00:00,        49.988834
10/13/2008 21:00:00,        51.124660
10/13/2008 22:00:00,        52.904222
10/13/2008 23:00:00,        55.336066
10/14/2008 00:00:00,        58.182026
10/14/2008 01:00:00,        87.341052
10/14/2008 02:00:00,        88.453451
10/14/2008 03:00:00,        89.787904
10/14/2008 04:00:00,        90.971291
10/14/2008 05:00:00,        91.705094
10/14/2008 06:00:00,        92.205555
10/14/2008 07:00:00,        92.365883
10/14/2008 08:00:00,        91.962318
10/14/2008 09:00:00,        88.707515
10/14/2008 10:00:00,        84.432067
10/14/2008 11:00:00,        80.840690
10/14/2008 12:00:00,        76.532650
10/14/2008 13:00:00,        71.502288
10/14/2008 14:00:00,        65.996431
10/14/2008 15:00:00,        59.787752
10/14/2008 16:00:00,        52.119097
10/14/2008 17:00:00,        45.274221
10/14/2008 18:00:00,        37.948013
10/14/2008 19:00:00,        32.457598
10/14/2008 20:00:00,        27.041619
10/14/2008 21:00:00,        19.732520
10/14/2008 22:00:00,        15.862232
10/14/2008 23:00:00,        13.331312
10/15/2008 00:00:00,         9.477404
10/15/2008 01:00:00,         1.156998
10/15/2008 02:00:00,         0.939111
10/15/2008 03:00:00,         0.657243
10/15/2008 04:00:00,         0.798590
10/15/2008 05:00:00,         1.608163
10/15/2008 06:00:00,         3.292586
10/15/2008 07:00:00,         5.070621
10/15/2008 08:00:00,         7.353546
10/15/2008 09:00:00,         9.209087
10/15/2008 10:00:00,        11.912965
10/15/2008 11:00:00,        14.133040
10/15/2008 12:00:00,        16.532664
10/15/2008 13:00:00,        18.645063
10/15/2008 14:00:00,        20.160396
10/15/2008 15:00:00,        21.499110
10/15/2008 16:00:00,        21.144154
10/15/2008 17:00:00,        23.781716
10/15/2008 18:00:00,        24.949672
10/15/2008 19:00:00,        24.636964
10/15/2008 20:00:00,        24.196068
10/15/2008 21:00:00,        23.238232
10/15/2008 22:00:00,        22.597014
10/15/2008 23:00:00,        21.473823
10/16/2008 00:00:00,        21.479576
10/16/2008 01:00:00,        16.569985
10/16/2008 02:00:00,        21.085860
10/16/2008 03:00:00,        26.275905
10/16/2008 04:00:00,        29.804304
10/16/2008 05:00:00,        32.854359
10/16/2008 06:00:00,        33.763412
10/16/2008 07:00:00,        39.283720
10/16/2008 08:00:00,        44.156902
10/16/2008 09:00:00,        48.913316
10/16/2008 10:00:00,        52.958423
10/16/2008 11:00:00,        56.596800
10/16/2008 12:00:00,        59.299484
10/16/2008 13:00:00,        59.932508
10/16/2008 14:00:00,        62.039912
10/16/2008 15:00:00,        60.618963
10/16/2008 16:00:00,        59.247881
10/16/2008 17:00:00,        56.619283
10/16/2008 18:00:00,        55.158640
10/16/2008 19:00:00,        56.680935
10/16/2008 20:00:00,        52.004891
10/16/2008 21:00:00,        50.788772
10/16/2008 22:00:00,        48.511752
10/16/2008 23:00:00,        46.866582
10/17/2008 00:00:00,        45.562893
10/17/2008 01:00:00,        27.893059
10/17/2008 02:00:00,        27.217371
10/17/2008 03:00:00,        24.911433
10/17/2008 04:00:00,        22.701439
10/17/2008 05:00:00,        20.299287
10/17/2008 06:00:00,        18.536752
10/17/2008 07:00:00,        16.967862
10/17/2008 08:00:00,        13.916329
10/17/2008 09:00:00,        11.782557
10/17/2008 10:00:00,        10.143290
10/17/2008 11:00:00,         8.503399
10/17/2008 12:00:00,         7.114654
10/17/2008 13:00:00,         6.108174
10/17/2008 14:00:00,         5.046266
10/17/2008 15:00:00,         3.833203
10/17/2008 16:00:00,         2.945743
10/17/2008 17:00:00,         2.459748
10/17/2008 18:00:00,         2.461655
10/17/2008 19:00:00,         2.706416
10/17/2008 20:00:00,         3.096566
10/17/2008 21:00:00,         3.296064
10/17/2008 22:00:00,         3.455763
10/17/2008 23:00:00,         3.772110
10/18/2008 00:00:00,         4.219792
10/18/2008 01:00:00,         5.062976
10/18/2008 02:00:00,         5.443412
10/18/2008 03:00:00,         6.338087
10/18/2008 04:00:00,         6.404471
10/18/2008 05:00:00,         6.323947
10/18/2008 06:00:00,         6.793919
10/18/2008 07:00:00,         6.851461
10/18/2008 08:00:00,         6.093402
10/18/2008 09:00:00,         5.264612
10/18/2008 10:00:00,         5.209529
10/18/2008 11:00:00,         5.104166
10/18/2008 12:00:00,         5.272362
10/18/2008 13:00:00,         5.134296
10/18/2008 14:00:00,         5.539030
10/18/2008 15:00:00,         5.298027
10/18/2008 16:00:00,         4.242049
10/18/2008 17:00:00,         3.668667
10/18/2008 18:00:00,         3.148691
10/18/2008 19:00:00,         2.418284
10/18/2008 20:00:00,         1.974076
10/18/2008 21:00:00,         1.626199
10/18/2008 22:00:00,         1.425584
10/18/2008 23:00:00,         1.491901
10/19/2008 00:00:00,         1.690287
10/19/2008 01:00:00,        16.022102
10/19/2008 02:00:00,        16.535963
10/19/2008 03:00:00,        19.640547
10/19/2008 04:00:00,        23.982042
10/19/2008 05:00:00,        27.993862
10/19/2008 06:00:00,        31.664497
10/19/2008 07:00:00,        35.326052
10/19/2008 08:00:00,        38.855853
10/19/2008 09:00:00,        41.707909
10/19/2008 10:00:00,        44.454806
10/19/2008 11:00:00,        47.116740
10/19/2008 12:00:00,        50.606821
10/19/2008 13:00:00,        52.821319
10/19/2008 14:00:00,        56.776153
10/19/2008 15:00:00,        60.490023
10/19/2008 16:00:00,        62.048098
10/19/2008 17:00:00,        61.524517
10/19/2008 18:00:00,        62.014174
10/19/2008 19:00:00,        61.605269
10/19/2008 20:00:00,        60.874840
10/19/2008 21:00:00,        63.019521
10/19/2008 22:00:00,        66.660470
10/19/2008 23:00:00,        70.686628
10/20/2008 00:00:00,        73.857637
10/20/2008 01:00:00,        82.680601
10/20/2008 02:00:00,        84.437943
10/20/2008 03:00:00,        83.583547
10/20/2008 04:00:00,        80.365912
10/20/2008 05:00:00,        76.686459
10/20/2008 06:00:00,        74.657612
10/20/2008 07:00:00,        71.769327
10/20/2008 08:00:00,        70.183901
10/20/2008 09:00:00,        68.144847
10/20/2008 10:00:00,        65.144603
10/20/2008 11:00:00,        62.531267
10/20/2008 12:00:00,        59.011819
10/20/2008 13:00:00,        56.552979
10/20/2008 14:00:00,        52.273799
10/20/2008 15:00:00,        48.463148
10/20/2008 16:00:00,        45.263025
10/20/2008 17:00:00,        43.757105
10/20/2008 18:00:00,        42.657129
10/20/2008 19:00:00,        41.842681
10/20/2008 20:00:00,        41.345307
10/20/2008 21:00:00,        40.030410
10/20/2008 22:00:00,        39.588102
10/20/2008 23:00:00,        37.805021
10/21/2008 00:00:00,        37.976916
10/21/2008 01:00:00,        69.852211
10/21/2008 02:00:00,        73.968652
10/21/2008 03:00:00,        77.633062
10/21/2008 04:00:00,        78.887096
10/21/2008 05:00:00,        82.023952
10/21/2008 06:00:00,        83.520243
10/21/2008 07:00:00,        84.813904
10/21/2008 08:00:00,        90.134088
10/21/2008 09:00:00,        94.472306
10/21/2008 10:00:00,        94.867502
10/21/2008 11:00:00,        94.906880
10/21/2008 12:00:00,        94.998505
10/21/2008 13:00:00,        94.845039
10/21/2008 14:00:00,        94.550988
10/21/2008 15:00:00,        94.094357
10/21/2008 16:00:00,        93.498950
10/21/2008 17:00:00,        92.627018
10/21/2008 18:00:00,        91.699429
10/21/2008 19:00:00,        91.151052
10/21/2008 20:00:00,        90.409577
10/21/2008 21:00:00,        89.388663
10/21/2008 22:00:00,        88.134890
10/21/2008 23:00:00,        86.717187
10/22/2008 00:00:00,        85.238388
10/22/2008 01:00:00,        72.981849
10/22/2008 02:00:00,        69.965281
10/22/2008 03:00:00,        67.550420
10/22/2008 04:00:00,        65.807569
10/22/2008 05:00:00,        63.704293
10/22/2008 06:00:00,        61.885826
10/22/2008 07:00:00,        60.894696
10/22/2008 08:00:00,        58.397434
10/22/2008 09:00:00,        54.388486
10/22/2008 10:00:00,        50.193182
10/22/2008 11:00:00,        46.235840
10/22/2008 12:00:00,        42.886065
10/22/2008 13:00:00,        39.885833
10/22/2008 14:00:00,        37.280062
10/22/2008 15:00:00,        34.563978
10/22/2008 16:00:00,        30.676245
10/22/2008 17:00:00,        27.430257
10/22/2008 18:00:00,        26.101247
10/22/2008 19:00:00,        23.967106
10/22/2008 20:00:00,        21.317009
10/22/2008 21:00:00,        19.406988
10/22/2008 22:00:00,        19.358098
10/22/2008 23:00:00,        20.372397
10/23/2008 00:00:00,        21.584392
10/23/2008 01:00:00,        29.385054
10/23/2008 02:00:00,        31.714324
10/23/2008 03:00:00,        34.221224
10/23/2008 04:00:00,        36.806107
10/23/2008 05:00:00,        38.727573
10/23/2008 06:00:00,        39.982226
10/23/2008 07:00:00,        40.253616
10/23/2008 08:00:00,        39.578808
10/23/2008 09:00:00,        38.685600
10/23/2008 10:00:00,        37.274640
10/23/2008 11:00:00,        36.276552
10/23/2008 12:00:00,        34.823076
10/23/2008 13:00:00,        32.265733
10/23/2008 14:00:00,        28.858382
10/23/2008 15:00:00,        25.034150
10/23/2008 16:00:00,        21.264596
10/23/2008 17:00:00,        17.902273
10/23/2008 18:00:00,        17.096873
10/23/2008 19:00:00,        15.541214
10/23/2008 20:00:00,        14.884282
10/23/2008 21:00:00,        15.739805
10/23/2008 22:00:00,        17.115515
10/23/2008 23:00:00,        18.837620
10/24/2008 00:00:00,        20.696363
10/24/2008 01:00:00,        84.201731
10/24/2008 02:00:00,        85.126285
10/24/2008 03:00:00,        86.396744
10/24/2008 04:00:00,        87.361274
10/24/2008 05:00:00,        88.305614
10/24/2008 06:00:00,        89.165268
10/24/2008 07:00:00,        89.199163
10/24/2008 08:00:00,        86.723639
10/24/2008 09:00:00,        82.300947
10/24/2008 10:00:00,        77.028276
10/24/2008 11:00:00,        71.289480
10/24/2008 12:00:00,        65.624676
10/24/2008 13:00:00,        60.341420
10/24/2008 14:00:00,        55.565969
10/24/2008 15:00:00,        51.215380
10/24/2008 16:00:00,        46.637234
10/24/2008 17:00:00,        41.869638
10/24/2008 18:00:00,        38.541139
10/24/2008 19:00:00,        34.310361
10/24/2008 20:00:00,        30.836230
10/24/2008 21:00:00,        29.578480
10/24/2008 22:00:00,        30.294447
10/24/2008 23:00:00,        31.267332
10/25/2008 00:00:00,        32.878963
10/25/2008 01:00:00,        61.221864
10/25/2008 02:00:00,        63.256091
10/25/2008 03:00:00,        64.362573
10/25/2008 04:00:00,        64.753701
10/25/2008 05:00:00,        63.836573
10/25/2008 06:00:00,        60.394135
10/25/2008 07:00:00,        57.331097
10/25/2008 08:00:00,        54.073383
10/25/2008 09:00:00,        51.187236
10/25/2008 10:00:00,        49.299222
10/25/2008 11:00:00,        49.081620
10/25/2008 12:00:00,        50.055514
10/25/2008 13:00:00,        50.790949
10/25/2008 14:00:00,        48.764746
10/25/2008 15:00:00,        47.808814
10/25/2008 16:00:00,        46.746712
10/25/2008 17:00:00,        46.905002
10/25/2008 18:00:00,        49.175430
10/25/2008 19:00:00,        49.853899
10/25/2008 20:00:00,        52.631795
10/25/2008 21:00:00,        55.492044
10/25/2008 22:00:00,        58.248199
10/25/2008 23:00:00,        61.585445
10/26/2008 00:00:00,        65.232132
10/26/2008 01:00:00,        95.353659
10/26/2008 02:00:00,        95.450386
10/26/2008 03:00:00,        95.487188
10/26/2008 04:00:00,        95.227200
10/26/2008 05:00:00,        95.404171
10/26/2008 06:00:00,        95.457164
10/26/2008 07:00:00,        95.447621
10/26/2008 08:00:00,        95.506897
10/26/2008 09:00:00,        95.514065
10/26/2008 10:00:00,        95.497391
10/26/2008 11:00:00,        95.504066
10/26/2008 12:00:00,        95.481706
10/26/2008 13:00:00,        95.486005
10/26/2008 14:00:00,        95.491761
10/26/2008 15:00:00,        95.521013
10/26/2008 16:00:00,        95.506887
10/26/2008 17:00:00,        95.530182
10/26/2008 18:00:00,        95.663760
10/26/2008 19:00:00,        95.555952
10/26/2008 20:00:00,        95.666029
10/26/2008 21:00:00,        95.799075
10/26/2008 22:00:00,        95.811123
10/26/2008 23:00:00,        95.731030
10/27/2008 00:00:00,        95.589120
10/27/2008 01:00:00,        93.366899
10/27/2008 02:00:00,        92.218023
10/27/2008 03:00:00,        90.734267
10/27/2008 04:00:00,        88.794157
10/27/2008 05:00:00,        87.610062
10/27/2008 06:00:00,        87.432989
10/27/2008 07:00:00,        87.237884
10/27/2008 08:00:00,        84.992838
10/27/2008 09:00:00,        84.078707
10/27/2008 10:00:00,        78.682596
10/27/2008 11:00:00,        78.462211
10/27/2008 12:00:00,        74.012429
10/27/2008 13:00:00,        73.407923
10/27/2008 14:00:00,        71.979567
10/27/2008 15:00:00,        70.644302
10/27/2008 16:00:00,        70.998671
10/27/2008 17:00:00,        68.447168
10/27/2008 18:00:00,        69.631117
10/27/2008 19:00:00,        69.772635
10/27/2008 20:00:00,        65.356660
10/27/2008 21:00:00,        66.296977
10/27/2008 22:00:00,        65.640986
10/27/2008 23:00:00,        66.087709
10/28/2008 00:00:00,        67.206236
10/28/2008 01:00:00,        62.108673
10/28/2008 02:00:00,        61.515743
10/28/2008 03:00:00,        60.827376
10/28/2008 04:00:00,        60.721051
10/28/2008 05:00:00,        59.907340
10/28/2008 06:00:00,        60.135302
10/28/2008 07:00:00,        60.078311
10/28/2008 08:00:00,        58.908486
10/28/2008 09:00:00,        58.910309
10/28/2008 10:00:00,        59.299324
10/28/2008 11:00:00,        60.233086
10/28/2008 12:00:00,        60.789812
10/28/2008 13:00:00,        62.192687
10/28/2008 14:00:00,        64.465385
10/28/2008 15:00:00,        65.988069
10/28/2008 16:00:00,        69.926741
10/28/2008 17:00:00,        72.329525
10/28/2008 18:00:00,        76.072658
10/28/2008 19:00:00,        77.466260
10/28/2008 20:00:00,        79.477077
10/28/2008 21:00:00,        82.578620
10/28/2008 22:00:00,        83.921931
10/28/2008 23:00:00,        85.258829
10/29/2008 00:00:00,        87.047667
10/29/2008 01:00:00,        95.797199
10/29/2008 02:00:00,        95.770311
10/29/2008 03:00:00,        95.780910
10/29/2008 04:00:00,        95.784333
10/29/2008 05:00:00,        95.781147
10/29/2008 06:00:00,        95.774376
10/29/2008 07:00:00,        95.772596
10/29/2008 08:00:00,        95.750702
10/29/2008 09:00:00,        95.719900
10/29/2008 10:00:00,        95.697485
10/29/2008 11:00:00,        95.576877
10/29/2008 12:00:00,        95.526011
10/29/2008 13:00:00,        95.380139
10/29/2008 14:00:00,        95.096025
10/29/2008 15:00:00,        94.937228
10/29/2008 16:00:00,        94.777912
10/29/2008 17:00:00,        94.604690
10/29/2008 18:00:00,        94.404760
10/29/2008 19:00:00,        94.278331
10/29/2008 20:00:00,        93.695560
10/29/2008 21:00:00,        92.955390
10/29/2008 22:00:00,        92.679812
10/29/2008 23:00:00,        91.850565
10/30/2008 00:00:00,        91.001493
10/30/2008 01:00:00,        67.529477
10/30/2008 02:00:00,        61.816851
10/30/2008 03:00:00,        56.419339
10/30/2008 04:00:00,        50.970455
10/30/2008 05:00:00,        46.424557
10/30/2008 06:00:00,        42.298409
10/30/2008 07:00:00,        40.223534
10/30/2008 08:00:00,        34.297007
10/30/2008 09:00:00,        29.690802
10/30/2008 10:00:00,        27.539787
10/30/2008 11:00:00,        26.387749
10/30/2008 12:00:00,        27.029224
10/30/2008 13:00:00,        29.710753
10/30/2008 14:00:00,        34.437469
10/30/2008 15:00:00,        40.264306
10/30/2008 16:00:00,        46.668205
10/30/2008 17:00:00,        53.891084
10/30/2008 18:00:00,        60.821085
10/30/2008 19:00:00,        66.135775
10/30/2008 20:00:00,        70.600877
10/30/2008 21:00:00,        75.960189
10/30/2008 22:00:00,        81.057721
10/30/2008 23:00:00,        84.692434
10/31/2008 00:00:00,        88.715003
10/31/2008 01:00:00,        95.339694
10/31/2008 02:00:00,        95.239738
10/31/2008 03:00:00,        95.328279
10/31/2008 04:00:00,        95.117502
10/31/2008 05:00:00,        94.798386
10/31/2008 06:00:00,        94.431430
10/31/2008 07:00:00,        93.663972
10/31/2008 08:00:00,        91.808463
10/31/2008 09:00:00,        89.077100
10/31/2008 10:00:00,        85.905475
10/31/2008 11:00:00,        82.190542
10/31/2008 12:00:00,        77.869939
10/31/2008 13:00:00,        73.431834
10/31/2008 14:00:00,        68.559690
10/31/2008 15:00:00,        63.291916
10/31/2008 16:00:00,        58.355623
10/31/2008 17:00:00,        53.852170
10/31/2008 18:00:00,        49.800554
10/31/2008 19:00:00,        45.353599
10/31/2008 20:00:00,        41.158331
10/31/2008 21:00:00,        37.523442
10/31/2008 22:00:00,        34.608750
10/31/2008 23:00:00,        32.401283
11/01/2008 00:00:00,        56.176866
11/01/2008 01:00:00,        59.007321
11/01/2008 02:00:00,        60.462456
11/01/2008 03:00:00,        62.106575
11/01/2008 04:00:00,        61.372700
11/01/2008 05:00:00,        59.988728
11/01/2008 06:00:00,        59.847167
11/01/2008 07:00:00,        60.798387
11/01/2008 08:00:00,        59.032873
11/01/2008 09:00:00,        56.104990
11/01/2008 10:00:00,        51.823601
11/01/2008 11:00:00,        47.155547
11/01/2008 12:00:00,        42.436675
11/01/2008 13:00:00,        37.235810
11/01/2008 14:00:00,        32.191467
11/01/2008 15:00:00,        27.418440
11/01/2008 16:00:00,        22.599658
11/01/2008 17:00:00,        17.987015
11/01/2008 18:00:00,        14.046827
11/01/2008 19:00:00,        11.952100
11/01/2008 20:00:00,         9.699128
11/01/2008 21:00:00,         9.336954
11/01/2008 22:00:00,         8.990543
11/01/2008 23:00:00,         8.931428
11/02/2008 00:00:00,         8.997111
11/02/2008 01:00:00,        16.714410
11/02/2008 02:00:00,        17.682565
11/02/2008 03:00:00,        20.400718
11/02/2008 04:00:00,        23.077402
11/02/2008 05:00:00,        26.178467
11/02/2008 06:00:00,        28.621122
11/02/2008 07:00:00,        31.043410
11/02/2008 08:00:00,        31.989079
11/02/2008 09:00:00,        33.680614
11/02/2008 10:00:00,        33.928531
11/02/2008 11:00:00,        34.521228
11/02/2008 12:00:00,        34.679049
11/02/2008 13:00:00,        34.746221
11/02/2008 14:00:00,        35.385026
11/02/2008 15:00:00,        35.721334
11/02/2008 16:00:00,        34.722894
11/02/2008 17:00:00,        33.057736
11/02/2008 18:00:00,        33.231554
11/02/2008 19:00:00,        31.612773
11/02/2008 20:00:00,        29.634931
11/02/2008 21:00:00,        29.741886
11/02/2008 22:00:00,        30.739831
11/02/2008 23:00:00,        32.626109
11/03/2008 00:00:00,        34.887756
11/03/2008 01:00:00,        72.746278
11/03/2008 02:00:00,        74.174288
11/03/2008 03:00:00,        75.690056
11/03/2008 04:00:00,        77.836639
11/03/2008 05:00:00,        79.062678
11/03/2008 06:00:00,        80.775083
11/03/2008 07:00:00,        82.567904
11/03/2008 08:00:00,        81.750756
11/03/2008 09:00:00,        82.899430
11/03/2008 10:00:00,        83.591204
11/03/2008 11:00:00,        84.165930
11/03/2008 12:00:00,        84.449387
11/03/2008 13:00:00,        84.658515
11/03/2008 14:00:00,        84.504063
11/03/2008 15:00:00,        83.812700
11/03/2008 16:00:00,        82.396994
11/03/2008 17:00:00,        80.029819
11/03/2008 18:00:00,        78.412973
11/03/2008 19:00:00,        76.876992
11/03/2008 20:00:00,        75.488381
11/03/2008 21:00:00,        74.619543
11/03/2008 22:00:00,        73.618796
11/03/2008 23:00:00,        72.901650
11/04/2008 00:00:00,        72.261929
11/04/2008 01:00:00,        68.144767
11/04/2008 02:00:00,        70.426391
11/04/2008 03:00:00,        72.675149
11/04/2008 04:00:00,        74.393139
11/04/2008 05:00:00,        75.584387
11/04/2008 06:00:00,        76.730529
11/04/2008 07:00:00,        77.879034
11/04/2008 08:00:00,        79.347348
11/04/2008 09:00:00,        80.068322
11/04/2008 10:00:00,        79.715415
11/04/2008 11:00:00,        79.532204
11/04/2008 12:00:00,        79.182453
11/04/2008 13:00:00,        78.021872
11/04/2008 14:00:00,        76.087682
11/04/2008 15:00:00,        74.705278
11/04/2008 16:00:00,        74.401976
11/04/2008 17:00:00,        74.010859
11/04/2008 18:00:00,        73.268540
11/04/2008 19:00:00,        71.801619
11/04/2008 20:00:00,        70.467206
11/04/2008 21:00:00,        69.579158
11/04/2008 22:00:00,        70.175073
11/04/2008 23:00:00,        72.230320
11/05/2008 00:00:00,        74.176947
11/05/2008 01:00:00,        87.454801
11/05/2008 02:00:00,        87.392803
11/05/2008 03:00:00,        87.016930
11/05/2008 04:00:00,        86.436668
11/05/2008 05:00:00,        85.604976
11/05/2008 06:00:00,        84.779925
11/05/2008 07:00:00,        83.511184
11/05/2008 08:00:00,        81.091507
11/05/2008 09:00:00,        77.383039
11/05/2008 10:00:00,        72.780315
11/05/2008 11:00:00,        67.818925
11/05/2008 12:00:00,        62.784977
11/05/2008 13:00:00,        57.690412
11/05/2008 14:00:00,        52.676668
11/05/2008 15:00:00,        47.647871
11/05/2008 16:00:00,        44.330738
11/05/2008 17:00:00,        43.205809
11/05/2008 18:00:00,        43.101758
11/05/2008 19:00:00,        40.661064
11/05/2008 20:00:00,        38.775639
11/05/2008 21:00:00,        37.922964
11/05/2008 22:00:00,        38.070236
11/05/2008 23:00:00,        40.807835
11/06/2008 00:00:00,        43.655030
11/06/2008 01:00:00,        73.489752
11/06/2008 02:00:00,        70.222389
11/06/2008 03:00:00,        68.321435
11/06/2008 04:00:00,        66.624112
11/06/2008 05:00:00,        65.002760
11/06/2008 06:00:00,        64.272641
11/06/2008 07:00:00,        62.960589
11/06/2008 08:00:00,        59.706712
11/06/2008 09:00:00,        55.067240
11/06/2008 10:00:00,        49.396838
11/06/2008 11:00:00,        43.673179
11/06/2008 12:00:00,        38.320984
11/06/2008 13:00:00,        33.701521
11/06/2008 14:00:00,        29.685729
11/06/2008 15:00:00,        26.069826
11/06/2008 16:00:00,        25.069310
11/06/2008 17:00:00,        24.559109
11/06/2008 18:00:00,        25.221828
11/06/2008 19:00:00,        22.942666
11/06/2008 20:00:00,        21.599579
11/06/2008 21:00:00,        21.464833
11/06/2008 22:00:00,        22.322270
11/06/2008 23:00:00,        25.124466
11/07/2008 00:00:00,        28.760758
11/07/2008 01:00:00,        76.231709
11/07/2008 02:00:00,        78.317632
11/07/2008 03:00:00,        81.039618
11/07/2008 04:00:00,        83.211076
11/07/2008 05:00:00,        85.100139
11/07/2008 06:00:00,        87.467691
11/07/2008 07:00:00,        88.824132
11/07/2008 08:00:00,        89.139301
11/07/2008 09:00:00,        85.958463
11/07/2008 10:00:00,        81.332912
11/07/2008 11:00:00,        76.221861
11/07/2008 12:00:00,        70.778052
11/07/2008 13:00:00,        65.627702
11/07/2008 14:00:00,        61.938662
11/07/2008 15:00:00,        56.194842
11/07/2008 16:00:00,        52.162150
11/07/2008 17:00:00,        48.266388
11/07/2008 18:00:00,        44.946087
11/07/2008 19:00:00,        40.521190
11/07/2008 20:00:00,        36.318535
11/07/2008 21:00:00,        33.818861
11/07/2008 22:00:00,        35.382002
11/07/2008 23:00:00,        37.109029
11/08/2008 00:00:00,        40.437144
11/08/2008 01:00:00,        50.873876
11/08/2008 02:00:00,        47.995854
11/08/2008 03:00:00,        44.178297
11/08/2008 04:00:00,        42.663665
11/08/2008 05:00:00,        43.446308
11/08/2008 06:00:00,        44.292077
11/08/2008 07:00:00,        42.286351
11/08/2008 08:00:00,        42.432490
11/08/2008 09:00:00,        42.525873
11/08/2008 10:00:00,        43.341919
11/08/2008 11:00:00,        44.398636
11/08/2008 12:00:00,        47.809649
11/08/2008 13:00:00,        49.425129
11/08/2008 14:00:00,        51.920997
11/08/2008 15:00:00,        55.103297
11/08/2008 16:00:00,        56.994823
11/08/2008 17:00:00,        59.433669
11/08/2008 18:00:00,        62.080884
11/08/2008 19:00:00,        64.041277
11/08/2008 20:00:00,        66.160775
11/08/2008 21:00:00,        68.165862
11/08/2008 22:00:00,        69.105893
11/08/2008 23:00:00,        68.628901
11/09/2008 00:00:00,        67.043518
11/09/2008 01:00:00,        86.108170
11/09/2008 02:00:00,        84.532426
11/09/2008 03:00:00,        84.576791
11/09/2008 04:00:00,        84.765217
11/09/2008 05:00:00,        85.257498
11/09/2008 06:00:00,        85.165698
11/09/2008 07:00:00,        84.786490
11/09/2008 08:00:00,        84.144483
11/09/2008 09:00:00,        83.659782
11/09/2008 10:00:00,        82.903255
11/09/2008 11:00:00,        81.677947
11/09/2008 12:00:00,        81.822652
11/09/2008 13:00:00,        82.750225
11/09/2008 14:00:00,        84.116075
11/09/2008 15:00:00,        86.240513
11/09/2008 16:00:00,        85.023355
11/09/2008 17:00:00,        84.386117
11/09/2008 18:00:00,        83.783530
11/09/2008 19:00:00,        83.966756
11/09/2008 20:00:00,        85.228006
11/09/2008 21:00:00,        84.078136
11/09/2008 22:00:00,        84.926667
11/09/2008 23:00:00,        84.698749
11/10/2008 00:00:00,        85.470545
11/10/2008 01:00:00,        84.218654
11/10/2008 02:00:00,        85.332195
11/10/2008 03:00:00,        86.578614
11/10/2008 04:00:00,        86.822162
11/10/2008 05:00:00,        88.018028
11/10/2008 06:00:00,        88.864006
11/10/2008 07:00:00,        89.360898
11/10/2008 08:00:00,        90.287972
11/10/2008 09:00:00,        90.859587
11/10/2008 10:00:00,        91.903093
11/10/2008 11:00:00,        92.650821
11/10/2008 12:00:00,        93.497347
11/10/2008 13:00:00,        93.888202
11/10/2008 14:00:00,        94.438614
11/10/2008 15:00:00,        94.445332
11/10/2008 16:00:00,        94.185536
11/10/2008 17:00:00,        93.594739
11/10/2008 18:00:00,        92.980090
11/10/2008 19:00:00,        92.834660
11/10/2008 20:00:00,        92.639564
11/10/2008 21:00:00,        92.365426
11/10/2008 22:00:00,        91.937345
11/10/2008 23:00:00,        91.536760
11/11/2008 00:00:00,        91.036415
11/11/2008 01:00:00,        83.298230
11/11/2008 02:00:00,        80.596911
11/11/2008 03:00:00,        77.396817
11/11/2008 04:00:00,        74.161245
11/11/2008 05:00:00,        70.332485
11/11/2008 06:00:00,        66.394867
11/11/2008 07:00:00,        62.420609
11/11/2008 08:00:00,        56.397154
11/11/2008 09:00:00,        50.236856
11/11/2008 10:00:00,        44.365987
11/11/2008 11:00:00,        38.161422
11/11/2008 12:00:00,        32.918161
11/11/2008 13:00:00,        28.318825
11/11/2008 14:00:00,        21.826878
11/11/2008 15:00:00,        17.672384
11/11/2008 16:00:00,        13.911546
11/11/2008 17:00:00,        11.089266
11/11/2008 18:00:00,         8.975979
11/11/2008 19:00:00,         7.653992
11/11/2008 20:00:00,         6.828982
11/11/2008 21:00:00,         5.870948
11/11/2008 22:00:00,         4.953033
11/11/2008 23:00:00,         4.092418
11/12/2008 00:00:00,         3.400395
11/12/2008 01:00:00,         1.302069
11/12/2008 02:00:00,         2.296328
11/12/2008 03:00:00,         3.097849
11/12/2008 04:00:00,         3.821048
11/12/2008 05:00:00,         4.753214
11/12/2008 06:00:00,         5.927933
11/12/2008 07:00:00,         7.375957
11/12/2008 08:00:00,         9.488441
11/12/2008 09:00:00,        10.933845
11/12/2008 10:00:00,        12.294243
11/12/2008 11:00:00,        13.049315
11/12/2008 12:00:00,        13.625598
11/12/2008 13:00:00,        14.930825
11/12/2008 14:00:00,        16.440156
11/12/2008 15:00:00,        17.667633
11/12/2008 16:00:00,        19.068994
11/12/2008 17:00:00,        22.139183
11/12/2008 18:00:00,        25.115424
11/12/2008 19:00:00,        26.340466
11/12/2008 20:00:00,        27.090143
11/12/2008 21:00:00,        28.065463
11/12/2008 22:00:00,        30.534202
11/12/2008 23:00:00,        33.003658
11/13/2008 00:00:00,        36.806451
11/13/2008 01:00:00,        83.986668
11/13/2008 02:00:00,        83.736271
11/13/2008 03:00:00,        84.358437
11/13/2008 04:00:00,        84.926397
11/13/2008 05:00:00,        84.451340
11/13/2008 06:00:00,        84.243377
11/13/2008 07:00:00,        83.727760
11/13/2008 08:00:00,        83.489554
11/13/2008 09:00:00,        83.535313
11/13/2008 10:00:00,        83.428038
11/13/2008 11:00:00,        82.638259
11/13/2008 12:00:00,        82.549278
11/13/2008 13:00:00,        82.084028
11/13/2008 14:00:00,        82.258106
11/13/2008 15:00:00,        82.545078
11/13/2008 16:00:00,        82.976214
11/13/2008 17:00:00,        83.789745
11/13/2008 18:00:00,        85.104298
11/13/2008 19:00:00,        86.119822
11/13/2008 20:00:00,        87.468627
11/13/2008 21:00:00,        87.885632
11/13/2008 22:00:00,        88.380829
11/13/2008 23:00:00,        88.778392
11/14/2008 00:00:00,        89.181400
11/14/2008 01:00:00,        94.821302
11/14/2008 02:00:00,        94.927994
11/14/2008 03:00:00,        95.133842
11/14/2008 04:00:00,        95.247412
11/14/2008 05:00:00,        95.339302
11/14/2008 06:00:00,        95.397470
11/14/2008 07:00:00,        95.457380
11/14/2008 08:00:00,        95.626772
11/14/2008 09:00:00,        95.686482
11/14/2008 10:00:00,        95.704660
11/14/2008 11:00:00,        95.682129
11/14/2008 12:00:00,        95.542448
11/14/2008 13:00:00,        95.025347
11/14/2008 14:00:00,        93.992073
11/14/2008 15:00:00,        92.013930
11/14/2008 16:00:00,        88.100244
11/14/2008 17:00:00,        83.544106
11/14/2008 18:00:00,        78.097994
11/14/2008 19:00:00,        75.527431
11/14/2008 20:00:00,        72.246287
11/14/2008 21:00:00,        68.284360
11/14/2008 22:00:00,        64.582173
11/14/2008 23:00:00,        60.762991
11/15/2008 00:00:00,        56.490100
11/15/2008 01:00:00,        30.942898
11/15/2008 02:00:00,        31.097048
11/15/2008 03:00:00,        30.863707
11/15/2008 04:00:00,        31.578252
11/15/2008 05:00:00,        32.621399
11/15/2008 06:00:00,        34.054750
11/15/2008 07:00:00,        35.894988
11/15/2008 08:00:00,        38.770093
11/15/2008 09:00:00,        41.869106
11/15/2008 10:00:00,        45.201118
11/15/2008 11:00:00,        47.182540
11/15/2008 12:00:00,        50.049057
11/15/2008 13:00:00,        52.586746
11/15/2008 14:00:00,        55.501333
11/15/2008 15:00:00,        58.164109
11/15/2008 16:00:00,        61.718050
11/15/2008 17:00:00,        65.494724
11/15/2008 18:00:00,        67.910812
11/15/2008 19:00:00,        69.758276
11/15/2008 20:00:00,        71.104457
11/15/2008 21:00:00,        72.796396
11/15/2008 22:00:00,        74.842640
11/15/2008 23:00:00,        76.101952
11/16/2008 00:00:00,        78.571746
11/16/2008 01:00:00,        92.736023
11/16/2008 02:00:00,        92.003149
11/16/2008 03:00:00,        90.930737
11/16/2008 04:00:00,        90.585719
11/16/2008 05:00:00,        90.461817
11/16/2008 06:00:00,        90.092010
11/16/2008 07:00:00,        89.815735
11/16/2008 08:00:00,        88.777523
11/16/2008 09:00:00,        87.727929
11/16/2008 10:00:00,        84.808352
11/16/2008 11:00:00,        84.079214
11/16/2008 12:00:00,        84.140878
11/16/2008 13:00:00,        83.986709
11/16/2008 14:00:00,        84.100943
11/16/2008 15:00:00,        83.011072
11/16/2008 16:00:00,        82.416589
11/16/2008 17:00:00,        81.476480
11/16/2008 18:00:00,        82.079832
11/16/2008 19:00:00,        83.127395
11/16/2008 20:00:00,        83.275989
11/16/2008 21:00:00,        83.797526
11/16/2008 22:00:00,        84.634234
11/16/2008 23:00:00,        86.477501
11/17/2008 00:00:00,        86.221109
11/17/2008 01:00:00,        82.898608
11/17/2008 02:00:00,        79.622914
11/17/2008 03:00:00,        76.770721
11/17/2008 04:00:00,        70.278976
11/17/2008 05:00:00,        65.379784
11/17/2008 06:00:00,        63.711595
11/17/2008 07:00:00,        60.104001
11/17/2008 08:00:00,        37.760573
11/17/2008 09:00:00,        42.508505
11/17/2008 10:00:00,        31.003260
11/17/2008 11:00:00,        41.080525
11/17/2008 12:00:00,        36.164051
11/17/2008 13:00:00,        32.152253
11/17/2008 14:00:00,        29.650050
11/17/2008 15:00:00,        28.695900
11/17/2008 16:00:00,        29.001216
11/17/2008 17:00:00,        31.975146
11/17/2008 18:00:00,        34.093917
11/17/2008 19:00:00,        34.700928
11/17/2008 20:00:00,        34.300207
11/17/2008 21:00:00,        34.815728
11/17/2008 22:00:00,        34.257272
11/17/2008 23:00:00,        36.048922
11/18/2008 00:00:00,        38.426087
11/18/2008 01:00:00,        50.580887
11/18/2008 02:00:00,        52.174821
11/18/2008 03:00:00,        53.217313
11/18/2008 04:00:00,        56.908813
11/18/2008 05:00:00,        55.839720
11/18/2008 06:00:00,        58.948377
11/18/2008 07:00:00,        59.318505
11/18/2008 08:00:00,        61.798202
11/18/2008 09:00:00,        63.130471
11/18/2008 10:00:00,        63.650764
11/18/2008 11:00:00,        62.844682
11/18/2008 12:00:00,        60.871723
11/18/2008 13:00:00,        58.750830
11/18/2008 14:00:00,        55.957122
11/18/2008 15:00:00,        51.264815
11/18/2008 16:00:00,        48.093333
11/18/2008 17:00:00,        46.724394
11/18/2008 18:00:00,        42.333241
11/18/2008 19:00:00,        38.291760
11/18/2008 20:00:00,        34.420903
11/18/2008 21:00:00,        30.805549
11/18/2008 22:00:00,        27.499184
11/18/2008 23:00:00,        23.317243
11/19/2008 00:00:00,        19.854993
11/19/2008 01:00:00,         5.977829
11/19/2008 02:00:00,         5.776435
11/19/2008 03:00:00,         5.417076
11/19/2008 04:00:00,         5.407932
11/19/2008 05:00:00,         6.271617
11/19/2008 06:00:00,         7.429242
11/19/2008 07:00:00,         9.136157
11/19/2008 08:00:00,        11.631297
11/19/2008 09:00:00,        13.817543
11/19/2008 10:00:00,        17.474738
11/19/2008 11:00:00,        20.229771
11/19/2008 12:00:00,        25.342265
11/19/2008 13:00:00,        28.756280
11/19/2008 14:00:00,        33.888678
11/19/2008 15:00:00,        37.831192
11/19/2008 16:00:00,        41.253091
11/19/2008 17:00:00,        44.329898
11/19/2008 18:00:00,        46.994430
11/19/2008 19:00:00,        49.116350
11/19/2008 20:00:00,        48.640650
11/19/2008 21:00:00,        47.743188
11/19/2008 22:00:00,        49.325995
11/19/2008 23:00:00,        48.719740
11/20/2008 00:00:00,        28.378672
11/20/2008 01:00:00,         8.263021
11/20/2008 02:00:00,         4.732699
11/20/2008 03:00:00,        28.520930
11/20/2008 04:00:00,        26.885340
11/20/2008 05:00:00,        25.700170
11/20/2008 06:00:00,        24.120560
11/20/2008 07:00:00,        25.067323
11/20/2008 08:00:00,        22.312620
11/20/2008 09:00:00,        19.122440
11/20/2008 10:00:00,        15.464610
11/20/2008 11:00:00,        10.148563
11/20/2008 12:00:00,        12.941330
11/20/2008 13:00:00,         4.175916
11/20/2008 14:00:00,        19.650924
11/20/2008 15:00:00,        22.808494
11/20/2008 16:00:00,        24.755072
11/20/2008 17:00:00,        31.169740
11/20/2008 18:00:00,        35.370660
11/20/2008 19:00:00,        35.996202
11/20/2008 20:00:00,        38.343311
11/20/2008 21:00:00,        42.339939
11/20/2008 22:00:00,        47.363318
11/20/2008 23:00:00,        53.644563
11/21/2008 00:00:00,        60.617711
11/21/2008 01:00:00,        78.836167
11/21/2008 02:00:00,        78.914760
11/21/2008 03:00:00,        79.755902
11/21/2008 04:00:00,        80.772467
11/21/2008 05:00:00,        80.824731
11/21/2008 06:00:00,        81.370364
11/21/2008 07:00:00,        81.575713
11/21/2008 08:00:00,        81.705402
11/21/2008 09:00:00,        80.015082
11/21/2008 10:00:00,        76.709779
11/21/2008 11:00:00,        73.443460
11/21/2008 12:00:00,        71.976938
11/21/2008 13:00:00,        72.042183
11/21/2008 14:00:00,        72.285662
11/21/2008 15:00:00,        71.426979
11/21/2008 16:00:00,        70.128936
11/21/2008 17:00:00,        67.997334
11/21/2008 18:00:00,        64.994759
11/21/2008 19:00:00,        64.600901
11/21/2008 20:00:00,        65.289670
11/21/2008 21:00:00,        62.388185
11/21/2008 22:00:00,        61.407914
11/21/2008 23:00:00,        62.886530
11/22/2008 00:00:00,        64.353447
11/22/2008 01:00:00,        24.723033
11/22/2008 02:00:00,        24.445400
11/22/2008 03:00:00,        24.212179
11/22/2008 04:00:00,        23.163399
11/22/2008 05:00:00,        22.115805
11/22/2008 06:00:00,        22.708863
11/22/2008 07:00:00,        22.872793
11/22/2008 08:00:00,        21.053785
11/22/2008 09:00:00,        18.856971
11/22/2008 10:00:00,        18.931276
11/22/2008 11:00:00,        20.046113
11/22/2008 12:00:00,        20.396008
11/22/2008 13:00:00,        20.868450
11/22/2008 14:00:00,        20.517008
11/22/2008 15:00:00,        19.665784
11/22/2008 16:00:00,        17.878308
11/22/2008 17:00:00,        15.899108
11/22/2008 18:00:00,        13.947961
11/22/2008 19:00:00,        12.013551
11/22/2008 20:00:00,         9.721005
11/22/2008 21:00:00,         7.536669
11/22/2008 22:00:00,         6.104410
11/22/2008 23:00:00,         5.075883
11/23/2008 00:00:00,         3.863635
11/23/2008 01:00:00,         3.467500
11/23/2008 02:00:00,         5.194003
11/23/2008 03:00:00,         5.349399
11/23/2008 04:00:00,         7.841380
11/23/2008 05:00:00,        10.928456
11/23/2008 06:00:00,        14.067628
11/23/2008 07:00:00,        16.963300
11/23/2008 08:00:00,        20.953254
11/23/2008 09:00:00,        26.504990
11/23/2008 10:00:00,        27.304665
11/23/2008 11:00:00,        35.994624
11/23/2008 12:00:00,        42.032547
11/23/2008 13:00:00,        48.301740
11/23/2008 14:00:00,        52.290844
11/23/2008 15:00:00,        55.998069
11/23/2008 16:00:00,        60.743511
11/23/2008 17:00:00,        64.234409
11/23/2008 18:00:00,        67.089927
11/23/2008 19:00:00,        68.773046
11/23/2008 20:00:00,        70.277821
11/23/2008 21:00:00,        72.170885
11/23/2008 22:00:00,        73.531551
11/23/2008 23:00:00,        74.540171
11/24/2008 00:00:00,        75.397727
11/24/2008 01:00:00,        62.412026
11/24/2008 02:00:00,        62.110758
11/24/2008 03:00:00,        62.403813
11/24/2008 04:00:00,        62.251945
11/24/2008 05:00:00,        62.796247
11/24/2008 06:00:00,        63.251184
11/24/2008 07:00:00,        62.699041
11/24/2008 08:00:00,        61.178336
11/24/2008 09:00:00,        59.204211
11/24/2008 10:00:00,        57.190799
11/24/2008 11:00:00,        54.007184
11/24/2008 12:00:00,        50.839391
11/24/2008 13:00:00,        47.565678
11/24/2008 14:00:00,        44.562414
11/24/2008 15:00:00,        41.405364
11/24/2008 16:00:00,        38.548918
11/24/2008 17:00:00,        35.576825
11/24/2008 18:00:00,        30.758493
11/24/2008 19:00:00,        26.757251
11/24/2008 20:00:00,        23.554411
11/24/2008 21:00:00,        21.158999
11/24/2008 22:00:00,        18.707053
11/24/2008 23:00:00,        15.593739
11/25/2008 00:00:00,        14.515762
11/25/2008 01:00:00,        33.257440
11/25/2008 02:00:00,        31.113540
11/25/2008 03:00:00,        27.398015
11/25/2008 04:00:00,        25.114325
11/25/2008 05:00:00,        23.613519
11/25/2008 06:00:00,        21.353287
11/25/2008 07:00:00,        19.619703
11/25/2008 08:00:00,        16.389934
11/25/2008 09:00:00,        13.388640
11/25/2008 10:00:00,        11.124500
11/25/2008 11:00:00,         8.920500
11/25/2008 12:00:00,         8.805504
11/25/2008 13:00:00,        11.585569
11/25/2008 14:00:00,        16.083100
11/25/2008 15:00:00,        20.790600
11/25/2008 16:00:00,        26.624280
11/25/2008 17:00:00,        32.044129
11/25/2008 18:00:00,        37.346638
11/25/2008 19:00:00,        40.733249
11/25/2008 20:00:00,        45.161515
11/25/2008 21:00:00,        50.123094
11/25/2008 22:00:00,        56.765443
11/25/2008 23:00:00,        65.767342
11/26/2008 00:00:00,        75.764600
11/26/2008 01:00:00,        84.364926
11/26/2008 02:00:00,        85.665144
11/26/2008 03:00:00,        86.713074
11/26/2008 04:00:00,        88.708344
11/26/2008 05:00:00,        89.182962
11/26/2008 06:00:00,        90.147457
11/26/2008 07:00:00,        91.015125
11/26/2008 08:00:00,        91.687451
11/26/2008 09:00:00,        92.458303
11/26/2008 10:00:00,        92.732284
11/26/2008 11:00:00,        92.620486
11/26/2008 12:00:00,        92.747393
11/26/2008 13:00:00,        92.813315
11/26/2008 14:00:00,        93.095483
11/26/2008 15:00:00,        92.938499
11/26/2008 16:00:00,        92.982889
11/26/2008 17:00:00,        92.570702
11/26/2008 18:00:00,        92.105818
11/26/2008 19:00:00,        91.979735
11/26/2008 20:00:00,        91.886581
11/26/2008 21:00:00,        91.845436
11/26/2008 22:00:00,        91.725616
11/26/2008 23:00:00,        91.759380
11/27/2008 00:00:00,        91.869820
11/27/2008 01:00:00,        69.213409
11/27/2008 02:00:00,        67.871832
11/27/2008 03:00:00,        67.132224
11/27/2008 04:00:00,        67.405807
11/27/2008 05:00:00,        68.818156
11/27/2008 06:00:00,        70.066741
11/27/2008 07:00:00,        71.758245
11/27/2008 08:00:00,        69.943799
11/27/2008 09:00:00,        70.209224
11/27/2008 10:00:00,        71.505100
11/27/2008 11:00:00,        69.633617
11/27/2008 12:00:00,        67.356274
11/27/2008 13:00:00,        66.354200
11/27/2008 14:00:00,        65.307437
11/27/2008 15:00:00,        63.838283
11/27/2008 16:00:00,        61.721830
11/27/2008 17:00:00,        59.806622
11/27/2008 18:00:00,        57.937604
11/27/2008 19:00:00,        55.934990
11/27/2008 20:00:00,        53.798545
11/27/2008 21:00:00,        52.709244
11/27/2008 22:00:00,        54.146223
11/27/2008 23:00:00,        50.859463
11/28/2008 00:00:00,        49.638123
11/28/2008 01:00:00,        73.827991
11/28/2008 02:00:00,        72.312748
11/28/2008 03:00:00,        71.284985
11/28/2008 04:00:00,        71.383444
11/28/2008 05:00:00,        73.712207
11/28/2008 06:00:00,        75.341298
11/28/2008 07:00:00,        77.118459
11/28/2008 08:00:00,        77.790529
11/28/2008 09:00:00,        78.771506
11/28/2008 10:00:00,        79.283853
11/28/2008 11:00:00,        77.115532
11/28/2008 12:00:00,        76.402221
11/28/2008 13:00:00,        75.591633
11/28/2008 14:00:00,        76.876273
11/28/2008 15:00:00,        78.123897
11/28/2008 16:00:00,        78.844191
11/28/2008 17:00:00,        79.925309
11/28/2008 18:00:00,        80.007339
11/28/2008 19:00:00,        78.913257
11/28/2008 20:00:00,        78.201530
11/28/2008 21:00:00,        78.870935
11/28/2008 22:00:00,        78.186445
11/28/2008 23:00:00,        77.184200
11/29/2008 00:00:00,        80.885035
11/29/2008 01:00:00,        56.372996
11/29/2008 02:00:00,        56.583829
11/29/2008 03:00:00,        59.183870
11/29/2008 04:00:00,        58.032181
11/29/2008 05:00:00,        56.239147
11/29/2008 06:00:00,        55.373841
11/29/2008 07:00:00,        55.070382
11/29/2008 08:00:00,        51.243304
11/29/2008 09:00:00,        49.383204
11/29/2008 10:00:00,        47.057780
11/29/2008 11:00:00,        45.525527
11/29/2008 12:00:00,        41.802551
11/29/2008 13:00:00,        39.531601
11/29/2008 14:00:00,        37.016912
11/29/2008 15:00:00,        35.610220
11/29/2008 16:00:00,        32.376482
11/29/2008 17:00:00,        29.524198
11/29/2008 18:00:00,        26.303158
11/29/2008 19:00:00,        25.999788
11/29/2008 20:00:00,        23.852760
11/29/2008 21:00:00,        21.759368
11/29/2008 22:00:00,        20.764999
11/29/2008 23:00:00,        20.182529
11/30/2008 00:00:00,        19.924331
11/30/2008 01:00:00,         9.055287
11/30/2008 02:00:00,         8.449676
11/30/2008 03:00:00,         7.735428
11/30/2008 04:00:00,         7.228478
11/30/2008 05:00:00,         6.962836
11/30/2008 06:00:00,         6.863327
11/30/2008 07:00:00,         7.244970
11/30/2008 08:00:00,         8.562670
11/30/2008 09:00:00,         8.938269
11/30/2008 10:00:00,         9.883395
11/30/2008 11:00:00,        11.077764
11/30/2008 12:00:00,        12.771628
11/30/2008 13:00:00,        15.459440
11/30/2008 14:00:00,        18.504675
11/30/2008 15:00:00,        23.894079
11/30/2008 16:00:00,        29.370088
11/30/2008 17:00:00,        34.949853
11/30/2008 18:00:00,        35.716492
11/30/2008 19:00:00,        37.787144
11/30/2008 20:00:00,        39.447895
11/30/2008 21:00:00,        42.059228
11/30/2008 22:00:00,        43.717571
11/30/2008 23:00:00,        47.543675
12/01/2008 00:00:00,        83.695761
12/01/2008 01:00:00,        80.224200
12/01/2008 02:00:00,        74.781268
12/01/2008 03:00:00,        70.147075
12/01/2008 04:00:00,        65.340900
12/01/2008 05:00:00,        61.110040
12/01/2008 06:00:00,        56.963060
12/01/2008 07:00:00,        50.920780
12/01/2008 08:00:00,        45.384510
12/01/2008 09:00:00,        39.037310
12/01/2008 10:00:00,        33.318350
12/01/2008 11:00:00,        29.567700
12/01/2008 12:00:00,        16.258990
12/01/2008 13:00:00,         7.527821
12/01/2008 14:00:00,        10.190558
12/01/2008 15:00:00,         1.351708
12/01/2008 16:00:00,         0.371257
12/01/2008 17:00:00,         0.000000
12/01/2008 18:00:00,         0.000000
12/01/2008 19:00:00,         2.910201
12/01/2008 20:00:00,         0.000000
12/01/2008 21:00:00,        24.595500
12/01/2008 22:00:00,        31.454500
12/01/2008 23:00:00,        38.504440
12/02/2008 00:00:00,        40.529240
12/02/2008 01:00:00,        58.379515
12/02/2008 02:00:00,        59.070315
12/02/2008 03:00:00,        62.110187
12/02/2008 04:00:00,        60.558292
12/02/2008 05:00:00,        58.524823
12/02/2008 06:00:00,        61.250998
12/02/2008 07:00:00,        63.871690
12/02/2008 08:00:00,        61.559280
12/02/2008 09:00:00,        61.972191
12/02/2008 10:00:00,        62.975827
12/02/2008 11:00:00,        65.177704
12/02/2008 12:00:00,        67.077255
12/02/2008 13:00:00,        71.043199
12/02/2008 14:00:00,        73.089369
12/02/2008 15:00:00,        74.533713
12/02/2008 16:00:00,        77.007357
12/02/2008 17:00:00,        77.066633
12/02/2008 18:00:00,        82.764670
12/02/2008 19:00:00,        83.158139
12/02/2008 20:00:00,        84.196607
12/02/2008 21:00:00,        86.500491
12/02/2008 22:00:00,        88.883661
12/02/2008 23:00:00,        92.927668
12/03/2008 00:00:00,        94.995386
12/03/2008 01:00:00,        95.784342
12/03/2008 02:00:00,        95.766480
12/03/2008 03:00:00,        95.729267
12/03/2008 04:00:00,        95.693693
12/03/2008 05:00:00,        95.656628
12/03/2008 06:00:00,        95.622494
12/03/2008 07:00:00,        95.613687
12/03/2008 08:00:00,        95.559783
12/03/2008 09:00:00,        95.395461
12/03/2008 10:00:00,        94.962539
12/03/2008 11:00:00,        94.316683
12/03/2008 12:00:00,        93.543564
12/03/2008 13:00:00,        92.797113
12/03/2008 14:00:00,        92.225558
12/03/2008 15:00:00,        91.894600
12/03/2008 16:00:00,        91.344095
12/03/2008 17:00:00,        89.947015
12/03/2008 18:00:00,        87.168169
12/03/2008 19:00:00,        85.014677
12/03/2008 20:00:00,        83.162754
12/03/2008 21:00:00,        82.326670
12/03/2008 22:00:00,        82.602226
12/03/2008 23:00:00,        81.625607
12/04/2008 00:00:00,        78.786103
12/04/2008 01:00:00,        75.861303
12/04/2008 02:00:00,        73.476445
12/04/2008 03:00:00,        71.628495
12/04/2008 04:00:00,        70.742362
12/04/2008 05:00:00,        70.122187
12/04/2008 06:00:00,        70.968781
12/04/2008 07:00:00,        72.350306
12/04/2008 08:00:00,         0.000000
12/04/2008 09:00:00,        74.612720
12/04/2008 10:00:00,        63.380064
12/04/2008 11:00:00,        76.689571
12/04/2008 12:00:00,        77.724801
12/04/2008 13:00:00,        82.918055
12/04/2008 14:00:00,        84.261539
12/04/2008 15:00:00,        86.423858
12/04/2008 16:00:00,        88.236547
12/04/2008 17:00:00,        89.521548
12/04/2008 18:00:00,        90.649094
12/04/2008 19:00:00,        90.496310
12/04/2008 20:00:00,        90.137080
12/04/2008 21:00:00,        89.562056
12/04/2008 22:00:00,        89.142207
12/04/2008 23:00:00,        89.058169
12/05/2008 00:00:00,        88.512423
12/05/2008 01:00:00,        84.142600
12/05/2008 02:00:00,        82.890731
12/05/2008 03:00:00,        81.371532
12/05/2008 04:00:00,        80.089006
12/05/2008 05:00:00,        80.280525
12/05/2008 06:00:00,        79.816488
12/05/2008 07:00:00,        79.949533
12/05/2008 08:00:00,        79.661354
12/05/2008 09:00:00,        79.178995
12/05/2008 10:00:00,        79.206995
12/05/2008 11:00:00,        79.321161
12/05/2008 12:00:00,        80.057508
12/05/2008 13:00:00,        81.474605
12/05/2008 14:00:00,        82.734428
12/05/2008 15:00:00,        84.203747
12/05/2008 16:00:00,        85.547423
12/05/2008 17:00:00,        86.563862
12/05/2008 18:00:00,        87.661408
12/05/2008 19:00:00,        88.824557
12/05/2008 20:00:00,        89.939136
12/05/2008 21:00:00,        90.940389
12/05/2008 22:00:00,        91.960662
12/05/2008 23:00:00,        92.985410
12/06/2008 00:00:00,        93.760433
12/06/2008 01:00:00,        94.654910
12/06/2008 02:00:00,        94.701657
12/06/2008 03:00:00,        94.301124
12/06/2008 04:00:00,        93.835679
12/06/2008 05:00:00,        93.089932
12/06/2008 06:00:00,        92.633649
12/06/2008 07:00:00,        92.345890
12/06/2008 08:00:00,        92.089236
12/06/2008 09:00:00,        91.981418
12/06/2008 10:00:00,        91.604701
12/06/2008 11:00:00,        90.724535
12/06/2008 12:00:00,        91.723894
12/06/2008 13:00:00,        90.562679
12/06/2008 14:00:00,        91.146005
12/06/2008 15:00:00,        88.904776
12/06/2008 16:00:00,        88.749301
12/06/2008 17:00:00,        89.284593
12/06/2008 18:00:00,        89.612092
12/06/2008 19:00:00,        88.997752
12/06/2008 20:00:00,        92.883800
12/06/2008 21:00:00,         4.799977
12/06/2008 22:00:00,         3.999939
12/06/2008 23:00:00,         0.000000
12/07/2008 00:00:00,         0.000000
12/07/2008 01:00:00,         0.000000
12/07/2008 02:00:00,        40.924323
12/07/2008 03:00:00,         0.000000
12/07/2008 04:00:00,        63.801981
12/07/2008 05:00:00,         0.000000
12/07/2008 06:00:00,        55.919891
12/07/2008 07:00:00,        67.884294
12/07/2008 08:00:00,        68.330703
12/07/2008 09:00:00,        69.550834
12/07/2008 10:00:00,        71.546200
12/07/2008 11:00:00,        75.739651
12/07/2008 12:00:00,        76.928055
12/07/2008 13:00:00,        74.563182
12/07/2008 14:00:00,        71.831733
12/07/2008 15:00:00,        68.572790
12/07/2008 16:00:00,        64.038836
12/07/2008 17:00:00,        59.862404
12/07/2008 18:00:00,        55.264145
12/07/2008 19:00:00,        54.940446
12/07/2008 20:00:00,        53.502472
12/07/2008 21:00:00,        51.348091
12/07/2008 22:00:00,        49.360732
12/07/2008 23:00:00,        47.659496
12/08/2008 00:00:00,        44.812785
12/08/2008 01:00:00,        19.048395
12/08/2008 02:00:00,        21.887734
12/08/2008 03:00:00,        24.312913
12/08/2008 04:00:00,        27.082679
12/08/2008 05:00:00,        28.779315
12/08/2008 06:00:00,        34.636048
12/08/2008 07:00:00,        37.302562
12/08/2008 08:00:00,        40.848955
12/08/2008 09:00:00,        44.913094
12/08/2008 10:00:00,        49.323774
12/08/2008 11:00:00,        54.106722
12/08/2008 12:00:00,        58.986289
12/08/2008 13:00:00,        62.675687
12/08/2008 14:00:00,        65.881160
12/08/2008 15:00:00,        69.280021
12/08/2008 16:00:00,        72.281343
12/08/2008 17:00:00,        75.619778
12/08/2008 18:00:00,        78.009583
12/08/2008 19:00:00,        78.664033
12/08/2008 20:00:00,        79.441705
12/08/2008 21:00:00,        79.562438
12/08/2008 22:00:00,        78.806239
12/08/2008 23:00:00,        76.700474
12/09/2008 00:00:00,        75.665487
12/09/2008 01:00:00,        69.122921
12/09/2008 02:00:00,        67.682719
12/09/2008 03:00:00,        71.682400
12/09/2008 04:00:00,        72.195700
12/09/2008 05:00:00,        73.363300
12/09/2008 06:00:00,        73.060900
12/09/2008 07:00:00,        63.471128
12/09/2008 08:00:00,        64.059304
12/09/2008 09:00:00,        64.541080
12/09/2008 10:00:00,        65.244415
12/09/2008 11:00:00,        65.149776
12/09/2008 12:00:00,        64.015855
12/09/2008 13:00:00,        76.689500
12/09/2008 14:00:00,        64.738189
12/09/2008 15:00:00,        66.195896
12/09/2008 16:00:00,        65.443341
12/09/2008 17:00:00,        62.474248
12/09/2008 18:00:00,        57.625443
12/09/2008 19:00:00,        57.012487
12/09/2008 20:00:00,        56.066664
12/09/2008 21:00:00,        54.664890
12/09/2008 22:00:00,        52.616296
12/09/2008 23:00:00,        50.229031
12/10/2008 00:00:00,         0.000000
12/10/2008 01:00:00,         7.250103
12/10/2008 02:00:00,         0.000000
12/10/2008 03:00:00,         0.000000
12/10/2008 04:00:00,         0.000000
12/10/2008 05:00:00,         0.000000
12/10/2008 06:00:00,         0.000000
12/10/2008 07:00:00,         0.000000
12/10/2008 08:00:00,        25.263432
12/10/2008 09:00:00,        39.257231
12/10/2008 10:00:00,        45.089333
12/10/2008 11:00:00,        37.145987
12/10/2008 12:00:00,        20.820894
12/10/2008 13:00:00,        12.545886
12/10/2008 14:00:00,         5.260665
12/10/2008 15:00:00,        31.636559
12/10/2008 16:00:00,        29.158481
12/10/2008 17:00:00,        26.364362
12/10/2008 18:00:00,        24.261751
12/10/2008 19:00:00,        23.508861
12/10/2008 20:00:00,        22.550284
12/10/2008 21:00:00,        22.189723
12/10/2008 22:00:00,        22.383725
12/10/2008 23:00:00,        23.650763
12/11/2008 00:00:00,        16.779990
12/11/2008 01:00:00,        18.372154
12/11/2008 02:00:00,        19.576338
12/11/2008 03:00:00,        21.243959
12/11/2008 04:00:00,        22.918145
12/11/2008 05:00:00,        22.276324
12/11/2008 06:00:00,        19.496561
12/11/2008 07:00:00,        18.375734
12/11/2008 08:00:00,        21.609161
12/11/2008 09:00:00,        25.072373
12/11/2008 10:00:00,        27.279059
12/11/2008 11:00:00,        27.713157
12/11/2008 12:00:00,        28.268881
12/11/2008 13:00:00,        30.514261
12/11/2008 14:00:00,        31.936931
12/11/2008 15:00:00,        33.059155
12/11/2008 16:00:00,        33.860319
12/11/2008 17:00:00,        34.062885
12/11/2008 18:00:00,        34.882419
12/11/2008 19:00:00,        37.173588
12/11/2008 20:00:00,        47.316838
12/11/2008 21:00:00,         2.136322
12/11/2008 22:00:00,         2.239963
12/11/2008 23:00:00,         6.219680
12/12/2008 00:00:00,         6.444833
12/12/2008 01:00:00,         0.000000
12/12/2008 02:00:00,        35.846658
12/12/2008 03:00:00,        37.869385
12/12/2008 04:00:00,        41.058842
12/12/2008 05:00:00,        46.832260
12/12/2008 06:00:00,        46.088238
12/12/2008 07:00:00,        47.486948
12/12/2008 08:00:00,        49.186081
12/12/2008 09:00:00,        51.047009
12/12/2008 10:00:00,        51.510723
12/12/2008 11:00:00,        51.705095
12/12/2008 12:00:00,        53.627728
12/12/2008 13:00:00,        50.997687
12/12/2008 14:00:00,        48.361474
12/12/2008 15:00:00,        45.481480
12/12/2008 16:00:00,        42.257760
12/12/2008 17:00:00,        37.692861
12/12/2008 18:00:00,        33.832477
12/12/2008 19:00:00,        32.857655
12/12/2008 20:00:00,        31.075968
12/12/2008 21:00:00,        29.187009
12/12/2008 22:00:00,        28.630112
12/12/2008 23:00:00,        29.925725
12/13/2008 00:00:00,        27.970956
12/13/2008 01:00:00,        20.374782
12/13/2008 02:00:00,        23.246456
12/13/2008 03:00:00,        24.690953
12/13/2008 04:00:00,        28.723983
12/13/2008 05:00:00,        32.805839
12/13/2008 06:00:00,        36.861467
12/13/2008 07:00:00,        40.703698
12/13/2008 08:00:00,        45.378223
12/13/2008 09:00:00,        47.442045
12/13/2008 10:00:00,        54.289619
12/13/2008 11:00:00,        59.616871
12/13/2008 12:00:00,        64.880741
12/13/2008 13:00:00,        69.733151
12/13/2008 14:00:00,        74.320354
12/13/2008 15:00:00,        78.319700
12/13/2008 16:00:00,        84.669006
12/13/2008 17:00:00,        87.980900
12/13/2008 18:00:00,        89.548305
12/13/2008 19:00:00,        90.522121
12/13/2008 20:00:00,        91.093488
12/13/2008 21:00:00,        91.166689
12/13/2008 22:00:00,        91.143462
12/13/2008 23:00:00,        93.310206
12/14/2008 00:00:00,        93.354653
12/14/2008 01:00:00,        95.923851
12/14/2008 02:00:00,        95.926603
12/14/2008 03:00:00,        95.930938
12/14/2008 04:00:00,        95.929879
12/14/2008 05:00:00,        95.932686
12/14/2008 06:00:00,        95.940186
12/14/2008 07:00:00,        95.946001
12/14/2008 08:00:00,        95.953063
12/14/2008 09:00:00,        95.969907
12/14/2008 10:00:00,        95.989800
12/14/2008 11:00:00,        95.984023
12/14/2008 12:00:00,        95.986555
12/14/2008 13:00:00,        95.992031
12/14/2008 14:00:00,        95.996172
12/14/2008 15:00:00,        95.999625
12/14/2008 16:00:00,        95.999879
12/14/2008 17:00:00,        95.999980
12/14/2008 18:00:00,        95.999990
12/14/2008 19:00:00,        95.999412
12/14/2008 20:00:00,        95.999306
12/14/2008 21:00:00,        95.999274
12/14/2008 22:00:00,        95.999274
12/14/2008 23:00:00,        94.946963
12/15/2008 00:00:00,        93.543884
12/15/2008 01:00:00,        91.819211
12/15/2008 02:00:00,        90.732821
12/15/2008 03:00:00,        89.334427
12/15/2008 04:00:00,        87.931451
12/15/2008 05:00:00,        86.528500
12/15/2008 06:00:00,        80.325424
12/15/2008 07:00:00,        78.922354
12/15/2008 08:00:00,        77.519841
12/15/2008 09:00:00,        76.116867
12/15/2008 10:00:00,        74.713824
12/15/2008 11:00:00,        73.310745
12/15/2008 12:00:00,        72.959970
12/15/2008 13:00:00,        72.959827
12/15/2008 14:00:00,        73.313691
12/15/2008 15:00:00,        74.008570
12/15/2008 16:00:00,        74.569152
12/15/2008 17:00:00,        75.024370
12/15/2008 18:00:00,        75.346792
12/15/2008 19:00:00,        75.629353
12/15/2008 20:00:00,        75.899367
12/15/2008 21:00:00,        76.109208
12/15/2008 22:00:00,        78.734226
12/15/2008 23:00:00,        78.321247
12/16/2008 00:00:00,        77.973931
12/16/2008 01:00:00,        69.405912
12/16/2008 02:00:00,        68.041262
12/16/2008 03:00:00,        67.098036
12/16/2008 04:00:00,        64.858713
12/16/2008 05:00:00,        61.895541
12/16/2008 06:00:00,        58.399576
12/16/2008 07:00:00,        55.093515
12/16/2008 08:00:00,        50.381253
12/16/2008 09:00:00,        45.435319
12/16/2008 10:00:00,        40.918282
12/16/2008 11:00:00,        36.284290
12/16/2008 12:00:00,        31.540184
12/16/2008 13:00:00,        27.090506
12/16/2008 14:00:00,        22.774025
12/16/2008 15:00:00,        18.458555
12/16/2008 16:00:00,        14.233927
12/16/2008 17:00:00,        10.758513
12/16/2008 18:00:00,         8.262181
12/16/2008 19:00:00,         6.501117
12/16/2008 20:00:00,         5.109118
12/16/2008 21:00:00,         4.065178
12/16/2008 22:00:00,         3.367692
12/16/2008 23:00:00,         3.795214
12/17/2008 00:00:00,         4.334735
12/17/2008 01:00:00,        10.843109
12/17/2008 02:00:00,        10.881178
12/17/2008 03:00:00,        11.429235
12/17/2008 04:00:00,        12.290079
12/17/2008 05:00:00,        13.598225
12/17/2008 06:00:00,        15.705172
12/17/2008 07:00:00,         9.676510
12/17/2008 08:00:00,         8.475040
12/17/2008 09:00:00,        11.282860
12/17/2008 10:00:00,        12.565390
12/17/2008 11:00:00,        16.335660
12/17/2008 12:00:00,        19.159570
12/17/2008 13:00:00,        24.161281
12/17/2008 14:00:00,        27.109380
12/17/2008 15:00:00,        34.505596
12/17/2008 16:00:00,        36.777399
12/17/2008 17:00:00,        39.089241
12/17/2008 18:00:00,        38.766979
12/17/2008 19:00:00,        41.550974
12/17/2008 20:00:00,        43.014041
12/17/2008 21:00:00,        43.897617
12/17/2008 22:00:00,        44.735040
12/17/2008 23:00:00,        45.961926
12/18/2008 00:00:00,        46.963861
12/18/2008 01:00:00,        36.736461
12/18/2008 02:00:00,        37.995322
12/18/2008 03:00:00,        32.136355
12/18/2008 04:00:00,        30.822660
12/18/2008 05:00:00,        29.262378
12/18/2008 06:00:00,        27.626026
12/18/2008 07:00:00,        26.373186
12/18/2008 08:00:00,        23.766945
12/18/2008 09:00:00,        21.892536
12/18/2008 10:00:00,        19.087670
12/18/2008 11:00:00,        17.434849
12/18/2008 12:00:00,        16.081938
12/18/2008 13:00:00,        14.606070
12/18/2008 14:00:00,        13.593978
12/18/2008 15:00:00,        13.020897
12/18/2008 16:00:00,        12.749775
12/18/2008 17:00:00,        12.486117
12/18/2008 18:00:00,        12.372623
12/18/2008 19:00:00,        13.147334
12/18/2008 20:00:00,        14.482548
12/18/2008 21:00:00,        15.516019
12/18/2008 22:00:00,        16.062765
12/18/2008 23:00:00,        16.898543
12/19/2008 00:00:00,         7.771100
12/19/2008 01:00:00,        13.097414
12/19/2008 02:00:00,        10.696737
12/19/2008 03:00:00,        10.445575
12/19/2008 04:00:00,        15.742243
12/19/2008 05:00:00,        12.785156
12/19/2008 06:00:00,        16.243586
12/19/2008 07:00:00,        20.599024
12/19/2008 08:00:00,        19.172946
12/19/2008 09:00:00,        23.019615
12/19/2008 10:00:00,        26.823643
12/19/2008 11:00:00,        30.129467
12/19/2008 12:00:00,         4.793328
12/19/2008 13:00:00,         5.276080
12/19/2008 14:00:00,         5.882302
12/19/2008 15:00:00,         6.289695
12/19/2008 16:00:00,         6.682077
12/19/2008 17:00:00,        23.937674
12/19/2008 18:00:00,        42.594317
12/19/2008 19:00:00,        51.934448
12/19/2008 20:00:00,        52.449690
12/19/2008 21:00:00,        53.596788
12/19/2008 22:00:00,        52.225817
12/19/2008 23:00:00,        50.608915
12/20/2008 00:00:00,        53.060113
12/20/2008 01:00:00,        35.789926
12/20/2008 02:00:00,        42.134424
12/20/2008 03:00:00,        39.441150
12/20/2008 04:00:00,        35.392660
12/20/2008 05:00:00,        25.536952
12/20/2008 06:00:00,        23.751259
12/20/2008 07:00:00,        22.514575
12/20/2008 08:00:00,        18.711788
12/20/2008 09:00:00,        16.309939
12/20/2008 10:00:00,        16.038370
12/20/2008 11:00:00,        12.144956
12/20/2008 12:00:00,        11.691095
12/20/2008 13:00:00,        12.005077
12/20/2008 14:00:00,        12.958138
12/20/2008 15:00:00,        13.834867
12/20/2008 16:00:00,        15.035012
12/20/2008 17:00:00,        15.925725
12/20/2008 18:00:00,        16.794092
12/20/2008 19:00:00,        17.136723
12/20/2008 20:00:00,        18.091654
12/20/2008 21:00:00,        18.227659
12/20/2008 22:00:00,        17.351057
12/20/2008 23:00:00,        18.117872
12/21/2008 00:00:00,        19.453182
12/21/2008 01:00:00,        37.822374
12/21/2008 02:00:00,        39.202296
12/21/2008 03:00:00,        41.398092
12/21/2008 04:00:00,        43.659750
12/21/2008 05:00:00,        44.686977
12/21/2008 06:00:00,        46.315919
12/21/2008 07:00:00,        45.984353
12/21/2008 08:00:00,        45.731092
12/21/2008 09:00:00,        47.812613
12/21/2008 10:00:00,        49.758247
12/21/2008 11:00:00,        51.068713
12/21/2008 12:00:00,        53.435262
12/21/2008 13:00:00,        56.714351
12/21/2008 14:00:00,        30.812095
12/21/2008 15:00:00,        58.655310
12/21/2008 16:00:00,        54.645356
12/21/2008 17:00:00,        56.862441
12/21/2008 18:00:00,         9.497760
12/21/2008 19:00:00,        62.756845
12/21/2008 20:00:00,        76.874000
12/21/2008 21:00:00,        82.869700
12/21/2008 22:00:00,        79.300648
12/21/2008 23:00:00,        80.594793
12/22/2008 00:00:00,        79.067524
12/22/2008 01:00:00,        91.621704
12/22/2008 02:00:00,        91.950540
12/22/2008 03:00:00,        92.788102
12/22/2008 04:00:00,        92.371464
12/22/2008 05:00:00,        91.833634
12/22/2008 06:00:00,        91.208147
12/22/2008 07:00:00,        88.679352
12/22/2008 08:00:00,        85.532407
12/22/2008 09:00:00,        84.044093
12/22/2008 10:00:00,        81.922647
12/22/2008 11:00:00,        80.566610
12/22/2008 12:00:00,        77.944776
12/22/2008 13:00:00,        77.227245
12/22/2008 14:00:00,        75.825808
12/22/2008 15:00:00,        76.145091
12/22/2008 16:00:00,        76.144152
12/22/2008 17:00:00,        75.157894
12/22/2008 18:00:00,        73.392507
12/22/2008 19:00:00,        73.272388
12/22/2008 20:00:00,        75.789292
12/22/2008 21:00:00,        78.730869
12/22/2008 22:00:00,        79.370113
12/22/2008 23:00:00,        80.621444
12/23/2008 00:00:00,        80.286367
12/23/2008 01:00:00,        78.477504
12/23/2008 02:00:00,        78.495987
12/23/2008 03:00:00,        78.526007
12/23/2008 04:00:00,        78.875204
12/23/2008 05:00:00,        79.331374
12/23/2008 06:00:00,        79.965848
12/23/2008 07:00:00,        80.562835
12/23/2008 08:00:00,        80.006561
12/23/2008 09:00:00,        79.415960
12/23/2008 10:00:00,        79.697702
12/23/2008 11:00:00,        79.304769
12/23/2008 12:00:00,        79.163274
12/23/2008 13:00:00,        80.198830
12/23/2008 14:00:00,        81.222044
12/23/2008 15:00:00,        82.427608
12/23/2008 16:00:00,        83.756429
12/23/2008 17:00:00,        84.768209
12/23/2008 18:00:00,        85.678029
12/23/2008 19:00:00,        85.236962
12/23/2008 20:00:00,        85.068866
12/23/2008 21:00:00,        86.887642
12/23/2008 22:00:00,        88.076138
12/23/2008 23:00:00,        88.386491
12/24/2008 00:00:00,        90.239503
12/24/2008 01:00:00,        95.292900
12/24/2008 02:00:00,        94.809300
12/24/2008 03:00:00,        94.817900
12/24/2008 04:00:00,        94.919100
12/24/2008 05:00:00,        93.992700
12/24/2008 06:00:00,        95.382400
12/24/2008 07:00:00,        95.158800
12/24/2008 08:00:00,        94.875200
12/24/2008 09:00:00,        93.931900
12/24/2008 10:00:00,        92.911900
12/24/2008 11:00:00,        92.425300
12/24/2008 12:00:00,        91.290215
12/24/2008 13:00:00,        86.732006
12/24/2008 14:00:00,        82.146331
12/24/2008 15:00:00,        80.760704
12/24/2008 16:00:00,        79.363070
12/24/2008 17:00:00,        78.001120
12/24/2008 18:00:00,        72.645666
12/24/2008 19:00:00,        69.775473
12/24/2008 20:00:00,        67.612022
12/24/2008 21:00:00,        65.375256
12/24/2008 22:00:00,        64.223730
12/24/2008 23:00:00,        63.210354
12/25/2008 00:00:00,        62.428989
12/25/2008 01:00:00,        73.949935
12/25/2008 02:00:00,        72.838145
12/25/2008 03:00:00,        72.310421
12/25/2008 04:00:00,        89.651500
12/25/2008 05:00:00,        91.485600
12/25/2008 06:00:00,        79.722645
12/25/2008 07:00:00,        79.633570
12/25/2008 08:00:00,        67.342254
12/25/2008 09:00:00,        64.226547
12/25/2008 10:00:00,        60.062242
12/25/2008 11:00:00,        55.204851
12/25/2008 12:00:00,        57.988922
12/25/2008 13:00:00,        55.770990
12/25/2008 14:00:00,        41.468701
12/25/2008 15:00:00,        37.294753
12/25/2008 16:00:00,        33.168366
12/25/2008 17:00:00,        28.289728
12/25/2008 18:00:00,        23.546414
12/25/2008 19:00:00,        22.715087
12/25/2008 20:00:00,        22.092480
12/25/2008 21:00:00,        20.263654
12/25/2008 22:00:00,        16.043441
12/25/2008 23:00:00,        10.349920
12/26/2008 00:00:00,         9.184330
12/26/2008 01:00:00,        33.411681
12/26/2008 02:00:00,        34.449901
12/26/2008 03:00:00,        35.637320
12/26/2008 04:00:00,        32.040927
12/26/2008 05:00:00,        33.078730
12/26/2008 06:00:00,        37.170850
12/26/2008 07:00:00,        39.159164
12/26/2008 08:00:00,        42.198612
12/26/2008 09:00:00,        46.219748
12/26/2008 10:00:00,        49.932990
12/26/2008 11:00:00,        53.524092
12/26/2008 12:00:00,        57.902201
12/26/2008 13:00:00,        61.545071
12/26/2008 14:00:00,        64.763970
12/26/2008 15:00:00,        68.631860
12/26/2008 16:00:00,        74.725966
12/26/2008 17:00:00,        79.094023
12/26/2008 18:00:00,        83.236089
12/26/2008 19:00:00,        86.677094
12/26/2008 20:00:00,        88.908148
12/26/2008 21:00:00,        90.493851
12/26/2008 22:00:00,        90.665545
12/26/2008 23:00:00,        91.885440
12/27/2008 00:00:00,        92.393117
12/27/2008 01:00:00,        90.572236
12/27/2008 02:00:00,        91.248904
12/27/2008 03:00:00,        91.775638
12/27/2008 04:00:00,        92.194647
12/27/2008 05:00:00,        92.540540
12/27/2008 06:00:00,        92.828641
12/27/2008 07:00:00,        93.072725
12/27/2008 08:00:00,        94.746993
12/27/2008 09:00:00,        95.756255
12/27/2008 10:00:00,        95.952525
12/27/2008 11:00:00,        95.984599
12/27/2008 12:00:00,        95.988490
12/27/2008 13:00:00,        95.992461
12/27/2008 14:00:00,        95.994942
12/27/2008 15:00:00,        95.995187
12/27/2008 16:00:00,        95.995588
12/27/2008 17:00:00,        95.568797
12/27/2008 18:00:00,        95.177725
12/27/2008 19:00:00,        95.177406
12/27/2008 20:00:00,        95.177032
12/27/2008 21:00:00,        95.176580
12/27/2008 22:00:00,        95.176029
12/27/2008 23:00:00,        95.175342
12/28/2008 00:00:00,        93.574457
12/28/2008 01:00:00,        84.320953
12/28/2008 02:00:00,        84.424615
12/28/2008 03:00:00,        82.683759
12/28/2008 04:00:00,        81.010460
12/28/2008 05:00:00,        79.386292
12/28/2008 06:00:00,        78.227692
12/28/2008 07:00:00,        77.993845
12/28/2008 08:00:00,        76.590770
12/28/2008 09:00:00,        71.187689
12/28/2008 10:00:00,        69.919999
12/28/2008 11:00:00,        69.452304
12/28/2008 12:00:00,        69.100739
12/28/2008 13:00:00,        69.265487
12/28/2008 14:00:00,        69.917460
12/28/2008 15:00:00,        71.327006
12/28/2008 16:00:00,        72.932389
12/28/2008 17:00:00,        74.610786
12/28/2008 18:00:00,        76.322815
12/28/2008 19:00:00,        78.127434
12/28/2008 20:00:00,        81.277123
12/28/2008 21:00:00,        82.628080
12/28/2008 22:00:00,        84.132916
12/28/2008 23:00:00,        85.242440
12/29/2008 00:00:00,        86.866302
12/29/2008 01:00:00,        63.540099
12/29/2008 02:00:00,        63.964477
12/29/2008 03:00:00,        64.822582
12/29/2008 04:00:00,        66.061394
12/29/2008 05:00:00,        66.913756
12/29/2008 06:00:00,        68.236082
12/29/2008 07:00:00,        70.187129
12/29/2008 08:00:00,        70.882320
12/29/2008 09:00:00,        71.498774
12/29/2008 10:00:00,        71.777818
12/29/2008 11:00:00,        72.915200
12/29/2008 12:00:00,        75.776709
12/29/2008 13:00:00,        75.650910
12/29/2008 14:00:00,        76.428448
12/29/2008 15:00:00,        77.097802
12/29/2008 16:00:00,        73.137030
12/29/2008 17:00:00,        73.883228
12/29/2008 18:00:00,        61.960722
12/29/2008 19:00:00,        74.493269
12/29/2008 20:00:00,        73.900287
12/29/2008 21:00:00,        74.085707
12/29/2008 22:00:00,        75.132534
12/29/2008 23:00:00,        75.978584
12/30/2008 00:00:00,        76.515844
12/30/2008 01:00:00,        77.181545
12/30/2008 02:00:00,        25.663909
12/30/2008 03:00:00,        77.034455
12/30/2008 04:00:00,        81.304639
12/30/2008 05:00:00,        80.337852
12/30/2008 06:00:00,        78.994004
12/30/2008 07:00:00,        75.546992
12/30/2008 08:00:00,        71.360861
12/30/2008 09:00:00,        67.012162
12/30/2008 10:00:00,        61.238995
12/30/2008 11:00:00,        55.520063
12/30/2008 12:00:00,        50.259162
12/30/2008 13:00:00,        45.165430
12/30/2008 14:00:00,        40.221529
12/30/2008 15:00:00,        34.845172
12/30/2008 16:00:00,        29.712528
12/30/2008 17:00:00,        26.080213
12/30/2008 18:00:00,        22.527899
12/30/2008 19:00:00,        20.975295
12/30/2008 20:00:00,        19.051888
12/30/2008 21:00:00,        16.660906
12/30/2008 22:00:00,        13.736882
12/30/2008 23:00:00,        10.935485
12/31/2008 00:00:00,         0.866904
12/31/2008 01:00:00,        27.402515
12/31/2008 02:00:00,        33.076801
12/31/2008 03:00:00,        33.988279
12/31/2008 04:00:00,        43.087408
12/31/2008 05:00:00,        43.839223
12/31/2008 06:00:00,        47.582437
12/31/2008 07:00:00,        51.180657
12/31/2008 08:00:00,        56.779673
12/31/2008 09:00:00,        61.314866
12/31/2008 10:00:00,        66.344739
12/31/2008 11:00:00,        73.185245
12/31/2008 12:00:00,        76.812972
12/31/2008 13:00:00,        79.068379
12/31/2008 14:00:00,        79.390300
12/31/2008 15:00:00,        79.935028
12/31/2008 16:00:00,        78.861126
12/31/2008 17:00:00,        77.941051
12/31/2008 18:00:00,        77.351437
12/31/2008 19:00:00,        75.653721
12/31/2008 20:00:00,        73.804991
12/31/2008 21:00:00,        72.741495
12/31/2008 22:00:00,        72.159117
12/31/2008 23:00:00,        73.183823
01/01/2009 00:00:00,        23.722048
01/01/2009 01:00:00,        23.141603
01/01/2009 02:00:00,        23.146696
01/01/2009 03:00:00,        21.403016
01/01/2009 04:00:00,        19.773930
01/01/2009 05:00:00,        18.618793
01/01/2009 06:00:00,        18.082214
01/01/2009 07:00:00,        15.923311
01/01/2009 08:00:00,        16.405391
01/01/2009 09:00:00,        19.366329
01/01/2009 10:00:00,        23.235343
01/01/2009 11:00:00,        27.913002
01/01/2009 12:00:00,        33.571728
01/01/2009 13:00:00,        40.385532
01/01/2009 14:00:00,        47.258665
01/01/2009 15:00:00,        54.956109
01/01/2009 16:00:00,        62.053971
01/01/2009 17:00:00,        69.277507
01/01/2009 18:00:00,        74.248510
01/01/2009 19:00:00,        79.629112
01/01/2009 20:00:00,        85.757867
01/01/2009 21:00:00,        88.551343
01/01/2009 22:00:00,        91.017423
01/01/2009 23:00:00,        92.194263
01/02/2009 00:00:00,        93.301713
01/02/2009 01:00:00,        92.447253
01/02/2009 02:00:00,        92.301205
01/02/2009 03:00:00,        92.623758
01/02/2009 04:00:00,        92.695875
01/02/2009 05:00:00,        92.740963
01/02/2009 06:00:00,        92.910400
01/02/2009 07:00:00,        92.659700
01/02/2009 08:00:00,        92.172800
01/02/2009 09:00:00,        90.190451
01/02/2009 10:00:00,        90.996960
01/02/2009 11:00:00,        90.896883
01/02/2009 12:00:00,        89.620663
01/02/2009 13:00:00,        89.748713
01/02/2009 14:00:00,        89.753480
01/02/2009 15:00:00,        89.562929
01/02/2009 16:00:00,        89.369453
01/02/2009 17:00:00,        89.766058
01/02/2009 18:00:00,        89.450922
01/02/2009 19:00:00,        90.228314
01/02/2009 20:00:00,        90.520580
01/02/2009 21:00:00,        90.750226
01/02/2009 22:00:00,        91.390970
01/02/2009 23:00:00,        91.762757
01/03/2009 00:00:00,        92.329251
01/03/2009 01:00:00,        80.947236
01/03/2009 02:00:00,        76.159963
01/03/2009 03:00:00,        70.693342
01/03/2009 04:00:00,        66.189398
01/03/2009 05:00:00,        62.234564
01/03/2009 06:00:00,        58.195614
01/03/2009 07:00:00,        54.570845
01/03/2009 08:00:00,        49.682160
01/03/2009 09:00:00,        41.440292
01/03/2009 10:00:00,        34.238523
01/03/2009 11:00:00,        27.439418
01/03/2009 12:00:00,        21.019918
01/03/2009 13:00:00,        15.225209
01/03/2009 14:00:00,         9.990245
01/03/2009 15:00:00,         7.312907
01/03/2009 16:00:00,         5.823980
01/03/2009 17:00:00,         4.937775
01/03/2009 18:00:00,         4.428152
01/03/2009 19:00:00,         3.842595
01/03/2009 20:00:00,         3.495142
01/03/2009 21:00:00,         3.434962
01/03/2009 22:00:00,         3.800863
01/03/2009 23:00:00,         4.147764
01/04/2009 00:00:00,         5.018408
01/04/2009 01:00:00,        13.319046
01/04/2009 02:00:00,        14.866252
01/04/2009 03:00:00,        17.471357
01/04/2009 04:00:00,        19.094597
01/04/2009 05:00:00,        21.815000
01/04/2009 06:00:00,        24.811296
01/04/2009 07:00:00,        27.423838
01/04/2009 08:00:00,        28.759899
01/04/2009 09:00:00,        31.251275
01/04/2009 10:00:00,        32.888576
01/04/2009 11:00:00,        32.776577
01/04/2009 12:00:00,        32.305173
01/04/2009 13:00:00,        31.895215
01/04/2009 14:00:00,        30.850479
01/04/2009 15:00:00,        29.965103
01/04/2009 16:00:00,        26.673623
01/04/2009 17:00:00,        27.001313
01/04/2009 18:00:00,        25.420873
01/04/2009 19:00:00,        24.208793
01/04/2009 20:00:00,        21.560917
01/04/2009 21:00:00,        21.983967
01/04/2009 22:00:00,        18.216030
01/04/2009 23:00:00,         0.000000
01/05/2009 00:00:00,        17.233000
01/05/2009 01:00:00,        69.068679
01/05/2009 02:00:00,        74.219000
01/05/2009 03:00:00,        77.432400
01/05/2009 04:00:00,        79.813200
01/05/2009 05:00:00,        80.023881
01/05/2009 06:00:00,        82.552560
01/05/2009 07:00:00,        84.852785
01/05/2009 08:00:00,        88.716390
01/05/2009 09:00:00,        91.028582
01/05/2009 10:00:00,        92.184593
01/05/2009 11:00:00,        91.965240
01/05/2009 12:00:00,        91.316630
01/05/2009 13:00:00,        90.569858
01/05/2009 14:00:00,        89.884274
01/05/2009 15:00:00,        89.279822
01/05/2009 16:00:00,        88.730460
01/05/2009 17:00:00,        88.056437
01/05/2009 18:00:00,        87.741551
01/05/2009 19:00:00,        87.296747
01/05/2009 20:00:00,        87.434290
01/05/2009 21:00:00,        88.119118
01/05/2009 22:00:00,        89.110783
01/05/2009 23:00:00,        90.015099
01/06/2009 00:00:00,        90.904687
01/06/2009 01:00:00,        82.327779
01/06/2009 02:00:00,        80.333126
01/06/2009 03:00:00,        78.109038
01/06/2009 04:00:00,        75.343308
01/06/2009 05:00:00,        71.256117
01/06/2009 06:00:00,        66.698886
01/06/2009 07:00:00,        62.075835
01/06/2009 08:00:00,        55.650052
01/06/2009 09:00:00,        49.118509
01/06/2009 10:00:00,        42.481824
01/06/2009 11:00:00,        35.882200
01/06/2009 12:00:00,        29.140591
01/06/2009 13:00:00,        22.822977
01/06/2009 14:00:00,        17.585653
01/06/2009 15:00:00,        13.654971
01/06/2009 16:00:00,        11.445570
01/06/2009 17:00:00,        10.522605
01/06/2009 18:00:00,        10.835745
01/06/2009 19:00:00,        10.969343
01/06/2009 20:00:00,        11.733425
01/06/2009 21:00:00,        13.132966
01/06/2009 22:00:00,        14.238654
01/06/2009 23:00:00,        15.113014
01/07/2009 00:00:00,        16.688814
01/07/2009 01:00:00,        24.547166
01/07/2009 02:00:00,        25.412304
01/07/2009 03:00:00,        27.044738
01/07/2009 04:00:00,        27.420969
01/07/2009 05:00:00,        27.537203
01/07/2009 06:00:00,        26.125866
01/07/2009 07:00:00,        24.858895
01/07/2009 08:00:00,        23.876555
01/07/2009 09:00:00,        22.770971
01/07/2009 10:00:00,        21.613882
01/07/2009 11:00:00,        13.602479
01/07/2009 12:00:00,         9.277825
01/07/2009 13:00:00,         2.015392
01/07/2009 14:00:00,         0.000000
01/07/2009 15:00:00,         0.000000
01/07/2009 16:00:00,         0.000000
01/07/2009 17:00:00,         0.000000
01/07/2009 18:00:00,         0.000000
01/07/2009 19:00:00,        26.942000
01/07/2009 20:00:00,         0.001287
01/07/2009 21:00:00,        29.497500
01/07/2009 22:00:00,        30.566203
01/07/2009 23:00:00,        34.583190
01/08/2009 00:00:00,        39.307710
01/08/2009 01:00:00,        50.911199
01/08/2009 02:00:00,        53.812195
01/08/2009 03:00:00,        54.155022
01/08/2009 04:00:00,        56.231664
01/08/2009 05:00:00,        56.977783
01/08/2009 06:00:00,        59.887285
01/08/2009 07:00:00,        60.887005
01/08/2009 08:00:00,        62.742989
01/08/2009 09:00:00,        63.731019
01/08/2009 10:00:00,        64.696591
01/08/2009 11:00:00,        65.027675
01/08/2009 12:00:00,        64.490107
01/08/2009 13:00:00,        63.910916
01/08/2009 14:00:00,        63.664611
01/08/2009 15:00:00,        63.499863
01/08/2009 16:00:00,        63.769093
01/08/2009 17:00:00,        64.445719
01/08/2009 18:00:00,        65.710418
01/08/2009 19:00:00,        64.826938
01/08/2009 20:00:00,        64.684061
01/08/2009 21:00:00,        64.884684
01/08/2009 22:00:00,        65.135074
01/08/2009 23:00:00,        66.301278
01/09/2009 00:00:00,        66.759926
01/09/2009 01:00:00,        27.923389
01/09/2009 02:00:00,        24.773236
01/09/2009 03:00:00,        21.817498
01/09/2009 04:00:00,        19.657522
01/09/2009 05:00:00,        17.944109
01/09/2009 06:00:00,        15.256591
01/09/2009 07:00:00,        13.207952
01/09/2009 08:00:00,         8.936932
01/09/2009 09:00:00,         6.094085
01/09/2009 10:00:00,         4.094867
01/09/2009 11:00:00,         3.259430
01/09/2009 12:00:00,         4.034110
01/09/2009 13:00:00,         5.663557
01/09/2009 14:00:00,         7.037026
01/09/2009 15:00:00,         7.525284
01/09/2009 16:00:00,         7.337893
01/09/2009 17:00:00,         7.439783
01/09/2009 18:00:00,         7.799159
01/09/2009 19:00:00,         8.159446
01/09/2009 20:00:00,         8.695189
01/09/2009 21:00:00,         9.289222
01/09/2009 22:00:00,         9.984421
01/09/2009 23:00:00,        10.840675
01/10/2009 00:00:00,        11.921621
01/10/2009 01:00:00,         2.828461
01/10/2009 02:00:00,         3.093919
01/10/2009 03:00:00,         3.447457
01/10/2009 04:00:00,         3.420507
01/10/2009 05:00:00,         3.513067
01/10/2009 06:00:00,         3.695137
01/10/2009 07:00:00,         3.954363
01/10/2009 08:00:00,         4.014446
01/10/2009 09:00:00,         4.072960
01/10/2009 10:00:00,         3.916192
01/10/2009 11:00:00,         3.798694
01/10/2009 12:00:00,         3.489230
01/10/2009 13:00:00,         3.325487
01/10/2009 14:00:00,         3.386514
01/10/2009 15:00:00,         3.203498
01/10/2009 16:00:00,         3.321912
01/10/2009 17:00:00,         4.036711
01/10/2009 18:00:00,         5.261604
01/10/2009 19:00:00,         5.733043
01/10/2009 20:00:00,         6.024247
01/10/2009 21:00:00,         6.222573
01/10/2009 22:00:00,         7.108445
01/10/2009 23:00:00,         7.368183
01/11/2009 00:00:00,         7.991208
01/11/2009 01:00:00,        21.490323
01/11/2009 02:00:00,        22.049319
01/11/2009 03:00:00,        21.188496
01/11/2009 04:00:00,        19.141438
01/11/2009 05:00:00,        17.676086
01/11/2009 06:00:00,        16.121083
01/11/2009 07:00:00,        14.914074
01/11/2009 08:00:00,        13.078577
01/11/2009 09:00:00,        11.363769
01/11/2009 10:00:00,        10.463619
01/11/2009 11:00:00,         9.245195
01/11/2009 12:00:00,         8.201128
01/11/2009 13:00:00,         7.744616
01/11/2009 14:00:00,         7.222076
01/11/2009 15:00:00,         6.822120
01/11/2009 16:00:00,         7.060501
01/11/2009 17:00:00,         7.774842
01/11/2009 18:00:00,         8.840685
01/11/2009 19:00:00,         9.201915
01/11/2009 20:00:00,         9.915625
01/11/2009 21:00:00,        10.710028
01/11/2009 22:00:00,        11.798787
01/11/2009 23:00:00,        13.323893
01/12/2009 00:00:00,        15.695555
01/12/2009 01:00:00,        30.771220
01/12/2009 02:00:00,        32.175651
01/12/2009 03:00:00,        33.867376
01/12/2009 04:00:00,        35.339323
01/12/2009 05:00:00,        37.819149
01/12/2009 06:00:00,        39.082873
01/12/2009 07:00:00,        39.939606
01/12/2009 08:00:00,        41.405943
01/12/2009 09:00:00,        41.415584
01/12/2009 10:00:00,        41.459274
01/12/2009 11:00:00,        42.153415
01/12/2009 12:00:00,        42.459134
01/12/2009 13:00:00,        41.418353
01/12/2009 14:00:00,        40.851782
01/12/2009 15:00:00,        40.977643
01/12/2009 16:00:00,        41.538416
01/12/2009 17:00:00,        42.536351
01/12/2009 18:00:00,        45.224232
01/12/2009 19:00:00,        45.602165
01/12/2009 20:00:00,        46.377748
01/12/2009 21:00:00,        48.228604
01/12/2009 22:00:00,        50.463501
01/12/2009 23:00:00,        53.505313
01/13/2009 00:00:00,        56.371930
01/13/2009 01:00:00,        36.566902
01/13/2009 02:00:00,        37.051450
01/13/2009 03:00:00,        35.908310
01/13/2009 04:00:00,        26.643556
01/13/2009 05:00:00,        32.696606
01/13/2009 06:00:00,        19.377269
01/13/2009 07:00:00,        14.125929
01/13/2009 08:00:00,         9.236524
01/13/2009 09:00:00,        10.707133
01/13/2009 10:00:00,         7.192404
01/13/2009 11:00:00,         8.365949
01/13/2009 12:00:00,         5.996557
01/13/2009 13:00:00,        34.558733
01/13/2009 14:00:00,        40.437270
01/13/2009 15:00:00,        47.985091
01/13/2009 16:00:00,        52.546640
01/13/2009 17:00:00,        58.312213
01/13/2009 18:00:00,        63.929122
01/13/2009 19:00:00,        68.923054
01/13/2009 20:00:00,        74.025468
01/13/2009 21:00:00,        79.458388
01/13/2009 22:00:00,        86.182572
01/13/2009 23:00:00,        91.689429
01/14/2009 00:00:00,        90.792426
01/14/2009 01:00:00,        54.764040
01/14/2009 02:00:00,        49.762150
01/14/2009 03:00:00,        45.554439
01/14/2009 04:00:00,        41.454764
01/14/2009 05:00:00,        37.765467
01/14/2009 06:00:00,        34.453476
01/14/2009 07:00:00,        31.534729
01/14/2009 08:00:00,        24.523432
01/14/2009 09:00:00,        19.292662
01/14/2009 10:00:00,        15.408331
01/14/2009 11:00:00,        13.260676
01/14/2009 12:00:00,        11.900387
01/14/2009 13:00:00,        10.704960
01/14/2009 14:00:00,        10.501078
01/14/2009 15:00:00,        11.154825
01/14/2009 16:00:00,        11.747193
01/14/2009 17:00:00,        13.184791
01/14/2009 18:00:00,        14.440167
01/14/2009 19:00:00,        15.221180
01/14/2009 20:00:00,        15.974773
01/14/2009 21:00:00,        17.256554
01/14/2009 22:00:00,        18.528174
01/14/2009 23:00:00,        20.402499
01/15/2009 00:00:00,        21.574394
01/15/2009 01:00:00,        42.733850
01/15/2009 02:00:00,        39.123343
01/15/2009 03:00:00,        36.722668
01/15/2009 04:00:00,        34.851842
01/15/2009 05:00:00,        33.462050
01/15/2009 06:00:00,        31.375747
01/15/2009 07:00:00,        30.101195
01/15/2009 08:00:00,        26.876448
01/15/2009 09:00:00,        23.215120
01/15/2009 10:00:00,        20.199118
01/15/2009 11:00:00,        16.872550
01/15/2009 12:00:00,        11.442255
01/15/2009 13:00:00,         8.999686
01/15/2009 14:00:00,         6.996049
01/15/2009 15:00:00,         6.083433
01/15/2009 16:00:00,         5.392760
01/15/2009 17:00:00,         5.164176
01/15/2009 18:00:00,         5.152292
01/15/2009 19:00:00,         4.813464
01/15/2009 20:00:00,         4.797806
01/15/2009 21:00:00,         5.066899
01/15/2009 22:00:00,         5.188804
01/15/2009 23:00:00,         5.893231
01/16/2009 00:00:00,         7.600835
01/16/2009 01:00:00,        52.383824
01/16/2009 02:00:00,        55.896352
01/16/2009 03:00:00,        59.225105
01/16/2009 04:00:00,        62.177874
01/16/2009 05:00:00,        64.954727
01/16/2009 06:00:00,        65.820657
01/16/2009 07:00:00,        65.118504
01/16/2009 08:00:00,        63.691801
01/16/2009 09:00:00,        60.728836
01/16/2009 10:00:00,        56.910639
01/16/2009 11:00:00,        53.555825
01/16/2009 12:00:00,        53.217974
01/16/2009 13:00:00,        51.521315
01/16/2009 14:00:00,        46.249389
01/16/2009 15:00:00,        40.755036
01/16/2009 16:00:00,        35.095912
01/16/2009 17:00:00,        29.297685
01/16/2009 18:00:00,        23.332822
01/16/2009 19:00:00,        21.518794
01/16/2009 20:00:00,        20.952852
01/16/2009 21:00:00,        21.274364
01/16/2009 22:00:00,        21.394237
01/16/2009 23:00:00,        21.570680
01/17/2009 00:00:00,        21.049513
01/17/2009 01:00:00,        86.567918
01/17/2009 02:00:00,        87.867791
01/17/2009 03:00:00,        88.813427
01/17/2009 04:00:00,        89.480889
01/17/2009 05:00:00,        90.115557
01/17/2009 06:00:00,        90.610250
01/17/2009 07:00:00,        90.662663
01/17/2009 08:00:00,        91.209258
01/17/2009 09:00:00,        90.989744
01/17/2009 10:00:00,        91.140441
01/17/2009 11:00:00,        91.431476
01/17/2009 12:00:00,        91.884009
01/17/2009 13:00:00,        92.238708
01/17/2009 14:00:00,        91.233380
01/17/2009 15:00:00,        88.994777
01/17/2009 16:00:00,        87.343360
01/17/2009 17:00:00,        85.580836
01/17/2009 18:00:00,        83.609582
01/17/2009 19:00:00,        82.722074
01/17/2009 20:00:00,        82.039998
01/17/2009 21:00:00,        80.973969
01/17/2009 22:00:00,        79.716125
01/17/2009 23:00:00,        78.052910
01/18/2009 00:00:00,        75.915059
01/18/2009 01:00:00,        38.473279
01/18/2009 02:00:00,        36.530202
01/18/2009 03:00:00,        34.541390
01/18/2009 04:00:00,        32.270815
01/18/2009 05:00:00,        30.013391
01/18/2009 06:00:00,        27.985951
01/18/2009 07:00:00,        25.641170
01/18/2009 08:00:00,        22.751813
01/18/2009 09:00:00,        20.425161
01/18/2009 10:00:00,        18.799490
01/18/2009 11:00:00,        16.010990
01/18/2009 12:00:00,         1.682669
01/18/2009 13:00:00,         3.035419
01/18/2009 14:00:00,         7.771000
01/18/2009 15:00:00,         8.424987
01/18/2009 16:00:00,         8.744783
01/18/2009 17:00:00,         8.937316
01/18/2009 18:00:00,         9.333380
01/18/2009 19:00:00,        10.514857
01/18/2009 20:00:00,        11.493079
01/18/2009 21:00:00,        11.953315
01/18/2009 22:00:00,        11.404712
01/18/2009 23:00:00,        11.816131
01/19/2009 00:00:00,        11.699443
01/19/2009 01:00:00,        15.498100
01/19/2009 02:00:00,        15.302475
01/19/2009 03:00:00,        16.108986
01/19/2009 04:00:00,        16.372150
01/19/2009 05:00:00,        16.220176
01/19/2009 06:00:00,         2.727193
01/19/2009 07:00:00,        18.191126
01/19/2009 08:00:00,        18.703366
01/19/2009 09:00:00,        21.146954
01/19/2009 10:00:00,        23.659373
01/19/2009 11:00:00,        24.358222
01/19/2009 12:00:00,        25.649827
01/19/2009 13:00:00,        26.730476
01/19/2009 14:00:00,        28.079079
01/19/2009 15:00:00,        29.622578
01/19/2009 16:00:00,        29.480419
01/19/2009 17:00:00,        28.942756
01/19/2009 18:00:00,        29.235631
01/19/2009 19:00:00,        29.200109
01/19/2009 20:00:00,        29.497957
01/19/2009 21:00:00,        29.516911
01/19/2009 22:00:00,        29.456472
01/19/2009 23:00:00,        29.683274
01/20/2009 00:00:00,        30.915372
01/20/2009 01:00:00,        42.120061
01/20/2009 02:00:00,        41.252036
01/20/2009 03:00:00,        42.208842
01/20/2009 04:00:00,        42.776896
01/20/2009 05:00:00,        44.415670
01/20/2009 06:00:00,        45.845282
01/20/2009 07:00:00,        45.963178
01/20/2009 08:00:00,        45.920468
01/20/2009 09:00:00,        44.091738
01/20/2009 10:00:00,        42.481545
01/20/2009 11:00:00,        40.287742
01/20/2009 12:00:00,        38.415872
01/20/2009 13:00:00,        36.605036
01/20/2009 14:00:00,        34.296163
01/20/2009 15:00:00,        32.140090
01/20/2009 16:00:00,        29.594893
01/20/2009 17:00:00,        26.422937
01/20/2009 18:00:00,        22.395144
01/20/2009 19:00:00,        19.334249
01/20/2009 20:00:00,        16.719099
01/20/2009 21:00:00,        14.295271
01/20/2009 22:00:00,        12.632069
01/20/2009 23:00:00,        11.250010
01/21/2009 00:00:00,        10.225502
01/21/2009 01:00:00,        10.207304
01/21/2009 02:00:00,        14.400877
01/21/2009 03:00:00,        17.991524
01/21/2009 04:00:00,        22.093873
01/21/2009 05:00:00,        25.116565
01/21/2009 06:00:00,        27.975503
01/21/2009 07:00:00,        32.606144
01/21/2009 08:00:00,        39.021989
01/21/2009 09:00:00,        46.035417
01/21/2009 10:00:00,        51.718025
01/21/2009 11:00:00,        57.725062
01/21/2009 12:00:00,        62.989028
01/21/2009 13:00:00,        68.429225
01/21/2009 14:00:00,        72.252890
01/21/2009 15:00:00,        74.167507
01/21/2009 16:00:00,        75.704344
01/21/2009 17:00:00,        76.029517
01/21/2009 18:00:00,        77.054939
01/21/2009 19:00:00,        78.468559
01/21/2009 20:00:00,        78.427035
01/21/2009 21:00:00,        78.497100
01/21/2009 22:00:00,        78.804400
01/21/2009 23:00:00,        79.655500
01/22/2009 00:00:00,        80.309000
01/22/2009 01:00:00,        70.385570
01/22/2009 02:00:00,        70.155730
01/22/2009 03:00:00,        70.354490
01/22/2009 04:00:00,        70.491420
01/22/2009 05:00:00,        70.895180
01/22/2009 06:00:00,        70.985400
01/22/2009 07:00:00,        70.569200
01/22/2009 08:00:00,        69.565540
01/22/2009 09:00:00,        67.292440
01/22/2009 10:00:00,        64.910110
01/22/2009 11:00:00,        62.657730
01/22/2009 12:00:00,        59.804930
01/22/2009 13:00:00,        56.190530
01/22/2009 14:00:00,        52.878070
01/22/2009 15:00:00,        49.641790
01/22/2009 16:00:00,        44.972511
01/22/2009 17:00:00,        40.455985
01/22/2009 18:00:00,        35.856208
01/22/2009 19:00:00,        33.060743
01/22/2009 20:00:00,        31.180110
01/22/2009 21:00:00,        28.122310
01/22/2009 22:00:00,        25.464523
01/22/2009 23:00:00,        23.783180
01/23/2009 00:00:00,        22.056060
01/23/2009 01:00:00,         6.754630
01/23/2009 02:00:00,         8.339239
01/23/2009 03:00:00,         9.964573
01/23/2009 04:00:00,        10.887863
01/23/2009 05:00:00,        12.616635
01/23/2009 06:00:00,        16.374810
01/23/2009 07:00:00,         0.552237
01/23/2009 08:00:00,         0.723994
01/23/2009 09:00:00,         0.000000
01/23/2009 10:00:00,         0.000000
01/23/2009 11:00:00,         0.000000
01/23/2009 12:00:00,         0.000000
01/23/2009 13:00:00,         0.000000
01/23/2009 14:00:00,         0.000000
01/23/2009 15:00:00,         0.000000
01/23/2009 16:00:00,         0.000000
01/23/2009 17:00:00,         0.000000
01/23/2009 18:00:00,         0.000000
01/23/2009 19:00:00,         0.000000
01/23/2009 20:00:00,         0.000000
01/23/2009 21:00:00,        10.630500
01/23/2009 22:00:00,        69.103000
01/23/2009 23:00:00,        70.979796
01/24/2009 00:00:00,        74.244624
01/24/2009 01:00:00,        92.300506
01/24/2009 02:00:00,        91.353417
01/24/2009 03:00:00,        90.261622
01/24/2009 04:00:00,        88.781171
01/24/2009 05:00:00,        84.951028
01/24/2009 06:00:00,        80.367043
01/24/2009 07:00:00,        76.373983
01/24/2009 08:00:00,        70.645687
01/24/2009 09:00:00,        64.396666
01/24/2009 10:00:00,        57.497644
01/24/2009 11:00:00,        50.438591
01/24/2009 12:00:00,        43.362847
01/24/2009 13:00:00,        36.826095
01/24/2009 14:00:00,        30.790434
01/24/2009 15:00:00,        26.474146
01/24/2009 16:00:00,        24.973804
01/24/2009 17:00:00,        26.204976
01/24/2009 18:00:00,        29.689755
01/24/2009 19:00:00,        30.809552
01/24/2009 20:00:00,        33.915782
01/24/2009 21:00:00,        37.193743
01/24/2009 22:00:00,        40.181754
01/24/2009 23:00:00,        44.755994
01/25/2009 00:00:00,        50.661695
01/25/2009 01:00:00,        90.542426
01/25/2009 02:00:00,        91.060271
01/25/2009 03:00:00,        91.779710
01/25/2009 04:00:00,        92.429612
01/25/2009 05:00:00,        92.941600
01/25/2009 06:00:00,        93.256947
01/25/2009 07:00:00,        93.238812
01/25/2009 08:00:00,        92.864486
01/25/2009 09:00:00,        92.352854
01/25/2009 10:00:00,        91.228517
01/25/2009 11:00:00,        89.647538
01/25/2009 12:00:00,        87.273228
01/25/2009 13:00:00,        83.883070
01/25/2009 14:00:00,        79.704173
01/25/2009 15:00:00,        74.852271
01/25/2009 16:00:00,        69.226381
01/25/2009 17:00:00,        63.716095
01/25/2009 18:00:00,        58.956300
01/25/2009 19:00:00,        55.403990
01/25/2009 20:00:00,        51.711474
01/25/2009 21:00:00,        48.620605
01/25/2009 22:00:00,        45.389491
01/25/2009 23:00:00,        41.904889
01/26/2009 00:00:00,        38.499890
01/26/2009 01:00:00,        29.550728
01/26/2009 02:00:00,        31.128710
01/26/2009 03:00:00,        34.432425
01/26/2009 04:00:00,        37.165799
01/26/2009 05:00:00,        41.053222
01/26/2009 06:00:00,        43.103585
01/26/2009 07:00:00,        44.091717
01/26/2009 08:00:00,        47.889403
01/26/2009 09:00:00,        49.396281
01/26/2009 10:00:00,        50.750173
01/26/2009 11:00:00,        52.826459
01/26/2009 12:00:00,        54.716350
01/26/2009 13:00:00,        56.384201
01/26/2009 14:00:00,        55.537597
01/26/2009 15:00:00,        54.413726
01/26/2009 16:00:00,        52.823559
01/26/2009 17:00:00,        50.359671
01/26/2009 18:00:00,        47.325564
01/26/2009 19:00:00,        45.708004
01/26/2009 20:00:00,        43.665339
01/26/2009 21:00:00,        41.597859
01/26/2009 22:00:00,        39.881513
01/26/2009 23:00:00,        37.904814
01/27/2009 00:00:00,        35.957973
01/27/2009 01:00:00,        40.992767
01/27/2009 02:00:00,        38.685790
01/27/2009 03:00:00,        36.084338
01/27/2009 04:00:00,        33.486752
01/27/2009 05:00:00,        30.995988
01/27/2009 06:00:00,        28.614505
01/27/2009 07:00:00,        26.436420
01/27/2009 08:00:00,        23.850422
01/27/2009 09:00:00,        21.376407
01/27/2009 10:00:00,        18.913734
01/27/2009 11:00:00,        17.113032
01/27/2009 12:00:00,        14.423720
01/27/2009 13:00:00,        12.107464
01/27/2009 14:00:00,        10.605654
01/27/2009 15:00:00,         9.816780
01/27/2009 16:00:00,         8.285603
01/27/2009 17:00:00,         7.471046
01/27/2009 18:00:00,         7.019599
01/27/2009 19:00:00,         6.912555
01/27/2009 20:00:00,         6.798983
01/27/2009 21:00:00,         6.321090
01/27/2009 22:00:00,         4.740564
01/27/2009 23:00:00,         3.630688
01/28/2009 00:00:00,         2.907264
01/28/2009 01:00:00,         0.656752
01/28/2009 02:00:00,         0.649375
01/28/2009 03:00:00,         0.721486
01/28/2009 04:00:00,         0.800932
01/28/2009 05:00:00,         0.966486
01/28/2009 06:00:00,         1.290312
01/28/2009 07:00:00,         1.343644
01/28/2009 08:00:00,         1.423988
01/28/2009 09:00:00,         1.700921
01/28/2009 10:00:00,         2.005640
01/28/2009 11:00:00,         2.069994
01/28/2009 12:00:00,         2.146823
01/28/2009 13:00:00,         2.282344
01/28/2009 14:00:00,         2.579548
01/28/2009 15:00:00,         3.065986
01/28/2009 16:00:00,         3.373593
01/28/2009 17:00:00,         3.572547
01/28/2009 18:00:00,         3.614170
01/28/2009 19:00:00,         4.772798
01/28/2009 20:00:00,         6.093539
01/28/2009 21:00:00,         7.163890
01/28/2009 22:00:00,         8.348804
01/28/2009 23:00:00,         9.057097
01/29/2009 00:00:00,         9.694347
01/29/2009 01:00:00,        35.157792
01/29/2009 02:00:00,        36.765411
01/29/2009 03:00:00,        42.310295
01/29/2009 04:00:00,        42.423420
01/29/2009 05:00:00,        42.548058
01/29/2009 06:00:00,        44.704139
01/29/2009 07:00:00,        46.242874
01/29/2009 08:00:00,        48.078076
01/29/2009 09:00:00,        50.816841
01/29/2009 10:00:00,        53.062876
01/29/2009 11:00:00,        55.525702
01/29/2009 12:00:00,        60.693152
01/29/2009 13:00:00,        40.544380
01/29/2009 14:00:00,        43.597869
01/29/2009 15:00:00,        55.081066
01/29/2009 16:00:00,        66.118538
01/29/2009 17:00:00,        67.717175
01/29/2009 18:00:00,        70.782952
01/29/2009 19:00:00,        71.781026
01/29/2009 20:00:00,        74.902794
01/29/2009 21:00:00,        82.872714
01/29/2009 22:00:00,        85.371619
01/29/2009 23:00:00,        81.887691
01/30/2009 00:00:00,        84.218200
01/30/2009 01:00:00,        50.001910
01/30/2009 02:00:00,        46.694880
01/30/2009 03:00:00,        46.435674
01/30/2009 04:00:00,        48.966430
01/30/2009 05:00:00,        48.112644
01/30/2009 06:00:00,        49.500674
01/30/2009 07:00:00,        52.250143
01/30/2009 08:00:00,        54.771341
01/30/2009 09:00:00,        57.588030
01/30/2009 10:00:00,        58.138247
01/30/2009 11:00:00,        60.938116
01/30/2009 12:00:00,        64.352249
01/30/2009 13:00:00,        68.900687
01/30/2009 14:00:00,        73.445645
01/30/2009 15:00:00,        77.185753
01/30/2009 16:00:00,        80.342489
01/30/2009 17:00:00,        82.782914
01/30/2009 18:00:00,        84.866273
01/30/2009 19:00:00,        86.960275
01/30/2009 20:00:00,        87.725491
01/30/2009 21:00:00,        87.112316
01/30/2009 22:00:00,        89.344522
01/30/2009 23:00:00,        89.957524
01/31/2009 00:00:00,        90.554842
01/31/2009 01:00:00,        53.776766
01/31/2009 02:00:00,        49.665484
01/31/2009 03:00:00,        46.375402
01/31/2009 04:00:00,        43.129327
01/31/2009 05:00:00,        40.416663
01/31/2009 06:00:00,        38.456276
01/31/2009 07:00:00,        40.595219
01/31/2009 08:00:00,        38.996595
01/31/2009 09:00:00,        38.178590
01/31/2009 10:00:00,        38.429354
01/31/2009 11:00:00,        40.456636
01/31/2009 12:00:00,        43.580435
01/31/2009 13:00:00,        48.120378
01/31/2009 14:00:00,        54.402081
01/31/2009 15:00:00,        59.531226
01/31/2009 16:00:00,        64.729683
01/31/2009 17:00:00,        70.890724
01/31/2009 18:00:00,        75.702782
01/31/2009 19:00:00,        80.152698
01/31/2009 20:00:00,        80.964916
01/31/2009 21:00:00,        81.567484
01/31/2009 22:00:00,        81.365854
01/31/2009 23:00:00,        78.550435
02/01/2009 00:00:00,        86.603967
02/01/2009 01:00:00,        85.526075
02/01/2009 02:00:00,        85.162439
02/01/2009 03:00:00,         3.198647
02/01/2009 04:00:00,         3.197322
02/01/2009 05:00:00,         0.000000
02/01/2009 06:00:00,         0.000000
02/01/2009 07:00:00,         0.000000
02/01/2009 08:00:00,         0.000000
02/01/2009 09:00:00,        75.050000
02/01/2009 10:00:00,        90.772700
02/01/2009 11:00:00,        94.590900
02/01/2009 12:00:00,        94.338500
02/01/2009 13:00:00,        94.234500
02/01/2009 14:00:00,        94.197700
02/01/2009 15:00:00,        93.957462
02/01/2009 16:00:00,        93.762296
02/01/2009 17:00:00,        93.491680
02/01/2009 18:00:00,        93.466611
02/01/2009 19:00:00,        93.431292
02/01/2009 20:00:00,        93.502831
02/01/2009 21:00:00,        93.846103
02/01/2009 22:00:00,        94.111731
02/01/2009 23:00:00,        94.263621
02/02/2009 00:00:00,        94.305366
02/02/2009 01:00:00,        88.918292
02/02/2009 02:00:00,        84.717249
02/02/2009 03:00:00,        80.769847
02/02/2009 04:00:00,        78.963900
02/02/2009 05:00:00,        76.020383
02/02/2009 06:00:00,        73.200186
02/02/2009 07:00:00,        69.333809
02/02/2009 08:00:00,        62.528934
02/02/2009 09:00:00,        55.222209
02/02/2009 10:00:00,        47.168914
02/02/2009 11:00:00,        40.780396
02/02/2009 12:00:00,        34.083848
02/02/2009 13:00:00,        27.560237
02/02/2009 14:00:00,         6.914009
02/02/2009 15:00:00,        12.691773
02/02/2009 16:00:00,        13.631754
02/02/2009 17:00:00,        12.644644
02/02/2009 18:00:00,        10.033492
02/02/2009 19:00:00,         7.202341
02/02/2009 20:00:00,         5.457369
02/02/2009 21:00:00,         4.419033
02/02/2009 22:00:00,         4.248562
02/02/2009 23:00:00,         4.044980
02/03/2009 00:00:00,         2.125763
02/03/2009 01:00:00,         9.838301
02/03/2009 02:00:00,        10.210275
02/03/2009 03:00:00,         6.613137
02/03/2009 04:00:00,         0.000000
02/03/2009 05:00:00,         0.000000
02/03/2009 06:00:00,        12.319929
02/03/2009 07:00:00,        16.997892
02/03/2009 08:00:00,        10.780115
02/03/2009 09:00:00,        12.294540
02/03/2009 10:00:00,        18.348038
02/03/2009 11:00:00,        25.643044
02/03/2009 12:00:00,        27.636414
02/03/2009 13:00:00,        35.349977
02/03/2009 14:00:00,        39.456678
02/03/2009 15:00:00,        43.822561
02/03/2009 16:00:00,        47.118816
02/03/2009 17:00:00,        50.216712
02/03/2009 18:00:00,        53.414533
02/03/2009 19:00:00,        55.051407
02/03/2009 20:00:00,        58.108206
02/03/2009 21:00:00,        61.326873
02/03/2009 22:00:00,        63.878614
02/03/2009 23:00:00,        66.462437
02/04/2009 00:00:00,        68.720633
02/04/2009 01:00:00,        69.994857
02/04/2009 02:00:00,        68.989910
02/04/2009 03:00:00,        66.835316
02/04/2009 04:00:00,        64.504947
02/04/2009 05:00:00,        65.320992
02/04/2009 06:00:00,        65.950867
02/04/2009 07:00:00,        65.915462
02/04/2009 08:00:00,        65.048425
02/04/2009 09:00:00,        63.795274
02/04/2009 10:00:00,        62.694448
02/04/2009 11:00:00,        62.261654
02/04/2009 12:00:00,        62.596407
02/04/2009 13:00:00,        62.450076
02/04/2009 14:00:00,        60.750360
02/04/2009 15:00:00,        59.092762
02/04/2009 16:00:00,        56.983665
02/04/2009 17:00:00,        54.271218
02/04/2009 18:00:00,        49.558068
02/04/2009 19:00:00,        47.366789
02/04/2009 20:00:00,        44.973017
02/04/2009 21:00:00,        42.492832
02/04/2009 22:00:00,        40.464432
02/04/2009 23:00:00,        38.081339
02/05/2009 00:00:00,        34.783144
02/05/2009 01:00:00,         8.387071
02/05/2009 02:00:00,         8.152045
02/05/2009 03:00:00,         7.563761
02/05/2009 04:00:00,         7.093320
02/05/2009 05:00:00,         6.538432
02/05/2009 06:00:00,         6.415332
02/05/2009 07:00:00,         5.149688
02/05/2009 08:00:00,         4.584426
02/05/2009 09:00:00,         4.811779
02/05/2009 10:00:00,         8.757481
02/05/2009 11:00:00,        12.617723
02/05/2009 12:00:00,        16.542759
02/05/2009 13:00:00,        21.201619
02/05/2009 14:00:00,        26.919145
02/05/2009 15:00:00,        32.915343
02/05/2009 16:00:00,        38.905088
02/05/2009 17:00:00,        47.092118
02/05/2009 18:00:00,        53.835142
02/05/2009 19:00:00,        58.674633
02/05/2009 20:00:00,        64.262449
02/05/2009 21:00:00,        69.923620
02/05/2009 22:00:00,        76.147375
02/05/2009 23:00:00,        77.498507
02/06/2009 00:00:00,        80.409198
02/06/2009 01:00:00,        87.880173
02/06/2009 02:00:00,        86.835969
02/06/2009 03:00:00,        85.026070
02/06/2009 04:00:00,        81.577935
02/06/2009 05:00:00,        77.988983
02/06/2009 06:00:00,        74.329528
02/06/2009 07:00:00,        70.923887
02/06/2009 08:00:00,        66.476740
02/06/2009 09:00:00,        58.890387
02/06/2009 10:00:00,        52.681480
02/06/2009 11:00:00,        46.127469
02/06/2009 12:00:00,        39.990680
02/06/2009 13:00:00,        33.929883
02/06/2009 14:00:00,        28.586078
02/06/2009 15:00:00,        24.043421
02/06/2009 16:00:00,        20.148943
02/06/2009 17:00:00,        18.258964
02/06/2009 18:00:00,        17.701109
02/06/2009 19:00:00,        16.829170
02/06/2009 20:00:00,        16.474972
02/06/2009 21:00:00,        16.960641
02/06/2009 22:00:00,        17.937772
02/06/2009 23:00:00,        19.380096
02/07/2009 00:00:00,        21.433684
02/07/2009 01:00:00,        76.478311
02/07/2009 02:00:00,        79.289867
02/07/2009 03:00:00,        82.557024
02/07/2009 04:00:00,        84.623518
02/07/2009 05:00:00,        87.064847
02/07/2009 06:00:00,        89.278900
02/07/2009 07:00:00,        90.490600
02/07/2009 08:00:00,        92.538100
02/07/2009 09:00:00,        93.921000
02/07/2009 10:00:00,        95.091600
02/07/2009 11:00:00,        95.303782
02/07/2009 12:00:00,        95.600126
02/07/2009 13:00:00,        95.784473
02/07/2009 14:00:00,        95.874849
02/07/2009 15:00:00,        95.944430
02/07/2009 16:00:00,        95.965262
02/07/2009 17:00:00,        95.948153
02/07/2009 18:00:00,        95.843092
02/07/2009 19:00:00,        95.717988
02/07/2009 20:00:00,        95.427147
02/07/2009 21:00:00,        94.648000
02/07/2009 22:00:00,        93.845063
02/07/2009 23:00:00,        92.972196
02/08/2009 00:00:00,        91.761924
02/08/2009 01:00:00,        73.866474
02/08/2009 02:00:00,        75.328316
02/08/2009 03:00:00,        74.605728
02/08/2009 04:00:00,        77.462800
02/08/2009 05:00:00,        76.811500
02/08/2009 06:00:00,        78.628800
02/08/2009 07:00:00,        76.694300
02/08/2009 08:00:00,        12.650067
02/08/2009 09:00:00,         2.843191
02/08/2009 10:00:00,        46.080119
02/08/2009 11:00:00,        68.345080
02/08/2009 12:00:00,        68.132582
02/08/2009 13:00:00,        70.766984
02/08/2009 14:00:00,        68.281777
02/08/2009 15:00:00,        61.224876
02/08/2009 16:00:00,        56.055609
02/08/2009 17:00:00,        51.220790
02/08/2009 18:00:00,        46.957304
02/08/2009 19:00:00,        44.009825
02/08/2009 20:00:00,        40.670514
02/08/2009 21:00:00,        37.996347
02/08/2009 22:00:00,        35.106999
02/08/2009 23:00:00,        32.404459
02/09/2009 00:00:00,        28.708091
02/09/2009 01:00:00,        46.111936
02/09/2009 02:00:00,        41.983230
02/09/2009 03:00:00,        36.366037
02/09/2009 04:00:00,        33.397649
02/09/2009 05:00:00,        30.258571
02/09/2009 06:00:00,        27.268758
02/09/2009 07:00:00,        16.528637
02/09/2009 08:00:00,        11.843396
02/09/2009 09:00:00,         8.293329
02/09/2009 10:00:00,         4.955144
02/09/2009 11:00:00,         2.560735
02/09/2009 12:00:00,         0.619364
02/09/2009 13:00:00,         0.459443
02/09/2009 14:00:00,         1.662982
02/09/2009 15:00:00,         0.758598
02/09/2009 16:00:00,         3.351934
02/09/2009 17:00:00,         7.019148
02/09/2009 18:00:00,        11.892984
02/09/2009 19:00:00,        13.836888
02/09/2009 20:00:00,        16.030190
02/09/2009 21:00:00,        18.772466
02/09/2009 22:00:00,        21.812515
02/09/2009 23:00:00,        25.503954
02/10/2009 00:00:00,        29.497704
02/10/2009 01:00:00,        84.084652
02/10/2009 02:00:00,        86.265255
02/10/2009 03:00:00,        88.382791
02/10/2009 04:00:00,        90.318460
02/10/2009 05:00:00,        91.723795
02/10/2009 06:00:00,        92.942037
02/10/2009 07:00:00,        93.325438
02/10/2009 08:00:00,        94.828164
02/10/2009 09:00:00,        95.268843
02/10/2009 10:00:00,        95.423459
02/10/2009 11:00:00,        95.744231
02/10/2009 12:00:00,        95.789490
02/10/2009 13:00:00,        95.924727
02/10/2009 14:00:00,        95.949029
02/10/2009 15:00:00,        95.955244
02/10/2009 16:00:00,        95.962750
02/10/2009 17:00:00,        95.962926
02/10/2009 18:00:00,        95.967743
02/10/2009 19:00:00,        95.981728
02/10/2009 20:00:00,        95.985176
02/10/2009 21:00:00,        95.985780
02/10/2009 22:00:00,        95.986574
02/10/2009 23:00:00,        95.994810
02/11/2009 00:00:00,        95.995921
02/11/2009 01:00:00,        95.956770
02/11/2009 02:00:00,        95.919137
02/11/2009 03:00:00,        95.838067
02/11/2009 04:00:00,        95.758066
02/11/2009 05:00:00,        95.443480
02/11/2009 06:00:00,        94.873332
02/11/2009 07:00:00,        92.880052
02/11/2009 08:00:00,        88.978529
02/11/2009 09:00:00,        85.262562
02/11/2009 10:00:00,        81.569258
02/11/2009 11:00:00,        78.872625
02/11/2009 12:00:00,        75.306225
02/11/2009 13:00:00,        71.860908
02/11/2009 14:00:00,        68.525166
02/11/2009 15:00:00,        65.060067
02/11/2009 16:00:00,        63.995364
02/11/2009 17:00:00,        62.427519
02/11/2009 18:00:00,        60.115726
02/11/2009 19:00:00,        56.724250
02/11/2009 20:00:00,        55.535585
02/11/2009 21:00:00,        57.364842
02/11/2009 22:00:00,        59.576272
02/11/2009 23:00:00,        62.663600
02/12/2009 00:00:00,        63.836150
02/12/2009 01:00:00,        61.601483
02/12/2009 02:00:00,        63.752418
02/12/2009 03:00:00,        65.862581
02/12/2009 04:00:00,        69.123779
02/12/2009 05:00:00,        71.478388
02/12/2009 06:00:00,        73.578287
02/12/2009 07:00:00,        73.583227
02/12/2009 08:00:00,        79.247223
02/12/2009 09:00:00,        79.829886
02/12/2009 10:00:00,        81.647272
02/12/2009 11:00:00,        83.812532
02/12/2009 12:00:00,        85.148028
02/12/2009 13:00:00,        85.203500
02/12/2009 14:00:00,        88.094900
02/12/2009 15:00:00,        86.870500
02/12/2009 16:00:00,        85.815700
02/12/2009 17:00:00,        83.381100
02/12/2009 18:00:00,        80.096700
02/12/2009 19:00:00,        78.037800
02/12/2009 20:00:00,        51.213060
02/12/2009 21:00:00,        14.961676
02/12/2009 22:00:00,         9.849638
02/12/2009 23:00:00,         0.263369
02/13/2009 00:00:00,         0.000000
02/13/2009 01:00:00,        10.745406
02/13/2009 02:00:00,        29.758242
02/13/2009 03:00:00,        27.566230
02/13/2009 04:00:00,        27.815366
02/13/2009 05:00:00,        26.892364
02/13/2009 06:00:00,        26.055204
02/13/2009 07:00:00,        25.473438
02/13/2009 08:00:00,        24.067819
02/13/2009 09:00:00,        22.259809
02/13/2009 10:00:00,        19.482500
02/13/2009 11:00:00,        16.675282
02/13/2009 12:00:00,        14.582638
02/13/2009 13:00:00,        13.010412
02/13/2009 14:00:00,        11.216110
02/13/2009 15:00:00,         9.286447
02/13/2009 16:00:00,         7.757334
02/13/2009 17:00:00,         6.428613
02/13/2009 18:00:00,         5.182443
02/13/2009 19:00:00,         4.621572
02/13/2009 20:00:00,         3.897980
02/13/2009 21:00:00,         3.363698
02/13/2009 22:00:00,         2.810567
02/13/2009 23:00:00,         2.563188
02/14/2009 00:00:00,         2.292696
02/14/2009 01:00:00,         2.769507
02/14/2009 02:00:00,         2.518647
02/14/2009 03:00:00,         2.394592
02/14/2009 04:00:00,         2.225503
02/14/2009 05:00:00,         2.093861
02/14/2009 06:00:00,         1.835907
02/14/2009 07:00:00,         1.744190
02/14/2009 08:00:00,         1.667190
02/14/2009 09:00:00,         1.309919
02/14/2009 10:00:00,         0.812493
02/14/2009 11:00:00,         0.712324
02/14/2009 12:00:00,         0.679284
02/14/2009 13:00:00,         0.762317
02/14/2009 14:00:00,         0.977311
02/14/2009 15:00:00,         1.184457
02/14/2009 16:00:00,         1.474827
02/14/2009 17:00:00,         1.793987
02/14/2009 18:00:00,         2.214788
02/14/2009 19:00:00,         2.552858
02/14/2009 20:00:00,         2.860509
02/14/2009 21:00:00,         3.024943
02/14/2009 22:00:00,         3.064033
02/14/2009 23:00:00,         3.263554
02/15/2009 00:00:00,         3.470756
02/15/2009 01:00:00,         7.117725
02/15/2009 02:00:00,         6.470888
02/15/2009 03:00:00,         5.819398
02/15/2009 04:00:00,         5.327120
02/15/2009 05:00:00,         4.738316
02/15/2009 06:00:00,         4.316076
02/15/2009 07:00:00,         3.788864
02/15/2009 08:00:00,         2.957229
02/15/2009 09:00:00,         2.120071
02/15/2009 10:00:00,         1.534797
02/15/2009 11:00:00,         1.074339
02/15/2009 12:00:00,         0.884433
02/15/2009 13:00:00,         0.893805
02/15/2009 14:00:00,         1.149022
02/15/2009 15:00:00,         1.747535
02/15/2009 16:00:00,         2.619238
02/15/2009 17:00:00,         3.451069
02/15/2009 18:00:00,         4.075168
02/15/2009 19:00:00,         4.419388
02/15/2009 20:00:00,         4.884510
02/15/2009 21:00:00,         5.421359
02/15/2009 22:00:00,         5.884302
02/15/2009 23:00:00,         6.595626
02/16/2009 00:00:00,         7.458425
02/16/2009 01:00:00,         4.073313
02/16/2009 02:00:00,         3.702449
02/16/2009 03:00:00,         3.320101
02/16/2009 04:00:00,         3.010774
02/16/2009 05:00:00,         2.730853
02/16/2009 06:00:00,         2.485242
02/16/2009 07:00:00,         2.377473
02/16/2009 08:00:00,         1.712574
02/16/2009 09:00:00,         1.506786
02/16/2009 10:00:00,         1.665839
02/16/2009 11:00:00,         1.964602
02/16/2009 12:00:00,         1.974173
02/16/2009 13:00:00,         1.828111
02/16/2009 14:00:00,         1.670677
02/16/2009 15:00:00,         1.545409
02/16/2009 16:00:00,         1.495384
02/16/2009 17:00:00,         1.487600
02/16/2009 18:00:00,         1.544876
02/16/2009 19:00:00,         1.724217
02/16/2009 20:00:00,         1.825972
02/16/2009 21:00:00,         1.960246
02/16/2009 22:00:00,         2.012443
02/16/2009 23:00:00,         1.994058
02/17/2009 00:00:00,         2.007066
02/17/2009 01:00:00,        16.706061
02/17/2009 02:00:00,        20.160143
02/17/2009 03:00:00,        24.056596
02/17/2009 04:00:00,        26.780243
02/17/2009 05:00:00,        29.510421
02/17/2009 06:00:00,        33.309843
02/17/2009 07:00:00,        36.474397
02/17/2009 08:00:00,        40.867710
02/17/2009 09:00:00,        44.999193
02/17/2009 10:00:00,        49.067138
02/17/2009 11:00:00,        53.131234
02/17/2009 12:00:00,        55.463899
02/17/2009 13:00:00,        57.314800
02/17/2009 14:00:00,        59.160372
02/17/2009 15:00:00,        60.842748
02/17/2009 16:00:00,        60.594978
02/17/2009 17:00:00,        60.356563
02/17/2009 18:00:00,        60.173060
02/17/2009 19:00:00,        60.274436
02/17/2009 20:00:00,        60.475391
02/17/2009 21:00:00,        61.667318
02/17/2009 22:00:00,        63.703022
02/17/2009 23:00:00,        64.072517
02/18/2009 00:00:00,        64.525784
02/18/2009 01:00:00,        75.833535
02/18/2009 02:00:00,        74.811347
02/18/2009 03:00:00,        74.860625
02/18/2009 04:00:00,        74.876877
02/18/2009 05:00:00,        74.271871
02/18/2009 06:00:00,        73.030804
02/18/2009 07:00:00,        72.019335
02/18/2009 08:00:00,        76.760920
02/18/2009 09:00:00,        76.526300
02/18/2009 10:00:00,        73.758900
02/18/2009 11:00:00,         4.544921
02/18/2009 12:00:00,         0.000000
02/18/2009 13:00:00,         0.000000
02/18/2009 14:00:00,        31.711000
02/18/2009 15:00:00,        45.827090
02/18/2009 16:00:00,        38.338973
02/18/2009 17:00:00,        33.044662
02/18/2009 18:00:00,        28.651892
02/18/2009 19:00:00,        25.062767
02/18/2009 20:00:00,        20.643379
02/18/2009 21:00:00,        16.397990
02/18/2009 22:00:00,        15.486220
02/18/2009 23:00:00,        13.943360
02/19/2009 00:00:00,        13.655850
02/19/2009 01:00:00,        71.384900
02/19/2009 02:00:00,         1.323932
02/19/2009 03:00:00,         0.000000
02/19/2009 04:00:00,        76.420514
02/19/2009 05:00:00,        79.311656
02/19/2009 06:00:00,        82.779276
02/19/2009 07:00:00,        84.205791
02/19/2009 08:00:00,        89.902934
02/19/2009 09:00:00,        93.155177
02/19/2009 10:00:00,        94.500192
02/19/2009 11:00:00,        95.056698
02/19/2009 12:00:00,        95.056060
02/19/2009 13:00:00,        95.036802
02/19/2009 14:00:00,        95.008033
02/19/2009 15:00:00,        94.997733
02/19/2009 16:00:00,        94.886844
02/19/2009 17:00:00,        94.648522
02/19/2009 18:00:00,        94.593828
02/19/2009 19:00:00,        94.729595
02/19/2009 20:00:00,        95.081040
02/19/2009 21:00:00,        95.292976
02/19/2009 22:00:00,        95.471553
02/19/2009 23:00:00,        95.649033
02/20/2009 00:00:00,        95.830707
02/20/2009 01:00:00,        95.925648
02/20/2009 02:00:00,        95.918965
02/20/2009 03:00:00,        95.903045
02/20/2009 04:00:00,        95.892256
02/20/2009 05:00:00,        95.875473
02/20/2009 06:00:00,        95.857670
02/20/2009 07:00:00,        95.824080
02/20/2009 08:00:00,        95.748194
02/20/2009 09:00:00,        95.651197
02/20/2009 10:00:00,        95.527852
02/20/2009 11:00:00,        95.409709
02/20/2009 12:00:00,        95.341512
02/20/2009 13:00:00,        95.307556
02/20/2009 14:00:00,        95.277216
02/20/2009 15:00:00,        95.180603
02/20/2009 16:00:00,        95.114656
02/20/2009 17:00:00,        95.111045
02/20/2009 18:00:00,        95.019815
02/20/2009 19:00:00,        95.027798
02/20/2009 20:00:00,        95.047431
02/20/2009 21:00:00,        94.935827
02/20/2009 22:00:00,        94.690945
02/20/2009 23:00:00,        94.265326
02/21/2009 00:00:00,        93.625103
02/21/2009 01:00:00,        59.114861
02/21/2009 02:00:00,        53.438502
02/21/2009 03:00:00,        48.494819
02/21/2009 04:00:00,        44.119358
02/21/2009 05:00:00,        40.166736
02/21/2009 06:00:00,        36.508585
02/21/2009 07:00:00,        33.121509
02/21/2009 08:00:00,        26.810933
02/21/2009 09:00:00,        19.946532
02/21/2009 10:00:00,        14.141910
02/21/2009 11:00:00,         9.843519
02/21/2009 12:00:00,         7.300565
02/21/2009 13:00:00,         7.045215
02/21/2009 14:00:00,         8.230939
02/21/2009 15:00:00,         9.822202
02/21/2009 16:00:00,        12.465509
02/21/2009 17:00:00,        16.291517
02/21/2009 18:00:00,        20.811133
02/21/2009 19:00:00,        23.210773
02/21/2009 20:00:00,        25.921069
02/21/2009 21:00:00,        29.898750
02/21/2009 22:00:00,        33.735750
02/21/2009 23:00:00,        38.242880
02/22/2009 00:00:00,        43.981890
02/22/2009 01:00:00,        84.497559
02/22/2009 02:00:00,        81.426900
02/22/2009 03:00:00,        79.062400
02/22/2009 04:00:00,        74.567785
02/22/2009 05:00:00,        68.105522
02/22/2009 06:00:00,        68.662999
02/22/2009 07:00:00,        69.936398
02/22/2009 08:00:00,        69.079100
02/22/2009 09:00:00,        68.097100
02/22/2009 10:00:00,        67.270700
02/22/2009 11:00:00,        64.944308
02/22/2009 12:00:00,        65.799600
02/22/2009 13:00:00,        65.944588
02/22/2009 14:00:00,        67.744327
02/22/2009 15:00:00,        70.752978
02/22/2009 16:00:00,        74.668087
02/22/2009 17:00:00,        82.761711
02/22/2009 18:00:00,        88.788839
02/22/2009 19:00:00,        90.693152
02/22/2009 20:00:00,        92.235818
02/22/2009 21:00:00,        93.600409
02/22/2009 22:00:00,        94.169726
02/22/2009 23:00:00,        94.597166
02/23/2009 00:00:00,        94.884855
02/23/2009 01:00:00,        92.588202
02/23/2009 02:00:00,        92.086270
02/23/2009 03:00:00,        91.902560
02/23/2009 04:00:00,        91.613512
02/23/2009 05:00:00,        91.591324
02/23/2009 06:00:00,        91.663898
02/23/2009 07:00:00,        91.512730
02/23/2009 08:00:00,        91.272590
02/23/2009 09:00:00,        90.923304
02/23/2009 10:00:00,        89.360303
02/23/2009 11:00:00,        86.141154
02/23/2009 12:00:00,        81.464576
02/23/2009 13:00:00,        76.284821
02/23/2009 14:00:00,        70.908205
02/23/2009 15:00:00,        67.866540
02/23/2009 16:00:00,        64.078173
02/23/2009 17:00:00,        60.705902
02/23/2009 18:00:00,        57.478972
02/23/2009 19:00:00,        54.262290
02/23/2009 20:00:00,        50.480545
02/23/2009 21:00:00,        46.593963
02/23/2009 22:00:00,        42.409628
02/23/2009 23:00:00,        38.875559
02/24/2009 00:00:00,        37.971626
02/24/2009 01:00:00,        19.600663
02/24/2009 02:00:00,        17.744319
02/24/2009 03:00:00,        15.507547
02/24/2009 04:00:00,        13.812730
02/24/2009 05:00:00,        12.506174
02/24/2009 06:00:00,        11.248052
02/24/2009 07:00:00,        10.157885
02/24/2009 08:00:00,         9.191422
02/24/2009 09:00:00,         7.982122
02/24/2009 10:00:00,         6.467731
02/24/2009 11:00:00,         5.252518
02/24/2009 12:00:00,         4.515533
02/24/2009 13:00:00,         4.752085
02/24/2009 14:00:00,         6.143604
02/24/2009 15:00:00,         8.354658
02/24/2009 16:00:00,        11.175617
02/24/2009 17:00:00,        14.519859
02/24/2009 18:00:00,        18.137635
02/24/2009 19:00:00,        20.490957
02/24/2009 20:00:00,        22.816516
02/24/2009 21:00:00,        25.993073
02/24/2009 22:00:00,        29.700893
02/24/2009 23:00:00,        33.774004
02/25/2009 00:00:00,        37.476925
02/25/2009 01:00:00,        68.277446
02/25/2009 02:00:00,        70.843297
02/25/2009 03:00:00,        73.587678
02/25/2009 04:00:00,        76.630415
02/25/2009 05:00:00,        78.512965
02/25/2009 06:00:00,        80.117523
02/25/2009 07:00:00,        81.288007
02/25/2009 08:00:00,        84.083813
02/25/2009 09:00:00,        86.335514
02/25/2009 10:00:00,        87.832467
02/25/2009 11:00:00,        89.522074
02/25/2009 12:00:00,        90.841915
02/25/2009 13:00:00,        91.746587
02/25/2009 14:00:00,        92.292019
02/25/2009 15:00:00,        92.859226
02/25/2009 16:00:00,        93.253778
02/25/2009 17:00:00,        93.472328
02/25/2009 18:00:00,        93.584638
02/25/2009 19:00:00,        93.607346
02/25/2009 20:00:00,        93.725410
02/25/2009 21:00:00,        94.245000
02/25/2009 22:00:00,        94.149500
02/25/2009 23:00:00,        93.906500
02/26/2009 00:00:00,        93.873900
02/26/2009 01:00:00,        85.743022
02/26/2009 02:00:00,        80.706878
02/26/2009 03:00:00,        75.501105
02/26/2009 04:00:00,        70.402054
02/26/2009 05:00:00,        65.195433
02/26/2009 06:00:00,        60.686570
02/26/2009 07:00:00,        55.666410
02/26/2009 08:00:00,        48.518080
02/26/2009 09:00:00,        41.577450
02/26/2009 10:00:00,         1.003244
02/26/2009 11:00:00,         0.876229
02/26/2009 12:00:00,        15.470258
02/26/2009 13:00:00,         4.494107
02/26/2009 14:00:00,         0.000000
02/26/2009 15:00:00,         3.258500
02/26/2009 16:00:00,         5.158500
02/26/2009 17:00:00,         6.867224
02/26/2009 18:00:00,         7.167723
02/26/2009 19:00:00,         7.398289
02/26/2009 20:00:00,         8.516345
02/26/2009 21:00:00,        10.321650
02/26/2009 22:00:00,        12.173781
02/26/2009 23:00:00,        14.154087
02/27/2009 00:00:00,        16.280714
02/27/2009 01:00:00,        80.579702
02/27/2009 02:00:00,        82.741373
02/27/2009 03:00:00,        86.692414
02/27/2009 04:00:00,        88.875065
02/27/2009 05:00:00,        88.946292
02/27/2009 06:00:00,        90.070804
02/27/2009 07:00:00,        90.751583
02/27/2009 08:00:00,        92.357983
02/27/2009 09:00:00,        91.260453
02/27/2009 10:00:00,        90.489847
02/27/2009 11:00:00,        90.187556
02/27/2009 12:00:00,        92.386700
02/27/2009 13:00:00,        87.812161
02/27/2009 14:00:00,        87.423261
02/27/2009 15:00:00,        89.024208
02/27/2009 16:00:00,        84.986652
02/27/2009 17:00:00,        85.495777
02/27/2009 18:00:00,        89.988646
02/27/2009 19:00:00,        90.726012
02/27/2009 20:00:00,        91.755328
02/27/2009 21:00:00,        92.234618
02/27/2009 22:00:00,        93.499126
02/27/2009 23:00:00,        94.063735
02/28/2009 00:00:00,        93.976524
02/28/2009 01:00:00,        81.630402
02/28/2009 02:00:00,        76.763490
02/28/2009 03:00:00,        72.124058
02/28/2009 04:00:00,        68.198777
02/28/2009 05:00:00,        63.905750
02/28/2009 06:00:00,        59.739729
02/28/2009 07:00:00,        55.978274
02/28/2009 08:00:00,        50.079692
02/28/2009 09:00:00,        43.135165
02/28/2009 10:00:00,        35.983850
02/28/2009 11:00:00,        29.021454
02/28/2009 12:00:00,        23.501746
02/28/2009 13:00:00,        18.023650
02/28/2009 14:00:00,        14.802102
02/28/2009 15:00:00,        11.818208
02/28/2009 16:00:00,         9.526708
02/28/2009 17:00:00,         7.320944
02/28/2009 18:00:00,         6.289076
02/28/2009 19:00:00,         5.613634
02/28/2009 20:00:00,         4.795721
02/28/2009 21:00:00,         3.414758
02/28/2009 22:00:00,         2.780446
02/28/2009 23:00:00,         2.826340
03/01/2009 00:00:00,         2.819740
03/01/2009 01:00:00,         3.238311
03/01/2009 02:00:00,         3.487067
03/01/2009 03:00:00,         3.684864
03/01/2009 04:00:00,         3.954461
03/01/2009 05:00:00,         4.178641
03/01/2009 06:00:00,         4.956553
03/01/2009 07:00:00,         6.498551
03/01/2009 08:00:00,         8.081658
03/01/2009 09:00:00,        10.014103
03/01/2009 10:00:00,        12.765642
03/01/2009 11:00:00,        16.033979
03/01/2009 12:00:00,        20.626534
03/01/2009 13:00:00,        26.136758
03/01/2009 14:00:00,        31.914951
03/01/2009 15:00:00,        37.845962
03/01/2009 16:00:00,        43.760625
03/01/2009 17:00:00,        49.512162
03/01/2009 18:00:00,        55.546016
03/01/2009 19:00:00,        60.485769
03/01/2009 20:00:00,        66.311522
03/01/2009 21:00:00,        70.352544
03/01/2009 22:00:00,        74.590706
03/01/2009 23:00:00,        78.711810
03/02/2009 00:00:00,        83.143122
03/02/2009 01:00:00,        87.525981
03/02/2009 02:00:00,        86.682380
03/02/2009 03:00:00,        85.243279
03/02/2009 04:00:00,        84.059055
03/02/2009 05:00:00,        83.306192
03/02/2009 06:00:00,        82.787437
03/02/2009 07:00:00,        81.688519
03/02/2009 08:00:00,        80.483733
03/02/2009 09:00:00,        79.277916
03/02/2009 10:00:00,        78.179468
03/02/2009 11:00:00,        77.107305
03/02/2009 12:00:00,        75.963638
03/02/2009 13:00:00,        74.509680
03/02/2009 14:00:00,        72.887942
03/02/2009 15:00:00,        71.390633
03/02/2009 16:00:00,        70.918376
03/02/2009 17:00:00,        71.220672
03/02/2009 18:00:00,        71.754505
03/02/2009 19:00:00,        71.807722
03/02/2009 20:00:00,        72.538478
03/02/2009 21:00:00,        72.947297
03/02/2009 22:00:00,        72.516068
03/02/2009 23:00:00,        71.803198
03/03/2009 00:00:00,        70.997299
03/03/2009 01:00:00,        52.113971
03/03/2009 02:00:00,        46.720777
03/03/2009 03:00:00,        42.241730
03/03/2009 04:00:00,        38.454116
03/03/2009 05:00:00,        35.234195
03/03/2009 06:00:00,        32.765749
03/03/2009 07:00:00,        31.100372
03/03/2009 08:00:00,        27.951259
03/03/2009 09:00:00,        22.975989
03/03/2009 10:00:00,        18.471912
03/03/2009 11:00:00,        14.864110
03/03/2009 12:00:00,        11.630204
03/03/2009 13:00:00,         9.292670
03/03/2009 14:00:00,         8.072914
03/03/2009 15:00:00,         7.502568
03/03/2009 16:00:00,         7.103046
03/03/2009 17:00:00,         7.469972
03/03/2009 18:00:00,         8.355417
03/03/2009 19:00:00,         8.641612
03/03/2009 20:00:00,         8.973923
03/03/2009 21:00:00,         9.153657
03/03/2009 22:00:00,         8.746717
03/03/2009 23:00:00,         8.447161
03/04/2009 00:00:00,         7.893021
03/04/2009 01:00:00,         5.288826
03/04/2009 02:00:00,         5.763270
03/04/2009 03:00:00,         6.398069
03/04/2009 04:00:00,         6.853905
03/04/2009 05:00:00,         7.798165
03/04/2009 06:00:00,         8.545910
03/04/2009 07:00:00,         9.493940
03/04/2009 08:00:00,        10.237238
03/04/2009 09:00:00,        10.518040
03/04/2009 10:00:00,        10.814490
03/04/2009 11:00:00,        11.235630
03/04/2009 12:00:00,        11.914940
03/04/2009 13:00:00,        12.477241
03/04/2009 14:00:00,        12.774337
03/04/2009 15:00:00,        13.884765
03/04/2009 16:00:00,        14.099887
03/04/2009 17:00:00,        14.135745
03/04/2009 18:00:00,        14.586756
03/04/2009 19:00:00,        15.037446
03/04/2009 20:00:00,        15.788233
03/04/2009 21:00:00,        16.791113
03/04/2009 22:00:00,        18.375634
03/04/2009 23:00:00,        20.005617
03/05/2009 00:00:00,        22.054384
03/05/2009 01:00:00,        38.212400
03/05/2009 02:00:00,        41.763706
03/05/2009 03:00:00,        46.462300
03/05/2009 04:00:00,        50.857959
03/05/2009 05:00:00,        56.073133
03/05/2009 06:00:00,        60.160796
03/05/2009 07:00:00,        63.204956
03/05/2009 08:00:00,        68.539791
03/05/2009 09:00:00,        72.912912
03/05/2009 10:00:00,        74.704884
03/05/2009 11:00:00,        76.475007
03/05/2009 12:00:00,        78.770020
03/05/2009 13:00:00,        80.767481
03/05/2009 14:00:00,        82.485552
03/05/2009 15:00:00,        84.557248
03/05/2009 16:00:00,        85.772188
03/05/2009 17:00:00,        86.057123
03/05/2009 18:00:00,        86.486249
03/05/2009 19:00:00,        86.020886
03/05/2009 20:00:00,        85.600619
03/05/2009 21:00:00,        85.257593
03/05/2009 22:00:00,        85.609705
03/05/2009 23:00:00,        87.723288
03/06/2009 00:00:00,        89.985377
03/06/2009 01:00:00,        95.996001
03/06/2009 02:00:00,        95.996364
03/06/2009 03:00:00,        95.997730
03/06/2009 04:00:00,        95.998957
03/06/2009 05:00:00,        95.998452
03/06/2009 06:00:00,        95.996987
03/06/2009 07:00:00,        95.996491
03/06/2009 08:00:00,        95.990504
03/06/2009 09:00:00,        95.898705
03/06/2009 10:00:00,        95.854782
03/06/2009 11:00:00,        95.742454
03/06/2009 12:00:00,        95.549556
03/06/2009 13:00:00,        94.925468
03/06/2009 14:00:00,        93.825825
03/06/2009 15:00:00,        90.389399
03/06/2009 16:00:00,        85.634377
03/06/2009 17:00:00,        79.574560
03/06/2009 18:00:00,        72.864232
03/06/2009 19:00:00,        70.064458
03/06/2009 20:00:00,        66.654199
03/06/2009 21:00:00,        62.276364
03/06/2009 22:00:00,        57.401220
03/06/2009 23:00:00,        51.402112
03/07/2009 00:00:00,        46.416446
03/07/2009 01:00:00,         4.511832
03/07/2009 02:00:00,         4.254983
03/07/2009 03:00:00,         3.138331
03/07/2009 04:00:00,         2.673974
03/07/2009 05:00:00,         2.332546
03/07/2009 06:00:00,         2.189322
03/07/2009 07:00:00,         2.075160
03/07/2009 08:00:00,         1.654714
03/07/2009 09:00:00,         1.588817
03/07/2009 10:00:00,         1.066087
03/07/2009 11:00:00,         0.791787
03/07/2009 12:00:00,         0.694798
03/07/2009 13:00:00,         0.640060
03/07/2009 14:00:00,         0.542279
03/07/2009 15:00:00,         0.459712
03/07/2009 16:00:00,         0.439429
03/07/2009 17:00:00,         0.613957
03/07/2009 18:00:00,         1.018564
03/07/2009 19:00:00,         1.153104
03/07/2009 20:00:00,         1.526421
03/07/2009 21:00:00,         1.422752
03/07/2009 22:00:00,         1.108703
03/07/2009 23:00:00,         1.110542
03/08/2009 00:00:00,         1.211141
03/08/2009 01:00:00,        14.303675
03/08/2009 02:00:00,        14.843091
03/08/2009 03:00:00,        14.258742
03/08/2009 04:00:00,        13.957801
03/08/2009 05:00:00,        13.376979
03/08/2009 06:00:00,        13.652894
03/08/2009 07:00:00,        14.142613
03/08/2009 08:00:00,        15.941000
03/08/2009 09:00:00,         0.000000
03/08/2009 10:00:00,         0.002674
03/08/2009 11:00:00,         0.000000
03/08/2009 12:00:00,         0.000000
03/08/2009 13:00:00,         0.000000
03/08/2009 14:00:00,         5.841206
03/08/2009 15:00:00,        17.037183
03/08/2009 16:00:00,        21.876855
03/08/2009 17:00:00,        25.222319
03/08/2009 18:00:00,        30.265719
03/08/2009 19:00:00,        32.442888
03/08/2009 20:00:00,        34.660112
03/08/2009 21:00:00,        36.750639
03/08/2009 22:00:00,        39.548853
03/08/2009 23:00:00,        42.817116
03/09/2009 00:00:00,        45.441248
03/09/2009 01:00:00,        78.041466
03/09/2009 02:00:00,        77.641247
03/09/2009 03:00:00,        79.216513
03/09/2009 04:00:00,        78.341988
03/09/2009 05:00:00,        77.802944
03/09/2009 06:00:00,        78.574772
03/09/2009 07:00:00,        76.945164
03/09/2009 08:00:00,        74.740405
03/09/2009 09:00:00,        76.864863
03/09/2009 10:00:00,         4.396359
03/09/2009 11:00:00,         4.425740
03/09/2009 12:00:00,        46.280327
03/09/2009 13:00:00,        48.723210
03/09/2009 14:00:00,        44.682255
03/09/2009 15:00:00,        39.368917
03/09/2009 16:00:00,        34.053747
03/09/2009 17:00:00,        28.797277
03/09/2009 18:00:00,        22.813660
03/09/2009 19:00:00,        18.287828
03/09/2009 20:00:00,        13.901006
03/09/2009 21:00:00,         9.982370
03/09/2009 22:00:00,         6.603170
03/09/2009 23:00:00,         4.448711
03/10/2009 00:00:00,         2.937580
03/10/2009 01:00:00,         2.335529
03/10/2009 02:00:00,         4.696585
03/10/2009 03:00:00,         7.757755
03/10/2009 04:00:00,        10.900750
03/10/2009 05:00:00,        14.645764
03/10/2009 06:00:00,        18.311575
03/10/2009 07:00:00,        20.174496
03/10/2009 08:00:00,        22.498705
03/10/2009 09:00:00,        26.202926
03/10/2009 10:00:00,        33.414803
03/10/2009 11:00:00,        41.307610
03/10/2009 12:00:00,        48.141019
03/10/2009 13:00:00,        51.357183
03/10/2009 14:00:00,        53.431702
03/10/2009 15:00:00,        53.792872
03/10/2009 16:00:00,        53.419589
03/10/2009 17:00:00,        52.844928
03/10/2009 18:00:00,        52.313051
03/10/2009 19:00:00,        51.874100
03/10/2009 20:00:00,        52.682611
03/10/2009 21:00:00,        55.514907
03/10/2009 22:00:00,        56.946211
03/10/2009 23:00:00,        53.904613
03/11/2009 00:00:00,        49.575398
03/11/2009 01:00:00,        81.815154
03/11/2009 02:00:00,        83.474479
03/11/2009 03:00:00,        85.192748
03/11/2009 04:00:00,        86.388439
03/11/2009 05:00:00,        87.545851
03/11/2009 06:00:00,        88.403410
03/11/2009 07:00:00,        89.045934
03/11/2009 08:00:00,        90.800231
03/11/2009 09:00:00,        94.139374
03/11/2009 10:00:00,        95.234602
03/11/2009 11:00:00,        95.762697
03/11/2009 12:00:00,        95.856150
03/11/2009 13:00:00,        95.961810
03/11/2009 14:00:00,        95.927594
03/11/2009 15:00:00,        95.917649
03/11/2009 16:00:00,        95.906607
03/11/2009 17:00:00,        95.887675
03/11/2009 18:00:00,        95.837268
03/11/2009 19:00:00,        95.744671
03/11/2009 20:00:00,        95.528227
03/11/2009 21:00:00,        95.088253
03/11/2009 22:00:00,        94.531026
03/11/2009 23:00:00,        94.138247
03/12/2009 00:00:00,        93.742816
03/12/2009 01:00:00,        88.713984
03/12/2009 02:00:00,        86.994493
03/12/2009 03:00:00,        83.503716
03/12/2009 04:00:00,        80.224648
03/12/2009 05:00:00,        76.580648
03/12/2009 06:00:00,        75.243596
03/12/2009 07:00:00,        74.004236
03/12/2009 08:00:00,        68.804286
03/12/2009 09:00:00,        63.108468
03/12/2009 10:00:00,        57.000744
03/12/2009 11:00:00,        51.405427
03/12/2009 12:00:00,        45.960431
03/12/2009 13:00:00,        40.632238
03/12/2009 14:00:00,        35.006752
03/12/2009 15:00:00,        29.925048
03/12/2009 16:00:00,        25.962915
03/12/2009 17:00:00,        21.685948
03/12/2009 18:00:00,        18.643466
03/12/2009 19:00:00,        15.320781
03/12/2009 20:00:00,        11.476767
03/12/2009 21:00:00,         9.480686
03/12/2009 22:00:00,         8.216762
03/12/2009 23:00:00,         7.243736
03/13/2009 00:00:00,         6.324397
03/13/2009 01:00:00,         2.730479
03/13/2009 02:00:00,         2.598173
03/13/2009 03:00:00,         2.274435
03/13/2009 04:00:00,         2.137203
03/13/2009 05:00:00,         2.224730
03/13/2009 06:00:00,         2.514959
03/13/2009 07:00:00,         3.104423
03/13/2009 08:00:00,         3.928503
03/13/2009 09:00:00,         5.241995
03/13/2009 10:00:00,         7.261241
03/13/2009 11:00:00,         9.692049
03/13/2009 12:00:00,        12.546503
03/13/2009 13:00:00,        15.745754
03/13/2009 14:00:00,        19.654136
03/13/2009 15:00:00,        23.727421
03/13/2009 16:00:00,        26.891619
03/13/2009 17:00:00,        31.830197
03/13/2009 18:00:00,        37.541192
03/13/2009 19:00:00,        40.557829
03/13/2009 20:00:00,        44.140616
03/13/2009 21:00:00,        48.305215
03/13/2009 22:00:00,        52.114704
03/13/2009 23:00:00,        55.562061
03/14/2009 00:00:00,        59.005059
03/14/2009 01:00:00,        58.941092
03/14/2009 02:00:00,        58.245503
03/14/2009 03:00:00,        58.213159
03/14/2009 04:00:00,        57.393430
03/14/2009 05:00:00,        57.182069
03/14/2009 06:00:00,        55.379803
03/14/2009 07:00:00,        54.574735
03/14/2009 08:00:00,        53.196602
03/14/2009 09:00:00,        50.234688
03/14/2009 10:00:00,        46.474582
03/14/2009 11:00:00,        43.575676
03/14/2009 12:00:00,        41.094961
03/14/2009 13:00:00,        37.819958
03/14/2009 14:00:00,        34.879109
03/14/2009 15:00:00,        32.707259
03/14/2009 16:00:00,        30.364564
03/14/2009 17:00:00,        28.957359
03/14/2009 18:00:00,        27.803882
03/14/2009 19:00:00,        25.808056
03/14/2009 20:00:00,        24.702634
03/14/2009 21:00:00,        24.585058
03/14/2009 22:00:00,        24.606980
03/14/2009 23:00:00,        25.651083
03/15/2009 00:00:00,        26.852741
03/15/2009 01:00:00,        41.120025
03/15/2009 02:00:00,        40.710410
03/15/2009 03:00:00,        39.545710
03/15/2009 04:00:00,        37.647588
03/15/2009 05:00:00,        35.946168
03/15/2009 06:00:00,        34.765062
03/15/2009 07:00:00,        33.333455
03/15/2009 08:00:00,        29.160523
03/15/2009 09:00:00,        25.643670
03/15/2009 10:00:00,        22.941320
03/15/2009 11:00:00,        19.780768
03/15/2009 12:00:00,        15.975478
03/15/2009 13:00:00,        12.410295
03/15/2009 14:00:00,         9.069104
03/15/2009 15:00:00,         6.214229
03/15/2009 16:00:00,         3.856500
03/15/2009 17:00:00,         2.189051
03/15/2009 18:00:00,         1.262191
03/15/2009 19:00:00,         0.729319
03/15/2009 20:00:00,         0.416180
03/15/2009 21:00:00,         0.243229
03/15/2009 22:00:00,         0.195904
03/15/2009 23:00:00,         0.221128
03/16/2009 00:00:00,         0.284045
03/16/2009 01:00:00,         6.356940
03/16/2009 02:00:00,         6.684032
03/16/2009 03:00:00,         6.703357
03/16/2009 04:00:00,         6.630108
03/16/2009 05:00:00,         6.358161
03/16/2009 06:00:00,         6.243819
03/16/2009 07:00:00,         6.117716
03/16/2009 08:00:00,         6.151793
03/16/2009 09:00:00,         6.018699
03/16/2009 10:00:00,         5.554425
03/16/2009 11:00:00,         4.980268
03/16/2009 12:00:00,         4.214887
03/16/2009 13:00:00,         3.241681
03/16/2009 14:00:00,         2.538061
03/16/2009 15:00:00,         1.841172
03/16/2009 16:00:00,         1.338366
03/16/2009 17:00:00,         0.876633
03/16/2009 18:00:00,         0.616000
03/16/2009 19:00:00,         0.358981
03/16/2009 20:00:00,         0.041988
03/16/2009 21:00:00,         0.023574
03/16/2009 22:00:00,         0.018925
03/16/2009 23:00:00,         0.019319
03/17/2009 00:00:00,         0.043719
03/17/2009 01:00:00,         9.229233
03/17/2009 02:00:00,        10.841549
03/17/2009 03:00:00,        12.712708
03/17/2009 04:00:00,        15.591440
03/17/2009 05:00:00,        18.609209
03/17/2009 06:00:00,        21.608600
03/17/2009 07:00:00,        24.389013
03/17/2009 08:00:00,        27.956500
03/17/2009 09:00:00,        31.054395
03/17/2009 10:00:00,        34.274672
03/17/2009 11:00:00,        38.678192
03/17/2009 12:00:00,        42.656662
03/17/2009 13:00:00,        46.759715
03/17/2009 14:00:00,        51.841990
03/17/2009 15:00:00,        56.855987
03/17/2009 16:00:00,        60.606399
03/17/2009 17:00:00,        63.907590
03/17/2009 18:00:00,        67.379728
03/17/2009 19:00:00,        69.454567
03/17/2009 20:00:00,        71.448007
03/17/2009 21:00:00,        75.457316
03/17/2009 22:00:00,        80.137513
03/17/2009 23:00:00,        85.157472
03/18/2009 00:00:00,        89.915441
03/18/2009 01:00:00,        69.401233
03/18/2009 02:00:00,        63.729028
03/18/2009 03:00:00,        58.235057
03/18/2009 04:00:00,        53.359086
03/18/2009 05:00:00,        49.107996
03/18/2009 06:00:00,        45.219326
03/18/2009 07:00:00,        41.578812
03/18/2009 08:00:00,        32.199951
03/18/2009 09:00:00,        24.947703
03/18/2009 10:00:00,        17.823261
03/18/2009 11:00:00,        11.101302
03/18/2009 12:00:00,         8.677219
03/18/2009 13:00:00,         8.341076
03/18/2009 14:00:00,         8.916407
03/18/2009 15:00:00,         9.200628
03/18/2009 16:00:00,        11.319680
03/18/2009 17:00:00,        13.056425
03/18/2009 18:00:00,        15.368554
03/18/2009 19:00:00,        16.996233
03/18/2009 20:00:00,        19.451803
03/18/2009 21:00:00,        22.372989
03/18/2009 22:00:00,        25.248939
03/18/2009 23:00:00,        28.005118
03/19/2009 00:00:00,        30.527370
03/19/2009 01:00:00,        31.092397
03/19/2009 02:00:00,        29.106229
03/19/2009 03:00:00,        30.074998
03/19/2009 04:00:00,        31.053451
03/19/2009 05:00:00,        32.471724
03/19/2009 06:00:00,        33.165576
03/19/2009 07:00:00,        34.927860
03/19/2009 08:00:00,        39.079490
03/19/2009 09:00:00,        37.363230
03/19/2009 10:00:00,        34.008830
03/19/2009 11:00:00,        29.746127
03/19/2009 12:00:00,        29.670555
03/19/2009 13:00:00,        32.919123
03/19/2009 14:00:00,        36.032573
03/19/2009 15:00:00,        38.331055
03/19/2009 16:00:00,        39.748138
03/19/2009 17:00:00,        41.162083
03/19/2009 18:00:00,        40.351122
03/19/2009 19:00:00,        38.952940
03/19/2009 20:00:00,        36.794541
03/19/2009 21:00:00,        34.382566
03/19/2009 22:00:00,        34.102834
03/19/2009 23:00:00,        35.082629
03/20/2009 00:00:00,        38.265064
03/20/2009 01:00:00,        16.399564
03/20/2009 02:00:00,        15.777234
03/20/2009 03:00:00,        15.446001
03/20/2009 04:00:00,        14.792558
03/20/2009 05:00:00,        14.468993
03/20/2009 06:00:00,        13.886878
03/20/2009 07:00:00,        13.145574
03/20/2009 08:00:00,        10.834474
03/20/2009 09:00:00,         8.903459
03/20/2009 10:00:00,         7.449681
03/20/2009 11:00:00,         6.783623
03/20/2009 12:00:00,         6.358127
03/20/2009 13:00:00,         6.022611
03/20/2009 14:00:00,         5.339891
03/20/2009 15:00:00,         4.481196
03/20/2009 16:00:00,         3.559318
03/20/2009 17:00:00,         2.281236
03/20/2009 18:00:00,         1.453958
03/20/2009 19:00:00,         1.071964
03/20/2009 20:00:00,         1.036412
03/20/2009 21:00:00,         0.882079
03/20/2009 22:00:00,         0.802336
03/20/2009 23:00:00,         0.782345
03/21/2009 00:00:00,         0.845119
03/21/2009 01:00:00,         3.721671
03/21/2009 02:00:00,         5.381970
03/21/2009 03:00:00,         7.596600
03/21/2009 04:00:00,        10.289307
03/21/2009 05:00:00,        13.860583
03/21/2009 06:00:00,        17.357451
03/21/2009 07:00:00,        20.163166
03/21/2009 08:00:00,        24.375355
03/21/2009 09:00:00,        29.458078
03/21/2009 10:00:00,        35.074740
03/21/2009 11:00:00,        40.255645
03/21/2009 12:00:00,        45.794864
03/21/2009 13:00:00,        49.376753
03/21/2009 14:00:00,        51.034095
03/21/2009 15:00:00,        51.968265
03/21/2009 16:00:00,        51.749161
03/21/2009 17:00:00,        51.127885
03/21/2009 18:00:00,        48.813944
03/21/2009 19:00:00,        48.445924
03/21/2009 20:00:00,        48.079903
03/21/2009 21:00:00,        47.285374
03/21/2009 22:00:00,        45.554862
03/21/2009 23:00:00,        43.072025
03/22/2009 00:00:00,        40.349295
03/22/2009 01:00:00,        24.239619
03/22/2009 02:00:00,        21.728037
03/22/2009 03:00:00,        21.304549
03/22/2009 04:00:00,        22.390048
03/22/2009 05:00:00,        24.461127
03/22/2009 06:00:00,        25.211749
03/22/2009 07:00:00,        26.139636
03/22/2009 08:00:00,        25.368299
03/22/2009 09:00:00,        24.411319
03/22/2009 10:00:00,        26.646330
03/22/2009 11:00:00,         0.809259
03/22/2009 12:00:00,        26.809193
03/22/2009 13:00:00,        26.210100
03/22/2009 14:00:00,        30.607218
03/22/2009 15:00:00,        30.362954
03/22/2009 16:00:00,        31.700507
03/22/2009 17:00:00,        30.420729
03/22/2009 18:00:00,        28.669124
03/22/2009 19:00:00,        27.854380
03/22/2009 20:00:00,        26.785566
03/22/2009 21:00:00,        26.424053
03/22/2009 22:00:00,        26.614431
03/22/2009 23:00:00,        26.303869
03/23/2009 00:00:00,        26.662860
03/23/2009 01:00:00,        41.376379
03/23/2009 02:00:00,        41.190623
03/23/2009 03:00:00,        40.486923
03/23/2009 04:00:00,        39.886590
03/23/2009 05:00:00,        39.713878
03/23/2009 06:00:00,        39.496313
03/23/2009 07:00:00,        39.735190
03/23/2009 08:00:00,        38.868076
03/23/2009 09:00:00,        36.838111
03/23/2009 10:00:00,        33.654948
03/23/2009 11:00:00,        30.897179
03/23/2009 12:00:00,        28.753720
03/23/2009 13:00:00,        25.806633
03/23/2009 14:00:00,        23.790916
03/23/2009 15:00:00,        20.444769
03/23/2009 16:00:00,        17.768430
03/23/2009 17:00:00,        16.077749
03/23/2009 18:00:00,        15.411893
03/23/2009 19:00:00,        13.892344
03/23/2009 20:00:00,        12.747731
03/23/2009 21:00:00,        11.847013
03/23/2009 22:00:00,        11.725363
03/23/2009 23:00:00,        12.967113
03/24/2009 00:00:00,        14.091317
03/24/2009 01:00:00,        49.249941
03/24/2009 02:00:00,        47.936899
03/24/2009 03:00:00,        48.099813
03/24/2009 04:00:00,        48.635121
03/24/2009 05:00:00,        49.184276
03/24/2009 06:00:00,        51.856151
03/24/2009 07:00:00,        53.031436
03/24/2009 08:00:00,        53.982135
03/24/2009 09:00:00,        55.251864
03/24/2009 10:00:00,        57.519558
03/24/2009 11:00:00,        58.905788
03/24/2009 12:00:00,        61.863365
03/24/2009 13:00:00,        64.309372
03/24/2009 14:00:00,        67.377010
03/24/2009 15:00:00,        70.684329
03/24/2009 16:00:00,        74.000630
03/24/2009 17:00:00,        77.824825
03/24/2009 18:00:00,        81.295195
03/24/2009 19:00:00,        82.963330
03/24/2009 20:00:00,        85.111345
03/24/2009 21:00:00,        87.469991
03/24/2009 22:00:00,        88.596004
03/24/2009 23:00:00,        89.171583
03/25/2009 00:00:00,        90.278643
03/25/2009 01:00:00,        95.728439
03/25/2009 02:00:00,        95.787351
03/25/2009 03:00:00,        95.884874
03/25/2009 04:00:00,        95.931023
03/25/2009 05:00:00,        95.964739
03/25/2009 06:00:00,        95.981766
03/25/2009 07:00:00,        95.993614
03/25/2009 08:00:00,        95.996616
03/25/2009 09:00:00,        95.997776
03/25/2009 10:00:00,        95.997012
03/25/2009 11:00:00,        95.997221
03/25/2009 12:00:00,        95.997456
03/25/2009 13:00:00,        95.997210
03/25/2009 14:00:00,        95.995709
03/25/2009 15:00:00,        95.991583
03/25/2009 16:00:00,        95.981646
03/25/2009 17:00:00,        95.966302
03/25/2009 18:00:00,        95.945325
03/25/2009 19:00:00,        95.922335
03/25/2009 20:00:00,        95.856610
03/25/2009 21:00:00,        95.741378
03/25/2009 22:00:00,        95.520860
03/25/2009 23:00:00,        94.871362
03/26/2009 00:00:00,        94.321095
03/26/2009 01:00:00,        55.950047
03/26/2009 02:00:00,        50.773545
03/26/2009 03:00:00,        46.269208
03/26/2009 04:00:00,        42.441270
03/26/2009 05:00:00,        39.274736
03/26/2009 06:00:00,        34.789513
03/26/2009 07:00:00,        31.689824
03/26/2009 08:00:00,        25.238647
03/26/2009 09:00:00,        17.126400
03/26/2009 10:00:00,        11.039643
03/26/2009 11:00:00,         7.822616
03/26/2009 12:00:00,         5.893884
03/26/2009 13:00:00,         5.185190
03/26/2009 14:00:00,         4.559629
03/26/2009 15:00:00,         4.275450
03/26/2009 16:00:00,         4.019532
03/26/2009 17:00:00,         3.816310
03/26/2009 18:00:00,         3.860121
03/26/2009 19:00:00,         3.657934
03/26/2009 20:00:00,         3.585380
03/26/2009 21:00:00,         3.563141
03/26/2009 22:00:00,         3.513470
03/26/2009 23:00:00,         3.564639
03/27/2009 00:00:00,         3.891880
03/27/2009 01:00:00,        21.315501
03/27/2009 02:00:00,        18.896934
03/27/2009 03:00:00,        17.263465
03/27/2009 04:00:00,        16.026382
03/27/2009 05:00:00,        14.794072
03/27/2009 06:00:00,        13.696581
03/27/2009 07:00:00,        12.331172
03/27/2009 08:00:00,        11.239829
03/27/2009 09:00:00,         9.426624
03/27/2009 10:00:00,         7.053376
03/27/2009 11:00:00,         4.318844
03/27/2009 12:00:00,         3.922294
03/27/2009 13:00:00,         4.124482
03/27/2009 14:00:00,         5.122546
03/27/2009 15:00:00,         6.122154
03/27/2009 16:00:00,         5.524173
03/27/2009 17:00:00,         4.539197
03/27/2009 18:00:00,         5.591987
03/27/2009 19:00:00,         6.064327
03/27/2009 20:00:00,         4.766618
03/27/2009 21:00:00,         3.561570
03/27/2009 22:00:00,         3.322644
03/27/2009 23:00:00,         3.013873
03/28/2009 00:00:00,         2.470777
03/28/2009 01:00:00,         6.944162
03/28/2009 02:00:00,         6.854271
03/28/2009 03:00:00,         0.647226
03/28/2009 04:00:00,         3.576382
03/28/2009 05:00:00,         1.237025
03/28/2009 06:00:00,         7.192480
03/28/2009 07:00:00,         7.178900
03/28/2009 08:00:00,         7.332760
03/28/2009 09:00:00,         7.360920
03/28/2009 10:00:00,         6.707872
03/28/2009 11:00:00,         6.510764
03/28/2009 12:00:00,         6.180986
03/28/2009 13:00:00,         6.264511
03/28/2009 14:00:00,         6.576870
03/28/2009 15:00:00,         6.909231
03/28/2009 16:00:00,         7.673021
03/28/2009 17:00:00,         8.686890
03/28/2009 18:00:00,        10.400634
03/28/2009 19:00:00,        11.734338
03/28/2009 20:00:00,        13.108632
03/28/2009 21:00:00,        14.774180
03/28/2009 22:00:00,        16.466841
03/28/2009 23:00:00,        18.411503
03/29/2009 00:00:00,        20.841300
03/29/2009 01:00:00,        78.324189
03/29/2009 02:00:00,        80.915609
03/29/2009 03:00:00,        82.521272
03/29/2009 04:00:00,        84.390022
03/29/2009 05:00:00,        85.988954
03/29/2009 06:00:00,        86.973079
03/29/2009 07:00:00,        88.157216
03/29/2009 08:00:00,        89.699379
03/29/2009 09:00:00,        89.878221
03/29/2009 10:00:00,        87.966847
03/29/2009 11:00:00,        87.807544
03/29/2009 12:00:00,        87.880097
03/29/2009 13:00:00,        88.171008
03/29/2009 14:00:00,        87.863474
03/29/2009 15:00:00,        86.897383
03/29/2009 16:00:00,        85.416934
03/29/2009 17:00:00,        81.081917
03/29/2009 18:00:00,        78.839822
03/29/2009 19:00:00,        78.422553
03/29/2009 20:00:00,        77.207894
03/29/2009 21:00:00,        75.408841
03/29/2009 22:00:00,        74.758814
03/29/2009 23:00:00,        75.319537
03/30/2009 00:00:00,        71.506699
03/30/2009 01:00:00,        77.616590
03/30/2009 02:00:00,        72.128694
03/30/2009 03:00:00,        44.742768
03/30/2009 04:00:00,         3.195171
03/30/2009 05:00:00,         0.797723
03/30/2009 06:00:00,         0.000000
03/30/2009 07:00:00,        56.575492
03/30/2009 08:00:00,        87.857219
03/30/2009 09:00:00,        89.055537
03/30/2009 10:00:00,        90.148108
03/30/2009 11:00:00,        90.662018
03/30/2009 12:00:00,        90.853533
03/30/2009 13:00:00,        89.992145
03/30/2009 14:00:00,        87.302928
03/30/2009 15:00:00,        83.083224
03/30/2009 16:00:00,        77.807138
03/30/2009 17:00:00,        71.871880
03/30/2009 18:00:00,        65.844200
03/30/2009 19:00:00,        62.285110
03/30/2009 20:00:00,        58.534691
03/30/2009 21:00:00,        53.527188
03/30/2009 22:00:00,        48.196330
03/30/2009 23:00:00,        42.615275
03/31/2009 00:00:00,        36.364501
03/31/2009 01:00:00,         6.834191
03/31/2009 02:00:00,         6.572579
03/31/2009 03:00:00,         6.732752
03/31/2009 04:00:00,         7.452779
03/31/2009 05:00:00,         8.981557
03/31/2009 06:00:00,        10.548018
03/31/2009 07:00:00,        11.638482
03/31/2009 08:00:00,        12.699470
03/31/2009 09:00:00,        13.461640
03/31/2009 10:00:00,        14.924150
03/31/2009 11:00:00,        17.794950
03/31/2009 12:00:00,        21.462829
03/31/2009 13:00:00,        24.424685
03/31/2009 14:00:00,        28.034803
03/31/2009 15:00:00,        32.065167
03/31/2009 16:00:00,        34.770517
03/31/2009 17:00:00,        40.187906
03/31/2009 18:00:00,        41.221436
03/31/2009 19:00:00,        43.604322
03/31/2009 20:00:00,        46.495595
03/31/2009 21:00:00,        49.713644
03/31/2009 22:00:00,        54.703599
03/31/2009 23:00:00,        59.735981
04/01/2009 00:00:00,        93.836182
04/01/2009 01:00:00,        94.131968
04/01/2009 02:00:00,        94.859782
04/01/2009 03:00:00,        95.366640
04/01/2009 04:00:00,        95.474892
04/01/2009 05:00:00,        95.441746
04/01/2009 06:00:00,        95.038020
04/01/2009 07:00:00,        94.334619
04/01/2009 08:00:00,        93.353345
04/01/2009 09:00:00,        92.172107
04/01/2009 10:00:00,        91.672885
04/01/2009 11:00:00,        91.325709
04/01/2009 12:00:00,        90.938729
04/01/2009 13:00:00,        90.452254
04/01/2009 14:00:00,        90.995272
04/01/2009 15:00:00,        90.471466
04/01/2009 16:00:00,        89.943418
04/01/2009 17:00:00,        85.057363
04/01/2009 18:00:00,        80.886229
04/01/2009 19:00:00,        80.344190
04/01/2009 20:00:00,        79.815169
04/01/2009 21:00:00,        78.836876
04/01/2009 22:00:00,        77.964855
04/01/2009 23:00:00,        75.809120
04/02/2009 00:00:00,        72.423216
04/02/2009 01:00:00,        87.453964
04/02/2009 02:00:00,        86.845101
04/02/2009 03:00:00,        84.146342
04/02/2009 04:00:00,        81.623579
04/02/2009 05:00:00,        78.667525
04/02/2009 06:00:00,        74.651473
04/02/2009 07:00:00,        73.201330
04/02/2009 08:00:00,        70.749738
04/02/2009 09:00:00,        66.698464
04/02/2009 10:00:00,        61.869551
04/02/2009 11:00:00,        57.126719
04/02/2009 12:00:00,        52.617852
04/02/2009 13:00:00,        48.755721
04/02/2009 14:00:00,        45.071341
04/02/2009 15:00:00,        40.470869
04/02/2009 16:00:00,        36.728851
04/02/2009 17:00:00,        34.952047
04/02/2009 18:00:00,        34.981816
04/02/2009 19:00:00,        33.707901
04/02/2009 20:00:00,        32.572483
04/02/2009 21:00:00,        33.521891
04/02/2009 22:00:00,        35.364794
04/02/2009 23:00:00,        38.061671
04/03/2009 00:00:00,        42.448129
04/03/2009 01:00:00,        49.955439
04/03/2009 02:00:00,        49.399401
04/03/2009 03:00:00,        50.331968
04/03/2009 04:00:00,        48.786582
04/03/2009 05:00:00,        47.590106
04/03/2009 06:00:00,        45.660748
04/03/2009 07:00:00,        45.427791
04/03/2009 08:00:00,        45.297055
04/03/2009 09:00:00,        42.543575
04/03/2009 10:00:00,        40.199816
04/03/2009 11:00:00,        35.585861
04/03/2009 12:00:00,        31.859704
04/03/2009 13:00:00,        26.761343
04/03/2009 14:00:00,        23.490986
04/03/2009 15:00:00,        21.309004
04/03/2009 16:00:00,        18.449852
04/03/2009 17:00:00,        19.877315
04/03/2009 18:00:00,        25.018388
04/03/2009 19:00:00,        26.282288
04/03/2009 20:00:00,        27.108845
04/03/2009 21:00:00,        28.491067
04/03/2009 22:00:00,        34.476331
04/03/2009 23:00:00,        37.603899
04/04/2009 00:00:00,        40.402280
04/04/2009 01:00:00,        94.753484
04/04/2009 02:00:00,        94.849379
04/04/2009 03:00:00,        95.903651
04/04/2009 04:00:00,        95.999732
04/04/2009 05:00:00,        95.999795
04/04/2009 06:00:00,        95.999651
04/04/2009 07:00:00,        95.999954
04/04/2009 08:00:00,        95.999870
04/04/2009 09:00:00,        95.999578
04/04/2009 10:00:00,        96.000000
04/04/2009 11:00:00,        95.997765
04/04/2009 12:00:00,        95.978192
04/04/2009 13:00:00,        95.960079
04/04/2009 14:00:00,        95.949554
04/04/2009 15:00:00,        95.942258
04/04/2009 16:00:00,        95.932409
04/04/2009 17:00:00,        95.920022
04/04/2009 18:00:00,        95.897533
04/04/2009 19:00:00,        95.863609
04/04/2009 20:00:00,        95.799217
04/04/2009 21:00:00,        95.640610
04/04/2009 22:00:00,        95.272820
04/04/2009 23:00:00,        94.664000
04/05/2009 00:00:00,        93.823461
04/05/2009 01:00:00,        82.482641
04/05/2009 02:00:00,        78.730441
04/05/2009 03:00:00,        73.680479
04/05/2009 04:00:00,        69.214940
04/05/2009 05:00:00,        64.700191
04/05/2009 06:00:00,        59.276442
04/05/2009 07:00:00,        54.266136
04/05/2009 08:00:00,        47.318035
04/05/2009 09:00:00,        40.230956
04/05/2009 10:00:00,        33.594742
04/05/2009 11:00:00,        27.879042
04/05/2009 12:00:00,        22.050042
04/05/2009 13:00:00,        17.367397
04/05/2009 14:00:00,        13.327253
04/05/2009 15:00:00,        10.545236
04/05/2009 16:00:00,         9.023927
04/05/2009 17:00:00,         8.313728
04/05/2009 18:00:00,         8.936049
04/05/2009 19:00:00,         8.695698
04/05/2009 20:00:00,         8.886010
04/05/2009 21:00:00,        10.097293
04/05/2009 22:00:00,        11.725744
04/05/2009 23:00:00,        13.678120
04/06/2009 00:00:00,        15.823597
04/06/2009 01:00:00,        45.458838
04/06/2009 02:00:00,        50.706162
04/06/2009 03:00:00,        55.770343
04/06/2009 04:00:00,        59.852892
04/06/2009 05:00:00,        63.445575
04/06/2009 06:00:00,        65.782147
04/06/2009 07:00:00,        67.629448
04/06/2009 08:00:00,        71.178905
04/06/2009 09:00:00,        83.496900
04/06/2009 10:00:00,         4.631194
04/06/2009 11:00:00,         2.303900
04/06/2009 12:00:00,         0.000000
04/06/2009 13:00:00,         0.000000
04/06/2009 14:00:00,         0.000000
04/06/2009 15:00:00,        91.038500
04/06/2009 16:00:00,        91.105000
04/06/2009 17:00:00,        95.918200
04/06/2009 18:00:00,        95.948900
04/06/2009 19:00:00,        95.951000
04/06/2009 20:00:00,        95.951500
04/06/2009 21:00:00,        95.950200
04/06/2009 22:00:00,        95.948100
04/06/2009 23:00:00,        95.946300
04/07/2009 00:00:00,        95.934100
04/07/2009 01:00:00,        95.902300
04/07/2009 02:00:00,        95.869900
04/07/2009 03:00:00,        95.810400
04/07/2009 04:00:00,        95.732400
04/07/2009 05:00:00,        95.621300
04/07/2009 06:00:00,        95.467900
04/07/2009 07:00:00,        95.282400
04/07/2009 08:00:00,        95.025400
04/07/2009 09:00:00,        94.607800
04/07/2009 10:00:00,        94.133700
04/07/2009 11:00:00,        93.789800
04/07/2009 12:00:00,        93.508400
04/07/2009 13:00:00,        93.203400
04/07/2009 14:00:00,        92.687962
04/07/2009 15:00:00,        92.285424
04/07/2009 16:00:00,        91.109976
04/07/2009 17:00:00,        90.031740
04/07/2009 18:00:00,        89.856265
04/07/2009 19:00:00,        89.861775
04/07/2009 20:00:00,        89.764017
04/07/2009 21:00:00,        89.751870
04/07/2009 22:00:00,        89.817855
04/07/2009 23:00:00,        90.210800
04/08/2009 00:00:00,        88.646303
04/08/2009 01:00:00,        87.180967
04/08/2009 02:00:00,        87.262500
04/08/2009 03:00:00,        86.123600
04/08/2009 04:00:00,        85.353600
04/08/2009 05:00:00,        83.016116
04/08/2009 06:00:00,        82.470222
04/08/2009 07:00:00,        82.501031
04/08/2009 08:00:00,        82.244971
04/08/2009 09:00:00,        81.268954
04/08/2009 10:00:00,        80.907078
04/08/2009 11:00:00,        79.724147
04/08/2009 12:00:00,        78.835522
04/08/2009 13:00:00,        77.329820
04/08/2009 14:00:00,        76.091879
04/08/2009 15:00:00,        74.292294
04/08/2009 16:00:00,        71.875694
04/08/2009 17:00:00,        67.722745
04/08/2009 18:00:00,        62.180845
04/08/2009 19:00:00,        60.031095
04/08/2009 20:00:00,        57.102761
04/08/2009 21:00:00,        53.760750
04/08/2009 22:00:00,        50.109151
04/08/2009 23:00:00,        46.746266
04/09/2009 00:00:00,        43.491444
04/09/2009 01:00:00,        46.015185
04/09/2009 02:00:00,        46.262324
04/09/2009 03:00:00,        44.671103
04/09/2009 04:00:00,        43.962634
04/09/2009 05:00:00,        42.522038
04/09/2009 06:00:00,        41.780132
04/09/2009 07:00:00,        41.195177
04/09/2009 08:00:00,        42.458458
04/09/2009 09:00:00,        40.707543
04/09/2009 10:00:00,        38.971111
04/09/2009 11:00:00,        36.668608
04/09/2009 12:00:00,        33.248234
04/09/2009 13:00:00,        29.934879
04/09/2009 14:00:00,        26.916138
04/09/2009 15:00:00,        22.483600
04/09/2009 16:00:00,        18.840514
04/09/2009 17:00:00,        15.010057
04/09/2009 18:00:00,        11.975446
04/09/2009 19:00:00,         9.875467
04/09/2009 20:00:00,         8.049636
04/09/2009 21:00:00,         6.900521
04/09/2009 22:00:00,         6.078220
04/09/2009 23:00:00,         4.982891
04/10/2009 00:00:00,         3.526564
04/10/2009 01:00:00,         1.798879
04/10/2009 02:00:00,         1.927648
04/10/2009 03:00:00,         2.066556
04/10/2009 04:00:00,         2.565859
04/10/2009 05:00:00,         2.926765
04/10/2009 06:00:00,         3.379097
04/10/2009 07:00:00,         3.459698
04/10/2009 08:00:00,         3.876076
04/10/2009 09:00:00,         4.191388
04/10/2009 10:00:00,         4.541668
04/10/2009 11:00:00,         5.722763
04/10/2009 12:00:00,         7.978716
04/10/2009 13:00:00,        11.686636
04/10/2009 14:00:00,        17.760792
04/10/2009 15:00:00,        21.822952
04/10/2009 16:00:00,        24.680630
04/10/2009 17:00:00,        27.797428
04/10/2009 18:00:00,        31.059806
04/10/2009 19:00:00,        33.665710
04/10/2009 20:00:00,        36.239424
04/10/2009 21:00:00,        39.411919
04/10/2009 22:00:00,        43.439815
04/10/2009 23:00:00,        47.718700
04/11/2009 00:00:00,        50.914423
04/11/2009 01:00:00,        51.915673
04/11/2009 02:00:00,        50.529718
04/11/2009 03:00:00,        49.866154
04/11/2009 04:00:00,        49.317075
04/11/2009 05:00:00,        49.112529
04/11/2009 06:00:00,        48.238470
04/11/2009 07:00:00,        46.824277
04/11/2009 08:00:00,        44.807118
04/11/2009 09:00:00,        42.367971
04/11/2009 10:00:00,        40.619789
04/11/2009 11:00:00,        39.594446
04/11/2009 12:00:00,        38.409896
04/11/2009 13:00:00,        36.916749
04/11/2009 14:00:00,        35.831374
04/11/2009 15:00:00,        34.697295
04/11/2009 16:00:00,        33.822366
04/11/2009 17:00:00,        32.680537
04/11/2009 18:00:00,        31.105484
04/11/2009 19:00:00,        30.513106
04/11/2009 20:00:00,        30.323112
04/11/2009 21:00:00,        30.371221
04/11/2009 22:00:00,        30.247060
04/11/2009 23:00:00,        29.911620
04/12/2009 00:00:00,        28.889758
04/12/2009 01:00:00,        31.244135
04/12/2009 02:00:00,        30.460614
04/12/2009 03:00:00,        29.440977
04/12/2009 04:00:00,        28.322550
04/12/2009 05:00:00,        28.080815
04/12/2009 06:00:00,        27.007335
04/12/2009 07:00:00,        26.525031
04/12/2009 08:00:00,        25.264050
04/12/2009 09:00:00,        23.975770
04/12/2009 10:00:00,        22.691934
04/12/2009 11:00:00,        21.561591
04/12/2009 12:00:00,        20.406077
04/12/2009 13:00:00,        18.769516
04/12/2009 14:00:00,        17.172862
04/12/2009 15:00:00,        16.089250
04/12/2009 16:00:00,        15.519493
04/12/2009 17:00:00,        15.070816
04/12/2009 18:00:00,        13.776465
04/12/2009 19:00:00,        13.229827
04/12/2009 20:00:00,        12.556560
04/12/2009 21:00:00,        12.126427
04/12/2009 22:00:00,        11.783161
04/12/2009 23:00:00,        11.479243
04/13/2009 00:00:00,        11.162515
04/13/2009 01:00:00,         1.842665
04/13/2009 02:00:00,         1.700673
04/13/2009 03:00:00,         1.467915
04/13/2009 04:00:00,         1.238494
04/13/2009 05:00:00,         1.244191
04/13/2009 06:00:00,         1.503091
04/13/2009 07:00:00,         1.875903
04/13/2009 08:00:00,         2.143325
04/13/2009 09:00:00,         2.453249
04/13/2009 10:00:00,         2.563012
04/13/2009 11:00:00,         2.943099
04/13/2009 12:00:00,         3.430990
04/13/2009 13:00:00,         3.997764
04/13/2009 14:00:00,         5.274493
04/13/2009 15:00:00,         6.479639
04/13/2009 16:00:00,         7.110408
04/13/2009 17:00:00,         7.598935
04/13/2009 18:00:00,        10.320381
04/13/2009 19:00:00,        11.073222
04/13/2009 20:00:00,        12.025726
04/13/2009 21:00:00,        13.016484
04/13/2009 22:00:00,        15.092805
04/13/2009 23:00:00,        17.111130
04/14/2009 00:00:00,        19.543865
04/14/2009 01:00:00,        55.508100
04/14/2009 02:00:00,        59.845799
04/14/2009 03:00:00,        63.198207
04/14/2009 04:00:00,        66.566190
04/14/2009 05:00:00,        69.766691
04/14/2009 06:00:00,        72.971371
04/14/2009 07:00:00,        74.045064
04/14/2009 08:00:00,        78.483088
04/14/2009 09:00:00,        81.826065
04/14/2009 10:00:00,        84.629790
04/14/2009 11:00:00,        86.033621
04/14/2009 12:00:00,        87.110757
04/14/2009 13:00:00,        87.452393
04/14/2009 14:00:00,        86.969053
04/14/2009 15:00:00,        86.353528
04/14/2009 16:00:00,        85.238101
04/14/2009 17:00:00,        83.129567
04/14/2009 18:00:00,        80.714976
04/14/2009 19:00:00,        79.028668
04/14/2009 20:00:00,        78.188854
04/14/2009 21:00:00,        76.839549
04/14/2009 22:00:00,        75.565604
04/14/2009 23:00:00,        74.921118
04/15/2009 00:00:00,        74.137375
04/15/2009 01:00:00,        59.077120
04/15/2009 02:00:00,        59.268135
04/15/2009 03:00:00,        59.846771
04/15/2009 04:00:00,        60.649635
04/15/2009 05:00:00,        61.834577
04/15/2009 06:00:00,        63.561428
04/15/2009 07:00:00,        63.315468
04/15/2009 08:00:00,        61.499583
04/15/2009 09:00:00,        59.553424
04/15/2009 10:00:00,        58.394153
04/15/2009 11:00:00,        57.125797
04/15/2009 12:00:00,        55.930249
04/15/2009 13:00:00,        55.063203
04/15/2009 14:00:00,        53.310821
04/15/2009 15:00:00,        50.706110
04/15/2009 16:00:00,        48.198473
04/15/2009 17:00:00,        46.254786
04/15/2009 18:00:00,        44.667953
04/15/2009 19:00:00,        43.124134
04/15/2009 20:00:00,        42.880636
04/15/2009 21:00:00,        43.220079
04/15/2009 22:00:00,        43.577029
04/15/2009 23:00:00,        43.829672
04/16/2009 00:00:00,        45.010030
04/16/2009 01:00:00,        39.695990
04/16/2009 02:00:00,        36.442696
04/16/2009 03:00:00,        33.917686
04/16/2009 04:00:00,        31.692671
04/16/2009 05:00:00,        29.933222
04/16/2009 06:00:00,        28.729670
04/16/2009 07:00:00,        26.926785
04/16/2009 08:00:00,        24.731717
04/16/2009 09:00:00,        21.836592
04/16/2009 10:00:00,        17.236964
04/16/2009 11:00:00,        13.590477
04/16/2009 12:00:00,        11.993365
04/16/2009 13:00:00,        10.871365
04/16/2009 14:00:00,        10.028336
04/16/2009 15:00:00,         8.666629
04/16/2009 16:00:00,         7.302179
04/16/2009 17:00:00,         6.664126
04/16/2009 18:00:00,         6.016473
04/16/2009 19:00:00,         5.447068
04/16/2009 20:00:00,         5.174711
04/16/2009 21:00:00,         5.358832
04/16/2009 22:00:00,         5.617021
04/16/2009 23:00:00,         5.568962
04/17/2009 00:00:00,         5.511376
04/17/2009 01:00:00,         2.062086
04/17/2009 02:00:00,         2.107766
04/17/2009 03:00:00,         2.192761
04/17/2009 04:00:00,         2.294243
04/17/2009 05:00:00,         2.499665
04/17/2009 06:00:00,         3.279327
04/17/2009 07:00:00,         4.278011
04/17/2009 08:00:00,         5.163189
04/17/2009 09:00:00,         6.336921
04/17/2009 10:00:00,         7.630886
04/17/2009 11:00:00,         9.115302
04/17/2009 12:00:00,        10.963740
04/17/2009 13:00:00,        12.633409
04/17/2009 14:00:00,        14.105185
04/17/2009 15:00:00,        15.669612
04/17/2009 16:00:00,        17.164909
04/17/2009 17:00:00,        19.898237
04/17/2009 18:00:00,        23.992327
04/17/2009 19:00:00,        25.406327
04/17/2009 20:00:00,        26.613018
04/17/2009 21:00:00,        28.215933
04/17/2009 22:00:00,        30.100566
04/17/2009 23:00:00,        32.590905
04/18/2009 00:00:00,        34.854414
04/18/2009 01:00:00,        53.066716
04/18/2009 02:00:00,        51.626977
04/18/2009 03:00:00,        49.671799
04/18/2009 04:00:00,        47.010698
04/18/2009 05:00:00,        44.650429
04/18/2009 06:00:00,        44.809482
04/18/2009 07:00:00,        43.338513
04/18/2009 08:00:00,        40.865407
04/18/2009 09:00:00,        39.352225
04/18/2009 10:00:00,        31.660516
04/18/2009 11:00:00,        28.071030
04/18/2009 12:00:00,        25.920806
04/18/2009 13:00:00,        25.298970
04/18/2009 14:00:00,        24.680186
04/18/2009 15:00:00,        22.247024
04/18/2009 16:00:00,        20.601820
04/18/2009 17:00:00,        18.818170
04/18/2009 18:00:00,        18.929617
04/18/2009 19:00:00,        18.123131
04/18/2009 20:00:00,        16.759680
04/18/2009 21:00:00,        15.197567
04/18/2009 22:00:00,        12.766994
04/18/2009 23:00:00,        12.323428
04/19/2009 00:00:00,        12.920943
04/19/2009 01:00:00,        47.651097
04/19/2009 02:00:00,        47.318691
04/19/2009 03:00:00,        46.459934
04/19/2009 04:00:00,        49.668502
04/19/2009 05:00:00,        52.630943
04/19/2009 06:00:00,        54.473454
04/19/2009 07:00:00,        52.826187
04/19/2009 08:00:00,        52.353672
04/19/2009 09:00:00,        52.773540
04/19/2009 10:00:00,        51.044519
04/19/2009 11:00:00,        49.834908
04/19/2009 12:00:00,        48.268592
04/19/2009 13:00:00,        47.443796
04/19/2009 14:00:00,        47.890919
04/19/2009 15:00:00,        48.840742
04/19/2009 16:00:00,        49.888449
04/19/2009 17:00:00,        51.563570
04/19/2009 18:00:00,        50.982402
04/19/2009 19:00:00,        50.096660
04/19/2009 20:00:00,        49.726153
04/19/2009 21:00:00,        50.778005
04/19/2009 22:00:00,        52.747653
04/19/2009 23:00:00,        55.592414
04/20/2009 00:00:00,        59.074130
04/20/2009 01:00:00,        88.525591
04/20/2009 02:00:00,        89.247300
04/20/2009 03:00:00,        89.072759
04/20/2009 04:00:00,        90.139993
04/20/2009 05:00:00,        92.125563
04/20/2009 06:00:00,        92.917278
04/20/2009 07:00:00,        93.490020
04/20/2009 08:00:00,        94.525256
04/20/2009 09:00:00,        95.260455
04/20/2009 10:00:00,        95.785805
04/20/2009 11:00:00,        95.921807
04/20/2009 12:00:00,        95.969553
04/20/2009 13:00:00,        95.977695
04/20/2009 14:00:00,        95.980568
04/20/2009 15:00:00,        95.986486
04/20/2009 16:00:00,        95.992496
04/20/2009 17:00:00,        95.993305
04/20/2009 18:00:00,        95.990547
04/20/2009 19:00:00,        95.984567
04/20/2009 20:00:00,        95.926529
04/20/2009 21:00:00,        95.471963
04/20/2009 22:00:00,        95.217432
04/20/2009 23:00:00,        95.086615
04/21/2009 00:00:00,        95.006810
04/21/2009 01:00:00,        85.669950
04/21/2009 02:00:00,        84.736627
04/21/2009 03:00:00,        81.919278
04/21/2009 04:00:00,        79.574823
04/21/2009 05:00:00,        79.069576
04/21/2009 06:00:00,        78.198797
04/21/2009 07:00:00,        77.200601
04/21/2009 08:00:00,        74.997150
04/21/2009 09:00:00,        74.371271
04/21/2009 10:00:00,        74.707238
04/21/2009 11:00:00,        73.472551
04/21/2009 12:00:00,        73.531209
04/21/2009 13:00:00,        72.909959
04/21/2009 14:00:00,        70.306447
04/21/2009 15:00:00,        71.237772
04/21/2009 16:00:00,        76.863177
04/21/2009 17:00:00,        77.740920
04/21/2009 18:00:00,        79.775578
04/21/2009 19:00:00,        81.252007
04/21/2009 20:00:00,        82.539134
04/21/2009 21:00:00,        84.924685
04/21/2009 22:00:00,        86.037486
04/21/2009 23:00:00,        85.582548
04/22/2009 00:00:00,        85.816211
04/22/2009 01:00:00,        37.212790
04/22/2009 02:00:00,        36.178686
04/22/2009 03:00:00,        35.521312
04/22/2009 04:00:00,        35.592847
04/22/2009 05:00:00,        34.414136
04/22/2009 06:00:00,        33.253703
04/22/2009 07:00:00,        32.561896
04/22/2009 08:00:00,        32.529287
04/22/2009 09:00:00,        30.679986
04/22/2009 10:00:00,        30.184857
04/22/2009 11:00:00,        29.398852
04/22/2009 12:00:00,        28.866127
04/22/2009 13:00:00,        29.120540
04/22/2009 14:00:00,        30.122742
04/22/2009 15:00:00,        30.623077
04/22/2009 16:00:00,        33.358307
04/22/2009 17:00:00,        35.742741
04/22/2009 18:00:00,        38.162671
04/22/2009 19:00:00,        38.875315
04/22/2009 20:00:00,        40.050002
04/22/2009 21:00:00,        41.773897
04/22/2009 22:00:00,        44.209318
04/22/2009 23:00:00,        49.140282
04/23/2009 00:00:00,        51.123270
04/23/2009 01:00:00,        88.837369
04/23/2009 02:00:00,        88.699121
04/23/2009 03:00:00,        88.538080
04/23/2009 04:00:00,        85.972231
04/23/2009 05:00:00,        82.474580
04/23/2009 06:00:00,        78.519439
04/23/2009 07:00:00,        74.368998
04/23/2009 08:00:00,        69.444364
04/23/2009 09:00:00,        62.289970
04/23/2009 10:00:00,        55.348783
04/23/2009 11:00:00,        48.679079
04/23/2009 12:00:00,        42.556045
04/23/2009 13:00:00,        35.781121
04/23/2009 14:00:00,        29.364287
04/23/2009 15:00:00,        22.948548
04/23/2009 16:00:00,        17.579112
04/23/2009 17:00:00,        13.965289
04/23/2009 18:00:00,        12.193231
04/23/2009 19:00:00,        10.645169
04/23/2009 20:00:00,         9.472251
04/23/2009 21:00:00,         9.703335
04/23/2009 22:00:00,        10.716007
04/23/2009 23:00:00,        11.855285
04/24/2009 00:00:00,        13.103322
04/24/2009 01:00:00,        70.634787
04/24/2009 02:00:00,        72.553373
04/24/2009 03:00:00,        75.205791
04/24/2009 04:00:00,        77.861133
04/24/2009 05:00:00,        81.177324
04/24/2009 06:00:00,        83.897164
04/24/2009 07:00:00,        85.837306
04/24/2009 08:00:00,        89.834943
04/24/2009 09:00:00,        91.072944
04/24/2009 10:00:00,        91.114588
04/24/2009 11:00:00,        90.771796
04/24/2009 12:00:00,        89.977482
04/24/2009 13:00:00,        89.953628
04/24/2009 14:00:00,        89.589001
04/24/2009 15:00:00,        88.635529
04/24/2009 16:00:00,        87.545649
04/24/2009 17:00:00,        87.122667
04/24/2009 18:00:00,        85.813118
04/24/2009 19:00:00,        85.698009
04/24/2009 20:00:00,        87.948306
04/24/2009 21:00:00,        88.741237
04/24/2009 22:00:00,        88.356990
04/24/2009 23:00:00,        89.263073
04/25/2009 00:00:00,        90.747703
04/25/2009 01:00:00,        91.988194
04/25/2009 02:00:00,        92.524278
04/25/2009 03:00:00,        92.859083
04/25/2009 04:00:00,        93.332823
04/25/2009 05:00:00,        94.027779
04/25/2009 06:00:00,        94.305596
04/25/2009 07:00:00,        94.498452
04/25/2009 08:00:00,        94.908862
04/25/2009 09:00:00,        95.134372
04/25/2009 10:00:00,        95.942585
04/25/2009 11:00:00,        95.952344
04/25/2009 12:00:00,        95.951809
04/25/2009 13:00:00,        95.833026
04/25/2009 14:00:00,        95.746108
04/25/2009 15:00:00,        91.441467
04/25/2009 16:00:00,        87.775122
04/25/2009 17:00:00,        85.950839
04/25/2009 18:00:00,        81.410866
04/25/2009 19:00:00,        79.543203
04/25/2009 20:00:00,        77.322648
04/25/2009 21:00:00,        74.075460
04/25/2009 22:00:00,        71.973217
04/25/2009 23:00:00,        68.555792
04/26/2009 00:00:00,        61.511232
04/26/2009 01:00:00,        25.903562
04/26/2009 02:00:00,        27.576615
04/26/2009 03:00:00,        28.861383
04/26/2009 04:00:00,        30.493347
04/26/2009 05:00:00,        31.521275
04/26/2009 06:00:00,        32.731544
04/26/2009 07:00:00,        35.262408
04/26/2009 08:00:00,        38.045357
04/26/2009 09:00:00,        41.191146
04/26/2009 10:00:00,        41.537228
04/26/2009 11:00:00,        41.344395
04/26/2009 12:00:00,        41.200206
04/26/2009 13:00:00,        40.664859
04/26/2009 14:00:00,        39.364071
04/26/2009 15:00:00,        36.054661
04/26/2009 16:00:00,        34.840698
04/26/2009 17:00:00,        27.907801
04/26/2009 18:00:00,        26.883321
04/26/2009 19:00:00,        25.444266
04/26/2009 20:00:00,        21.227028
04/26/2009 21:00:00,        19.295888
04/26/2009 22:00:00,        17.481380
04/26/2009 23:00:00,        15.775549
04/27/2009 00:00:00,        15.448429
04/27/2009 01:00:00,        72.396019
04/27/2009 02:00:00,        74.563382
04/27/2009 03:00:00,        76.264594
04/27/2009 04:00:00,        77.712338
04/27/2009 05:00:00,        80.693479
04/27/2009 06:00:00,        82.287305
04/27/2009 07:00:00,        85.073495
04/27/2009 08:00:00,        90.271483
04/27/2009 09:00:00,        92.139640
04/27/2009 10:00:00,        93.502122
04/27/2009 11:00:00,        94.476829
04/27/2009 12:00:00,        95.222469
04/27/2009 13:00:00,        95.679424
04/27/2009 14:00:00,        95.715917
04/27/2009 15:00:00,        95.649817
04/27/2009 16:00:00,        95.025898
04/27/2009 17:00:00,        94.598714
04/27/2009 18:00:00,        94.597024
04/27/2009 19:00:00,        94.608039
04/27/2009 20:00:00,        94.616614
04/27/2009 21:00:00,        94.577921
04/27/2009 22:00:00,        94.378171
04/27/2009 23:00:00,        91.582513
04/28/2009 00:00:00,        91.433580
04/28/2009 01:00:00,        87.717096
04/28/2009 02:00:00,        83.771726
04/28/2009 03:00:00,        77.808054
04/28/2009 04:00:00,        72.510723
04/28/2009 05:00:00,        67.964353
04/28/2009 06:00:00,        62.877094
04/28/2009 07:00:00,        58.752632
04/28/2009 08:00:00,        52.998622
04/28/2009 09:00:00,        47.601851
04/28/2009 10:00:00,        41.200472
04/28/2009 11:00:00,        35.310269
04/28/2009 12:00:00,        30.839386
04/28/2009 13:00:00,        26.771772
04/28/2009 14:00:00,        26.109162
04/28/2009 15:00:00,        24.184757
04/28/2009 16:00:00,        22.923311
04/28/2009 17:00:00,        23.139415
04/28/2009 18:00:00,        22.629300
04/28/2009 19:00:00,        22.389624
04/28/2009 20:00:00,        22.493342
04/28/2009 21:00:00,        21.810898
04/28/2009 22:00:00,        22.087738
04/28/2009 23:00:00,        22.323843
04/29/2009 00:00:00,        22.723046
04/29/2009 01:00:00,        58.541660
04/29/2009 02:00:00,        60.389060
04/29/2009 03:00:00,        62.075730
04/29/2009 04:00:00,        63.597894
04/29/2009 05:00:00,        64.722452
04/29/2009 06:00:00,        63.239384
04/29/2009 07:00:00,        60.470798
04/29/2009 08:00:00,        60.278140
04/29/2009 09:00:00,        58.816782
04/29/2009 10:00:00,        54.731659
04/29/2009 11:00:00,        51.044584
04/29/2009 12:00:00,        46.520431
04/29/2009 13:00:00,        42.160909
04/29/2009 14:00:00,        37.333847
04/29/2009 15:00:00,        31.743801
04/29/2009 16:00:00,        26.538290
04/29/2009 17:00:00,        22.056824
04/29/2009 18:00:00,        20.105139
04/29/2009 19:00:00,        18.251338
04/29/2009 20:00:00,        18.479054
04/29/2009 21:00:00,        19.507212
04/29/2009 22:00:00,        21.062865
04/29/2009 23:00:00,        23.136122
04/30/2009 00:00:00,        25.633523
04/30/2009 01:00:00,        78.995288
04/30/2009 02:00:00,        80.602063
04/30/2009 03:00:00,        81.732551
04/30/2009 04:00:00,        82.741363
04/30/2009 05:00:00,        84.851193
04/30/2009 06:00:00,        85.425609
04/30/2009 07:00:00,        83.626268
04/30/2009 08:00:00,        81.828857
04/30/2009 09:00:00,        78.607445
04/30/2009 10:00:00,        74.674036
04/30/2009 11:00:00,        69.828019
04/30/2009 12:00:00,        65.232623
04/30/2009 13:00:00,        61.862448
04/30/2009 14:00:00,        58.614386
04/30/2009 15:00:00,        55.492541
04/30/2009 16:00:00,        54.567305
04/30/2009 17:00:00,        53.356451
04/30/2009 18:00:00,        50.636474
04/30/2009 19:00:00,        49.297246
04/30/2009 20:00:00,        52.410049
04/30/2009 21:00:00,        53.508677
04/30/2009 22:00:00,        54.400450
04/30/2009 23:00:00,        58.455224
05/01/2009 00:00:00,        38.057560
05/01/2009 01:00:00,        41.301425
05/01/2009 02:00:00,        45.214668
05/01/2009 03:00:00,        51.021101
05/01/2009 04:00:00,        55.244581
05/01/2009 05:00:00,        58.821052
05/01/2009 06:00:00,        61.572459
05/01/2009 07:00:00,        64.544870
05/01/2009 08:00:00,        67.141953
05/01/2009 09:00:00,        71.544111
05/01/2009 10:00:00,        76.428674
05/01/2009 11:00:00,        80.585798
05/01/2009 12:00:00,        83.420962
05/01/2009 13:00:00,        86.300311
05/01/2009 14:00:00,        86.118922
05/01/2009 15:00:00,        83.608741
05/01/2009 16:00:00,        79.295619
05/01/2009 17:00:00,        75.170560
05/01/2009 18:00:00,        71.465379
05/01/2009 19:00:00,        68.897108
05/01/2009 20:00:00,        66.115347
05/01/2009 21:00:00,        62.944147
05/01/2009 22:00:00,        60.202540
05/01/2009 23:00:00,        57.578997
05/02/2009 00:00:00,        54.938406
05/02/2009 01:00:00,        23.671564
05/02/2009 02:00:00,        20.729960
05/02/2009 03:00:00,        18.581989
05/02/2009 04:00:00,        17.270330
05/02/2009 05:00:00,        19.267063
05/02/2009 06:00:00,        22.050876
05/02/2009 07:00:00,        24.309397
05/02/2009 08:00:00,        27.605458
05/02/2009 09:00:00,        30.079059
05/02/2009 10:00:00,        33.523834
05/02/2009 11:00:00,        38.509372
05/02/2009 12:00:00,        44.923243
05/02/2009 13:00:00,        52.272547
05/02/2009 14:00:00,        55.960415
05/02/2009 15:00:00,        61.946361
05/02/2009 16:00:00,        66.266215
05/02/2009 17:00:00,        69.122046
05/02/2009 18:00:00,        67.519733
05/02/2009 19:00:00,        67.282929
05/02/2009 20:00:00,        67.144382
05/02/2009 21:00:00,        67.466969
05/02/2009 22:00:00,        63.841471
05/02/2009 23:00:00,        60.870915
05/03/2009 00:00:00,        58.663380
05/03/2009 01:00:00,        14.253632
05/03/2009 02:00:00,        15.352087
05/03/2009 03:00:00,        12.674536
05/03/2009 04:00:00,        15.535825
05/03/2009 05:00:00,        13.772196
05/03/2009 06:00:00,        14.600114
05/03/2009 07:00:00,        15.672328
05/03/2009 08:00:00,        17.832952
05/03/2009 09:00:00,        20.680444
05/03/2009 10:00:00,        24.869109
05/03/2009 11:00:00,        30.558348
05/03/2009 12:00:00,        36.079746
05/03/2009 13:00:00,        42.663735
05/03/2009 14:00:00,        47.102153
05/03/2009 15:00:00,        48.516971
05/03/2009 16:00:00,        51.343315
05/03/2009 17:00:00,        51.318605
05/03/2009 18:00:00,        49.135627
05/03/2009 19:00:00,        48.061099
05/03/2009 20:00:00,        51.154233
05/03/2009 21:00:00,        48.009716
05/03/2009 22:00:00,        47.833274
05/03/2009 23:00:00,        48.238809
05/04/2009 00:00:00,        41.698806
05/04/2009 01:00:00,        29.362618
05/04/2009 02:00:00,        27.662487
05/04/2009 03:00:00,        25.995695
05/04/2009 04:00:00,        24.952859
05/04/2009 05:00:00,        22.767550
05/04/2009 06:00:00,        21.434627
05/04/2009 07:00:00,        20.163697
05/04/2009 08:00:00,        19.913164
05/04/2009 09:00:00,        20.169399
05/04/2009 10:00:00,        18.549237
05/04/2009 11:00:00,        15.557588
05/04/2009 12:00:00,        12.815219
05/04/2009 13:00:00,        10.491792
05/04/2009 14:00:00,         9.489020
05/04/2009 15:00:00,         9.104849
05/04/2009 16:00:00,         7.803430
05/04/2009 17:00:00,         7.323224
05/04/2009 18:00:00,         7.245516
05/04/2009 19:00:00,         7.110718
05/04/2009 20:00:00,         7.459324
05/04/2009 21:00:00,         7.901128
05/04/2009 22:00:00,         8.235703
05/04/2009 23:00:00,         8.489673
05/05/2009 00:00:00,         8.594549
05/05/2009 01:00:00,        21.347828
05/05/2009 02:00:00,        20.034178
05/05/2009 03:00:00,        19.196005
05/05/2009 04:00:00,        18.284835
05/05/2009 05:00:00,        18.454154
05/05/2009 06:00:00,        17.664512
05/05/2009 07:00:00,        16.374205
05/05/2009 08:00:00,        14.726182
05/05/2009 09:00:00,        13.570678
05/05/2009 10:00:00,        11.714491
05/05/2009 11:00:00,         9.906966
05/05/2009 12:00:00,         8.091454
05/05/2009 13:00:00,         7.492135
05/05/2009 14:00:00,         6.595801
05/05/2009 15:00:00,         5.499754
05/05/2009 16:00:00,         4.882355
05/05/2009 17:00:00,         4.201602
05/05/2009 18:00:00,         2.764080
05/05/2009 19:00:00,         2.201547
05/05/2009 20:00:00,         2.075228
05/05/2009 21:00:00,         2.323561
05/05/2009 22:00:00,         2.369010
05/05/2009 23:00:00,         2.615796
05/06/2009 00:00:00,         3.037000
05/06/2009 01:00:00,        35.698545
05/06/2009 02:00:00,        34.044805
05/06/2009 03:00:00,        32.369600
05/06/2009 04:00:00,        30.958584
05/06/2009 05:00:00,        29.529159
05/06/2009 06:00:00,        28.656538
05/06/2009 07:00:00,        27.318528
05/06/2009 08:00:00,        28.140180
05/06/2009 09:00:00,        29.141529
05/06/2009 10:00:00,        26.465591
05/06/2009 11:00:00,        21.794895
05/06/2009 12:00:00,        18.169779
05/06/2009 13:00:00,        16.464586
05/06/2009 14:00:00,        15.190397
05/06/2009 15:00:00,        13.832526
05/06/2009 16:00:00,        12.789472
05/06/2009 17:00:00,        12.312730
05/06/2009 18:00:00,        11.484716
05/06/2009 19:00:00,        10.907877
05/06/2009 20:00:00,        10.858547
05/06/2009 21:00:00,        11.283793
05/06/2009 22:00:00,        12.480446
05/06/2009 23:00:00,        14.000554
05/07/2009 00:00:00,        14.574554
05/07/2009 01:00:00,        21.784922
05/07/2009 02:00:00,        21.988158
05/07/2009 03:00:00,        24.458264
05/07/2009 04:00:00,        24.521395
05/07/2009 05:00:00,        26.427337
05/07/2009 06:00:00,        26.783342
05/07/2009 07:00:00,        25.629808
05/07/2009 08:00:00,        26.334211
05/07/2009 09:00:00,        30.874395
05/07/2009 10:00:00,        35.215328
05/07/2009 11:00:00,        38.008214
05/07/2009 12:00:00,        39.367506
05/07/2009 13:00:00,        42.039077
05/07/2009 14:00:00,        45.775340
05/07/2009 15:00:00,        48.552687
05/07/2009 16:00:00,        51.169562
05/07/2009 17:00:00,        51.674429
05/07/2009 18:00:00,        52.962056
05/07/2009 19:00:00,        53.799752
05/07/2009 20:00:00,        60.129691
05/07/2009 21:00:00,        64.036434
05/07/2009 22:00:00,        64.892326
05/07/2009 23:00:00,        63.565140
05/08/2009 00:00:00,        63.336705
05/08/2009 01:00:00,        61.584343
05/08/2009 02:00:00,        56.672724
05/08/2009 03:00:00,        52.735495
05/08/2009 04:00:00,        50.484676
05/08/2009 05:00:00,        49.269424
05/08/2009 06:00:00,        53.291908
05/08/2009 07:00:00,        49.265754
05/08/2009 08:00:00,        52.098898
05/08/2009 09:00:00,        49.551110
05/08/2009 10:00:00,        52.226432
05/08/2009 11:00:00,        49.607594
05/08/2009 12:00:00,        48.468565
05/08/2009 13:00:00,        45.800706
05/08/2009 14:00:00,        44.840794
05/08/2009 15:00:00,        44.128612
05/08/2009 16:00:00,        43.252631
05/08/2009 17:00:00,        43.330523
05/08/2009 18:00:00,        40.306411
05/08/2009 19:00:00,        39.635045
05/08/2009 20:00:00,        38.359797
05/08/2009 21:00:00,        37.817265
05/08/2009 22:00:00,        38.299094
05/08/2009 23:00:00,        38.591714
05/09/2009 00:00:00,        31.399105
05/09/2009 01:00:00,        12.249674
05/09/2009 02:00:00,         9.521068
05/09/2009 03:00:00,         7.799047
05/09/2009 04:00:00,         6.840516
05/09/2009 05:00:00,         5.835950
05/09/2009 06:00:00,         7.241522
05/09/2009 07:00:00,         6.788475
05/09/2009 08:00:00,         8.775335
05/09/2009 09:00:00,        10.825062
05/09/2009 10:00:00,        13.446170
05/09/2009 11:00:00,        17.518894
05/09/2009 12:00:00,        23.442029
05/09/2009 13:00:00,        26.825348
05/09/2009 14:00:00,        34.360775
05/09/2009 15:00:00,        40.515122
05/09/2009 16:00:00,        46.920726
05/09/2009 17:00:00,        54.692524
05/09/2009 18:00:00,        63.718522
05/09/2009 19:00:00,        65.998459
05/09/2009 20:00:00,        71.375525
05/09/2009 21:00:00,        74.400131
05/09/2009 22:00:00,        78.037826
05/09/2009 23:00:00,        79.720302
05/10/2009 00:00:00,        83.613744
05/10/2009 01:00:00,        75.132885
05/10/2009 02:00:00,        71.165681
05/10/2009 03:00:00,        66.669279
05/10/2009 04:00:00,        64.260359
05/10/2009 05:00:00,        61.731902
05/10/2009 06:00:00,        57.779387
05/10/2009 07:00:00,        54.946576
05/10/2009 08:00:00,        50.181048
05/10/2009 09:00:00,        45.122490
05/10/2009 10:00:00,        39.588043
05/10/2009 11:00:00,        35.894961
05/10/2009 12:00:00,        32.526033
05/10/2009 13:00:00,        28.868205
05/10/2009 14:00:00,        26.160529
05/10/2009 15:00:00,        23.379333
05/10/2009 16:00:00,        21.005624
05/10/2009 17:00:00,        18.369460
05/10/2009 18:00:00,        16.968885
05/10/2009 19:00:00,        16.051444
05/10/2009 20:00:00,        15.539105
05/10/2009 21:00:00,        14.761356
05/10/2009 22:00:00,        14.320563
05/10/2009 23:00:00,        13.691100
05/11/2009 00:00:00,        12.422817
05/11/2009 01:00:00,         7.279940
05/11/2009 02:00:00,         8.573702
05/11/2009 03:00:00,         9.133357
05/11/2009 04:00:00,         8.941180
05/11/2009 05:00:00,         8.743687
05/11/2009 06:00:00,         8.103947
05/11/2009 07:00:00,         7.555897
05/11/2009 08:00:00,         7.658913
05/11/2009 09:00:00,         7.761267
05/11/2009 10:00:00,         7.804878
05/11/2009 11:00:00,         7.829053
05/11/2009 12:00:00,         7.727036
05/11/2009 13:00:00,         7.016734
05/11/2009 14:00:00,         4.827436
05/11/2009 15:00:00,         3.601710
05/11/2009 16:00:00,         2.582516
05/11/2009 17:00:00,         2.024922
05/11/2009 18:00:00,         1.497917
05/11/2009 19:00:00,         1.524015
05/11/2009 20:00:00,         1.525183
05/11/2009 21:00:00,         1.414438
05/11/2009 22:00:00,         1.363847
05/11/2009 23:00:00,         1.329386
05/12/2009 00:00:00,         1.233487
05/12/2009 01:00:00,         0.079156
05/12/2009 02:00:00,         0.096888
05/12/2009 03:00:00,         0.114908
05/12/2009 04:00:00,         0.120417
05/12/2009 05:00:00,         0.126354
05/12/2009 06:00:00,         0.162906
05/12/2009 07:00:00,         0.199457
05/12/2009 08:00:00,         0.222931
05/12/2009 09:00:00,         0.261918
05/12/2009 10:00:00,         0.324568
05/12/2009 11:00:00,         0.390694
05/12/2009 12:00:00,         0.450095
05/12/2009 13:00:00,         0.624051
05/12/2009 14:00:00,         0.844914
05/12/2009 15:00:00,         1.055696
05/12/2009 16:00:00,         1.307369
05/12/2009 17:00:00,         1.535689
05/12/2009 18:00:00,         1.568479
05/12/2009 19:00:00,         1.665949
05/12/2009 20:00:00,         1.915949
05/12/2009 21:00:00,         2.223543
05/12/2009 22:00:00,         2.692836
05/12/2009 23:00:00,         3.334463
05/13/2009 00:00:00,         4.523178
05/13/2009 01:00:00,        23.643553
05/13/2009 02:00:00,        28.664943
05/13/2009 03:00:00,        34.875516
05/13/2009 04:00:00,        40.466113
05/13/2009 05:00:00,        45.483700
05/13/2009 06:00:00,        51.173526
05/13/2009 07:00:00,        55.087584
05/13/2009 08:00:00,        61.544341
05/13/2009 09:00:00,        67.104879
05/13/2009 10:00:00,        73.789024
05/13/2009 11:00:00,        80.276724
05/13/2009 12:00:00,        85.759005
05/13/2009 13:00:00,        88.299603
05/13/2009 14:00:00,        89.507814
05/13/2009 15:00:00,        91.155532
05/13/2009 16:00:00,        91.392617
05/13/2009 17:00:00,        91.564574
05/13/2009 18:00:00,        91.825130
05/13/2009 19:00:00,        92.024996
05/13/2009 20:00:00,        93.144590
05/13/2009 21:00:00,        94.192769
05/13/2009 22:00:00,        95.058131
05/13/2009 23:00:00,        95.565664
05/14/2009 00:00:00,        95.731441
05/14/2009 01:00:00,        95.946879
05/14/2009 02:00:00,        95.951094
05/14/2009 03:00:00,        95.979898
05/14/2009 04:00:00,        95.986228
05/14/2009 05:00:00,        95.994607
05/14/2009 06:00:00,        95.995914
05/14/2009 07:00:00,        95.995887
05/14/2009 08:00:00,        95.988254
05/14/2009 09:00:00,        95.979290
05/14/2009 10:00:00,        95.967692
05/14/2009 11:00:00,        95.948085
05/14/2009 12:00:00,        95.943904
05/14/2009 13:00:00,        95.929888
05/14/2009 14:00:00,        95.915854
05/14/2009 15:00:00,        95.898980
05/14/2009 16:00:00,        92.087826
05/14/2009 17:00:00,        87.180027
05/14/2009 18:00:00,        81.345408
05/14/2009 19:00:00,        79.019513
05/14/2009 20:00:00,        76.318178
05/14/2009 21:00:00,        73.358724
05/14/2009 22:00:00,        70.016657
05/14/2009 23:00:00,        66.090843
05/15/2009 00:00:00,        60.962016
05/15/2009 01:00:00,        12.822264
05/15/2009 02:00:00,        10.124063
05/15/2009 03:00:00,         7.474308
05/15/2009 04:00:00,         6.061119
05/15/2009 05:00:00,         4.661317
05/15/2009 06:00:00,         3.558135
05/15/2009 07:00:00,         2.859259
05/15/2009 08:00:00,         3.071692
05/15/2009 09:00:00,         2.981289
05/15/2009 10:00:00,         2.608287
05/15/2009 11:00:00,         1.967688
05/15/2009 12:00:00,         1.860104
05/15/2009 13:00:00,         1.832656
05/15/2009 14:00:00,         1.683425
05/15/2009 15:00:00,         1.353048
05/15/2009 16:00:00,         1.253705
05/15/2009 17:00:00,         1.186833
05/15/2009 18:00:00,         1.524374
05/15/2009 19:00:00,         2.235983
05/15/2009 20:00:00,         3.435410
05/15/2009 21:00:00,         4.374687
05/15/2009 22:00:00,         5.404534
05/15/2009 23:00:00,         6.641184
05/16/2009 00:00:00,         7.830933
05/16/2009 01:00:00,        79.861546
05/16/2009 02:00:00,        81.923762
05/16/2009 03:00:00,        83.959937
05/16/2009 04:00:00,        84.833780
05/16/2009 05:00:00,        85.942058
05/16/2009 06:00:00,        87.542460
05/16/2009 07:00:00,        88.230316
05/16/2009 08:00:00,        89.745250
05/16/2009 09:00:00,        89.771302
05/16/2009 10:00:00,        89.356502
05/16/2009 11:00:00,        87.491133
05/16/2009 12:00:00,        87.495780
05/16/2009 13:00:00,        88.182586
05/16/2009 14:00:00,        88.369262
05/16/2009 15:00:00,        82.794065
05/16/2009 16:00:00,        76.378147
05/16/2009 17:00:00,        71.386737
05/16/2009 18:00:00,        71.845282
05/16/2009 19:00:00,        69.247906
05/16/2009 20:00:00,        67.070789
05/16/2009 21:00:00,        64.412668
05/16/2009 22:00:00,        61.362856
05/16/2009 23:00:00,        56.396938
05/17/2009 00:00:00,        52.444794
05/17/2009 01:00:00,        79.650239
05/17/2009 02:00:00,        78.145936
05/17/2009 03:00:00,        78.135362
05/17/2009 04:00:00,        81.153482
05/17/2009 05:00:00,        81.407177
05/17/2009 06:00:00,        81.587890
05/17/2009 07:00:00,        82.126987
05/17/2009 08:00:00,        82.352499
05/17/2009 09:00:00,        83.351215
05/17/2009 10:00:00,        85.813050
05/17/2009 11:00:00,        83.954226
05/17/2009 12:00:00,        80.523680
05/17/2009 13:00:00,        76.199422
05/17/2009 14:00:00,        71.932061
05/17/2009 15:00:00,        68.059341
05/17/2009 16:00:00,        62.343388
05/17/2009 17:00:00,        56.109945
05/17/2009 18:00:00,        49.183443
05/17/2009 19:00:00,        44.167492
05/17/2009 20:00:00,        39.686965
05/17/2009 21:00:00,        35.058399
05/17/2009 22:00:00,        30.399312
05/17/2009 23:00:00,        23.462904
05/18/2009 00:00:00,        18.714679
05/18/2009 01:00:00,        12.888709
05/18/2009 02:00:00,        13.126039
05/18/2009 03:00:00,        13.560369
05/18/2009 04:00:00,        12.406904
05/18/2009 05:00:00,        12.520282
05/18/2009 06:00:00,        10.364994
05/18/2009 07:00:00,         8.756683
05/18/2009 08:00:00,         7.707069
05/18/2009 09:00:00,         7.668265
05/18/2009 10:00:00,         8.801202
05/18/2009 11:00:00,        11.137921
05/18/2009 12:00:00,        15.182923
05/18/2009 13:00:00,        18.971511
05/18/2009 14:00:00,        23.319504
05/18/2009 15:00:00,        28.006050
05/18/2009 16:00:00,        33.123356
05/18/2009 17:00:00,        38.829978
05/18/2009 18:00:00,        44.091438
05/18/2009 19:00:00,        48.177735
05/18/2009 20:00:00,        53.420087
05/18/2009 21:00:00,        59.464723
05/18/2009 22:00:00,        64.852940
05/18/2009 23:00:00,        70.222359
05/19/2009 00:00:00,        75.171312
05/19/2009 01:00:00,        83.705406
05/19/2009 02:00:00,        85.784863
05/19/2009 03:00:00,        88.132594
05/19/2009 04:00:00,        90.646647
05/19/2009 05:00:00,        91.680524
05/19/2009 06:00:00,        93.247890
05/19/2009 07:00:00,        94.202776
05/19/2009 08:00:00,        94.594190
05/19/2009 09:00:00,        93.718952
05/19/2009 10:00:00,        91.015256
05/19/2009 11:00:00,        86.053539
05/19/2009 12:00:00,        80.457088
05/19/2009 13:00:00,        74.841871
05/19/2009 14:00:00,        69.123051
05/19/2009 15:00:00,        63.211918
05/19/2009 16:00:00,        57.152073
05/19/2009 17:00:00,        50.961921
05/19/2009 18:00:00,        44.932468
05/19/2009 19:00:00,        39.910755
05/19/2009 20:00:00,        33.558846
05/19/2009 21:00:00,        27.415904
05/19/2009 22:00:00,        20.633394
05/19/2009 23:00:00,        14.662830
05/20/2009 00:00:00,        12.117005
05/20/2009 01:00:00,        33.338857
05/20/2009 02:00:00,        36.061788
05/20/2009 03:00:00,        37.197484
05/20/2009 04:00:00,        40.962131
05/20/2009 05:00:00,        43.909443
05/20/2009 06:00:00,        47.090901
05/20/2009 07:00:00,        50.085429
05/20/2009 08:00:00,        56.361254
05/20/2009 09:00:00,        64.406004
05/20/2009 10:00:00,        72.379125
05/20/2009 11:00:00,        78.351837
05/20/2009 12:00:00,        84.001439
05/20/2009 13:00:00,        87.555210
05/20/2009 14:00:00,        90.187089
05/20/2009 15:00:00,        92.723687
05/20/2009 16:00:00,        94.035175
05/20/2009 17:00:00,        94.563587
05/20/2009 18:00:00,        94.871627
05/20/2009 19:00:00,        95.138955
05/20/2009 20:00:00,        95.346747
05/20/2009 21:00:00,        95.528857
05/20/2009 22:00:00,        95.634942
05/20/2009 23:00:00,        95.702295
05/21/2009 00:00:00,        95.745229
05/21/2009 01:00:00,        95.891973
05/21/2009 02:00:00,        95.861173
05/21/2009 03:00:00,        95.832485
05/21/2009 04:00:00,        95.825443
05/21/2009 05:00:00,        95.803747
05/21/2009 06:00:00,        95.794926
05/21/2009 07:00:00,        95.769634
05/21/2009 08:00:00,        95.683733
05/21/2009 09:00:00,        95.585428
05/21/2009 10:00:00,        95.517807
05/21/2009 11:00:00,        95.469678
05/21/2009 12:00:00,        95.445645
05/21/2009 13:00:00,        95.383535
05/21/2009 14:00:00,        95.203686
05/21/2009 15:00:00,        94.774388
05/21/2009 16:00:00,        94.007246
05/21/2009 17:00:00,        92.286450
05/21/2009 18:00:00,        90.260417
05/21/2009 19:00:00,        88.726863
05/21/2009 20:00:00,        87.096874
05/21/2009 21:00:00,        85.366486
05/21/2009 22:00:00,        83.262811
05/21/2009 23:00:00,        81.445521
05/22/2009 00:00:00,        79.281833
05/22/2009 01:00:00,        35.698302
05/22/2009 02:00:00,        32.574598
05/22/2009 03:00:00,        29.311211
05/22/2009 04:00:00,        26.891754
05/22/2009 05:00:00,        24.758788
05/22/2009 06:00:00,        23.351820
05/22/2009 07:00:00,        23.246904
05/22/2009 08:00:00,        18.790540
05/22/2009 09:00:00,        17.307053
05/22/2009 10:00:00,        16.115718
05/22/2009 11:00:00,        13.590400
05/22/2009 12:00:00,        12.058059
05/22/2009 13:00:00,         8.731079
05/22/2009 14:00:00,         7.108147
05/22/2009 15:00:00,         6.263861
05/22/2009 16:00:00,         5.716323
05/22/2009 17:00:00,         5.194693
05/22/2009 18:00:00,         4.930155
05/22/2009 19:00:00,         5.299937
05/22/2009 20:00:00,         5.412526
05/22/2009 21:00:00,         5.625792
05/22/2009 22:00:00,         6.081765
05/22/2009 23:00:00,         6.586881
05/23/2009 00:00:00,         6.089662
05/23/2009 01:00:00,         5.302923
05/23/2009 02:00:00,         4.900492
05/23/2009 03:00:00,         4.910937
05/23/2009 04:00:00,         4.691739
05/23/2009 05:00:00,         4.886548
05/23/2009 06:00:00,         5.023457
05/23/2009 07:00:00,         4.423198
05/23/2009 08:00:00,         4.048962
05/23/2009 09:00:00,         3.813563
05/23/2009 10:00:00,         3.647760
05/23/2009 11:00:00,         3.403569
05/23/2009 12:00:00,         3.241369
05/23/2009 13:00:00,         3.657516
05/23/2009 14:00:00,         3.891718
05/23/2009 15:00:00,         3.627380
05/23/2009 16:00:00,         3.241820
05/23/2009 17:00:00,         3.179496
05/23/2009 18:00:00,         2.122511
05/23/2009 19:00:00,         1.584721
05/23/2009 20:00:00,         1.528636
05/23/2009 21:00:00,         1.138142
05/23/2009 22:00:00,         0.933539
05/23/2009 23:00:00,         0.681289
05/24/2009 00:00:00,         0.578756
05/24/2009 01:00:00,         0.822864
05/24/2009 02:00:00,         1.054847
05/24/2009 03:00:00,         1.495289
05/24/2009 04:00:00,         1.785872
05/24/2009 05:00:00,         2.441754
05/24/2009 06:00:00,         3.137846
05/24/2009 07:00:00,         2.790657
05/24/2009 08:00:00,         3.021263
05/24/2009 09:00:00,         3.514642
05/24/2009 10:00:00,         3.575226
05/24/2009 11:00:00,         3.640104
05/24/2009 12:00:00,         3.214526
05/24/2009 13:00:00,         3.525454
05/24/2009 14:00:00,         3.553495
05/24/2009 15:00:00,         3.525374
05/24/2009 16:00:00,         3.384150
05/24/2009 17:00:00,         3.322686
05/24/2009 18:00:00,         2.989284
05/24/2009 19:00:00,         2.989237
05/24/2009 20:00:00,         3.371134
05/24/2009 21:00:00,         3.858722
05/24/2009 22:00:00,         4.408730
05/24/2009 23:00:00,         4.837309
05/25/2009 00:00:00,         5.426921
05/25/2009 01:00:00,         4.091102
05/25/2009 02:00:00,         4.005614
05/25/2009 03:00:00,         4.189233
05/25/2009 04:00:00,         4.677739
05/25/2009 05:00:00,         5.663427
05/25/2009 06:00:00,         6.361110
05/25/2009 07:00:00,         7.199399
05/25/2009 08:00:00,         7.771829
05/25/2009 09:00:00,         8.775494
05/25/2009 10:00:00,        10.053939
05/25/2009 11:00:00,        11.733666
05/25/2009 12:00:00,        15.045232
05/25/2009 13:00:00,        19.650431
05/25/2009 14:00:00,        22.518821
05/25/2009 15:00:00,        24.137540
05/25/2009 16:00:00,        26.480040
05/25/2009 17:00:00,        28.488097
05/25/2009 18:00:00,        30.308722
05/25/2009 19:00:00,        30.954792
05/25/2009 20:00:00,        31.564707
05/25/2009 21:00:00,        32.484258
05/25/2009 22:00:00,        34.065289
05/25/2009 23:00:00,        35.660737
05/26/2009 00:00:00,        37.667573
05/26/2009 01:00:00,        73.619088
05/26/2009 02:00:00,        74.144120
05/26/2009 03:00:00,        74.926167
05/26/2009 04:00:00,        75.901032
05/26/2009 05:00:00,        77.800461
05/26/2009 06:00:00,        79.833119
05/26/2009 07:00:00,        82.137055
05/26/2009 08:00:00,        82.556685
05/26/2009 09:00:00,        80.855765
05/26/2009 10:00:00,        79.101244
05/26/2009 11:00:00,        76.759613
05/26/2009 12:00:00,        74.245286
05/26/2009 13:00:00,        72.000656
05/26/2009 14:00:00,        68.908823
05/26/2009 15:00:00,        64.805926
05/26/2009 16:00:00,        61.615273
05/26/2009 17:00:00,        57.355166
05/26/2009 18:00:00,        53.963092
05/26/2009 19:00:00,        50.598946
05/26/2009 20:00:00,        46.956827
05/26/2009 21:00:00,        44.327505
05/26/2009 22:00:00,        42.427545
05/26/2009 23:00:00,        41.681260
05/27/2009 00:00:00,        42.102170
05/27/2009 01:00:00,        14.276792
05/27/2009 02:00:00,        13.776228
05/27/2009 03:00:00,        12.943555
05/27/2009 04:00:00,        12.152988
05/27/2009 05:00:00,        11.678614
05/27/2009 06:00:00,        11.571317
05/27/2009 07:00:00,        11.176527
05/27/2009 08:00:00,        10.060114
05/27/2009 09:00:00,         9.208988
05/27/2009 10:00:00,         8.675693
05/27/2009 11:00:00,         8.241388
05/27/2009 12:00:00,         9.565507
05/27/2009 13:00:00,        11.354259
05/27/2009 14:00:00,        14.810807
05/27/2009 15:00:00,        19.801759
05/27/2009 16:00:00,        24.959671
05/27/2009 17:00:00,        30.388463
05/27/2009 18:00:00,        36.185548
05/27/2009 19:00:00,        39.697267
05/27/2009 20:00:00,        43.718290
05/27/2009 21:00:00,        48.229674
05/27/2009 22:00:00,        52.247943
05/27/2009 23:00:00,        57.494896
05/28/2009 00:00:00,        62.313759
05/28/2009 01:00:00,        33.865427
05/28/2009 02:00:00,        34.008031
05/28/2009 03:00:00,        35.396799
05/28/2009 04:00:00,        34.606418
05/28/2009 05:00:00,        33.946507
05/28/2009 06:00:00,        32.716756
05/28/2009 07:00:00,        31.677398
05/28/2009 08:00:00,        31.296893
05/28/2009 09:00:00,        29.690783
05/28/2009 10:00:00,        28.119808
05/28/2009 11:00:00,        25.497350
05/28/2009 12:00:00,        22.540177
05/28/2009 13:00:00,        22.989153
05/28/2009 14:00:00,        19.369164
05/28/2009 15:00:00,        16.509400
05/28/2009 16:00:00,        14.150020
05/28/2009 17:00:00,        10.781536
05/28/2009 18:00:00,         8.615841
05/28/2009 19:00:00,         6.593952
05/28/2009 20:00:00,         6.038619
05/28/2009 21:00:00,         4.624760
05/28/2009 22:00:00,         3.593704
05/28/2009 23:00:00,         3.716789
05/29/2009 00:00:00,         2.687067
05/29/2009 01:00:00,         5.756914
05/29/2009 02:00:00,         6.799266
05/29/2009 03:00:00,         8.972864
05/29/2009 04:00:00,         9.071542
05/29/2009 05:00:00,         9.026909
05/29/2009 06:00:00,         8.681938
05/29/2009 07:00:00,         8.662571
05/29/2009 08:00:00,         8.357820
05/29/2009 09:00:00,         8.024392
05/29/2009 10:00:00,         8.533490
05/29/2009 11:00:00,         8.964136
05/29/2009 12:00:00,         8.298045
05/29/2009 13:00:00,         7.863396
05/29/2009 14:00:00,         8.206841
05/29/2009 15:00:00,         8.174375
05/29/2009 16:00:00,         8.120285
05/29/2009 17:00:00,         9.817074
05/29/2009 18:00:00,        14.010104
05/29/2009 19:00:00,        14.937707
05/29/2009 20:00:00,        16.393714
05/29/2009 21:00:00,        18.122744
05/29/2009 22:00:00,        20.329396
05/29/2009 23:00:00,        21.923243
05/30/2009 00:00:00,        23.730270
05/30/2009 01:00:00,        19.346389
05/30/2009 02:00:00,        17.861133
05/30/2009 03:00:00,        16.592705
05/30/2009 04:00:00,        15.726586
05/30/2009 05:00:00,        15.099314
05/30/2009 06:00:00,        13.973763
05/30/2009 07:00:00,        13.161102
05/30/2009 08:00:00,        13.390549
05/30/2009 09:00:00,        12.242901
05/30/2009 10:00:00,         9.623488
05/30/2009 11:00:00,        10.207026
05/30/2009 12:00:00,        10.406502
05/30/2009 13:00:00,        11.055009
05/30/2009 14:00:00,        13.399675
05/30/2009 15:00:00,        16.377249
05/30/2009 16:00:00,        20.697515
05/30/2009 17:00:00,        26.635043
05/30/2009 18:00:00,        32.715463
05/30/2009 19:00:00,        36.543370
05/30/2009 20:00:00,        40.834958
05/30/2009 21:00:00,        44.324880
05/30/2009 22:00:00,        47.180156
05/30/2009 23:00:00,        50.167645
05/31/2009 00:00:00,        53.974202
05/31/2009 01:00:00,        79.700578
05/31/2009 02:00:00,        79.095453
05/31/2009 03:00:00,        80.337991
05/31/2009 04:00:00,        80.662608
05/31/2009 05:00:00,        81.602401
05/31/2009 06:00:00,        81.750413
05/31/2009 07:00:00,        81.294347
05/31/2009 08:00:00,        80.390922
05/31/2009 09:00:00,        80.597685
05/31/2009 10:00:00,        78.013080
05/31/2009 11:00:00,        74.702120
05/31/2009 12:00:00,        72.629908
05/31/2009 13:00:00,        69.412054
05/31/2009 14:00:00,        65.666871
05/31/2009 15:00:00,        60.960577
05/31/2009 16:00:00,        55.067894
05/31/2009 17:00:00,        48.873412
05/31/2009 18:00:00,        44.990972
05/31/2009 19:00:00,        41.138623
05/31/2009 20:00:00,        36.707333
05/31/2009 21:00:00,        30.485099
05/31/2009 22:00:00,        23.851722
05/31/2009 23:00:00,        18.196238
06/01/2009 00:00:00,         4.727788
06/01/2009 01:00:00,         6.522323
06/01/2009 02:00:00,        11.022595
06/01/2009 03:00:00,        15.505578
06/01/2009 04:00:00,        20.692139
06/01/2009 05:00:00,        25.042110
06/01/2009 06:00:00,        29.423720
06/01/2009 07:00:00,        35.288594
06/01/2009 08:00:00,        41.597089
06/01/2009 09:00:00,        48.775399
06/01/2009 10:00:00,        54.638405
06/01/2009 11:00:00,        62.706594
06/01/2009 12:00:00,        66.543026
06/01/2009 13:00:00,        69.208285
06/01/2009 14:00:00,        67.924850
06/01/2009 15:00:00,        67.441965
06/01/2009 16:00:00,        65.872758
06/01/2009 17:00:00,        64.045883
06/01/2009 18:00:00,        65.899724
06/01/2009 19:00:00,        65.139033
06/01/2009 20:00:00,        63.591501
06/01/2009 21:00:00,        59.645762
06/01/2009 22:00:00,        53.964179
06/01/2009 23:00:00,        50.290666
06/02/2009 00:00:00,        44.743491
06/02/2009 01:00:00,        13.899178
06/02/2009 02:00:00,        15.444506
06/02/2009 03:00:00,        12.127367
06/02/2009 04:00:00,        11.388316
06/02/2009 05:00:00,        10.757073
06/02/2009 06:00:00,         9.638022
06/02/2009 07:00:00,         8.932125
06/02/2009 08:00:00,         6.958168
06/02/2009 09:00:00,         5.573327
06/02/2009 10:00:00,         4.382724
06/02/2009 11:00:00,         2.985845
06/02/2009 12:00:00,         2.336636
06/02/2009 13:00:00,         1.987886
06/02/2009 14:00:00,         1.691784
06/02/2009 15:00:00,         1.662313
06/02/2009 16:00:00,         1.454229
06/02/2009 17:00:00,         1.224973
06/02/2009 18:00:00,         1.235135
06/02/2009 19:00:00,         1.412081
06/02/2009 20:00:00,         1.505040
06/02/2009 21:00:00,         1.399881
06/02/2009 22:00:00,         1.241024
06/02/2009 23:00:00,         1.305783
06/03/2009 00:00:00,         1.368650
06/03/2009 01:00:00,         1.101691
06/03/2009 02:00:00,         1.488884
06/03/2009 03:00:00,         1.849263
06/03/2009 04:00:00,         1.872231
06/03/2009 05:00:00,         2.051481
06/03/2009 06:00:00,         2.452984
06/03/2009 07:00:00,         2.496554
06/03/2009 08:00:00,         2.656088
06/03/2009 09:00:00,         2.788296
06/03/2009 10:00:00,         3.016747
06/03/2009 11:00:00,         4.282959
06/03/2009 12:00:00,         4.855201
06/03/2009 13:00:00,         5.508241
06/03/2009 14:00:00,         6.177614
06/03/2009 15:00:00,         6.197564
06/03/2009 16:00:00,         6.139664
06/03/2009 17:00:00,         5.913366
06/03/2009 18:00:00,         5.709693
06/03/2009 19:00:00,         5.800766
06/03/2009 20:00:00,         6.073145
06/03/2009 21:00:00,         6.752028
06/03/2009 22:00:00,         7.611028
06/03/2009 23:00:00,         7.741431
06/04/2009 00:00:00,         7.024273
06/04/2009 01:00:00,         1.946791
06/04/2009 02:00:00,         2.067895
06/04/2009 03:00:00,         2.255080
06/04/2009 04:00:00,         2.213452
06/04/2009 05:00:00,         2.168242
06/04/2009 06:00:00,         2.008937
06/04/2009 07:00:00,         1.727371
06/04/2009 08:00:00,         1.518321
06/04/2009 09:00:00,         1.468550
06/04/2009 10:00:00,         1.397812
06/04/2009 11:00:00,         1.461434
06/04/2009 12:00:00,         1.432174
06/04/2009 13:00:00,         1.513012
06/04/2009 14:00:00,         1.467771
06/04/2009 15:00:00,         1.283657
06/04/2009 16:00:00,         1.128745
06/04/2009 17:00:00,         1.156365
06/04/2009 18:00:00,         0.970793
06/04/2009 19:00:00,         0.785993
06/04/2009 20:00:00,         0.620773
06/04/2009 21:00:00,         0.570193
06/04/2009 22:00:00,         0.579859
06/04/2009 23:00:00,         0.571517
06/05/2009 00:00:00,         0.460796
06/05/2009 01:00:00,         3.071603
06/05/2009 02:00:00,         3.508970
06/05/2009 03:00:00,         3.945811
06/05/2009 04:00:00,         4.424372
06/05/2009 05:00:00,         4.646599
06/05/2009 06:00:00,         5.053048
06/05/2009 07:00:00,         5.547346
06/05/2009 08:00:00,         6.194871
06/05/2009 09:00:00,         7.017328
06/05/2009 10:00:00,         7.616554
06/05/2009 11:00:00,         8.098925
06/05/2009 12:00:00,         8.578872
06/05/2009 13:00:00,         9.161571
06/05/2009 14:00:00,         9.473146
06/05/2009 15:00:00,         8.828958
06/05/2009 16:00:00,         8.809171
06/05/2009 17:00:00,         9.148963
06/05/2009 18:00:00,        10.697361
06/05/2009 19:00:00,        11.107048
06/05/2009 20:00:00,        12.238556
06/05/2009 21:00:00,        13.372541
06/05/2009 22:00:00,        13.892499
06/05/2009 23:00:00,        13.664049
06/06/2009 00:00:00,        14.744707
06/06/2009 01:00:00,        45.641964
06/06/2009 02:00:00,        42.245697
06/06/2009 03:00:00,        39.374965
06/06/2009 04:00:00,        36.716722
06/06/2009 05:00:00,        33.399280
06/06/2009 06:00:00,        31.934804
06/06/2009 07:00:00,        33.002068
06/06/2009 08:00:00,        31.055379
06/06/2009 09:00:00,        27.435988
06/06/2009 10:00:00,        21.928616
06/06/2009 11:00:00,        16.365350
06/06/2009 12:00:00,        16.423941
06/06/2009 13:00:00,        13.846765
06/06/2009 14:00:00,        12.391135
06/06/2009 15:00:00,        11.476429
06/06/2009 16:00:00,        10.566968
06/06/2009 17:00:00,         9.294082
06/06/2009 18:00:00,         8.293214
06/06/2009 19:00:00,         7.603284
06/06/2009 20:00:00,         6.140068
06/06/2009 21:00:00,         5.076333
06/06/2009 22:00:00,         4.137210
06/06/2009 23:00:00,         3.461203
06/07/2009 00:00:00,         2.521144
06/07/2009 01:00:00,         3.951673
06/07/2009 02:00:00,         4.647503
06/07/2009 03:00:00,         6.338797
06/07/2009 04:00:00,         7.600412
06/07/2009 05:00:00,         8.355125
06/07/2009 06:00:00,         8.071222
06/07/2009 07:00:00,         7.906338
06/07/2009 08:00:00,         9.174468
06/07/2009 09:00:00,         9.707057
06/07/2009 10:00:00,        10.339196
06/07/2009 11:00:00,        10.948263
06/07/2009 12:00:00,        10.973487
06/07/2009 13:00:00,        11.229728
06/07/2009 14:00:00,        11.031671
06/07/2009 15:00:00,        11.552897
06/07/2009 16:00:00,        10.082927
06/07/2009 17:00:00,         9.353240
06/07/2009 18:00:00,         8.685218
06/07/2009 19:00:00,         9.008268
06/07/2009 20:00:00,         9.267215
06/07/2009 21:00:00,         8.502533
06/07/2009 22:00:00,         9.831272
06/07/2009 23:00:00,         9.063343
06/08/2009 00:00:00,         9.591172
06/08/2009 01:00:00,        29.236534
06/08/2009 02:00:00,        29.041554
06/08/2009 03:00:00,        29.762780
06/08/2009 04:00:00,        30.433205
06/08/2009 05:00:00,        29.633462
06/08/2009 06:00:00,        29.380180
06/08/2009 07:00:00,        28.868064
06/08/2009 08:00:00,        28.277634
06/08/2009 09:00:00,        27.886378
06/08/2009 10:00:00,        29.783046
06/08/2009 11:00:00,        28.805089
06/08/2009 12:00:00,        29.170401
06/08/2009 13:00:00,        31.286024
06/08/2009 14:00:00,        33.542541
06/08/2009 15:00:00,        35.706303
06/08/2009 16:00:00,        37.452805
06/08/2009 17:00:00,        39.775555
06/08/2009 18:00:00,        43.879584
06/08/2009 19:00:00,        45.529190
06/08/2009 20:00:00,        48.719745
06/08/2009 21:00:00,        51.347302
06/08/2009 22:00:00,        56.636673
06/08/2009 23:00:00,        55.931092
06/09/2009 00:00:00,        62.189724
06/09/2009 01:00:00,        47.145206
06/09/2009 02:00:00,        44.185766
06/09/2009 03:00:00,        44.008977
06/09/2009 04:00:00,        43.790516
06/09/2009 05:00:00,        43.528471
06/09/2009 06:00:00,        44.192606
06/09/2009 07:00:00,        45.900158
06/09/2009 08:00:00,        43.868058
06/09/2009 09:00:00,        42.581135
06/09/2009 10:00:00,        39.434545
06/09/2009 11:00:00,        35.823717
06/09/2009 12:00:00,        35.772922
06/09/2009 13:00:00,        34.528096
06/09/2009 14:00:00,        32.444161
06/09/2009 15:00:00,        30.298615
06/09/2009 16:00:00,        29.581131
06/09/2009 17:00:00,        25.889007
06/09/2009 18:00:00,        21.716057
06/09/2009 19:00:00,        18.182179
06/09/2009 20:00:00,        15.638446
06/09/2009 21:00:00,        12.906742
06/09/2009 22:00:00,        10.092380
06/09/2009 23:00:00,         8.725668
06/10/2009 00:00:00,         7.466152
06/10/2009 01:00:00,         3.477931
06/10/2009 02:00:00,         3.202265
06/10/2009 03:00:00,         3.011234
06/10/2009 04:00:00,         3.056492
06/10/2009 05:00:00,         2.837307
06/10/2009 06:00:00,         2.430384
06/10/2009 07:00:00,         2.272024
06/10/2009 08:00:00,         1.757465
06/10/2009 09:00:00,         1.053264
06/10/2009 10:00:00,         0.661193
06/10/2009 11:00:00,         0.487080
06/10/2009 12:00:00,         0.379093
06/10/2009 13:00:00,         0.287464
06/10/2009 14:00:00,         0.125750
06/10/2009 15:00:00,         0.115036
06/10/2009 16:00:00,         0.124491
06/10/2009 17:00:00,         0.130958
06/10/2009 18:00:00,         0.131617
06/10/2009 19:00:00,         0.134319
06/10/2009 20:00:00,         0.141597
06/10/2009 21:00:00,         0.146917
06/10/2009 22:00:00,         0.164617
06/10/2009 23:00:00,         0.143881
06/11/2009 00:00:00,         0.102222
06/11/2009 01:00:00,         3.065351
06/11/2009 02:00:00,         2.823497
06/11/2009 03:00:00,         3.043298
06/11/2009 04:00:00,         3.171782
06/11/2009 05:00:00,         3.648261
06/11/2009 06:00:00,         4.299309
06/11/2009 07:00:00,         4.205298
06/11/2009 08:00:00,         4.319483
06/11/2009 09:00:00,         4.571922
06/11/2009 10:00:00,         4.917681
06/11/2009 11:00:00,         5.698317
06/11/2009 12:00:00,         6.745523
06/11/2009 13:00:00,         8.693325
06/11/2009 14:00:00,        11.738937
06/11/2009 15:00:00,        15.218929
06/11/2009 16:00:00,        17.220587
06/11/2009 17:00:00,        19.413536
06/11/2009 18:00:00,        22.106252
06/11/2009 19:00:00,        23.235361
06/11/2009 20:00:00,        25.152012
06/11/2009 21:00:00,        27.036237
06/11/2009 22:00:00,        29.233592
06/11/2009 23:00:00,        31.616455
06/12/2009 00:00:00,        33.583503
06/12/2009 01:00:00,        29.827078
06/12/2009 02:00:00,        31.153682
06/12/2009 03:00:00,        29.778191
06/12/2009 04:00:00,        27.857170
06/12/2009 05:00:00,        25.836265
06/12/2009 06:00:00,        24.362418
06/12/2009 07:00:00,        22.968768
06/12/2009 08:00:00,        20.824928
06/12/2009 09:00:00,        18.833139
06/12/2009 10:00:00,        17.215830
06/12/2009 11:00:00,        16.009551
06/12/2009 12:00:00,        13.750445
06/12/2009 13:00:00,        11.392863
06/12/2009 14:00:00,         8.377233
06/12/2009 15:00:00,         5.543874
06/12/2009 16:00:00,         4.094359
06/12/2009 17:00:00,         3.253388
06/12/2009 18:00:00,         2.676783
06/12/2009 19:00:00,         2.058487
06/12/2009 20:00:00,         1.571112
06/12/2009 21:00:00,         1.423528
06/12/2009 22:00:00,         1.398020
06/12/2009 23:00:00,         1.404956
06/13/2009 00:00:00,         1.326282
06/13/2009 01:00:00,         0.733575
06/13/2009 02:00:00,         0.749952
06/13/2009 03:00:00,         0.643544
06/13/2009 04:00:00,         0.577066
06/13/2009 05:00:00,         0.645736
06/13/2009 06:00:00,         0.760345
06/13/2009 07:00:00,         0.635137
06/13/2009 08:00:00,         0.724697
06/13/2009 09:00:00,         0.617416
06/13/2009 10:00:00,         0.472635
06/13/2009 11:00:00,         0.460815
06/13/2009 12:00:00,         0.558718
06/13/2009 13:00:00,         0.441838
06/13/2009 14:00:00,         0.344740
06/13/2009 15:00:00,         0.293383
06/13/2009 16:00:00,         0.285174
06/13/2009 17:00:00,         0.269023
06/13/2009 18:00:00,         0.252013
06/13/2009 19:00:00,         0.452138
06/13/2009 20:00:00,         0.652131
06/13/2009 21:00:00,         0.824233
06/13/2009 22:00:00,         1.024867
06/13/2009 23:00:00,         1.351144
06/14/2009 00:00:00,         1.716132
06/14/2009 01:00:00,         2.233836
06/14/2009 02:00:00,         2.788720
06/14/2009 03:00:00,         3.299249
06/14/2009 04:00:00,         3.475436
06/14/2009 05:00:00,         4.136291
06/14/2009 06:00:00,         4.765746
06/14/2009 07:00:00,         5.519159
06/14/2009 08:00:00,         5.919042
06/14/2009 09:00:00,         5.514526
06/14/2009 10:00:00,         5.788630
06/14/2009 11:00:00,         6.267633
06/14/2009 12:00:00,         6.002020
06/14/2009 13:00:00,         6.212216
06/14/2009 14:00:00,         6.358398
06/14/2009 15:00:00,         6.430286
06/14/2009 16:00:00,         5.329762
06/14/2009 17:00:00,         5.341633
06/14/2009 18:00:00,         6.033844
06/14/2009 19:00:00,         4.897297
06/14/2009 20:00:00,         4.848948
06/14/2009 21:00:00,         4.486903
06/14/2009 22:00:00,         4.773032
06/14/2009 23:00:00,         4.237298
06/15/2009 00:00:00,         5.031136
06/15/2009 01:00:00,        23.470335
06/15/2009 02:00:00,        21.215537
06/15/2009 03:00:00,        18.826170
06/15/2009 04:00:00,        16.523886
06/15/2009 05:00:00,        15.054606
06/15/2009 06:00:00,        14.240141
06/15/2009 07:00:00,        12.773315
06/15/2009 08:00:00,         8.434516
06/15/2009 09:00:00,         5.337746
06/15/2009 10:00:00,         2.069719
06/15/2009 11:00:00,         0.668498
06/15/2009 12:00:00,         0.391615
06/15/2009 13:00:00,         0.266489
06/15/2009 14:00:00,         0.195160
06/15/2009 15:00:00,         0.220941
06/15/2009 16:00:00,         0.263114
06/15/2009 17:00:00,         0.285992
06/15/2009 18:00:00,         0.297331
06/15/2009 19:00:00,         0.358364
06/15/2009 20:00:00,         0.480934
06/15/2009 21:00:00,         0.661993
06/15/2009 22:00:00,         0.798093
06/15/2009 23:00:00,         0.985287
06/16/2009 00:00:00,         1.094597
06/16/2009 01:00:00,         0.994260
06/16/2009 02:00:00,         1.042436
06/16/2009 03:00:00,         1.261673
06/16/2009 04:00:00,         1.563002
06/16/2009 05:00:00,         1.579773
06/16/2009 06:00:00,         1.839258
06/16/2009 07:00:00,         1.846282
06/16/2009 08:00:00,         1.667793
06/16/2009 09:00:00,         1.508454
06/16/2009 10:00:00,         1.369135
06/16/2009 11:00:00,         1.281517
06/16/2009 12:00:00,         1.313004
06/16/2009 13:00:00,         1.872470
06/16/2009 14:00:00,         2.345955
06/16/2009 15:00:00,         1.966482
06/16/2009 16:00:00,         1.970356
06/16/2009 17:00:00,         2.025934
06/16/2009 18:00:00,         2.813600
06/16/2009 19:00:00,         3.200031
06/16/2009 20:00:00,         4.076636
06/16/2009 21:00:00,         5.177441
06/16/2009 22:00:00,         5.857382
06/16/2009 23:00:00,         7.294260
06/17/2009 00:00:00,         8.395046
06/17/2009 01:00:00,        70.810550
06/17/2009 02:00:00,        73.047091
06/17/2009 03:00:00,        74.085182
06/17/2009 04:00:00,        75.772072
06/17/2009 05:00:00,        77.105635
06/17/2009 06:00:00,        77.779683
06/17/2009 07:00:00,        77.460293
06/17/2009 08:00:00,        77.583873
06/17/2009 09:00:00,        75.593270
06/17/2009 10:00:00,        75.845761
06/17/2009 11:00:00,        72.308803
06/17/2009 12:00:00,        69.932914
06/17/2009 13:00:00,        67.385357
06/17/2009 14:00:00,        66.204590
06/17/2009 15:00:00,        64.023295
06/17/2009 16:00:00,        63.313946
06/17/2009 17:00:00,        61.584069
06/17/2009 18:00:00,        59.132783
06/17/2009 19:00:00,        58.917023
06/17/2009 20:00:00,        59.523199
06/17/2009 21:00:00,        59.365313
06/17/2009 22:00:00,        60.495458
06/17/2009 23:00:00,        58.606182
06/18/2009 00:00:00,        61.728425
06/18/2009 01:00:00,        36.849556
06/18/2009 02:00:00,        35.054739
06/18/2009 03:00:00,        34.493894
06/18/2009 04:00:00,        34.939787
06/18/2009 05:00:00,        34.447780
06/18/2009 06:00:00,        33.139180
06/18/2009 07:00:00,        31.429681
06/18/2009 08:00:00,        28.430097
06/18/2009 09:00:00,        27.864977
06/18/2009 10:00:00,        28.460734
06/18/2009 11:00:00,        28.033800
06/18/2009 12:00:00,        27.642379
06/18/2009 13:00:00,        26.937646
06/18/2009 14:00:00,        26.377451
06/18/2009 15:00:00,        25.766647
06/18/2009 16:00:00,        24.411835
06/18/2009 17:00:00,        22.109218
06/18/2009 18:00:00,        19.170639
06/18/2009 19:00:00,        18.489202
06/18/2009 20:00:00,        17.895633
06/18/2009 21:00:00,        17.098929
06/18/2009 22:00:00,        15.186899
06/18/2009 23:00:00,        12.601795
06/19/2009 00:00:00,        11.442647
06/19/2009 01:00:00,         2.297444
06/19/2009 02:00:00,         3.697038
06/19/2009 03:00:00,         5.600547
06/19/2009 04:00:00,         8.048276
06/19/2009 05:00:00,        11.265779
06/19/2009 06:00:00,        14.025513
06/19/2009 07:00:00,        16.236647
06/19/2009 08:00:00,        19.154017
06/19/2009 09:00:00,        22.036608
06/19/2009 10:00:00,        26.178562
06/19/2009 11:00:00,        30.351279
06/19/2009 12:00:00,        31.582198
06/19/2009 13:00:00,        33.757066
06/19/2009 14:00:00,        38.061352
06/19/2009 15:00:00,        40.245877
06/19/2009 16:00:00,        40.413150
06/19/2009 17:00:00,        38.966443
06/19/2009 18:00:00,        36.939679
06/19/2009 19:00:00,        36.763898
06/19/2009 20:00:00,        36.146951
06/19/2009 21:00:00,        36.747052
06/19/2009 22:00:00,        37.567919
06/19/2009 23:00:00,        36.053039
06/20/2009 00:00:00,        34.723805
06/20/2009 01:00:00,        22.028211
06/20/2009 02:00:00,        21.431991
06/20/2009 03:00:00,        20.307743
06/20/2009 04:00:00,        20.765502
06/20/2009 05:00:00,        21.103761
06/20/2009 06:00:00,        20.263487
06/20/2009 07:00:00,        23.641151
06/20/2009 08:00:00,        22.981700
06/20/2009 09:00:00,        23.102298
06/20/2009 10:00:00,        21.892639
06/20/2009 11:00:00,        17.119855
06/20/2009 12:00:00,        17.630325
06/20/2009 13:00:00,        16.145484
06/20/2009 14:00:00,        16.398618
06/20/2009 15:00:00,        14.216114
06/20/2009 16:00:00,        14.786884
06/20/2009 17:00:00,        11.572845
06/20/2009 18:00:00,        11.503791
06/20/2009 19:00:00,        10.873348
06/20/2009 20:00:00,         7.909659
06/20/2009 21:00:00,         7.593184
06/20/2009 22:00:00,         7.396417
06/20/2009 23:00:00,         7.820049
06/21/2009 00:00:00,         8.127092
06/21/2009 01:00:00,         5.466513
06/21/2009 02:00:00,         5.289982
06/21/2009 03:00:00,         5.352057
06/21/2009 04:00:00,         4.580224
06/21/2009 05:00:00,         3.963104
06/21/2009 06:00:00,         3.092976
06/21/2009 07:00:00,         2.671935
06/21/2009 08:00:00,         2.076512
06/21/2009 09:00:00,         1.621607
06/21/2009 10:00:00,         1.306469
06/21/2009 11:00:00,         1.100618
06/21/2009 12:00:00,         0.973981
06/21/2009 13:00:00,         1.005712
06/21/2009 14:00:00,         1.200157
06/21/2009 15:00:00,         1.199060
06/21/2009 16:00:00,         1.211839
06/21/2009 17:00:00,         1.064700
06/21/2009 18:00:00,         0.985591
06/21/2009 19:00:00,         0.906274
06/21/2009 20:00:00,         1.046797
06/21/2009 21:00:00,         1.174276
06/21/2009 22:00:00,         1.176305
06/21/2009 23:00:00,         1.238936
06/22/2009 00:00:00,         1.225841
06/22/2009 01:00:00,         0.122797
06/22/2009 02:00:00,         0.109969
06/22/2009 03:00:00,         0.083278
06/22/2009 04:00:00,         0.060515
06/22/2009 05:00:00,         0.066029
06/22/2009 06:00:00,         0.075982
06/22/2009 07:00:00,         0.150113
06/22/2009 08:00:00,         0.157040
06/22/2009 09:00:00,         0.160223
06/22/2009 10:00:00,         0.189253
06/22/2009 11:00:00,         0.360212
06/22/2009 12:00:00,         0.884689
06/22/2009 13:00:00,         1.698212
06/22/2009 14:00:00,         2.582308
06/22/2009 15:00:00,         3.442488
06/22/2009 16:00:00,         4.056825
06/22/2009 17:00:00,         4.412555
06/22/2009 18:00:00,         4.891742
06/22/2009 19:00:00,         5.287068
06/22/2009 20:00:00,         5.669357
06/22/2009 21:00:00,         6.191667
06/22/2009 22:00:00,         6.844800
06/22/2009 23:00:00,         7.633787
06/23/2009 00:00:00,         8.415728
06/23/2009 01:00:00,         2.604216
06/23/2009 02:00:00,         2.331762
06/23/2009 03:00:00,         2.051388
06/23/2009 04:00:00,         1.818826
06/23/2009 05:00:00,         1.658410
06/23/2009 06:00:00,         1.552662
06/23/2009 07:00:00,         1.496879
06/23/2009 08:00:00,         1.059581
06/23/2009 09:00:00,         0.705525
06/23/2009 10:00:00,         0.602871
06/23/2009 11:00:00,         0.570195
06/23/2009 12:00:00,         0.723291
06/23/2009 13:00:00,         0.951197
06/23/2009 14:00:00,         1.224345
06/23/2009 15:00:00,         1.620378
06/23/2009 16:00:00,         1.582163
06/23/2009 17:00:00,         2.241987
06/23/2009 18:00:00,         2.348724
06/23/2009 19:00:00,         2.332975
06/23/2009 20:00:00,         2.705564
06/23/2009 21:00:00,         2.791207
06/23/2009 22:00:00,         2.595698
06/23/2009 23:00:00,         2.617906
06/24/2009 00:00:00,         2.392579
06/24/2009 01:00:00,         1.714752
06/24/2009 02:00:00,         1.508545
06/24/2009 03:00:00,         1.307442
06/24/2009 04:00:00,         0.920609
06/24/2009 05:00:00,         0.647265
06/24/2009 06:00:00,         0.608236
06/24/2009 07:00:00,         0.721169
06/24/2009 08:00:00,         0.818587
06/24/2009 09:00:00,         0.905467
06/24/2009 10:00:00,         1.043067
06/24/2009 11:00:00,         1.256111
06/24/2009 12:00:00,         1.469611
06/24/2009 13:00:00,         2.247914
06/24/2009 14:00:00,         2.673722
06/24/2009 15:00:00,         2.707904
06/24/2009 16:00:00,         2.744003
06/24/2009 17:00:00,         2.720506
06/24/2009 18:00:00,         3.137160
06/24/2009 19:00:00,         3.129214
06/24/2009 20:00:00,         3.280361
06/24/2009 21:00:00,         3.475609
06/24/2009 22:00:00,         3.937753
06/24/2009 23:00:00,         4.241806
06/25/2009 00:00:00,         4.631022
06/25/2009 01:00:00,        12.592716
06/25/2009 02:00:00,        11.476952
06/25/2009 03:00:00,        10.854595
06/25/2009 04:00:00,        10.067541
06/25/2009 05:00:00,        10.041064
06/25/2009 06:00:00,         8.517645
06/25/2009 07:00:00,         8.258761
06/25/2009 08:00:00,         7.797503
06/25/2009 09:00:00,         6.451372
06/25/2009 10:00:00,         5.017384
06/25/2009 11:00:00,         3.077007
06/25/2009 12:00:00,         2.236623
06/25/2009 13:00:00,         2.024510
06/25/2009 14:00:00,         2.038241
06/25/2009 15:00:00,         3.229988
06/25/2009 16:00:00,         2.798567
06/25/2009 17:00:00,         5.214848
06/25/2009 18:00:00,         5.835027
06/25/2009 19:00:00,         7.948241
06/25/2009 20:00:00,         7.186757
06/25/2009 21:00:00,         6.610643
06/25/2009 22:00:00,         7.341605
06/25/2009 23:00:00,         8.122762
06/26/2009 00:00:00,         9.553104
06/26/2009 01:00:00,         7.338294
06/26/2009 02:00:00,         7.941946
06/26/2009 03:00:00,         9.687896
06/26/2009 04:00:00,        11.696336
06/26/2009 05:00:00,        12.316442
06/26/2009 06:00:00,        12.932971
06/26/2009 07:00:00,        13.146271
06/26/2009 08:00:00,        12.605021
06/26/2009 09:00:00,        13.836082
06/26/2009 10:00:00,        15.085343
06/26/2009 11:00:00,        13.962329
06/26/2009 12:00:00,        14.045427
06/26/2009 13:00:00,        13.031199
06/26/2009 14:00:00,        12.656747
06/26/2009 15:00:00,        12.144913
06/26/2009 16:00:00,        10.793630
06/26/2009 17:00:00,        10.205825
06/26/2009 18:00:00,         9.640019
06/26/2009 19:00:00,         9.641859
06/26/2009 20:00:00,         9.884310
06/26/2009 21:00:00,         9.090766
06/26/2009 22:00:00,         8.266598
06/26/2009 23:00:00,         7.609108
06/27/2009 00:00:00,         6.513203
06/27/2009 01:00:00,         7.620402
06/27/2009 02:00:00,         8.769017
06/27/2009 03:00:00,         8.209190
06/27/2009 04:00:00,         7.626474
06/27/2009 05:00:00,         6.600174
06/27/2009 06:00:00,         6.173292
06/27/2009 07:00:00,         5.822617
06/27/2009 08:00:00,         4.832037
06/27/2009 09:00:00,         4.444605
06/27/2009 10:00:00,         3.901124
06/27/2009 11:00:00,         3.746448
06/27/2009 12:00:00,         3.827181
06/27/2009 13:00:00,         3.662488
06/27/2009 14:00:00,         2.730320
06/27/2009 15:00:00,         1.653847
06/27/2009 16:00:00,         1.448964
06/27/2009 17:00:00,         1.223061
06/27/2009 18:00:00,         1.445966
06/27/2009 19:00:00,         1.375794
06/27/2009 20:00:00,         1.422065
06/27/2009 21:00:00,         1.608923
06/27/2009 22:00:00,         1.814752
06/27/2009 23:00:00,         2.021402
06/28/2009 00:00:00,         2.465213
06/28/2009 01:00:00,         2.332620
06/28/2009 02:00:00,         4.282912
06/28/2009 03:00:00,         8.059844
06/28/2009 04:00:00,        11.949079
06/28/2009 05:00:00,        16.246137
06/28/2009 06:00:00,        18.860456
06/28/2009 07:00:00,        21.868767
06/28/2009 08:00:00,        26.648610
06/28/2009 09:00:00,        30.585999
06/28/2009 10:00:00,        33.069736
06/28/2009 11:00:00,        38.100911
06/28/2009 12:00:00,        43.319956
06/28/2009 13:00:00,        43.872776
06/28/2009 14:00:00,        44.035524
06/28/2009 15:00:00,        42.671162
06/28/2009 16:00:00,        41.137602
06/28/2009 17:00:00,        37.274786
06/28/2009 18:00:00,        33.341237
06/28/2009 19:00:00,        32.498688
06/28/2009 20:00:00,        30.652074
06/28/2009 21:00:00,        26.402163
06/28/2009 22:00:00,        23.133133
06/28/2009 23:00:00,        22.771000
06/29/2009 00:00:00,        16.092345
06/29/2009 01:00:00,         4.890406
06/29/2009 02:00:00,         6.024166
06/29/2009 03:00:00,         6.951347
06/29/2009 04:00:00,         9.343869
06/29/2009 05:00:00,         9.740525
06/29/2009 06:00:00,        12.923041
06/29/2009 07:00:00,        13.446192
06/29/2009 08:00:00,        14.095293
06/29/2009 09:00:00,        17.873459
06/29/2009 10:00:00,        16.470241
06/29/2009 11:00:00,        17.391180
06/29/2009 12:00:00,        19.094072
06/29/2009 13:00:00,        19.531831
06/29/2009 14:00:00,        21.674219
06/29/2009 15:00:00,        19.619348
06/29/2009 16:00:00,        19.292622
06/29/2009 17:00:00,        18.969765
06/29/2009 18:00:00,        18.318295
06/29/2009 19:00:00,        15.938372
06/29/2009 20:00:00,        18.425582
06/29/2009 21:00:00,        14.884455
06/29/2009 22:00:00,        15.442304
06/29/2009 23:00:00,        13.791311
06/30/2009 00:00:00,        12.414823
06/30/2009 01:00:00,         8.563791
06/30/2009 02:00:00,         8.394051
06/30/2009 03:00:00,         8.575636
06/30/2009 04:00:00,         6.591064
06/30/2009 05:00:00,         5.966771
06/30/2009 06:00:00,         5.517663
06/30/2009 07:00:00,         6.118813
06/30/2009 08:00:00,         5.283739
06/30/2009 09:00:00,         4.250995
06/30/2009 10:00:00,         3.477183
06/30/2009 11:00:00,         2.562005
06/30/2009 12:00:00,         2.621275
06/30/2009 13:00:00,         2.292940
06/30/2009 14:00:00,         2.539459
06/30/2009 15:00:00,         2.438102
06/30/2009 16:00:00,         2.313002
06/30/2009 17:00:00,         2.266753
06/30/2009 18:00:00,         2.270791
06/30/2009 19:00:00,         2.368547
06/30/2009 20:00:00,         2.622583
06/30/2009 21:00:00,         2.882570
06/30/2009 22:00:00,         3.260387
06/30/2009 23:00:00,         3.770171
07/01/2009 00:00:00,         5.221207
07/01/2009 01:00:00,         5.413774
07/01/2009 02:00:00,         5.461848
07/01/2009 03:00:00,         5.396604
07/01/2009 04:00:00,         5.639028
07/01/2009 05:00:00,         5.724549
07/01/2009 06:00:00,         5.961301
07/01/2009 07:00:00,         6.127947
07/01/2009 08:00:00,         6.353701
07/01/2009 09:00:00,         5.856909
07/01/2009 10:00:00,         5.588657
07/01/2009 11:00:00,         5.265702
07/01/2009 12:00:00,         4.516533
07/01/2009 13:00:00,         4.348710
07/01/2009 14:00:00,         4.429161
07/01/2009 15:00:00,         4.435041
07/01/2009 16:00:00,         4.309040
07/01/2009 17:00:00,         4.058218
07/01/2009 18:00:00,         3.864064
07/01/2009 19:00:00,         4.021874
07/01/2009 20:00:00,         4.007701
07/01/2009 21:00:00,         4.216886
07/01/2009 22:00:00,         4.345025
07/01/2009 23:00:00,         4.591399
07/02/2009 00:00:00,         4.698361
07/02/2009 01:00:00,         0.567192
07/02/2009 02:00:00,         0.944294
07/02/2009 03:00:00,         1.382480
07/02/2009 04:00:00,         1.765326
07/02/2009 05:00:00,         2.197262
07/02/2009 06:00:00,         2.417296
07/02/2009 07:00:00,         2.285016
07/02/2009 08:00:00,         2.239572
07/02/2009 09:00:00,         2.451310
07/02/2009 10:00:00,         2.752330
07/02/2009 11:00:00,         3.118667
07/02/2009 12:00:00,         3.732774
07/02/2009 13:00:00,         4.106083
07/02/2009 14:00:00,         4.414516
07/02/2009 15:00:00,         4.332743
07/02/2009 16:00:00,         4.398514
07/02/2009 17:00:00,         4.772508
07/02/2009 18:00:00,         4.813313
07/02/2009 19:00:00,         5.186085
07/02/2009 20:00:00,         5.771564
07/02/2009 21:00:00,         6.138692
07/02/2009 22:00:00,         6.657143
07/02/2009 23:00:00,         7.372921
07/03/2009 00:00:00,         7.789569
07/03/2009 01:00:00,        15.281108
07/03/2009 02:00:00,        14.713320
07/03/2009 03:00:00,        15.141376
07/03/2009 04:00:00,        15.480311
07/03/2009 05:00:00,        15.363119
07/03/2009 06:00:00,        16.449746
07/03/2009 07:00:00,        17.172699
07/03/2009 08:00:00,        18.055641
07/03/2009 09:00:00,        19.109828
07/03/2009 10:00:00,        19.460155
07/03/2009 11:00:00,        20.513558
07/03/2009 12:00:00,        19.460897
07/03/2009 13:00:00,        18.898646
07/03/2009 14:00:00,        18.571480
07/03/2009 15:00:00,        18.918017
07/03/2009 16:00:00,        18.896459
07/03/2009 17:00:00,        19.614987
07/03/2009 18:00:00,        22.005963
07/03/2009 19:00:00,        22.413305
07/03/2009 20:00:00,        22.914318
07/03/2009 21:00:00,        23.501449
07/03/2009 22:00:00,        23.830199
07/03/2009 23:00:00,        24.980539
07/04/2009 00:00:00,        24.910454
07/04/2009 01:00:00,        26.645878
07/04/2009 02:00:00,        24.894751
07/04/2009 03:00:00,        24.464133
07/04/2009 04:00:00,        24.666290
07/04/2009 05:00:00,        24.329586
07/04/2009 06:00:00,        23.609436
07/04/2009 07:00:00,        21.829496
07/04/2009 08:00:00,        21.025767
07/04/2009 09:00:00,        19.643880
07/04/2009 10:00:00,        16.630399
07/04/2009 11:00:00,        13.284193
07/04/2009 12:00:00,        11.773102
07/04/2009 13:00:00,        11.208343
07/04/2009 14:00:00,        10.732333
07/04/2009 15:00:00,         9.788651
07/04/2009 16:00:00,         8.436508
07/04/2009 17:00:00,         6.370778
07/04/2009 18:00:00,         5.769045
07/04/2009 19:00:00,         5.388044
07/04/2009 20:00:00,         5.178582
07/04/2009 21:00:00,         5.071314
07/04/2009 22:00:00,         5.294059
07/04/2009 23:00:00,         5.643977
07/05/2009 00:00:00,         6.173890
07/05/2009 01:00:00,         7.235768
07/05/2009 02:00:00,         6.748790
07/05/2009 03:00:00,         6.352146
07/05/2009 04:00:00,         6.409197
07/05/2009 05:00:00,         6.396965
07/05/2009 06:00:00,         6.438130
07/05/2009 07:00:00,         6.145644
07/05/2009 08:00:00,         5.674786
07/05/2009 09:00:00,         5.312092
07/05/2009 10:00:00,         5.227529
07/05/2009 11:00:00,         4.828431
07/05/2009 12:00:00,         4.472910
07/05/2009 13:00:00,         4.168473
07/05/2009 14:00:00,         3.501162
07/05/2009 15:00:00,         3.213297
07/05/2009 16:00:00,         3.363533
07/05/2009 17:00:00,         3.548199
07/05/2009 18:00:00,         3.933671
07/05/2009 19:00:00,         3.866414
07/05/2009 20:00:00,         4.033237
07/05/2009 21:00:00,         4.206514
07/05/2009 22:00:00,         4.440432
07/05/2009 23:00:00,         4.347028
07/06/2009 00:00:00,         6.691794
07/06/2009 01:00:00,        13.446819
07/06/2009 02:00:00,        13.683207
07/06/2009 03:00:00,        14.230004
07/06/2009 04:00:00,        15.337623
07/06/2009 05:00:00,        16.333137
07/06/2009 06:00:00,        17.633461
07/06/2009 07:00:00,        18.864245
07/06/2009 08:00:00,        18.187869
07/06/2009 09:00:00,        18.187957
07/06/2009 10:00:00,        18.875223
07/06/2009 11:00:00,        18.048550
07/06/2009 12:00:00,        17.549669
07/06/2009 13:00:00,        17.598876
07/06/2009 14:00:00,        17.047413
07/06/2009 15:00:00,        16.278905
07/06/2009 16:00:00,        15.279859
07/06/2009 17:00:00,        13.979423
07/06/2009 18:00:00,        12.163952
07/06/2009 19:00:00,        10.703479
07/06/2009 20:00:00,         9.445030
07/06/2009 21:00:00,         8.757451
07/06/2009 22:00:00,         8.316154
07/06/2009 23:00:00,         6.837429
07/07/2009 00:00:00,         6.275224
07/07/2009 01:00:00,         9.117424
07/07/2009 02:00:00,        11.055117
07/07/2009 03:00:00,        12.079010
07/07/2009 04:00:00,        13.624133
07/07/2009 05:00:00,        14.673548
07/07/2009 06:00:00,        15.304651
07/07/2009 07:00:00,        15.740360
07/07/2009 08:00:00,        17.172905
07/07/2009 09:00:00,        18.988523
07/07/2009 10:00:00,        20.834134
07/07/2009 11:00:00,        23.498796
07/07/2009 12:00:00,        25.806230
07/07/2009 13:00:00,        28.652492
07/07/2009 14:00:00,        29.888354
07/07/2009 15:00:00,        30.992205
07/07/2009 16:00:00,        31.104636
07/07/2009 17:00:00,        30.714828
07/07/2009 18:00:00,        30.051029
07/07/2009 19:00:00,        30.534215
07/07/2009 20:00:00,        31.669121
07/07/2009 21:00:00,        32.370791
07/07/2009 22:00:00,        32.561546
07/07/2009 23:00:00,        31.058898
07/08/2009 00:00:00,        29.104543
07/08/2009 01:00:00,        29.227456
07/08/2009 02:00:00,        28.580222
07/08/2009 03:00:00,        28.112262
07/08/2009 04:00:00,        27.394619
07/08/2009 05:00:00,        27.223596
07/08/2009 06:00:00,        26.443951
07/08/2009 07:00:00,        25.515507
07/08/2009 08:00:00,        24.270279
07/08/2009 09:00:00,        24.151472
07/08/2009 10:00:00,        23.066407
07/08/2009 11:00:00,        21.915719
07/08/2009 12:00:00,        20.301595
07/08/2009 13:00:00,        19.825080
07/08/2009 14:00:00,        17.258665
07/08/2009 15:00:00,        15.731844
07/08/2009 16:00:00,        13.770364
07/08/2009 17:00:00,        11.804371
07/08/2009 18:00:00,         9.850436
07/08/2009 19:00:00,         8.569538
07/08/2009 20:00:00,         7.767597
07/08/2009 21:00:00,         7.270283
07/08/2009 22:00:00,         6.420321
07/08/2009 23:00:00,         5.670777
07/09/2009 00:00:00,         4.731657
07/09/2009 01:00:00,         0.829082
07/09/2009 02:00:00,         0.912692
07/09/2009 03:00:00,         0.991336
07/09/2009 04:00:00,         0.996525
07/09/2009 05:00:00,         1.003347
07/09/2009 06:00:00,         1.171174
07/09/2009 07:00:00,         1.421155
07/09/2009 08:00:00,         1.780838
07/09/2009 09:00:00,         1.711062
07/09/2009 10:00:00,         1.399073
07/09/2009 11:00:00,         1.692481
07/09/2009 12:00:00,         1.497122
07/09/2009 13:00:00,         1.362358
07/09/2009 14:00:00,         1.298130
07/09/2009 15:00:00,         0.917916
07/09/2009 16:00:00,         0.800590
07/09/2009 17:00:00,         0.660263
07/09/2009 18:00:00,         0.632817
07/09/2009 19:00:00,         0.538222
07/09/2009 20:00:00,         0.520796
07/09/2009 21:00:00,         0.691388
07/09/2009 22:00:00,         0.625635
07/09/2009 23:00:00,         0.563507
07/10/2009 00:00:00,         0.811033
07/10/2009 01:00:00,        27.948751
07/10/2009 02:00:00,        30.933383
07/10/2009 03:00:00,        31.509947
07/10/2009 04:00:00,        31.784525
07/10/2009 05:00:00,        31.376806
07/10/2009 06:00:00,        30.614348
07/10/2009 07:00:00,        30.491657
07/10/2009 08:00:00,        31.491278
07/10/2009 09:00:00,        32.302533
07/10/2009 10:00:00,        33.295663
07/10/2009 11:00:00,        33.379990
07/10/2009 12:00:00,        33.950866
07/10/2009 13:00:00,        33.648037
07/10/2009 14:00:00,        34.918948
07/10/2009 15:00:00,        35.739025
07/10/2009 16:00:00,        34.097657
07/10/2009 17:00:00,        34.150671
07/10/2009 18:00:00,        36.450700
07/10/2009 19:00:00,        38.804843
07/10/2009 20:00:00,        41.656872
07/10/2009 21:00:00,        45.860960
07/10/2009 22:00:00,        51.340647
07/10/2009 23:00:00,        56.104212
07/11/2009 00:00:00,        60.761176
07/11/2009 01:00:00,        85.198371
07/11/2009 02:00:00,        83.513069
07/11/2009 03:00:00,        82.735690
07/11/2009 04:00:00,        84.098828
07/11/2009 05:00:00,        83.530973
07/11/2009 06:00:00,        80.973112
07/11/2009 07:00:00,        77.792746
07/11/2009 08:00:00,        76.378809
07/11/2009 09:00:00,        72.013111
07/11/2009 10:00:00,        67.612799
07/11/2009 11:00:00,        61.839621
07/11/2009 12:00:00,        55.936183
07/11/2009 13:00:00,        49.070253
07/11/2009 14:00:00,        47.602432
07/11/2009 15:00:00,        50.999424
07/11/2009 16:00:00,        50.401478
07/11/2009 17:00:00,        49.023941
07/11/2009 18:00:00,        50.394986
07/11/2009 19:00:00,        51.287055
07/11/2009 20:00:00,        54.022928
07/11/2009 21:00:00,        52.229372
07/11/2009 22:00:00,        55.870676
07/11/2009 23:00:00,        59.258361
07/12/2009 00:00:00,        64.843112
07/12/2009 01:00:00,        64.153950
07/12/2009 02:00:00,        62.633683
07/12/2009 03:00:00,        60.253205
07/12/2009 04:00:00,        57.575653
07/12/2009 05:00:00,        55.103364
07/12/2009 06:00:00,        51.232057
07/12/2009 07:00:00,        48.233848
07/12/2009 08:00:00,        44.185938
07/12/2009 09:00:00,        39.114351
07/12/2009 10:00:00,        34.203094
07/12/2009 11:00:00,        31.988425
07/12/2009 12:00:00,        29.859602
07/12/2009 13:00:00,        28.132055
07/12/2009 14:00:00,        24.705595
07/12/2009 15:00:00,        21.515370
07/12/2009 16:00:00,        19.140385
07/12/2009 17:00:00,        17.112838
07/12/2009 18:00:00,        15.104248
07/12/2009 19:00:00,        14.518017
07/12/2009 20:00:00,        13.196268
07/12/2009 21:00:00,        11.766369
07/12/2009 22:00:00,         9.994760
07/12/2009 23:00:00,         8.535822
07/13/2009 00:00:00,         6.690078
07/13/2009 01:00:00,        25.532060
07/13/2009 02:00:00,        26.105592
07/13/2009 03:00:00,        26.847488
07/13/2009 04:00:00,        28.166438
07/13/2009 05:00:00,        29.525351
07/13/2009 06:00:00,        30.288378
07/13/2009 07:00:00,        31.400122
07/13/2009 08:00:00,        33.615322
07/13/2009 09:00:00,        34.165665
07/13/2009 10:00:00,        33.178314
07/13/2009 11:00:00,        33.531025
07/13/2009 12:00:00,        32.234631
07/13/2009 13:00:00,        31.133831
07/13/2009 14:00:00,        30.071144
07/13/2009 15:00:00,        28.601946
07/13/2009 16:00:00,        26.606344
07/13/2009 17:00:00,        24.595338
07/13/2009 18:00:00,        23.233193
07/13/2009 19:00:00,        21.731745
07/13/2009 20:00:00,        20.269228
07/13/2009 21:00:00,        18.644131
07/13/2009 22:00:00,        16.755438
07/13/2009 23:00:00,        16.078649
07/14/2009 00:00:00,        15.837647
07/14/2009 01:00:00,        37.617303
07/14/2009 02:00:00,        34.428388
07/14/2009 03:00:00,        31.189532
07/14/2009 04:00:00,        29.100911
07/14/2009 05:00:00,        27.763572
07/14/2009 06:00:00,        26.418457
07/14/2009 07:00:00,        25.227876
07/14/2009 08:00:00,        23.334203
07/14/2009 09:00:00,        19.277015
07/14/2009 10:00:00,        15.213528
07/14/2009 11:00:00,        10.246511
07/14/2009 12:00:00,         8.217513
07/14/2009 13:00:00,         7.044963
07/14/2009 14:00:00,         5.768115
07/14/2009 15:00:00,         4.838146
07/14/2009 16:00:00,         3.844140
07/14/2009 17:00:00,         3.320398
07/14/2009 18:00:00,         2.365925
07/14/2009 19:00:00,         2.260272
07/14/2009 20:00:00,         2.281983
07/14/2009 21:00:00,         1.969766
07/14/2009 22:00:00,         1.574197
07/14/2009 23:00:00,         1.476701
07/15/2009 00:00:00,         1.480181
07/15/2009 01:00:00,        17.353431
07/15/2009 02:00:00,        22.465771
07/15/2009 03:00:00,        27.389957
07/15/2009 04:00:00,        31.546038
07/15/2009 05:00:00,        34.512749
07/15/2009 06:00:00,        36.358991
07/15/2009 07:00:00,        38.225521
07/15/2009 08:00:00,        41.323953
07/15/2009 09:00:00,        44.082084
07/15/2009 10:00:00,        48.175761
07/15/2009 11:00:00,        52.461179
07/15/2009 12:00:00,        57.456497
07/15/2009 13:00:00,        61.594597
07/15/2009 14:00:00,        62.839598
07/15/2009 15:00:00,        61.749474
07/15/2009 16:00:00,        62.276944
07/15/2009 17:00:00,        63.076833
07/15/2009 18:00:00,        63.904521
07/15/2009 19:00:00,        64.682520
07/15/2009 20:00:00,        65.148183
07/15/2009 21:00:00,        67.577695
07/15/2009 22:00:00,        71.352168
07/15/2009 23:00:00,        73.251605
07/16/2009 00:00:00,        73.004704
07/16/2009 01:00:00,        60.952023
07/16/2009 02:00:00,        57.075854
07/16/2009 03:00:00,        51.655901
07/16/2009 04:00:00,        44.368849
07/16/2009 05:00:00,        41.184463
07/16/2009 06:00:00,        37.769275
07/16/2009 07:00:00,        34.733951
07/16/2009 08:00:00,        28.148879
07/16/2009 09:00:00,        23.363679
07/16/2009 10:00:00,        19.138812
07/16/2009 11:00:00,        15.455318
07/16/2009 12:00:00,        11.934765
07/16/2009 13:00:00,         8.088344
07/16/2009 14:00:00,         4.601374
07/16/2009 15:00:00,         3.091574
07/16/2009 16:00:00,         2.968221
07/16/2009 17:00:00,         3.301374
07/16/2009 18:00:00,         4.522616
07/16/2009 19:00:00,         5.028520
07/16/2009 20:00:00,         5.841917
07/16/2009 21:00:00,         6.156490
07/16/2009 22:00:00,         7.047267
07/16/2009 23:00:00,         6.369821
07/17/2009 00:00:00,         8.650446
07/17/2009 01:00:00,        29.799698
07/17/2009 02:00:00,        27.208938
07/17/2009 03:00:00,        24.806923
07/17/2009 04:00:00,        22.905807
07/17/2009 05:00:00,        20.878187
07/17/2009 06:00:00,        18.966276
07/17/2009 07:00:00,        17.351524
07/17/2009 08:00:00,        14.105178
07/17/2009 09:00:00,        10.499258
07/17/2009 10:00:00,         9.823128
07/17/2009 11:00:00,         7.900245
07/17/2009 12:00:00,         7.355595
07/17/2009 13:00:00,         5.916179
07/17/2009 14:00:00,         5.051300
07/17/2009 15:00:00,         4.528815
07/17/2009 16:00:00,         3.441479
07/17/2009 17:00:00,         3.239641
07/17/2009 18:00:00,         2.975742
07/17/2009 19:00:00,         3.681414
07/17/2009 20:00:00,         3.750604
07/17/2009 21:00:00,         3.996100
07/17/2009 22:00:00,         3.884188
07/17/2009 23:00:00,         4.151107
07/18/2009 00:00:00,         4.783180
07/18/2009 01:00:00,         3.632150
07/18/2009 02:00:00,         3.869798
07/18/2009 03:00:00,         4.569437
07/18/2009 04:00:00,         5.705296
07/18/2009 05:00:00,         5.914862
07/18/2009 06:00:00,         6.645558
07/18/2009 07:00:00,         7.596931
07/18/2009 08:00:00,         8.543026
07/18/2009 09:00:00,         9.840973
07/18/2009 10:00:00,        10.526045
07/18/2009 11:00:00,        10.914565
07/18/2009 12:00:00,        12.086009
07/18/2009 13:00:00,        12.644750
07/18/2009 14:00:00,        12.515955
07/18/2009 15:00:00,        11.994829
07/18/2009 16:00:00,        11.705260
07/18/2009 17:00:00,        11.906892
07/18/2009 18:00:00,        12.253278
07/18/2009 19:00:00,        12.496093
07/18/2009 20:00:00,        12.787725
07/18/2009 21:00:00,        13.255949
07/18/2009 22:00:00,        13.692196
07/18/2009 23:00:00,        13.599975
07/19/2009 00:00:00,        14.419766
07/19/2009 01:00:00,        42.485333
07/19/2009 02:00:00,        40.697893
07/19/2009 03:00:00,        38.690292
07/19/2009 04:00:00,        36.830349
07/19/2009 05:00:00,        35.483047
07/19/2009 06:00:00,        34.315575
07/19/2009 07:00:00,        32.551451
07/19/2009 08:00:00,        31.840682
07/19/2009 09:00:00,        29.795278
07/19/2009 10:00:00,        26.580038
07/19/2009 11:00:00,        22.445687
07/19/2009 12:00:00,        17.389234
07/19/2009 13:00:00,        12.859217
07/19/2009 14:00:00,         9.575503
07/19/2009 15:00:00,         7.382709
07/19/2009 16:00:00,         5.717910
07/19/2009 17:00:00,         4.625598
07/19/2009 18:00:00,         3.699491
07/19/2009 19:00:00,         3.098137
07/19/2009 20:00:00,         2.606469
07/19/2009 21:00:00,         2.310639
07/19/2009 22:00:00,         2.193788
07/19/2009 23:00:00,         1.826767
07/20/2009 00:00:00,         1.617393
07/20/2009 01:00:00,         1.741846
07/20/2009 02:00:00,         1.561924
07/20/2009 03:00:00,         1.391821
07/20/2009 04:00:00,         1.270275
07/20/2009 05:00:00,         1.276719
07/20/2009 06:00:00,         1.226305
07/20/2009 07:00:00,         1.222723
07/20/2009 08:00:00,         1.225470
07/20/2009 09:00:00,         1.106261
07/20/2009 10:00:00,         0.790815
07/20/2009 11:00:00,         0.558059
07/20/2009 12:00:00,         0.535331
07/20/2009 13:00:00,         0.529307
07/20/2009 14:00:00,         0.735243
07/20/2009 15:00:00,         0.486709
07/20/2009 16:00:00,         0.414612
07/20/2009 17:00:00,         0.411726
07/20/2009 18:00:00,         0.508304
07/20/2009 19:00:00,         0.485737
07/20/2009 20:00:00,         0.385613
07/20/2009 21:00:00,         0.401059
07/20/2009 22:00:00,         0.473245
07/20/2009 23:00:00,         0.473411
07/21/2009 00:00:00,         0.470241
07/21/2009 01:00:00,        12.805341
07/21/2009 02:00:00,        15.293483
07/21/2009 03:00:00,        18.595772
07/21/2009 04:00:00,        20.565984
07/21/2009 05:00:00,        21.874315
07/21/2009 06:00:00,        21.743895
07/21/2009 07:00:00,        21.045557
07/21/2009 08:00:00,        20.219764
07/21/2009 09:00:00,        19.910621
07/21/2009 10:00:00,        20.426540
07/21/2009 11:00:00,        20.852972
07/21/2009 12:00:00,        21.786389
07/21/2009 13:00:00,        22.365768
07/21/2009 14:00:00,        22.201463
07/21/2009 15:00:00,        20.820689
07/21/2009 16:00:00,        17.218830
07/21/2009 17:00:00,        14.022137
07/21/2009 18:00:00,        11.673854
07/21/2009 19:00:00,        11.303347
07/21/2009 20:00:00,        11.825442
07/21/2009 21:00:00,        12.455962
07/21/2009 22:00:00,        14.483497
07/21/2009 23:00:00,        16.769274
07/22/2009 00:00:00,        18.919170
07/22/2009 01:00:00,        16.643760
07/22/2009 02:00:00,        20.926424
07/22/2009 03:00:00,        26.291759
07/22/2009 04:00:00,        27.867395
07/22/2009 05:00:00,        29.884619
07/22/2009 06:00:00,        30.778663
07/22/2009 07:00:00,        30.408034
07/22/2009 08:00:00,        28.008451
07/22/2009 09:00:00,        27.541868
07/22/2009 10:00:00,        26.652244
07/22/2009 11:00:00,        25.904040
07/22/2009 12:00:00,        25.703506
07/22/2009 13:00:00,        24.493808
07/22/2009 14:00:00,        21.752184
07/22/2009 15:00:00,        16.712677
07/22/2009 16:00:00,        12.532943
07/22/2009 17:00:00,         8.677761
07/22/2009 18:00:00,         5.662564
07/22/2009 19:00:00,         4.750951
07/22/2009 20:00:00,         5.203962
07/22/2009 21:00:00,         4.705317
07/22/2009 22:00:00,         4.644145
07/22/2009 23:00:00,         4.682281
07/23/2009 00:00:00,         4.422265
07/23/2009 01:00:00,        26.178678
07/23/2009 02:00:00,        24.737439
07/23/2009 03:00:00,        25.972535
07/23/2009 04:00:00,        21.884297
07/23/2009 05:00:00,        20.791338
07/23/2009 06:00:00,        20.842972
07/23/2009 07:00:00,        19.613312
07/23/2009 08:00:00,        18.487602
07/23/2009 09:00:00,        18.471705
07/23/2009 10:00:00,        18.086754
07/23/2009 11:00:00,        17.361567
07/23/2009 12:00:00,        18.034405
07/23/2009 13:00:00,        14.990530
07/23/2009 14:00:00,        13.392556
07/23/2009 15:00:00,        13.617736
07/23/2009 16:00:00,        13.500041
07/23/2009 17:00:00,        13.726786
07/23/2009 18:00:00,        12.325174
07/23/2009 19:00:00,        15.441854
07/23/2009 20:00:00,        12.856862
07/23/2009 21:00:00,        12.460965
07/23/2009 22:00:00,        11.073203
07/23/2009 23:00:00,         9.857857
07/24/2009 00:00:00,         8.447005
07/24/2009 01:00:00,         4.560464
07/24/2009 02:00:00,         4.150119
07/24/2009 03:00:00,         3.646282
07/24/2009 04:00:00,         3.228178
07/24/2009 05:00:00,         3.044159
07/24/2009 06:00:00,         3.038520
07/24/2009 07:00:00,         3.036258
07/24/2009 08:00:00,         2.298822
07/24/2009 09:00:00,         2.260490
07/24/2009 10:00:00,         3.144659
07/24/2009 11:00:00,         4.092775
07/24/2009 12:00:00,         5.141433
07/24/2009 13:00:00,         5.996393
07/24/2009 14:00:00,         6.468641
07/24/2009 15:00:00,         6.932798
07/24/2009 16:00:00,         7.483662
07/24/2009 17:00:00,         8.011981
07/24/2009 18:00:00,         8.381273
07/24/2009 19:00:00,         8.804736
07/24/2009 20:00:00,        10.056804
07/24/2009 21:00:00,        11.321450
07/24/2009 22:00:00,        11.476524
07/24/2009 23:00:00,        11.378114
07/25/2009 00:00:00,        11.270918
07/25/2009 01:00:00,        41.712425
07/25/2009 02:00:00,        42.697057
07/25/2009 03:00:00,        40.736123
07/25/2009 04:00:00,        42.252346
07/25/2009 05:00:00,        36.436242
07/25/2009 06:00:00,        39.104293
07/25/2009 07:00:00,        38.690863
07/25/2009 08:00:00,        42.876788
07/25/2009 09:00:00,        48.257103
07/25/2009 10:00:00,        50.735131
07/25/2009 11:00:00,        54.966483
07/25/2009 12:00:00,        54.502098
07/25/2009 13:00:00,        55.076575
07/25/2009 14:00:00,        54.678094
07/25/2009 15:00:00,        53.749485
07/25/2009 16:00:00,        57.153328
07/25/2009 17:00:00,        58.968637
07/25/2009 18:00:00,        62.099860
07/25/2009 19:00:00,        61.740142
07/25/2009 20:00:00,        60.513288
07/25/2009 21:00:00,        61.186463
07/25/2009 22:00:00,        59.787515
07/25/2009 23:00:00,        58.721674
07/26/2009 00:00:00,        55.376979
07/26/2009 01:00:00,        29.437965
07/26/2009 02:00:00,        30.996448
07/26/2009 03:00:00,        32.568396
07/26/2009 04:00:00,        35.534330
07/26/2009 05:00:00,        37.183322
07/26/2009 06:00:00,        38.626473
07/26/2009 07:00:00,        38.744542
07/26/2009 08:00:00,        40.736480
07/26/2009 09:00:00,        42.613727
07/26/2009 10:00:00,        45.399134
07/26/2009 11:00:00,        44.874474
07/26/2009 12:00:00,        43.835462
07/26/2009 13:00:00,        41.486907
07/26/2009 14:00:00,        40.528217
07/26/2009 15:00:00,        40.600373
07/26/2009 16:00:00,        39.687679
07/26/2009 17:00:00,        38.608537
07/26/2009 18:00:00,        37.135715
07/26/2009 19:00:00,        36.183434
07/26/2009 20:00:00,        35.785877
07/26/2009 21:00:00,        37.109572
07/26/2009 22:00:00,        37.164272
07/26/2009 23:00:00,        38.580591
07/27/2009 00:00:00,        39.437432
07/27/2009 01:00:00,        18.603028
07/27/2009 02:00:00,        19.675756
07/27/2009 03:00:00,        20.864749
07/27/2009 04:00:00,        21.304169
07/27/2009 05:00:00,        20.908576
07/27/2009 06:00:00,        20.792536
07/27/2009 07:00:00,        21.044786
07/27/2009 08:00:00,        22.036078
07/27/2009 09:00:00,        22.792566
07/27/2009 10:00:00,        23.626826
07/27/2009 11:00:00,        25.461907
07/27/2009 12:00:00,        26.290349
07/27/2009 13:00:00,        27.454186
07/27/2009 14:00:00,        28.966689
07/27/2009 15:00:00,        29.664583
07/27/2009 16:00:00,        29.585949
07/27/2009 17:00:00,        28.786134
07/27/2009 18:00:00,        27.809198
07/27/2009 19:00:00,        28.171137
07/27/2009 20:00:00,        28.972330
07/27/2009 21:00:00,        29.415436
07/27/2009 22:00:00,        30.033648
07/27/2009 23:00:00,        31.639010
07/28/2009 00:00:00,        29.964589
07/28/2009 01:00:00,        68.849362
07/28/2009 02:00:00,        68.170757
07/28/2009 03:00:00,        69.176997
07/28/2009 04:00:00,        71.072627
07/28/2009 05:00:00,        70.837878
07/28/2009 06:00:00,        75.005527
07/28/2009 07:00:00,        73.661496
07/28/2009 08:00:00,        76.861181
07/28/2009 09:00:00,        77.743161
07/28/2009 10:00:00,        77.515462
07/28/2009 11:00:00,        81.998679
07/28/2009 12:00:00,        82.119354
07/28/2009 13:00:00,        82.556950
07/28/2009 14:00:00,        81.309846
07/28/2009 15:00:00,        78.895319
07/28/2009 16:00:00,        74.681736
07/28/2009 17:00:00,        68.791806
07/28/2009 18:00:00,        64.670200
07/28/2009 19:00:00,        61.246197
07/28/2009 20:00:00,        61.056653
07/28/2009 21:00:00,        57.196278
07/28/2009 22:00:00,        53.515361
07/28/2009 23:00:00,        50.190844
07/29/2009 00:00:00,        43.467141
07/29/2009 01:00:00,        35.219368
07/29/2009 02:00:00,        32.296034
07/29/2009 03:00:00,        29.858043
07/29/2009 04:00:00,        30.190484
07/29/2009 05:00:00,        28.974918
07/29/2009 06:00:00,        27.378920
07/29/2009 07:00:00,        24.684212
07/29/2009 08:00:00,        22.281695
07/29/2009 09:00:00,        16.924862
07/29/2009 10:00:00,        12.267805
07/29/2009 11:00:00,         8.908975
07/29/2009 12:00:00,         8.221177
07/29/2009 13:00:00,         7.065884
07/29/2009 14:00:00,         5.985442
07/29/2009 15:00:00,         5.432226
07/29/2009 16:00:00,         4.626725
07/29/2009 17:00:00,         4.000298
07/29/2009 18:00:00,         3.456035
07/29/2009 19:00:00,         3.114869
07/29/2009 20:00:00,         2.829599
07/29/2009 21:00:00,         2.302104
07/29/2009 22:00:00,         1.899195
07/29/2009 23:00:00,         1.772439
07/30/2009 00:00:00,         1.870872
07/30/2009 01:00:00,         4.251901
07/30/2009 02:00:00,         4.553492
07/30/2009 03:00:00,         4.816580
07/30/2009 04:00:00,         4.691040
07/30/2009 05:00:00,         4.493376
07/30/2009 06:00:00,         4.729941
07/30/2009 07:00:00,         4.883784
07/30/2009 08:00:00,         5.128822
07/30/2009 09:00:00,         5.645356
07/30/2009 10:00:00,         5.966536
07/30/2009 11:00:00,         5.925349
07/30/2009 12:00:00,         6.694773
07/30/2009 13:00:00,         8.018527
07/30/2009 14:00:00,         9.545351
07/30/2009 15:00:00,        10.383777
07/30/2009 16:00:00,        10.766828
07/30/2009 17:00:00,        11.326699
07/30/2009 18:00:00,        12.607324
07/30/2009 19:00:00,        13.285825
07/30/2009 20:00:00,        14.156930
07/30/2009 21:00:00,        15.045671
07/30/2009 22:00:00,        16.007533
07/30/2009 23:00:00,        18.591005
07/31/2009 00:00:00,        19.148348
07/31/2009 01:00:00,         5.185547
07/31/2009 02:00:00,         4.756028
07/31/2009 03:00:00,         4.892265
07/31/2009 04:00:00,         6.802777
07/31/2009 05:00:00,         5.549384
07/31/2009 06:00:00,         7.728123
07/31/2009 07:00:00,         7.286685
07/31/2009 08:00:00,         7.172428
07/31/2009 09:00:00,         7.366948
07/31/2009 10:00:00,         7.442594
07/31/2009 11:00:00,         7.858391
07/31/2009 12:00:00,         7.353433
07/31/2009 13:00:00,         7.072356
07/31/2009 14:00:00,         7.030161
07/31/2009 15:00:00,         6.934552
07/31/2009 16:00:00,         6.715529
07/31/2009 17:00:00,         6.351164
07/31/2009 18:00:00,         6.357793
07/31/2009 19:00:00,         6.233983
07/31/2009 20:00:00,         5.936308
07/31/2009 21:00:00,         5.126855
07/31/2009 22:00:00,         4.480430
07/31/2009 23:00:00,         4.097557
08/01/2009 00:00:00,         0.979229
08/01/2009 01:00:00,         2.090768
08/01/2009 02:00:00,         3.914786
08/01/2009 03:00:00,         7.064817
08/01/2009 04:00:00,        10.747891
08/01/2009 05:00:00,        14.682403
08/01/2009 06:00:00,        17.279535
08/01/2009 07:00:00,        19.863139
08/01/2009 08:00:00,        24.014435
08/01/2009 09:00:00,        27.362248
08/01/2009 10:00:00,        32.349780
08/01/2009 11:00:00,        36.027449
08/01/2009 12:00:00,        40.676920
08/01/2009 13:00:00,        45.161451
08/01/2009 14:00:00,        49.836526
08/01/2009 15:00:00,        53.429192
08/01/2009 16:00:00,        57.023352
08/01/2009 17:00:00,        60.044080
08/01/2009 18:00:00,        60.792774
08/01/2009 19:00:00,        62.367657
08/01/2009 20:00:00,        64.591808
08/01/2009 21:00:00,        66.117800
08/01/2009 22:00:00,        67.694713
08/01/2009 23:00:00,        69.703585
08/02/2009 00:00:00,        70.384724
08/02/2009 01:00:00,        40.969602
08/02/2009 02:00:00,        38.963154
08/02/2009 03:00:00,        36.199123
08/02/2009 04:00:00,        33.717964
08/02/2009 05:00:00,        31.750703
08/02/2009 06:00:00,        31.512858
08/02/2009 07:00:00,        30.839371
08/02/2009 08:00:00,        26.533271
08/02/2009 09:00:00,        24.431484
08/02/2009 10:00:00,        24.893109
08/02/2009 11:00:00,        24.615352
08/02/2009 12:00:00,        23.646976
08/02/2009 13:00:00,        23.967028
08/02/2009 14:00:00,        22.641516
08/02/2009 15:00:00,        22.226045
08/02/2009 16:00:00,        22.461889
08/02/2009 17:00:00,        22.908669
08/02/2009 18:00:00,        24.513330
08/02/2009 19:00:00,        26.225236
08/02/2009 20:00:00,        27.968634
08/02/2009 21:00:00,        28.657758
08/02/2009 22:00:00,        28.266355
08/02/2009 23:00:00,        27.807869
08/03/2009 00:00:00,        28.162043
08/03/2009 01:00:00,        26.508077
08/03/2009 02:00:00,        25.438912
08/03/2009 03:00:00,        25.635131
08/03/2009 04:00:00,        27.064500
08/03/2009 05:00:00,        28.594420
08/03/2009 06:00:00,        30.991565
08/03/2009 07:00:00,        32.995374
08/03/2009 08:00:00,        35.447184
08/03/2009 09:00:00,        39.383552
08/03/2009 10:00:00,        45.056679
08/03/2009 11:00:00,        50.486320
08/03/2009 12:00:00,        57.213488
08/03/2009 13:00:00,        62.829699
08/03/2009 14:00:00,        67.087299
08/03/2009 15:00:00,        74.129308
08/03/2009 16:00:00,        79.149925
08/03/2009 17:00:00,        83.035580
08/03/2009 18:00:00,        86.739588
08/03/2009 19:00:00,        89.376293
08/03/2009 20:00:00,        92.615966
08/03/2009 21:00:00,        94.559730
08/03/2009 22:00:00,        95.241164
08/03/2009 23:00:00,        95.521914
08/04/2009 00:00:00,        95.546409
08/04/2009 01:00:00,        92.379786
08/04/2009 02:00:00,        92.524124
08/04/2009 03:00:00,        91.653560
08/04/2009 04:00:00,        90.182242
08/04/2009 05:00:00,        88.719047
08/04/2009 06:00:00,        87.260044
08/04/2009 07:00:00,        85.389458
08/04/2009 08:00:00,        83.326560
08/04/2009 09:00:00,        81.010643
08/04/2009 10:00:00,        79.317837
08/04/2009 11:00:00,        77.365025
08/04/2009 12:00:00,        75.542181
08/04/2009 13:00:00,        72.862488
08/04/2009 14:00:00,        70.793543
08/04/2009 15:00:00,        65.111131
08/04/2009 16:00:00,        60.212627
08/04/2009 17:00:00,        56.116181
08/04/2009 18:00:00,        50.414403
08/04/2009 19:00:00,        48.146713
08/04/2009 20:00:00,        46.679284
08/04/2009 21:00:00,        47.108077
08/04/2009 22:00:00,        45.177053
08/04/2009 23:00:00,        42.067207
08/05/2009 00:00:00,        39.607142
08/05/2009 01:00:00,        21.709028
08/05/2009 02:00:00,        23.532954
08/05/2009 03:00:00,        22.604609
08/05/2009 04:00:00,        21.905999
08/05/2009 05:00:00,        20.454530
08/05/2009 06:00:00,        20.266945
08/05/2009 07:00:00,        19.740368
08/05/2009 08:00:00,        18.188096
08/05/2009 09:00:00,        16.787695
08/05/2009 10:00:00,        15.856635
08/05/2009 11:00:00,        14.306965
08/05/2009 12:00:00,        13.005887
08/05/2009 13:00:00,        12.005045
08/05/2009 14:00:00,        11.173435
08/05/2009 15:00:00,        10.380648
08/05/2009 16:00:00,         9.667907
08/05/2009 17:00:00,         8.815917
08/05/2009 18:00:00,         8.489778
08/05/2009 19:00:00,         8.547649
08/05/2009 20:00:00,         9.019254
08/05/2009 21:00:00,         9.030828
08/05/2009 22:00:00,         8.618838
08/05/2009 23:00:00,         8.249152
08/06/2009 00:00:00,         7.499844
08/06/2009 01:00:00,         9.985993
08/06/2009 02:00:00,        10.041667
08/06/2009 03:00:00,        10.692549
08/06/2009 04:00:00,        10.638981
08/06/2009 05:00:00,        10.181007
08/06/2009 06:00:00,         9.655131
08/06/2009 07:00:00,         9.092944
08/06/2009 08:00:00,         8.377325
08/06/2009 09:00:00,         7.100670
08/06/2009 10:00:00,         6.099523
08/06/2009 11:00:00,         5.483273
08/06/2009 12:00:00,         5.711978
08/06/2009 13:00:00,         6.256111
08/06/2009 14:00:00,         5.683366
08/06/2009 15:00:00,         5.287583
08/06/2009 16:00:00,         4.311717
08/06/2009 17:00:00,         4.367113
08/06/2009 18:00:00,         4.657428
08/06/2009 19:00:00,         4.624350
08/06/2009 20:00:00,         4.798357
08/06/2009 21:00:00,         5.202185
08/06/2009 22:00:00,         5.869131
08/06/2009 23:00:00,         6.577424
08/07/2009 00:00:00,         7.546782
08/07/2009 01:00:00,        13.984294
08/07/2009 02:00:00,        13.353492
08/07/2009 03:00:00,        13.256679
08/07/2009 04:00:00,        13.084077
08/07/2009 05:00:00,        13.595794
08/07/2009 06:00:00,        12.844615
08/07/2009 07:00:00,        13.118928
08/07/2009 08:00:00,        13.131944
08/07/2009 09:00:00,        12.499493
08/07/2009 10:00:00,        10.537679
08/07/2009 11:00:00,         8.067400
08/07/2009 12:00:00,         6.956002
08/07/2009 13:00:00,         6.540515
08/07/2009 14:00:00,         5.444035
08/07/2009 15:00:00,         4.382839
08/07/2009 16:00:00,         3.442365
08/07/2009 17:00:00,         2.693230
08/07/2009 18:00:00,         2.161253
08/07/2009 19:00:00,         1.795330
08/07/2009 20:00:00,         1.629701
08/07/2009 21:00:00,         1.699620
08/07/2009 22:00:00,         1.837795
08/07/2009 23:00:00,         2.026291
08/08/2009 00:00:00,         2.227208
08/08/2009 01:00:00,         1.703083
08/08/2009 02:00:00,         3.271092
08/08/2009 03:00:00,         6.125939
08/08/2009 04:00:00,         9.715335
08/08/2009 05:00:00,        12.621848
08/08/2009 06:00:00,        16.157723
08/08/2009 07:00:00,        18.723705
08/08/2009 08:00:00,        24.508936
08/08/2009 09:00:00,        28.822466
08/08/2009 10:00:00,        32.067915
08/08/2009 11:00:00,        33.826193
08/08/2009 12:00:00,        36.811267
08/08/2009 13:00:00,        42.430718
08/08/2009 14:00:00,        46.703140
08/08/2009 15:00:00,        48.172622
08/08/2009 16:00:00,        49.666307
08/08/2009 17:00:00,        51.780308
08/08/2009 18:00:00,        54.483906
08/08/2009 19:00:00,        54.646121
08/08/2009 20:00:00,        55.331810
08/08/2009 21:00:00,        53.157226
08/08/2009 22:00:00,        51.906760
08/08/2009 23:00:00,        52.008275
08/09/2009 00:00:00,        55.681589
08/09/2009 01:00:00,        85.179802
08/09/2009 02:00:00,        85.082954
08/09/2009 03:00:00,        85.003469
08/09/2009 04:00:00,        82.551147
08/09/2009 05:00:00,        78.099734
08/09/2009 06:00:00,        74.177169
08/09/2009 07:00:00,        68.477153
08/09/2009 08:00:00,        62.731488
08/09/2009 09:00:00,        60.057233
08/09/2009 10:00:00,        57.592562
08/09/2009 11:00:00,        54.891338
08/09/2009 12:00:00,        56.390939
08/09/2009 13:00:00,        53.947025
08/09/2009 14:00:00,        51.349513
08/09/2009 15:00:00,        49.781363
08/09/2009 16:00:00,        47.584673
08/09/2009 17:00:00,        49.135060
08/09/2009 18:00:00,        54.397286
08/09/2009 19:00:00,        56.492114
08/09/2009 20:00:00,        58.792368
08/09/2009 21:00:00,        60.971151
08/09/2009 22:00:00,        61.557446
08/09/2009 23:00:00,        63.017017
08/10/2009 00:00:00,        66.681037
08/10/2009 01:00:00,        36.932437
08/10/2009 02:00:00,        33.526022
08/10/2009 03:00:00,        28.539680
08/10/2009 04:00:00,        23.694311
08/10/2009 05:00:00,        22.016942
08/10/2009 06:00:00,        22.569642
08/10/2009 07:00:00,        24.635565
08/10/2009 08:00:00,        18.277460
08/10/2009 09:00:00,        12.841914
08/10/2009 10:00:00,        10.678121
08/10/2009 11:00:00,        10.580048
08/10/2009 12:00:00,        10.909289
08/10/2009 13:00:00,        11.212013
08/10/2009 14:00:00,        11.745535
08/10/2009 15:00:00,        12.610316
08/10/2009 16:00:00,        12.987653
08/10/2009 17:00:00,        11.689003
08/10/2009 18:00:00,        11.527385
08/10/2009 19:00:00,         9.105903
08/10/2009 20:00:00,         3.950420
08/10/2009 21:00:00,         3.424516
08/10/2009 22:00:00,         3.211868
08/10/2009 23:00:00,         3.357400
08/11/2009 00:00:00,         3.946696
08/11/2009 01:00:00,         0.854484
08/11/2009 02:00:00,         0.818730
08/11/2009 03:00:00,         1.238644
08/11/2009 04:00:00,         1.401958
08/11/2009 05:00:00,         2.080240
08/11/2009 06:00:00,         2.123769
08/11/2009 07:00:00,         2.003781
08/11/2009 08:00:00,         2.139201
08/11/2009 09:00:00,         2.500102
08/11/2009 10:00:00,         2.977715
08/11/2009 11:00:00,         3.253877
08/11/2009 12:00:00,         3.537595
08/11/2009 13:00:00,         3.740697
08/11/2009 14:00:00,         3.594118
08/11/2009 15:00:00,         3.689812
08/11/2009 16:00:00,         3.453378
08/11/2009 17:00:00,         3.414229
08/11/2009 18:00:00,         2.962929
08/11/2009 19:00:00,         3.051203
08/11/2009 20:00:00,         3.104806
08/11/2009 21:00:00,         3.141519
08/11/2009 22:00:00,         2.859559
08/11/2009 23:00:00,         2.526900
08/12/2009 00:00:00,         2.130588
08/12/2009 01:00:00,         1.149405
08/12/2009 02:00:00,         1.004416
08/12/2009 03:00:00,         0.944602
08/12/2009 04:00:00,         0.831388
08/12/2009 05:00:00,         0.672431
08/12/2009 06:00:00,         0.579288
08/12/2009 07:00:00,         0.564029
08/12/2009 08:00:00,         0.322859
08/12/2009 09:00:00,         0.237226
08/12/2009 10:00:00,         0.279633
08/12/2009 11:00:00,         0.493433
08/12/2009 12:00:00,         0.756767
08/12/2009 13:00:00,         1.317626
08/12/2009 14:00:00,         1.787984
08/12/2009 15:00:00,         2.320072
08/12/2009 16:00:00,         2.838517
08/12/2009 17:00:00,         3.088943
08/12/2009 18:00:00,         3.186878
08/12/2009 19:00:00,         3.545504
08/12/2009 20:00:00,         3.860665
08/12/2009 21:00:00,         3.921444
08/12/2009 22:00:00,         4.249044
08/12/2009 23:00:00,         4.496131
08/13/2009 00:00:00,         4.698484
08/13/2009 01:00:00,         1.061789
08/13/2009 02:00:00,         1.052677
08/13/2009 03:00:00,         1.061538
08/13/2009 04:00:00,         1.015323
08/13/2009 05:00:00,         0.894258
08/13/2009 06:00:00,         0.807953
08/13/2009 07:00:00,         0.727419
08/13/2009 08:00:00,         0.529966
08/13/2009 09:00:00,         0.345557
08/13/2009 10:00:00,         0.235117
08/13/2009 11:00:00,         0.157151
08/13/2009 12:00:00,         0.167884
08/13/2009 13:00:00,         0.269203
08/13/2009 14:00:00,         0.440419
08/13/2009 15:00:00,         0.448041
08/13/2009 16:00:00,         0.468314
08/13/2009 17:00:00,         0.476657
08/13/2009 18:00:00,         0.484651
08/13/2009 19:00:00,         0.568870
08/13/2009 20:00:00,         0.607438
08/13/2009 21:00:00,         0.622927
08/13/2009 22:00:00,         0.660899
08/13/2009 23:00:00,         0.730255
08/14/2009 00:00:00,         0.800084
08/14/2009 01:00:00,         0.067062
08/14/2009 02:00:00,         0.124756
08/14/2009 03:00:00,         0.273659
08/14/2009 04:00:00,         0.377473
08/14/2009 05:00:00,         0.484587
08/14/2009 06:00:00,         0.678798
08/14/2009 07:00:00,         0.887062
08/14/2009 08:00:00,         1.055711
08/14/2009 09:00:00,         1.325283
08/14/2009 10:00:00,         1.775721
08/14/2009 11:00:00,         1.994740
08/14/2009 12:00:00,         2.084056
08/14/2009 13:00:00,         2.909416
08/14/2009 14:00:00,         3.163121
08/14/2009 15:00:00,         2.996140
08/14/2009 16:00:00,         3.087425
08/14/2009 17:00:00,         2.929353
08/14/2009 18:00:00,         3.202443
08/14/2009 19:00:00,         3.157710
08/14/2009 20:00:00,         3.238600
08/14/2009 21:00:00,         3.168138
08/14/2009 22:00:00,         3.351865
08/14/2009 23:00:00,         3.620961
08/15/2009 00:00:00,         3.616675
08/15/2009 01:00:00,        17.367574
08/15/2009 02:00:00,        20.433481
08/15/2009 03:00:00,        22.462423
08/15/2009 04:00:00,        24.410935
08/15/2009 05:00:00,        25.595614
08/15/2009 06:00:00,        25.727417
08/15/2009 07:00:00,        25.824760
08/15/2009 08:00:00,        27.187309
08/15/2009 09:00:00,        27.642638
08/15/2009 10:00:00,        28.928108
08/15/2009 11:00:00,        29.002765
08/15/2009 12:00:00,        27.986478
08/15/2009 13:00:00,        25.151631
08/15/2009 14:00:00,        22.294652
08/15/2009 15:00:00,        18.286994
08/15/2009 16:00:00,        15.039811
08/15/2009 17:00:00,        11.662770
08/15/2009 18:00:00,         9.262821
08/15/2009 19:00:00,         7.848402
08/15/2009 20:00:00,         7.109250
08/15/2009 21:00:00,         6.398016
08/15/2009 22:00:00,         5.857708
08/15/2009 23:00:00,         5.057831
08/16/2009 00:00:00,         4.218345
08/16/2009 01:00:00,         8.127167
08/16/2009 02:00:00,        11.533879
08/16/2009 03:00:00,        14.494234
08/16/2009 04:00:00,        16.960039
08/16/2009 05:00:00,        19.623830
08/16/2009 06:00:00,        19.742117
08/16/2009 07:00:00,        20.559081
08/16/2009 08:00:00,        21.880699
08/16/2009 09:00:00,        21.918628
08/16/2009 10:00:00,        24.046394
08/16/2009 11:00:00,        25.070437
08/16/2009 12:00:00,        26.375362
08/16/2009 13:00:00,        26.772393
08/16/2009 14:00:00,        27.837811
08/16/2009 15:00:00,        27.651792
08/16/2009 16:00:00,        27.070859
08/16/2009 17:00:00,        25.917908
08/16/2009 18:00:00,        25.001285
08/16/2009 19:00:00,        28.140230
08/16/2009 20:00:00,        29.202607
08/16/2009 21:00:00,        31.385181
08/16/2009 22:00:00,        34.507095
08/16/2009 23:00:00,        37.363483
08/17/2009 00:00:00,        35.573456
08/17/2009 01:00:00,        50.757922
08/17/2009 02:00:00,        52.279416
08/17/2009 03:00:00,        52.601530
08/17/2009 04:00:00,        48.601479
08/17/2009 05:00:00,        50.489996
08/17/2009 06:00:00,        52.106480
08/17/2009 07:00:00,        53.220153
08/17/2009 08:00:00,        52.504252
08/17/2009 09:00:00,        54.155559
08/17/2009 10:00:00,        56.651423
08/17/2009 11:00:00,        56.676029
08/17/2009 12:00:00,        54.927044
08/17/2009 13:00:00,        59.522939
08/17/2009 14:00:00,        60.397512
08/17/2009 15:00:00,        61.853177
08/17/2009 16:00:00,        63.569707
08/17/2009 17:00:00,        65.499099
08/17/2009 18:00:00,        66.950818
08/17/2009 19:00:00,        64.936482
08/17/2009 20:00:00,        66.049657
08/17/2009 21:00:00,        64.742548
08/17/2009 22:00:00,        68.676579
08/17/2009 23:00:00,        70.508216
08/18/2009 00:00:00,        69.021454
08/18/2009 01:00:00,        59.332601
08/18/2009 02:00:00,        58.616135
08/18/2009 03:00:00,        58.305296
08/18/2009 04:00:00,        59.281365
08/18/2009 05:00:00,        61.806309
08/18/2009 06:00:00,        58.146237
08/18/2009 07:00:00,        60.437137
08/18/2009 08:00:00,        58.699922
08/18/2009 09:00:00,        57.730434
08/18/2009 10:00:00,        55.349866
08/18/2009 11:00:00,        52.010299
08/18/2009 12:00:00,        49.011035
08/18/2009 13:00:00,        46.307004
08/18/2009 14:00:00,        43.494690
08/18/2009 15:00:00,        38.780275
08/18/2009 16:00:00,        35.220850
08/18/2009 17:00:00,        31.577250
08/18/2009 18:00:00,        30.628073
08/18/2009 19:00:00,        30.743966
08/18/2009 20:00:00,        30.189372
08/18/2009 21:00:00,        29.521554
08/18/2009 22:00:00,        30.304250
08/18/2009 23:00:00,        30.523363
08/19/2009 00:00:00,        29.007055
08/19/2009 01:00:00,        33.569623
08/19/2009 02:00:00,        35.119500
08/19/2009 03:00:00,        35.812878
08/19/2009 04:00:00,        35.560264
08/19/2009 05:00:00,        34.214638
08/19/2009 06:00:00,        31.856006
08/19/2009 07:00:00,        28.568751
08/19/2009 08:00:00,        24.662893
08/19/2009 09:00:00,        21.552629
08/19/2009 10:00:00,        19.749358
08/19/2009 11:00:00,        18.899534
08/19/2009 12:00:00,        17.784937
08/19/2009 13:00:00,        15.895504
08/19/2009 14:00:00,        14.196476
08/19/2009 15:00:00,        12.220204
08/19/2009 16:00:00,         9.847756
08/19/2009 17:00:00,         7.307440
08/19/2009 18:00:00,         4.860318
08/19/2009 19:00:00,         4.022800
08/19/2009 20:00:00,         3.699909
08/19/2009 21:00:00,         3.719967
08/19/2009 22:00:00,         3.878228
08/19/2009 23:00:00,         4.304975
08/20/2009 00:00:00,         5.117690
08/20/2009 01:00:00,        16.839384
08/20/2009 02:00:00,        21.018160
08/20/2009 03:00:00,        25.762583
08/20/2009 04:00:00,        28.484445
08/20/2009 05:00:00,        29.946194
08/20/2009 06:00:00,        33.021979
08/20/2009 07:00:00,        36.595558
08/20/2009 08:00:00,        40.661335
08/20/2009 09:00:00,        45.499251
08/20/2009 10:00:00,        50.121943
08/20/2009 11:00:00,        55.479321
08/20/2009 12:00:00,        59.266794
08/20/2009 13:00:00,        63.344217
08/20/2009 14:00:00,        67.312016
08/20/2009 15:00:00,        69.611603
08/20/2009 16:00:00,        71.224730
08/20/2009 17:00:00,        73.548608
08/20/2009 18:00:00,        76.269386
08/20/2009 19:00:00,        76.455163
08/20/2009 20:00:00,        79.597071
08/20/2009 21:00:00,        81.720632
08/20/2009 22:00:00,        82.886759
08/20/2009 23:00:00,        84.044046
08/21/2009 00:00:00,        82.555748
08/21/2009 01:00:00,        83.556355
08/21/2009 02:00:00,        82.837639
08/21/2009 03:00:00,        83.699755
08/21/2009 04:00:00,        79.690979
08/21/2009 05:00:00,        79.852645
08/21/2009 06:00:00,        79.870807
08/21/2009 07:00:00,        77.203322
08/21/2009 08:00:00,        78.742039
08/21/2009 09:00:00,        76.241899
08/21/2009 10:00:00,        75.114235
08/21/2009 11:00:00,        74.521922
08/21/2009 12:00:00,        73.250521
08/21/2009 13:00:00,        71.880598
08/21/2009 14:00:00,        69.689926
08/21/2009 15:00:00,        66.240353
08/21/2009 16:00:00,        61.709962
08/21/2009 17:00:00,        58.262752
08/21/2009 18:00:00,        54.211972
08/21/2009 19:00:00,        52.265804
08/21/2009 20:00:00,        50.080674
08/21/2009 21:00:00,        48.274607
08/21/2009 22:00:00,        42.687891
08/21/2009 23:00:00,        39.467710
08/22/2009 00:00:00,        34.198561
08/22/2009 01:00:00,        33.822052
08/22/2009 02:00:00,        32.787909
08/22/2009 03:00:00,        31.640606
08/22/2009 04:00:00,        29.497049
08/22/2009 05:00:00,        27.813333
08/22/2009 06:00:00,        27.889956
08/22/2009 07:00:00,        26.449336
08/22/2009 08:00:00,        23.483115
08/22/2009 09:00:00,        21.117444
08/22/2009 10:00:00,        18.714371
08/22/2009 11:00:00,        17.680097
08/22/2009 12:00:00,        16.028805
08/22/2009 13:00:00,        14.769072
08/22/2009 14:00:00,        13.996596
08/22/2009 15:00:00,        13.244351
08/22/2009 16:00:00,        12.459578
08/22/2009 17:00:00,        11.901264
08/22/2009 18:00:00,        10.697053
08/22/2009 19:00:00,         9.714218
08/22/2009 20:00:00,         9.993778
08/22/2009 21:00:00,         9.880701
08/22/2009 22:00:00,         9.725455
08/22/2009 23:00:00,        10.347597
08/23/2009 00:00:00,        10.573822
08/23/2009 01:00:00,         9.298333
08/23/2009 02:00:00,        10.953622
08/23/2009 03:00:00,        12.332382
08/23/2009 04:00:00,        13.553041
08/23/2009 05:00:00,        14.627470
08/23/2009 06:00:00,        16.121424
08/23/2009 07:00:00,        17.071793
08/23/2009 08:00:00,        18.983613
08/23/2009 09:00:00,        20.496646
08/23/2009 10:00:00,        21.248621
08/23/2009 11:00:00,        22.265708
08/23/2009 12:00:00,        22.045276
08/23/2009 13:00:00,        21.557589
08/23/2009 14:00:00,        20.755825
08/23/2009 15:00:00,        20.394426
08/23/2009 16:00:00,        20.158121
08/23/2009 17:00:00,        19.441653
08/23/2009 18:00:00,        18.642336
08/23/2009 19:00:00,        18.178321
08/23/2009 20:00:00,        17.654634
08/23/2009 21:00:00,        17.105478
08/23/2009 22:00:00,        16.630551
08/23/2009 23:00:00,        16.319661
08/24/2009 00:00:00,        15.171791
08/24/2009 01:00:00,         3.381112
08/24/2009 02:00:00,         3.193250
08/24/2009 03:00:00,         3.192993
08/24/2009 04:00:00,         3.333821
08/24/2009 05:00:00,         3.207378
08/24/2009 06:00:00,         3.379849
08/24/2009 07:00:00,         3.084505
08/24/2009 08:00:00,         2.453777
08/24/2009 09:00:00,         2.243203
08/24/2009 10:00:00,         2.080029
08/24/2009 11:00:00,         2.213170
08/24/2009 12:00:00,         2.308225
08/24/2009 13:00:00,         2.477486
08/24/2009 14:00:00,         2.587814
08/24/2009 15:00:00,         2.551905
08/24/2009 16:00:00,         2.307910
08/24/2009 17:00:00,         2.090661
08/24/2009 18:00:00,         1.767042
08/24/2009 19:00:00,         1.846130
08/24/2009 20:00:00,         2.018588
08/24/2009 21:00:00,         2.301241
08/24/2009 22:00:00,         2.517300
08/24/2009 23:00:00,         2.717591
08/25/2009 00:00:00,         2.886261
08/25/2009 01:00:00,        11.698402
08/25/2009 02:00:00,        14.310920
08/25/2009 03:00:00,        17.572389
08/25/2009 04:00:00,        20.175202
08/25/2009 05:00:00,        22.528523
08/25/2009 06:00:00,        24.174221
08/25/2009 07:00:00,        26.418206
08/25/2009 08:00:00,        31.456832
08/25/2009 09:00:00,        36.039742
08/25/2009 10:00:00,        42.225114
08/25/2009 11:00:00,        47.059899
08/25/2009 12:00:00,        52.596043
08/25/2009 13:00:00,        57.660029
08/25/2009 14:00:00,        62.929925
08/25/2009 15:00:00,        67.518442
08/25/2009 16:00:00,        70.480233
08/25/2009 17:00:00,        73.511537
08/25/2009 18:00:00,        77.246848
08/25/2009 19:00:00,        80.369316
08/25/2009 20:00:00,        83.189339
08/25/2009 21:00:00,        85.406257
08/25/2009 22:00:00,        87.303139
08/25/2009 23:00:00,        88.312209
08/26/2009 00:00:00,        88.041875
08/26/2009 01:00:00,        55.495385
08/26/2009 02:00:00,        50.766715
08/26/2009 03:00:00,        47.023402
08/26/2009 04:00:00,        43.172774
08/26/2009 05:00:00,        40.393493
08/26/2009 06:00:00,        36.442882
08/26/2009 07:00:00,        33.131126
08/26/2009 08:00:00,        30.428423
08/26/2009 09:00:00,        26.617412
08/26/2009 10:00:00,        21.026345
08/26/2009 11:00:00,        17.265856
08/26/2009 12:00:00,        16.904025
08/26/2009 13:00:00,        17.229172
08/26/2009 14:00:00,        18.060764
08/26/2009 15:00:00,        18.843575
08/26/2009 16:00:00,        19.913493
08/26/2009 17:00:00,        20.788377
08/26/2009 18:00:00,        20.051132
08/26/2009 19:00:00,        20.696259
08/26/2009 20:00:00,        20.317689
08/26/2009 21:00:00,        19.758375
08/26/2009 22:00:00,        19.716377
08/26/2009 23:00:00,        20.283965
08/27/2009 00:00:00,        20.377270
08/27/2009 01:00:00,         8.986850
08/27/2009 02:00:00,         8.153755
08/27/2009 03:00:00,         7.440389
08/27/2009 04:00:00,         7.105134
08/27/2009 05:00:00,         6.882902
08/27/2009 06:00:00,         6.895201
08/27/2009 07:00:00,         6.766126
08/27/2009 08:00:00,         5.727024
08/27/2009 09:00:00,         4.828107
08/27/2009 10:00:00,         4.405898
08/27/2009 11:00:00,         4.115217
08/27/2009 12:00:00,         3.956536
08/27/2009 13:00:00,         3.910495
08/27/2009 14:00:00,         4.460403
08/27/2009 15:00:00,         4.597240
08/27/2009 16:00:00,         4.287190
08/27/2009 17:00:00,         4.630230
08/27/2009 18:00:00,         5.507741
08/27/2009 19:00:00,         5.550202
08/27/2009 20:00:00,         5.536653
08/27/2009 21:00:00,         6.073345
08/27/2009 22:00:00,         6.627123
08/27/2009 23:00:00,         7.393680
08/28/2009 00:00:00,         8.297673
08/28/2009 01:00:00,        24.538581
08/28/2009 02:00:00,        25.188316
08/28/2009 03:00:00,        26.003648
08/28/2009 04:00:00,        27.813388
08/28/2009 05:00:00,        29.992580
08/28/2009 06:00:00,        31.663618
08/28/2009 07:00:00,        32.484300
08/28/2009 08:00:00,        33.068665
08/28/2009 09:00:00,        33.598621
08/28/2009 10:00:00,        33.187112
08/28/2009 11:00:00,        33.825524
08/28/2009 12:00:00,        35.338496
08/28/2009 13:00:00,        36.109836
08/28/2009 14:00:00,        36.115520
08/28/2009 15:00:00,        33.450156
08/28/2009 16:00:00,        31.507643
08/28/2009 17:00:00,        32.325428
08/28/2009 18:00:00,        34.359550
08/28/2009 19:00:00,        34.290686
08/28/2009 20:00:00,        35.487330
08/28/2009 21:00:00,        36.020474
08/28/2009 22:00:00,        36.808671
08/28/2009 23:00:00,        38.167001
08/29/2009 00:00:00,        39.166599
08/29/2009 01:00:00,        79.375429
08/29/2009 02:00:00,        74.623867
08/29/2009 03:00:00,        68.677387
08/29/2009 04:00:00,        63.120099
08/29/2009 05:00:00,        57.621030
08/29/2009 06:00:00,        52.520565
08/29/2009 07:00:00,        48.465313
08/29/2009 08:00:00,        43.338882
08/29/2009 09:00:00,        38.584165
08/29/2009 10:00:00,        34.142818
08/29/2009 11:00:00,        30.587728
08/29/2009 12:00:00,        27.805081
08/29/2009 13:00:00,        25.353494
08/29/2009 14:00:00,        23.293723
08/29/2009 15:00:00,        23.748320
08/29/2009 16:00:00,        24.627588
08/29/2009 17:00:00,        25.786164
08/29/2009 18:00:00,        28.874063
08/29/2009 19:00:00,        30.947973
08/29/2009 20:00:00,        34.140893
08/29/2009 21:00:00,        34.596180
08/29/2009 22:00:00,        35.672262
08/29/2009 23:00:00,        36.014366
08/30/2009 00:00:00,        35.069695
08/30/2009 01:00:00,        25.965603
08/30/2009 02:00:00,        27.326888
08/30/2009 03:00:00,        28.809928
08/30/2009 04:00:00,        29.317210
08/30/2009 05:00:00,        32.506493
08/30/2009 06:00:00,        33.956746
08/30/2009 07:00:00,        35.683858
08/30/2009 08:00:00,        38.264037
08/30/2009 09:00:00,        41.083230
08/30/2009 10:00:00,        43.402144
08/30/2009 11:00:00,        47.082403
08/30/2009 12:00:00,        51.440732
08/30/2009 13:00:00,        55.108373
08/30/2009 14:00:00,        59.091496
08/30/2009 15:00:00,        60.584153
08/30/2009 16:00:00,        63.117311
08/30/2009 17:00:00,        66.476941
08/30/2009 18:00:00,        67.257982
08/30/2009 19:00:00,        69.108303
08/30/2009 20:00:00,        70.388445
08/30/2009 21:00:00,        70.207041
08/30/2009 22:00:00,        71.131153
08/30/2009 23:00:00,        71.849277
08/31/2009 00:00:00,        72.744622
08/31/2009 01:00:00,        31.657225
08/31/2009 02:00:00,        31.109962
08/31/2009 03:00:00,        28.210538
08/31/2009 04:00:00,        25.833263
08/31/2009 05:00:00,        23.311228
08/31/2009 06:00:00,        21.632020
08/31/2009 07:00:00,        19.834078
08/31/2009 08:00:00,        16.375894
08/31/2009 09:00:00,        13.901571
08/31/2009 10:00:00,        10.829321
08/31/2009 11:00:00,         7.985695
08/31/2009 12:00:00,         6.318089
08/31/2009 13:00:00,         5.304605
08/31/2009 14:00:00,         4.730225
08/31/2009 15:00:00,         4.297543
08/31/2009 16:00:00,         3.997285
08/31/2009 17:00:00,         3.805351
08/31/2009 18:00:00,         3.764883
08/31/2009 19:00:00,         3.667621
08/31/2009 20:00:00,         3.701823
08/31/2009 21:00:00,         3.803780
08/31/2009 22:00:00,         3.701604
08/31/2009 23:00:00,         3.355089
09/01/2009 00:00:00,         0.547611
09/01/2009 01:00:00,         0.469689
09/01/2009 02:00:00,         0.408798
09/01/2009 03:00:00,         0.352173
09/01/2009 04:00:00,         0.353637
09/01/2009 05:00:00,         0.349929
09/01/2009 06:00:00,         0.469764
09/01/2009 07:00:00,         0.522656
09/01/2009 08:00:00,         0.570286
09/01/2009 09:00:00,         0.767871
09/01/2009 10:00:00,         1.095462
09/01/2009 11:00:00,         1.255469
09/01/2009 12:00:00,         1.377475
09/01/2009 13:00:00,         1.648359
09/01/2009 14:00:00,         1.912935
09/01/2009 15:00:00,         2.002155
09/01/2009 16:00:00,         2.009048
09/01/2009 17:00:00,         2.125680
09/01/2009 18:00:00,         2.110536
09/01/2009 19:00:00,         2.012789
09/01/2009 20:00:00,         2.070766
09/01/2009 21:00:00,         2.191538
09/01/2009 22:00:00,         2.148908
09/01/2009 23:00:00,         1.952399
09/02/2009 00:00:00,         1.894598
09/02/2009 01:00:00,         2.671986
09/02/2009 02:00:00,         2.732635
09/02/2009 03:00:00,         2.901265
09/02/2009 04:00:00,         2.981432
09/02/2009 05:00:00,         3.158617
09/02/2009 06:00:00,         3.217837
09/02/2009 07:00:00,         3.153500
09/02/2009 08:00:00,         3.123777
09/02/2009 09:00:00,         2.983275
09/02/2009 10:00:00,         2.746008
09/02/2009 11:00:00,         2.462285
09/02/2009 12:00:00,         2.361028
09/02/2009 13:00:00,         2.328440
09/02/2009 14:00:00,         2.336894
09/02/2009 15:00:00,         2.192513
09/02/2009 16:00:00,         1.844712
09/02/2009 17:00:00,         1.608894
09/02/2009 18:00:00,         1.313703
09/02/2009 19:00:00,         1.051557
09/02/2009 20:00:00,         0.871624
09/02/2009 21:00:00,         0.904930
09/02/2009 22:00:00,         0.867947
09/02/2009 23:00:00,         0.964126
09/03/2009 00:00:00,         1.101511
09/03/2009 01:00:00,         0.546643
09/03/2009 02:00:00,         0.593895
09/03/2009 03:00:00,         0.658266
09/03/2009 04:00:00,         0.745008
09/03/2009 05:00:00,         1.022254
09/03/2009 06:00:00,         1.225348
09/03/2009 07:00:00,         1.271622
09/03/2009 08:00:00,         1.259068
09/03/2009 09:00:00,         1.195775
09/03/2009 10:00:00,         1.223681
09/03/2009 11:00:00,         1.137871
09/03/2009 12:00:00,         1.094753
09/03/2009 13:00:00,         1.163356
09/03/2009 14:00:00,         1.397433
09/03/2009 15:00:00,         1.355101
09/03/2009 16:00:00,         1.157628
09/03/2009 17:00:00,         1.102590
09/03/2009 18:00:00,         1.050576
09/03/2009 19:00:00,         1.066576
09/03/2009 20:00:00,         1.138841
09/03/2009 21:00:00,         1.223923
09/03/2009 22:00:00,         1.270801
09/03/2009 23:00:00,         1.284539
09/04/2009 00:00:00,         1.209239
09/04/2009 01:00:00,         0.098354
09/04/2009 02:00:00,         0.096525
09/04/2009 03:00:00,         0.055835
09/04/2009 04:00:00,         0.039514
09/04/2009 05:00:00,         0.039573
09/04/2009 06:00:00,         0.042674
09/04/2009 07:00:00,         0.048267
09/04/2009 08:00:00,         0.094182
09/04/2009 09:00:00,         0.189269
09/04/2009 10:00:00,         0.306165
09/04/2009 11:00:00,         0.388073
09/04/2009 12:00:00,         0.506941
09/04/2009 13:00:00,         0.652458
09/04/2009 14:00:00,         0.814434
09/04/2009 15:00:00,         1.015671
09/04/2009 16:00:00,         1.210412
09/04/2009 17:00:00,         1.265335
09/04/2009 18:00:00,         1.133736
09/04/2009 19:00:00,         1.041065
09/04/2009 20:00:00,         1.065162
09/04/2009 21:00:00,         1.202983
09/04/2009 22:00:00,         1.205325
09/04/2009 23:00:00,         1.120918
09/05/2009 00:00:00,         0.952208
09/05/2009 01:00:00,         0.277859
09/05/2009 02:00:00,         0.240832
09/05/2009 03:00:00,         0.206455
09/05/2009 04:00:00,         0.228539
09/05/2009 05:00:00,         0.138898
09/05/2009 06:00:00,         0.100361
09/05/2009 07:00:00,         0.076802
09/05/2009 08:00:00,         0.073004
09/05/2009 09:00:00,         0.062423
09/05/2009 10:00:00,         0.038200
09/05/2009 11:00:00,         0.051516
09/05/2009 12:00:00,         0.159606
09/05/2009 13:00:00,         0.316534
09/05/2009 14:00:00,         0.762594
09/05/2009 15:00:00,         1.232709
09/05/2009 16:00:00,         1.413763
09/05/2009 17:00:00,         1.437280
09/05/2009 18:00:00,         1.619959
09/05/2009 19:00:00,         1.765788
09/05/2009 20:00:00,         1.973215
09/05/2009 21:00:00,         2.051576
09/05/2009 22:00:00,         2.341717
09/05/2009 23:00:00,         2.592318
09/06/2009 00:00:00,         2.800237
09/06/2009 01:00:00,        15.200352
09/06/2009 02:00:00,        16.079061
09/06/2009 03:00:00,        16.601801
09/06/2009 04:00:00,        16.411062
09/06/2009 05:00:00,        16.810227
09/06/2009 06:00:00,        17.811185
09/06/2009 07:00:00,        17.169486
09/06/2009 08:00:00,        16.963500
09/06/2009 09:00:00,        16.864298
09/06/2009 10:00:00,        16.514367
09/06/2009 11:00:00,        15.683959
09/06/2009 12:00:00,        13.448284
09/06/2009 13:00:00,        11.269615
09/06/2009 14:00:00,         9.536786
09/06/2009 15:00:00,         7.912579
09/06/2009 16:00:00,         6.385813
09/06/2009 17:00:00,         5.242399
09/06/2009 18:00:00,         3.696938
09/06/2009 19:00:00,         1.578655
09/06/2009 20:00:00,         0.872964
09/06/2009 21:00:00,         1.046860
09/06/2009 22:00:00,         1.077888
09/06/2009 23:00:00,         1.776392
09/07/2009 00:00:00,         2.145326
09/07/2009 01:00:00,        35.405005
09/07/2009 02:00:00,        33.000052
09/07/2009 03:00:00,        31.320785
09/07/2009 04:00:00,        29.701790
09/07/2009 05:00:00,        27.180859
09/07/2009 06:00:00,        25.943717
09/07/2009 07:00:00,        24.899235
09/07/2009 08:00:00,        23.125482
09/07/2009 09:00:00,        22.259313
09/07/2009 10:00:00,        17.836311
09/07/2009 11:00:00,        13.662802
09/07/2009 12:00:00,         9.577605
09/07/2009 13:00:00,         5.769900
09/07/2009 14:00:00,         3.746969
09/07/2009 15:00:00,         2.602776
09/07/2009 16:00:00,         1.404339
09/07/2009 17:00:00,         1.139386
09/07/2009 18:00:00,         1.554107
09/07/2009 19:00:00,         1.741372
09/07/2009 20:00:00,         1.903593
09/07/2009 21:00:00,         1.556957
09/07/2009 22:00:00,         1.791480
09/07/2009 23:00:00,         1.958052
09/08/2009 00:00:00,         2.008240
09/08/2009 01:00:00,        13.497105
09/08/2009 02:00:00,        13.072826
09/08/2009 03:00:00,        12.447687
09/08/2009 04:00:00,        12.017044
09/08/2009 05:00:00,        12.160788
09/08/2009 06:00:00,        12.652248
09/08/2009 07:00:00,        12.696231
09/08/2009 08:00:00,        11.572001
09/08/2009 09:00:00,        10.229067
09/08/2009 10:00:00,         9.695313
09/08/2009 11:00:00,         9.572786
09/08/2009 12:00:00,         9.525441
09/08/2009 13:00:00,        10.566976
09/08/2009 14:00:00,        10.584659
09/08/2009 15:00:00,        10.857605
09/08/2009 16:00:00,        10.934408
09/08/2009 17:00:00,        12.022194
09/08/2009 18:00:00,        14.156267
09/08/2009 19:00:00,        14.185582
09/08/2009 20:00:00,        14.593645
09/08/2009 21:00:00,        15.747114
09/08/2009 22:00:00,        17.039731
09/08/2009 23:00:00,        18.506922
09/09/2009 00:00:00,        20.278336
09/09/2009 01:00:00,        28.020474
09/09/2009 02:00:00,        26.189391
09/09/2009 03:00:00,        25.214112
09/09/2009 04:00:00,        24.421930
09/09/2009 05:00:00,        24.783808
09/09/2009 06:00:00,        26.573744
09/09/2009 07:00:00,        26.090008
09/09/2009 08:00:00,        22.663566
09/09/2009 09:00:00,        19.838415
09/09/2009 10:00:00,        17.224091
09/09/2009 11:00:00,        15.604952
09/09/2009 12:00:00,        14.762113
09/09/2009 13:00:00,        14.696038
09/09/2009 14:00:00,        12.878498
09/09/2009 15:00:00,        11.275529
09/09/2009 16:00:00,        10.309095
09/09/2009 17:00:00,         9.496741
09/09/2009 18:00:00,         7.714364
09/09/2009 19:00:00,         5.000494
09/09/2009 20:00:00,         4.140739
09/09/2009 21:00:00,         4.170077
09/09/2009 22:00:00,         4.454532
09/09/2009 23:00:00,         4.025607
09/10/2009 00:00:00,         4.052975
09/10/2009 01:00:00,        51.797245
09/10/2009 02:00:00,        52.062979
09/10/2009 03:00:00,        52.226543
09/10/2009 04:00:00,        52.629920
09/10/2009 05:00:00,        54.387000
09/10/2009 06:00:00,        53.447976
09/10/2009 07:00:00,        52.284589
09/10/2009 08:00:00,        51.234788
09/10/2009 09:00:00,        46.933825
09/10/2009 10:00:00,        41.750082
09/10/2009 11:00:00,        36.379418
09/10/2009 12:00:00,        30.945755
09/10/2009 13:00:00,        26.634286
09/10/2009 14:00:00,        23.294869
09/10/2009 15:00:00,        19.034077
09/10/2009 16:00:00,        13.801949
09/10/2009 17:00:00,         9.481428
09/10/2009 18:00:00,         6.205521
09/10/2009 19:00:00,         3.572192
09/10/2009 20:00:00,         2.218567
09/10/2009 21:00:00,         2.481972
09/10/2009 22:00:00,         2.926294
09/10/2009 23:00:00,         3.803083
09/11/2009 00:00:00,         4.503524
09/11/2009 01:00:00,        38.791115
09/11/2009 02:00:00,        37.720584
09/11/2009 03:00:00,        37.326016
09/11/2009 04:00:00,        39.826196
09/11/2009 05:00:00,        41.432337
09/11/2009 06:00:00,        40.395098
09/11/2009 07:00:00,        37.714730
09/11/2009 08:00:00,        37.076274
09/11/2009 09:00:00,        36.056691
09/11/2009 10:00:00,        30.633295
09/11/2009 11:00:00,        25.124743
09/11/2009 12:00:00,        20.548603
09/11/2009 13:00:00,        16.915919
09/11/2009 14:00:00,        14.441800
09/11/2009 15:00:00,        12.478572
09/11/2009 16:00:00,        10.313033
09/11/2009 17:00:00,         7.712479
09/11/2009 18:00:00,         6.467046
09/11/2009 19:00:00,         4.979178
09/11/2009 20:00:00,         5.264410
09/11/2009 21:00:00,         5.818048
09/11/2009 22:00:00,         6.449480
09/11/2009 23:00:00,         7.294886
09/12/2009 00:00:00,         8.468862
09/12/2009 01:00:00,         5.586804
09/12/2009 02:00:00,         5.018352
09/12/2009 03:00:00,         4.495850
09/12/2009 04:00:00,         4.554862
09/12/2009 05:00:00,         4.102394
09/12/2009 06:00:00,         3.578532
09/12/2009 07:00:00,         3.086947
09/12/2009 08:00:00,         2.797343
09/12/2009 09:00:00,         2.793931
09/12/2009 10:00:00,         1.050514
09/12/2009 11:00:00,         1.015426
09/12/2009 12:00:00,         1.202536
09/12/2009 13:00:00,         1.723954
09/12/2009 14:00:00,         2.262777
09/12/2009 15:00:00,         2.896970
09/12/2009 16:00:00,         3.671254
09/12/2009 17:00:00,         4.266081
09/12/2009 18:00:00,         4.912154
09/12/2009 19:00:00,         5.390883
09/12/2009 20:00:00,         5.800806
09/12/2009 21:00:00,         6.255309
09/12/2009 22:00:00,         6.840260
09/12/2009 23:00:00,         7.423138
09/13/2009 00:00:00,         7.905620
09/13/2009 01:00:00,         5.474881
09/13/2009 02:00:00,         6.797325
09/13/2009 03:00:00,         8.159365
09/13/2009 04:00:00,         8.813816
09/13/2009 05:00:00,         8.932207
09/13/2009 06:00:00,         9.593946
09/13/2009 07:00:00,        10.017565
09/13/2009 08:00:00,        10.013178
09/13/2009 09:00:00,        10.234520
09/13/2009 10:00:00,        11.211800
09/13/2009 11:00:00,        11.029108
09/13/2009 12:00:00,        11.159791
09/13/2009 13:00:00,        11.909417
09/13/2009 14:00:00,        11.138478
09/13/2009 15:00:00,         9.457703
09/13/2009 16:00:00,         8.035056
09/13/2009 17:00:00,         6.886336
09/13/2009 18:00:00,         6.177888
09/13/2009 19:00:00,         5.418305
09/13/2009 20:00:00,         4.969288
09/13/2009 21:00:00,         4.885254
09/13/2009 22:00:00,         4.736952
09/13/2009 23:00:00,         4.399760
09/14/2009 00:00:00,         4.089574
09/14/2009 01:00:00,         2.018431
09/14/2009 02:00:00,         2.784481
09/14/2009 03:00:00,         3.625743
09/14/2009 04:00:00,         4.161272
09/14/2009 05:00:00,         4.564327
09/14/2009 06:00:00,         5.336074
09/14/2009 07:00:00,         6.233050
09/14/2009 08:00:00,         7.356364
09/14/2009 09:00:00,         8.176696
09/14/2009 10:00:00,         8.812692
09/14/2009 11:00:00,         9.550869
09/14/2009 12:00:00,        10.878463
09/14/2009 13:00:00,        11.667124
09/14/2009 14:00:00,        11.965530
09/14/2009 15:00:00,        11.916441
09/14/2009 16:00:00,        11.242270
09/14/2009 17:00:00,        10.619988
09/14/2009 18:00:00,        10.104531
09/14/2009 19:00:00,         9.574132
09/14/2009 20:00:00,         8.545324
09/14/2009 21:00:00,         7.688106
09/14/2009 22:00:00,         7.205288
09/14/2009 23:00:00,         7.233492
09/15/2009 00:00:00,         7.367765
09/15/2009 01:00:00,        13.636047
09/15/2009 02:00:00,        12.994269
09/15/2009 03:00:00,        12.396800
09/15/2009 04:00:00,        11.426448
09/15/2009 05:00:00,        10.867347
09/15/2009 06:00:00,        11.128463
09/15/2009 07:00:00,        11.010076
09/15/2009 08:00:00,        10.349153
09/15/2009 09:00:00,         8.692040
09/15/2009 10:00:00,         8.139412
09/15/2009 11:00:00,         8.949189
09/15/2009 12:00:00,        10.238163
09/15/2009 13:00:00,        12.182643
09/15/2009 14:00:00,        14.449489
09/15/2009 15:00:00,        16.410421
09/15/2009 16:00:00,        18.990180
09/15/2009 17:00:00,        22.226726
09/15/2009 18:00:00,        26.260124
09/15/2009 19:00:00,        27.677391
09/15/2009 20:00:00,        29.525402
09/15/2009 21:00:00,        32.311086
09/15/2009 22:00:00,        35.438281
09/15/2009 23:00:00,        38.631640
09/16/2009 00:00:00,        41.310180
09/16/2009 01:00:00,        62.086874
09/16/2009 02:00:00,        61.365513
09/16/2009 03:00:00,        59.419014
09/16/2009 04:00:00,        58.769779
09/16/2009 05:00:00,        57.807405
09/16/2009 06:00:00,        55.740903
09/16/2009 07:00:00,        52.739427
09/16/2009 08:00:00,        49.378403
09/16/2009 09:00:00,        45.646735
09/16/2009 10:00:00,        40.192848
09/16/2009 11:00:00,        35.407413
09/16/2009 12:00:00,        31.014688
09/16/2009 13:00:00,        27.845142
09/16/2009 14:00:00,        24.550189
09/16/2009 15:00:00,        21.116168
09/16/2009 16:00:00,        19.281311
09/16/2009 17:00:00,        18.663013
09/16/2009 18:00:00,        19.421014
09/16/2009 19:00:00,        18.937649
09/16/2009 20:00:00,        19.344181
09/16/2009 21:00:00,        19.987700
09/16/2009 22:00:00,        20.673925
09/16/2009 23:00:00,        22.191887
09/17/2009 00:00:00,        24.028777
09/17/2009 01:00:00,        15.049728
09/17/2009 02:00:00,        14.064878
09/17/2009 03:00:00,        13.489529
09/17/2009 04:00:00,        13.422795
09/17/2009 05:00:00,        13.438513
09/17/2009 06:00:00,        12.889778
09/17/2009 07:00:00,        12.817271
09/17/2009 08:00:00,        10.015429
09/17/2009 09:00:00,         8.307645
09/17/2009 10:00:00,         6.617099
09/17/2009 11:00:00,         5.192928
09/17/2009 12:00:00,         4.211013
09/17/2009 13:00:00,         3.655521
09/17/2009 14:00:00,         3.397359
09/17/2009 15:00:00,         3.182784
09/17/2009 16:00:00,         2.853754
09/17/2009 17:00:00,         2.512857
09/17/2009 18:00:00,         1.711900
09/17/2009 19:00:00,         1.537933
09/17/2009 20:00:00,         1.580437
09/17/2009 21:00:00,         1.825359
09/17/2009 22:00:00,         2.158012
09/17/2009 23:00:00,         2.584460
09/18/2009 00:00:00,         3.061545
09/18/2009 01:00:00,        15.519684
09/18/2009 02:00:00,        16.678443
09/18/2009 03:00:00,        17.413085
09/18/2009 04:00:00,        17.564000
09/18/2009 05:00:00,        18.060778
09/18/2009 06:00:00,        18.773014
09/18/2009 07:00:00,        19.684355
09/18/2009 08:00:00,        21.866144
09/18/2009 09:00:00,        23.699656
09/18/2009 10:00:00,        25.119668
09/18/2009 11:00:00,        25.983109
09/18/2009 12:00:00,        27.892649
09/18/2009 13:00:00,        30.462419
09/18/2009 14:00:00,        32.744978
09/18/2009 15:00:00,        34.064336
09/18/2009 16:00:00,        35.884886
09/18/2009 17:00:00,        37.134950
09/18/2009 18:00:00,        39.025057
09/18/2009 19:00:00,        40.597090
09/18/2009 20:00:00,        42.272611
09/18/2009 21:00:00,        43.541709
09/18/2009 22:00:00,        44.599124
09/18/2009 23:00:00,        45.407627
09/19/2009 00:00:00,        46.110017
09/19/2009 01:00:00,        33.691291
09/19/2009 02:00:00,        33.339230
09/19/2009 03:00:00,        32.249420
09/19/2009 04:00:00,        31.260725
09/19/2009 05:00:00,        29.333596
09/19/2009 06:00:00,        28.024661
09/19/2009 07:00:00,        26.862316
09/19/2009 08:00:00,        24.470938
09/19/2009 09:00:00,        22.246162
09/19/2009 10:00:00,        19.637275
09/19/2009 11:00:00,        16.902051
09/19/2009 12:00:00,        14.255218
09/19/2009 13:00:00,        11.940026
09/19/2009 14:00:00,        10.351263
09/19/2009 15:00:00,         7.576393
09/19/2009 16:00:00,         5.661334
09/19/2009 17:00:00,         4.113265
09/19/2009 18:00:00,         3.176438
09/19/2009 19:00:00,         2.381133
09/19/2009 20:00:00,         1.712591
09/19/2009 21:00:00,         1.476144
09/19/2009 22:00:00,         1.257040
09/19/2009 23:00:00,         1.270314
09/20/2009 00:00:00,         1.304070
09/20/2009 01:00:00,         1.827730
09/20/2009 02:00:00,         3.209769
09/20/2009 03:00:00,         3.604820
09/20/2009 04:00:00,         3.618874
09/20/2009 05:00:00,         3.471188
09/20/2009 06:00:00,         3.367110
09/20/2009 07:00:00,         3.299908
09/20/2009 08:00:00,         3.426941
09/20/2009 09:00:00,         3.755643
09/20/2009 10:00:00,         3.687971
09/20/2009 11:00:00,         3.738118
09/20/2009 12:00:00,         3.699631
09/20/2009 13:00:00,         3.647999
09/20/2009 14:00:00,         2.893126
09/20/2009 15:00:00,         1.572585
09/20/2009 16:00:00,         0.967477
09/20/2009 17:00:00,         0.960966
09/20/2009 18:00:00,         1.292865
09/20/2009 19:00:00,         1.552561
09/20/2009 20:00:00,         2.179392
09/20/2009 21:00:00,         3.256747
09/20/2009 22:00:00,         4.520358
09/20/2009 23:00:00,         5.872018
09/21/2009 00:00:00,         7.329417
09/21/2009 01:00:00,        57.829190
09/21/2009 02:00:00,        62.046195
09/21/2009 03:00:00,        66.387136
09/21/2009 04:00:00,        70.592965
09/21/2009 05:00:00,        74.230142
09/21/2009 06:00:00,        76.638155
09/21/2009 07:00:00,        79.101369
09/21/2009 08:00:00,        85.438027
09/21/2009 09:00:00,        89.620506
09/21/2009 10:00:00,        90.261567
09/21/2009 11:00:00,        90.529433
09/21/2009 12:00:00,        91.125511
09/21/2009 13:00:00,        89.978132
09/21/2009 14:00:00,        88.876200
09/21/2009 15:00:00,        87.485403
09/21/2009 16:00:00,        85.887025
09/21/2009 17:00:00,        83.101449
09/21/2009 18:00:00,        80.855852
09/21/2009 19:00:00,        79.994000
09/21/2009 20:00:00,        78.978247
09/21/2009 21:00:00,        77.885501
09/21/2009 22:00:00,        76.527168
09/21/2009 23:00:00,        76.942984
09/22/2009 00:00:00,        75.906900
09/22/2009 01:00:00,        82.786922
09/22/2009 02:00:00,        79.275104
09/22/2009 03:00:00,        73.687498
09/22/2009 04:00:00,        67.665266
09/22/2009 05:00:00,        61.979151
09/22/2009 06:00:00,        56.892121
09/22/2009 07:00:00,        52.886239
09/22/2009 08:00:00,        46.428157
09/22/2009 09:00:00,        39.227453
09/22/2009 10:00:00,        32.162836
09/22/2009 11:00:00,        25.615542
09/22/2009 12:00:00,        19.360467
09/22/2009 13:00:00,        13.117095
09/22/2009 14:00:00,         7.551508
09/22/2009 15:00:00,         4.119707
09/22/2009 16:00:00,         2.573667
09/22/2009 17:00:00,         2.083608
09/22/2009 18:00:00,         2.157090
09/22/2009 19:00:00,         2.439346
09/22/2009 20:00:00,         3.057552
09/22/2009 21:00:00,         4.062896
09/22/2009 22:00:00,         5.197685
09/22/2009 23:00:00,         6.584555
09/23/2009 00:00:00,         7.662859
09/23/2009 01:00:00,         8.780428
09/23/2009 02:00:00,        10.024013
09/23/2009 03:00:00,        11.648711
09/23/2009 04:00:00,        13.078384
09/23/2009 05:00:00,        13.476355
09/23/2009 06:00:00,        13.608176
09/23/2009 07:00:00,        13.790977
09/23/2009 08:00:00,        13.772254
09/23/2009 09:00:00,        13.781648
09/23/2009 10:00:00,        13.692976
09/23/2009 11:00:00,        11.011295
09/23/2009 12:00:00,        11.735666
09/23/2009 13:00:00,         9.569520
09/23/2009 14:00:00,        12.064903
09/23/2009 15:00:00,        10.545325
09/23/2009 16:00:00,         9.350354
09/23/2009 17:00:00,         7.903774
09/23/2009 18:00:00,         6.868794
09/23/2009 19:00:00,         6.451723
09/23/2009 20:00:00,         6.301133
09/23/2009 21:00:00,         5.845916
09/23/2009 22:00:00,         5.346850
09/23/2009 23:00:00,         5.718208
09/24/2009 00:00:00,         5.760194
09/24/2009 01:00:00,         8.401691
09/24/2009 02:00:00,         8.033277
09/24/2009 03:00:00,         7.910747
09/24/2009 04:00:00,         8.155768
09/24/2009 05:00:00,         8.154299
09/24/2009 06:00:00,         8.830431
09/24/2009 07:00:00,         9.503412
09/24/2009 08:00:00,         9.001387
09/24/2009 09:00:00,         7.465782
09/24/2009 10:00:00,         6.948057
09/24/2009 11:00:00,         6.910210
09/24/2009 12:00:00,         6.914744
09/24/2009 13:00:00,         7.087259
09/24/2009 14:00:00,         7.207936
09/24/2009 15:00:00,         7.272288
09/24/2009 16:00:00,         7.203712
09/24/2009 17:00:00,         7.106698
09/24/2009 18:00:00,         7.185151
09/24/2009 19:00:00,         6.801067
09/24/2009 20:00:00,         6.515047
09/24/2009 21:00:00,         6.764239
09/24/2009 22:00:00,         7.351921
09/24/2009 23:00:00,         7.904667
09/25/2009 00:00:00,         8.103466
09/25/2009 01:00:00,         6.228843
09/25/2009 02:00:00,         6.805463
09/25/2009 03:00:00,         7.552536
09/25/2009 04:00:00,         8.151453
09/25/2009 05:00:00,         9.789541
09/25/2009 06:00:00,        11.240698
09/25/2009 07:00:00,        12.000932
09/25/2009 08:00:00,        12.961658
09/25/2009 09:00:00,        13.666832
09/25/2009 10:00:00,        12.937628
09/25/2009 11:00:00,        11.222291
09/25/2009 12:00:00,        10.383512
09/25/2009 13:00:00,         9.634935
09/25/2009 14:00:00,         8.429254
09/25/2009 15:00:00,         7.321771
09/25/2009 16:00:00,         6.369464
09/25/2009 17:00:00,         5.926194
09/25/2009 18:00:00,         6.990464
09/25/2009 19:00:00,         6.497864
09/25/2009 20:00:00,         6.069202
09/25/2009 21:00:00,         6.106005
09/25/2009 22:00:00,         6.465172
09/25/2009 23:00:00,         7.266584
09/26/2009 00:00:00,         8.502012
09/26/2009 01:00:00,        73.332925
09/26/2009 02:00:00,        74.413165
09/26/2009 03:00:00,        75.570666
09/26/2009 04:00:00,        76.545710
09/26/2009 05:00:00,        77.306732
09/26/2009 06:00:00,        77.961942
09/26/2009 07:00:00,        76.680302
09/26/2009 08:00:00,        75.339404
09/26/2009 09:00:00,        73.130149
09/26/2009 10:00:00,        69.317581
09/26/2009 11:00:00,        64.184129
09/26/2009 12:00:00,        59.113667
09/26/2009 13:00:00,        53.413692
09/26/2009 14:00:00,        47.573429
09/26/2009 15:00:00,        41.884903
09/26/2009 16:00:00,        36.358053
09/26/2009 17:00:00,        31.153208
09/26/2009 18:00:00,        26.936033
09/26/2009 19:00:00,        23.059754
09/26/2009 20:00:00,        19.671891
09/26/2009 21:00:00,        18.462734
09/26/2009 22:00:00,        17.720906
09/26/2009 23:00:00,        17.290799
09/27/2009 00:00:00,        17.445212
09/27/2009 01:00:00,         1.908037
09/27/2009 02:00:00,         1.852098
09/27/2009 03:00:00,         2.203000
09/27/2009 04:00:00,         3.216222
09/27/2009 05:00:00,         3.701013
09/27/2009 06:00:00,         4.052800
09/27/2009 07:00:00,         4.164867
09/27/2009 08:00:00,         5.235909
09/27/2009 09:00:00,         6.344150
09/27/2009 10:00:00,         7.836278
09/27/2009 11:00:00,        10.491174
09/27/2009 12:00:00,        13.452529
09/27/2009 13:00:00,        16.553754
09/27/2009 14:00:00,        19.124566
09/27/2009 15:00:00,        22.265077
09/27/2009 16:00:00,        23.405806
09/27/2009 17:00:00,        25.853387
09/27/2009 18:00:00,        30.113813
09/27/2009 19:00:00,        32.334447
09/27/2009 20:00:00,        34.814457
09/27/2009 21:00:00,        37.500250
09/27/2009 22:00:00,        40.159877
09/27/2009 23:00:00,        43.293313
09/28/2009 00:00:00,        45.316719
09/28/2009 01:00:00,        80.641824
09/28/2009 02:00:00,        79.970419
09/28/2009 03:00:00,        81.315434
09/28/2009 04:00:00,        84.228067
09/28/2009 05:00:00,        84.885969
09/28/2009 06:00:00,        86.683507
09/28/2009 07:00:00,        87.520665
09/28/2009 08:00:00,        89.088699
09/28/2009 09:00:00,        89.543056
09/28/2009 10:00:00,        89.612956
09/28/2009 11:00:00,        90.873995
09/28/2009 12:00:00,        91.059974
09/28/2009 13:00:00,        89.589954
09/28/2009 14:00:00,        91.517224
09/28/2009 15:00:00,        91.300096
09/28/2009 16:00:00,        92.984758
09/28/2009 17:00:00,        93.080820
09/28/2009 18:00:00,        93.114737
09/28/2009 19:00:00,        91.747241
09/28/2009 20:00:00,        93.293725
09/28/2009 21:00:00,        93.523265
09/28/2009 22:00:00,        93.048882
09/28/2009 23:00:00,        93.166901
09/29/2009 00:00:00,        92.641413
09/29/2009 01:00:00,        86.110287
09/29/2009 02:00:00,        85.898057
09/29/2009 03:00:00,        80.562593
09/29/2009 04:00:00,        80.187258
09/29/2009 05:00:00,        81.042583
09/29/2009 06:00:00,        82.258534
09/29/2009 07:00:00,        82.584131
09/29/2009 08:00:00,        81.821949
09/29/2009 09:00:00,        82.025512
09/29/2009 10:00:00,        80.294246
09/29/2009 11:00:00,        83.901761
09/29/2009 12:00:00,        84.020769
09/29/2009 13:00:00,        86.736451
09/29/2009 14:00:00,        89.158155
09/29/2009 15:00:00,        90.240491
09/29/2009 16:00:00,        94.109803
09/29/2009 17:00:00,        95.552200
09/29/2009 18:00:00,        95.598061
09/29/2009 19:00:00,        95.664922
09/29/2009 20:00:00,        95.342985
09/29/2009 21:00:00,        95.042418
09/29/2009 22:00:00,        94.766741
09/29/2009 23:00:00,        94.394805
09/30/2009 00:00:00,        93.916700
09/30/2009 01:00:00,        85.529415
09/30/2009 02:00:00,        83.197787
09/30/2009 03:00:00,        81.168031
09/30/2009 04:00:00,        80.201224
09/30/2009 05:00:00,        79.908848
09/30/2009 06:00:00,        79.096487
09/30/2009 07:00:00,        78.378769
09/30/2009 08:00:00,        76.214542
09/30/2009 09:00:00,        74.987566
09/30/2009 10:00:00,        72.283072
09/30/2009 11:00:00,        70.286718
09/30/2009 12:00:00,        69.561670
09/30/2009 13:00:00,        69.158953
09/30/2009 14:00:00,        68.434438
09/30/2009 15:00:00,        67.654949
09/30/2009 16:00:00,        67.678906
09/30/2009 17:00:00,        67.591171
09/30/2009 18:00:00,        68.030313
09/30/2009 19:00:00,        65.654955
09/30/2009 20:00:00,        64.558196
09/30/2009 21:00:00,        64.363787
09/30/2009 22:00:00,        62.711040
09/30/2009 23:00:00,        62.495107
10/01/2009 00:00:00,        29.035638
10/01/2009 01:00:00,        26.868530
10/01/2009 02:00:00,        24.076260
10/01/2009 03:00:00,        21.124458
10/01/2009 04:00:00,        19.279646
10/01/2009 05:00:00,        18.140853
10/01/2009 06:00:00,        17.050098
10/01/2009 07:00:00,        14.293520
10/01/2009 08:00:00,        11.769450
10/01/2009 09:00:00,         9.740346
10/01/2009 10:00:00,         8.584678
10/01/2009 11:00:00,         7.482733
10/01/2009 12:00:00,         6.507670
10/01/2009 13:00:00,         6.067443
10/01/2009 14:00:00,         5.810323
10/01/2009 15:00:00,         5.590083
10/01/2009 16:00:00,         5.173869
10/01/2009 17:00:00,         5.201566
10/01/2009 18:00:00,         4.911372
10/01/2009 19:00:00,         4.612782
10/01/2009 20:00:00,         4.380401
10/01/2009 21:00:00,         4.193551
10/01/2009 22:00:00,         3.781830
10/01/2009 23:00:00,         2.678411
10/02/2009 00:00:00,         2.332501
10/02/2009 01:00:00,         6.332341
10/02/2009 02:00:00,         7.726574
10/02/2009 03:00:00,         9.011416
10/02/2009 04:00:00,        11.321800
10/02/2009 05:00:00,        14.885641
10/02/2009 06:00:00,        19.930155
10/02/2009 07:00:00,        24.366646
10/02/2009 08:00:00,        29.692253
10/02/2009 09:00:00,        35.500614
10/02/2009 10:00:00,        40.643370
10/02/2009 11:00:00,        47.178266
10/02/2009 12:00:00,        52.573655
10/02/2009 13:00:00,        58.122067
10/02/2009 14:00:00,        63.619972
10/02/2009 15:00:00,        68.412875
10/02/2009 16:00:00,        72.997632
10/02/2009 17:00:00,        75.978663
10/02/2009 18:00:00,        78.941041
10/02/2009 19:00:00,        79.513611
10/02/2009 20:00:00,        79.776312
10/02/2009 21:00:00,        80.671024
10/02/2009 22:00:00,        81.781627
10/02/2009 23:00:00,        84.137560
10/03/2009 00:00:00,        84.674610
10/03/2009 01:00:00,        61.207616
10/03/2009 02:00:00,        59.840851
10/03/2009 03:00:00,        59.670198
10/03/2009 04:00:00,        61.670298
10/03/2009 05:00:00,        60.878489
10/03/2009 06:00:00,        63.980549
10/03/2009 07:00:00,        63.265570
10/03/2009 08:00:00,        62.356710
10/03/2009 09:00:00,        58.642751
10/03/2009 10:00:00,        59.673379
10/03/2009 11:00:00,        61.126266
10/03/2009 12:00:00,        60.661110
10/03/2009 13:00:00,        62.871325
10/03/2009 14:00:00,        64.469841
10/03/2009 15:00:00,        67.640310
10/03/2009 16:00:00,        65.531401
10/03/2009 17:00:00,        66.035503
10/03/2009 18:00:00,        66.225177
10/03/2009 19:00:00,        62.943122
10/03/2009 20:00:00,        62.606503
10/03/2009 21:00:00,        65.508006
10/03/2009 22:00:00,        68.222321
10/03/2009 23:00:00,        67.281343
10/04/2009 00:00:00,        68.516633
10/04/2009 01:00:00,        48.461809
10/04/2009 02:00:00,        45.873739
10/04/2009 03:00:00,        48.527022
10/04/2009 04:00:00,        48.949894
10/04/2009 05:00:00,        48.189437
10/04/2009 06:00:00,        48.717772
10/04/2009 07:00:00,        47.977626
10/04/2009 08:00:00,        47.345379
10/04/2009 09:00:00,        47.425880
10/04/2009 10:00:00,        44.923064
10/04/2009 11:00:00,        42.790401
10/04/2009 12:00:00,        41.281488
10/04/2009 13:00:00,        41.001269
10/04/2009 14:00:00,        39.019947
10/04/2009 15:00:00,        37.383399
10/04/2009 16:00:00,        34.614191
10/04/2009 17:00:00,        33.002457
10/04/2009 18:00:00,        31.523237
10/04/2009 19:00:00,        30.656509
10/04/2009 20:00:00,        30.744047
10/04/2009 21:00:00,        30.620541
10/04/2009 22:00:00,        29.090074
10/04/2009 23:00:00,        31.776854
10/05/2009 00:00:00,        30.393075
10/05/2009 01:00:00,        84.273309
10/05/2009 02:00:00,        82.599049
10/05/2009 03:00:00,        81.280296
10/05/2009 04:00:00,        81.711118
10/05/2009 05:00:00,        81.696625
10/05/2009 06:00:00,        83.010865
10/05/2009 07:00:00,        83.748536
10/05/2009 08:00:00,        82.950841
10/05/2009 09:00:00,        82.205266
10/05/2009 10:00:00,        81.453043
10/05/2009 11:00:00,        80.288372
10/05/2009 12:00:00,        80.136611
10/05/2009 13:00:00,        78.783402
10/05/2009 14:00:00,        77.203538
10/05/2009 15:00:00,        76.586985
10/05/2009 16:00:00,        74.688898
10/05/2009 17:00:00,        72.107127
10/05/2009 18:00:00,        69.621913
10/05/2009 19:00:00,        67.314727
10/05/2009 20:00:00,        64.705380
10/05/2009 21:00:00,        62.917629
10/05/2009 22:00:00,        60.901495
10/05/2009 23:00:00,        58.991309
10/06/2009 00:00:00,        56.117576
10/06/2009 01:00:00,        18.554708
10/06/2009 02:00:00,        17.490098
10/06/2009 03:00:00,        14.919608
10/06/2009 04:00:00,        13.605641
10/06/2009 05:00:00,        11.682826
10/06/2009 06:00:00,        10.197509
10/06/2009 07:00:00,         9.045671
10/06/2009 08:00:00,         6.588966
10/06/2009 09:00:00,         4.456278
10/06/2009 10:00:00,         3.234919
10/06/2009 11:00:00,         1.901692
10/06/2009 12:00:00,         2.108780
10/06/2009 13:00:00,         3.176550
10/06/2009 14:00:00,         3.506874
10/06/2009 15:00:00,         7.489141
10/06/2009 16:00:00,        13.448872
10/06/2009 17:00:00,        20.046604
10/06/2009 18:00:00,        26.838584
10/06/2009 19:00:00,        30.099505
10/06/2009 20:00:00,        33.783114
10/06/2009 21:00:00,        37.965667
10/06/2009 22:00:00,        43.057612
10/06/2009 23:00:00,        49.235419
10/07/2009 00:00:00,        56.053086
10/07/2009 01:00:00,        89.523412
10/07/2009 02:00:00,        90.199443
10/07/2009 03:00:00,        91.642874
10/07/2009 04:00:00,        92.361414
10/07/2009 05:00:00,        93.312763
10/07/2009 06:00:00,        94.326428
10/07/2009 07:00:00,        94.495458
10/07/2009 08:00:00,        94.329387
10/07/2009 09:00:00,        94.959233
10/07/2009 10:00:00,        95.157237
10/07/2009 11:00:00,        95.683886
10/07/2009 12:00:00,        95.809461
10/07/2009 13:00:00,        95.800124
10/07/2009 14:00:00,        95.783509
10/07/2009 15:00:00,        95.513575
10/07/2009 16:00:00,        93.347297
10/07/2009 17:00:00,        89.316179
10/07/2009 18:00:00,        84.449223
10/07/2009 19:00:00,        83.076134
10/07/2009 20:00:00,        81.245740
10/07/2009 21:00:00,        79.144531
10/07/2009 22:00:00,        76.763230
10/07/2009 23:00:00,        73.578609
10/08/2009 00:00:00,        68.916247
10/08/2009 01:00:00,        38.975984
10/08/2009 02:00:00,        38.916496
10/08/2009 03:00:00,        37.255982
10/08/2009 04:00:00,        37.070773
10/08/2009 05:00:00,        37.897842
10/08/2009 06:00:00,        38.531763
10/08/2009 07:00:00,        38.999255
10/08/2009 08:00:00,        40.426496
10/08/2009 09:00:00,        42.616590
10/08/2009 10:00:00,        44.971972
10/08/2009 11:00:00,        48.754912
10/08/2009 12:00:00,        53.371367
10/08/2009 13:00:00,        58.012847
10/08/2009 14:00:00,        62.740771
10/08/2009 15:00:00,        64.843391
10/08/2009 16:00:00,        66.140128
10/08/2009 17:00:00,        66.751340
10/08/2009 18:00:00,        66.702346
10/08/2009 19:00:00,        66.623261
10/08/2009 20:00:00,        67.189796
10/08/2009 21:00:00,        66.040824
10/08/2009 22:00:00,        64.259368
10/08/2009 23:00:00,        62.311465
10/09/2009 00:00:00,        59.825069
10/09/2009 01:00:00,        26.406613
10/09/2009 02:00:00,        24.545701
10/09/2009 03:00:00,        23.489735
10/09/2009 04:00:00,        21.725278
10/09/2009 05:00:00,        20.815432
10/09/2009 06:00:00,        19.337895
10/09/2009 07:00:00,        20.265932
10/09/2009 08:00:00,        21.841071
10/09/2009 09:00:00,        24.308585
10/09/2009 10:00:00,        27.074102
10/09/2009 11:00:00,        30.280393
10/09/2009 12:00:00,        32.053104
10/09/2009 13:00:00,        36.408432
10/09/2009 14:00:00,        42.136533
10/09/2009 15:00:00,        47.262784
10/09/2009 16:00:00,        52.443315
10/09/2009 17:00:00,        57.987985
10/09/2009 18:00:00,        62.396846
10/09/2009 19:00:00,        66.623797
10/09/2009 20:00:00,        68.733277
10/09/2009 21:00:00,        70.177956
10/09/2009 22:00:00,        71.639578
10/09/2009 23:00:00,        71.780244
10/10/2009 00:00:00,        72.060826
10/10/2009 01:00:00,        13.575240
10/10/2009 02:00:00,        12.523981
10/10/2009 03:00:00,        11.566263
10/10/2009 04:00:00,        12.276874
10/10/2009 05:00:00,        12.643357
10/10/2009 06:00:00,        12.376454
10/10/2009 07:00:00,        11.628381
10/10/2009 08:00:00,        10.193410
10/10/2009 09:00:00,         9.207596
10/10/2009 10:00:00,         8.698698
10/10/2009 11:00:00,         7.938013
10/10/2009 12:00:00,         8.068929
10/10/2009 13:00:00,         8.914789
10/10/2009 14:00:00,        10.781151
10/10/2009 15:00:00,        13.818529
10/10/2009 16:00:00,        17.828561
10/10/2009 17:00:00,        20.757648
10/10/2009 18:00:00,        26.157188
10/10/2009 19:00:00,        28.273525
10/10/2009 20:00:00,        31.349624
10/10/2009 21:00:00,        34.414199
10/10/2009 22:00:00,        38.138581
10/10/2009 23:00:00,        43.435667
10/11/2009 00:00:00,        48.689991
10/11/2009 01:00:00,        87.183946
10/11/2009 02:00:00,        86.774242
10/11/2009 03:00:00,        87.650492
10/11/2009 04:00:00,        88.371529
10/11/2009 05:00:00,        88.580636
10/11/2009 06:00:00,        88.435411
10/11/2009 07:00:00,        88.404310
10/11/2009 08:00:00,        87.757927
10/11/2009 09:00:00,        87.096377
10/11/2009 10:00:00,        86.274513
10/11/2009 11:00:00,        85.549869
10/11/2009 12:00:00,        84.308283
10/11/2009 13:00:00,        82.281577
10/11/2009 14:00:00,        79.036302
10/11/2009 15:00:00,        74.573370
10/11/2009 16:00:00,        69.215528
10/11/2009 17:00:00,        63.429646
10/11/2009 18:00:00,        57.633843
10/11/2009 19:00:00,        54.319790
10/11/2009 20:00:00,        50.146432
10/11/2009 21:00:00,        45.258860
10/11/2009 22:00:00,        40.333232
10/11/2009 23:00:00,        35.593666
10/12/2009 00:00:00,        30.537467
10/12/2009 01:00:00,         3.463147
10/12/2009 02:00:00,         2.988947
10/12/2009 03:00:00,         2.302934
10/12/2009 04:00:00,         1.902812
10/12/2009 05:00:00,         1.748187
10/12/2009 06:00:00,         1.784761
10/12/2009 07:00:00,         2.139866
10/12/2009 08:00:00,         2.043068
10/12/2009 09:00:00,         2.420549
10/12/2009 10:00:00,         2.654194
10/12/2009 11:00:00,         2.940541
10/12/2009 12:00:00,         3.912407
10/12/2009 13:00:00,         4.632261
10/12/2009 14:00:00,         5.147671
10/12/2009 15:00:00,         5.556660
10/12/2009 16:00:00,         6.032060
10/12/2009 17:00:00,         5.592135
10/12/2009 18:00:00,         4.852552
10/12/2009 19:00:00,         4.713009
10/12/2009 20:00:00,         4.664465
10/12/2009 21:00:00,         4.516092
10/12/2009 22:00:00,         4.064632
10/12/2009 23:00:00,         3.893166
10/13/2009 00:00:00,         3.741205
10/13/2009 01:00:00,         0.526081
10/13/2009 02:00:00,         0.467145
10/13/2009 03:00:00,         3.119416
10/13/2009 04:00:00,         7.109983
10/13/2009 05:00:00,         9.609672
10/13/2009 06:00:00,        12.626721
10/13/2009 07:00:00,        15.068547
10/13/2009 08:00:00,        17.618032
10/13/2009 09:00:00,        20.002097
10/13/2009 10:00:00,        22.456401
10/13/2009 11:00:00,        26.040488
10/13/2009 12:00:00,        31.109828
10/13/2009 13:00:00,        37.003968
10/13/2009 14:00:00,        42.811061
10/13/2009 15:00:00,        46.672432
10/13/2009 16:00:00,        46.194443
10/13/2009 17:00:00,        46.802485
10/13/2009 18:00:00,        45.758867
10/13/2009 19:00:00,        45.129984
10/13/2009 20:00:00,        44.680777
10/13/2009 21:00:00,        44.492454
10/13/2009 22:00:00,        45.127189
10/13/2009 23:00:00,        45.679050
10/14/2009 00:00:00,        44.663245
10/14/2009 01:00:00,        21.390004
10/14/2009 02:00:00,        20.682096
10/14/2009 03:00:00,        19.680699
10/14/2009 04:00:00,        18.900944
10/14/2009 05:00:00,        17.935439
10/14/2009 06:00:00,        16.639521
10/14/2009 07:00:00,        16.210304
10/14/2009 08:00:00,        15.026963
10/14/2009 09:00:00,        13.817116
10/14/2009 10:00:00,        12.423630
10/14/2009 11:00:00,        11.694304
10/14/2009 12:00:00,        11.330188
10/14/2009 13:00:00,        10.988551
10/14/2009 14:00:00,        10.181594
10/14/2009 15:00:00,         9.362570
10/14/2009 16:00:00,         8.518077
10/14/2009 17:00:00,         7.411645
10/14/2009 18:00:00,         6.574829
10/14/2009 19:00:00,         6.264472
10/14/2009 20:00:00,         6.161634
10/14/2009 21:00:00,         6.286721
10/14/2009 22:00:00,         6.587132
10/14/2009 23:00:00,         6.890609
10/15/2009 00:00:00,         7.153863
10/15/2009 01:00:00,        23.704783
10/15/2009 02:00:00,        24.554182
10/15/2009 03:00:00,        24.766895
10/15/2009 04:00:00,        24.941618
10/15/2009 05:00:00,        25.294244
10/15/2009 06:00:00,        26.585356
10/15/2009 07:00:00,        27.311077
10/15/2009 08:00:00,        26.969526
10/15/2009 09:00:00,        27.722189
10/15/2009 10:00:00,        28.292662
10/15/2009 11:00:00,        27.934994
10/15/2009 12:00:00,        27.799533
10/15/2009 13:00:00,        27.714177
10/15/2009 14:00:00,        28.391672
10/15/2009 15:00:00,        28.453615
10/15/2009 16:00:00,        28.382541
10/15/2009 17:00:00,        29.911772
10/15/2009 18:00:00,        30.524620
10/15/2009 19:00:00,        30.001877
10/15/2009 20:00:00,        28.876401
10/15/2009 21:00:00,        29.405681
10/15/2009 22:00:00,        30.005318
10/15/2009 23:00:00,        30.939216
10/16/2009 00:00:00,        31.968481
10/16/2009 01:00:00,        38.498779
10/16/2009 02:00:00,        38.915928
10/16/2009 03:00:00,        39.149630
10/16/2009 04:00:00,        39.749214
10/16/2009 05:00:00,        40.991523
10/16/2009 06:00:00,        43.420530
10/16/2009 07:00:00,        44.809027
10/16/2009 08:00:00,        45.226521
10/16/2009 09:00:00,        44.762141
10/16/2009 10:00:00,        43.379706
10/16/2009 11:00:00,        41.679338
10/16/2009 12:00:00,        40.201483
10/16/2009 13:00:00,        39.712155
10/16/2009 14:00:00,        39.175466
10/16/2009 15:00:00,        37.846817
10/16/2009 16:00:00,        36.519150
10/16/2009 17:00:00,        35.042412
10/16/2009 18:00:00,        32.987090
10/16/2009 19:00:00,        30.849641
10/16/2009 20:00:00,        29.101203
10/16/2009 21:00:00,        28.564592
10/16/2009 22:00:00,        28.826048
10/16/2009 23:00:00,        29.860725
10/17/2009 00:00:00,        31.308889
10/17/2009 01:00:00,        17.581810
10/17/2009 02:00:00,        15.949250
10/17/2009 03:00:00,        14.477714
10/17/2009 04:00:00,        13.115858
10/17/2009 05:00:00,        11.988381
10/17/2009 06:00:00,        11.476823
10/17/2009 07:00:00,        11.218759
10/17/2009 08:00:00,         9.507464
10/17/2009 09:00:00,         8.483158
10/17/2009 10:00:00,         7.791446
10/17/2009 11:00:00,         7.501308
10/17/2009 12:00:00,         7.862554
10/17/2009 13:00:00,         8.946072
10/17/2009 14:00:00,        10.536367
10/17/2009 15:00:00,        11.886302
10/17/2009 16:00:00,        13.367795
10/17/2009 17:00:00,        14.961369
10/17/2009 18:00:00,        16.463297
10/17/2009 19:00:00,        17.486513
10/17/2009 20:00:00,        18.909993
10/17/2009 21:00:00,        20.247750
10/17/2009 22:00:00,        21.378820
10/17/2009 23:00:00,        22.652874
10/18/2009 00:00:00,        23.507188
10/18/2009 01:00:00,         9.482291
10/18/2009 02:00:00,         8.908195
10/18/2009 03:00:00,         8.228395
10/18/2009 04:00:00,         7.641730
10/18/2009 05:00:00,         7.016149
10/18/2009 06:00:00,         6.390246
10/18/2009 07:00:00,         6.000082
10/18/2009 08:00:00,         5.063311
10/18/2009 09:00:00,         4.153959
10/18/2009 10:00:00,         3.589494
10/18/2009 11:00:00,         3.046427
10/18/2009 12:00:00,         2.513079
10/18/2009 13:00:00,         1.888030
10/18/2009 14:00:00,         1.692325
10/18/2009 15:00:00,         1.482424
10/18/2009 16:00:00,         1.426658
10/18/2009 17:00:00,         1.451902
10/18/2009 18:00:00,         1.667825
10/18/2009 19:00:00,         2.071720
10/18/2009 20:00:00,         2.502712
10/18/2009 21:00:00,         3.102812
10/18/2009 22:00:00,         3.887934
10/18/2009 23:00:00,         4.794531
10/19/2009 00:00:00,         5.977358
10/19/2009 01:00:00,        54.996227
10/19/2009 02:00:00,        55.021858
10/19/2009 03:00:00,        56.582481
10/19/2009 04:00:00,        58.369676
10/19/2009 05:00:00,        60.287654
10/19/2009 06:00:00,        62.703709
10/19/2009 07:00:00,        66.222891
10/19/2009 08:00:00,        70.232395
10/19/2009 09:00:00,        74.384136
10/19/2009 10:00:00,        77.483879
10/19/2009 11:00:00,        79.615447
10/19/2009 12:00:00,        81.055315
10/19/2009 13:00:00,        82.051974
10/19/2009 14:00:00,        83.957503
10/19/2009 15:00:00,        86.604990
10/19/2009 16:00:00,        88.556319
10/19/2009 17:00:00,        89.775033
10/19/2009 18:00:00,        90.433160
10/19/2009 19:00:00,        91.144144
10/19/2009 20:00:00,        91.784940
10/19/2009 21:00:00,        92.221912
10/19/2009 22:00:00,        92.258070
10/19/2009 23:00:00,        92.163839
10/20/2009 00:00:00,        91.847036
10/20/2009 01:00:00,        88.444792
10/20/2009 02:00:00,        85.448317
10/20/2009 03:00:00,        81.940375
10/20/2009 04:00:00,        77.680161
10/20/2009 05:00:00,        73.533201
10/20/2009 06:00:00,        69.657584
10/20/2009 07:00:00,        65.094552
10/20/2009 08:00:00,        57.536295
10/20/2009 09:00:00,        50.079938
10/20/2009 10:00:00,        42.460178
10/20/2009 11:00:00,        35.459601
10/20/2009 12:00:00,        28.416078
10/20/2009 13:00:00,        22.164824
10/20/2009 14:00:00,        17.109891
10/20/2009 15:00:00,        12.650537
10/20/2009 16:00:00,         8.887300
10/20/2009 17:00:00,         6.097681
10/20/2009 18:00:00,         3.901205
10/20/2009 19:00:00,         1.962857
10/20/2009 20:00:00,         0.800570
10/20/2009 21:00:00,         0.473776
10/20/2009 22:00:00,         0.361528
10/20/2009 23:00:00,         0.214610
10/21/2009 00:00:00,         0.109204
10/21/2009 01:00:00,         2.815533
10/21/2009 02:00:00,         3.273268
10/21/2009 03:00:00,         3.788104
10/21/2009 04:00:00,         3.890365
10/21/2009 05:00:00,         4.364420
10/21/2009 06:00:00,         4.721930
10/21/2009 07:00:00,         5.284894
10/21/2009 08:00:00,         6.180090
10/21/2009 09:00:00,         6.927001
10/21/2009 10:00:00,         7.585794
10/21/2009 11:00:00,         8.264191
10/21/2009 12:00:00,         9.555068
10/21/2009 13:00:00,        10.952181
10/21/2009 14:00:00,        12.559157
10/21/2009 15:00:00,        14.475801
10/21/2009 16:00:00,        16.565605
10/21/2009 17:00:00,        20.294492
10/21/2009 18:00:00,        25.442741
10/21/2009 19:00:00,        27.563540
10/21/2009 20:00:00,        30.022110
10/21/2009 21:00:00,        32.208107
10/21/2009 22:00:00,        35.155022
10/21/2009 23:00:00,        39.501143
10/22/2009 00:00:00,        43.519178
10/22/2009 01:00:00,        75.251398
10/22/2009 02:00:00,        76.879222
10/22/2009 03:00:00,        79.439566
10/22/2009 04:00:00,        81.311804
10/22/2009 05:00:00,        82.824547
10/22/2009 06:00:00,        82.492323
10/22/2009 07:00:00,        83.395349
10/22/2009 08:00:00,        82.439308
10/22/2009 09:00:00,        79.048010
10/22/2009 10:00:00,        74.475968
10/22/2009 11:00:00,        71.065250
10/22/2009 12:00:00,        66.524555
10/22/2009 13:00:00,        62.967917
10/22/2009 14:00:00,        59.535023
10/22/2009 15:00:00,        56.136851
10/22/2009 16:00:00,        52.068861
10/22/2009 17:00:00,        48.903403
10/22/2009 18:00:00,        44.659810
10/22/2009 19:00:00,        43.225043
10/22/2009 20:00:00,        40.888577
10/22/2009 21:00:00,        41.483998
10/22/2009 22:00:00,        43.343873
10/22/2009 23:00:00,        45.249509
10/23/2009 00:00:00,        45.853551
10/23/2009 01:00:00,        61.115697
10/23/2009 02:00:00,        59.138585
10/23/2009 03:00:00,        57.831133
10/23/2009 04:00:00,        57.036654
10/23/2009 05:00:00,        57.055095
10/23/2009 06:00:00,        57.131713
10/23/2009 07:00:00,        58.085542
10/23/2009 08:00:00,        57.672753
10/23/2009 09:00:00,        57.338205
10/23/2009 10:00:00,        58.743981
10/23/2009 11:00:00,        60.223695
10/23/2009 12:00:00,        62.764372
10/23/2009 13:00:00,        65.986403
10/23/2009 14:00:00,        69.328322
10/23/2009 15:00:00,        72.982419
10/23/2009 16:00:00,        76.633756
10/23/2009 17:00:00,        79.962557
10/23/2009 18:00:00,        83.338929
10/23/2009 19:00:00,        85.306213
10/23/2009 20:00:00,        87.892226
10/23/2009 21:00:00,        90.580177
10/23/2009 22:00:00,        92.408381
10/23/2009 23:00:00,        93.651207
10/24/2009 00:00:00,        94.548223
10/24/2009 01:00:00,        94.734108
10/24/2009 02:00:00,        94.448061
10/24/2009 03:00:00,        94.488489
10/24/2009 04:00:00,        93.996344
10/24/2009 05:00:00,        93.812069
10/24/2009 06:00:00,        93.958735
10/24/2009 07:00:00,        94.174524
10/24/2009 08:00:00,        94.165995
10/24/2009 09:00:00,        94.219135
10/24/2009 10:00:00,        94.311366
10/24/2009 11:00:00,        94.392992
10/24/2009 12:00:00,        94.501019
10/24/2009 13:00:00,        94.640111
10/24/2009 14:00:00,        94.769135
10/24/2009 15:00:00,        94.981977
10/24/2009 16:00:00,        94.998912
10/24/2009 17:00:00,        95.371094
10/24/2009 18:00:00,        95.243341
10/24/2009 19:00:00,        95.280777
10/24/2009 20:00:00,        95.216240
10/24/2009 21:00:00,        95.219387
10/24/2009 22:00:00,        95.019279
10/24/2009 23:00:00,        94.965270
10/25/2009 00:00:00,        94.751947
10/25/2009 01:00:00,        88.927806
10/25/2009 02:00:00,        85.163187
10/25/2009 03:00:00,        80.901521
10/25/2009 04:00:00,        76.355299
10/25/2009 05:00:00,        71.975805
10/25/2009 06:00:00,        67.587870
10/25/2009 07:00:00,        62.780371
10/25/2009 08:00:00,        56.512385
10/25/2009 09:00:00,        49.488890
10/25/2009 10:00:00,        42.249260
10/25/2009 11:00:00,        34.857471
10/25/2009 12:00:00,        27.786242
10/25/2009 13:00:00,        21.368283
10/25/2009 14:00:00,        16.050326
10/25/2009 15:00:00,        11.576589
10/25/2009 16:00:00,         8.107905
10/25/2009 17:00:00,         5.618969
10/25/2009 18:00:00,         3.754604
10/25/2009 19:00:00,         2.420966
10/25/2009 20:00:00,         1.728666
10/25/2009 21:00:00,         1.562265
10/25/2009 22:00:00,         1.687336
10/25/2009 23:00:00,         2.089150
10/26/2009 00:00:00,         2.615357
10/26/2009 01:00:00,        14.370185
10/26/2009 02:00:00,        17.626513
10/26/2009 03:00:00,        20.948855
10/26/2009 04:00:00,        24.634535
10/26/2009 05:00:00,        29.499654
10/26/2009 06:00:00,        32.760767
10/26/2009 07:00:00,        36.526008
10/26/2009 08:00:00,        40.888124
10/26/2009 09:00:00,        44.098138
10/26/2009 10:00:00,        47.377524
10/26/2009 11:00:00,        48.321769
10/26/2009 12:00:00,        49.125668
10/26/2009 13:00:00,        48.315798
10/26/2009 14:00:00,        47.000825
10/26/2009 15:00:00,        45.299785
10/26/2009 16:00:00,        42.974693
10/26/2009 17:00:00,        41.095695
10/26/2009 18:00:00,        38.342256
10/26/2009 19:00:00,        36.059344
10/26/2009 20:00:00,        33.189204
10/26/2009 21:00:00,        30.730316
10/26/2009 22:00:00,        29.166496
10/26/2009 23:00:00,        28.679878
10/27/2009 00:00:00,        28.598581
10/27/2009 01:00:00,        36.664093
10/27/2009 02:00:00,        34.067045
10/27/2009 03:00:00,        31.162226
10/27/2009 04:00:00,        28.315291
10/27/2009 05:00:00,        25.238926
10/27/2009 06:00:00,        22.669730
10/27/2009 07:00:00,        20.459044
10/27/2009 08:00:00,        15.547026
10/27/2009 09:00:00,        11.775928
10/27/2009 10:00:00,        10.101254
10/27/2009 11:00:00,        10.182128
10/27/2009 12:00:00,        10.530308
10/27/2009 13:00:00,        10.638093
10/27/2009 14:00:00,        10.903077
10/27/2009 15:00:00,        10.765495
10/27/2009 16:00:00,        11.341232
10/27/2009 17:00:00,        10.427038
10/27/2009 18:00:00,         9.701316
10/27/2009 19:00:00,         9.482299
10/27/2009 20:00:00,         9.488882
10/27/2009 21:00:00,         8.648561
10/27/2009 22:00:00,         6.995708
10/27/2009 23:00:00,         4.598331
10/28/2009 00:00:00,         2.567689
10/28/2009 01:00:00,        20.506953
10/28/2009 02:00:00,        21.521049
10/28/2009 03:00:00,        21.407960
10/28/2009 04:00:00,        21.120394
10/28/2009 05:00:00,        20.519242
10/28/2009 06:00:00,        20.109364
10/28/2009 07:00:00,        19.680908
10/28/2009 08:00:00,        19.623730
10/28/2009 09:00:00,        19.094275
10/28/2009 10:00:00,        18.770966
10/28/2009 11:00:00,        17.288599
10/28/2009 12:00:00,        14.391611
10/28/2009 13:00:00,        11.777607
10/28/2009 14:00:00,         9.515836
10/28/2009 15:00:00,         7.489316
10/28/2009 16:00:00,         6.292497
10/28/2009 17:00:00,         4.946076
10/28/2009 18:00:00,         4.549594
10/28/2009 19:00:00,         3.772255
10/28/2009 20:00:00,         3.192113
10/28/2009 21:00:00,         3.537953
10/28/2009 22:00:00,         3.680818
10/28/2009 23:00:00,         3.613527
10/29/2009 00:00:00,         3.797144
10/29/2009 01:00:00,         3.613384
10/29/2009 02:00:00,         3.598581
10/29/2009 03:00:00,         3.300423
10/29/2009 04:00:00,         3.043604
10/29/2009 05:00:00,         3.546697
10/29/2009 06:00:00,         3.654092
10/29/2009 07:00:00,         4.219194
10/29/2009 08:00:00,         4.105622
10/29/2009 09:00:00,         4.510857
10/29/2009 10:00:00,         4.646735
10/29/2009 11:00:00,         4.718776
10/29/2009 12:00:00,         4.942768
10/29/2009 13:00:00,         5.323329
10/29/2009 14:00:00,         5.928083
10/29/2009 15:00:00,         6.254002
10/29/2009 16:00:00,         7.046450
10/29/2009 17:00:00,         9.780023
10/29/2009 18:00:00,        13.290902
10/29/2009 19:00:00,        14.292415
10/29/2009 20:00:00,        14.876865
10/29/2009 21:00:00,        16.210092
10/29/2009 22:00:00,        17.601339
10/29/2009 23:00:00,        19.562191
10/30/2009 00:00:00,        22.367486
10/30/2009 01:00:00,        61.374328
10/30/2009 02:00:00,        64.265602
10/30/2009 03:00:00,        64.838681
10/30/2009 04:00:00,        67.418303
10/30/2009 05:00:00,        69.756227
10/30/2009 06:00:00,        72.367853
10/30/2009 07:00:00,        73.928555
10/30/2009 08:00:00,        77.666018
10/30/2009 09:00:00,        81.786566
10/30/2009 10:00:00,        84.259439
10/30/2009 11:00:00,        87.123459
10/30/2009 12:00:00,        88.444037
10/30/2009 13:00:00,        89.406274
10/30/2009 14:00:00,        90.277946
10/30/2009 15:00:00,        91.233488
10/30/2009 16:00:00,        93.394593
10/30/2009 17:00:00,        93.833757
10/30/2009 18:00:00,        94.194408
10/30/2009 19:00:00,        94.248242
10/30/2009 20:00:00,        95.410123
10/30/2009 21:00:00,        95.862707
10/30/2009 22:00:00,        95.885961
10/30/2009 23:00:00,        95.901975
10/31/2009 00:00:00,        95.912698
10/31/2009 01:00:00,        95.908088
10/31/2009 02:00:00,        95.915077
10/31/2009 03:00:00,        95.899819
10/31/2009 04:00:00,        95.895725
10/31/2009 05:00:00,        95.094056
10/31/2009 06:00:00,        95.870973
10/31/2009 07:00:00,        95.892035
10/31/2009 08:00:00,        95.890766
10/31/2009 09:00:00,        95.890062
10/31/2009 10:00:00,        95.889658
10/31/2009 11:00:00,        95.964197
10/31/2009 12:00:00,        95.955079
10/31/2009 13:00:00,        95.963675
10/31/2009 14:00:00,        95.970420
10/31/2009 15:00:00,        95.969800
10/31/2009 16:00:00,        95.973315
10/31/2009 17:00:00,        95.972297
10/31/2009 18:00:00,        95.963006
10/31/2009 19:00:00,        95.955307
10/31/2009 20:00:00,        95.898438
10/31/2009 21:00:00,        95.781775
10/31/2009 22:00:00,        95.633342
10/31/2009 23:00:00,        95.340665
11/01/2009 00:00:00,        92.660331
11/01/2009 01:00:00,        90.180321
11/01/2009 02:00:00,        85.973546
11/01/2009 03:00:00,        80.657895
11/01/2009 04:00:00,        75.547940
11/01/2009 05:00:00,        71.223840
11/01/2009 06:00:00,        66.110661
11/01/2009 07:00:00,        60.117945
11/01/2009 08:00:00,        53.199226
11/01/2009 09:00:00,        45.444346
11/01/2009 10:00:00,        37.603084
11/01/2009 11:00:00,        30.749916
11/01/2009 12:00:00,        24.577676
11/01/2009 13:00:00,        18.740182
11/01/2009 14:00:00,        13.750812
11/01/2009 15:00:00,         9.990542
11/01/2009 16:00:00,         8.283935
11/01/2009 17:00:00,         7.188441
11/01/2009 18:00:00,         6.151646
11/01/2009 19:00:00,         5.344353
11/01/2009 20:00:00,         4.888422
11/01/2009 21:00:00,         4.924161
11/01/2009 22:00:00,         5.001203
11/01/2009 23:00:00,         5.252876
11/02/2009 00:00:00,         5.932915
11/02/2009 01:00:00,         9.924397
11/02/2009 02:00:00,        12.690892
11/02/2009 03:00:00,        15.592510
11/02/2009 04:00:00,        18.670038
11/02/2009 05:00:00,        21.683696
11/02/2009 06:00:00,        24.668463
11/02/2009 07:00:00,        27.720233
11/02/2009 08:00:00,        32.396224
11/02/2009 09:00:00,        36.976273
11/02/2009 10:00:00,        41.360195
11/02/2009 11:00:00,        46.475272
11/02/2009 12:00:00,        51.081578
11/02/2009 13:00:00,        55.102723
11/02/2009 14:00:00,        58.123986
11/02/2009 15:00:00,        59.539757
11/02/2009 16:00:00,        60.746926
11/02/2009 17:00:00,        60.733038
11/02/2009 18:00:00,        59.399829
11/02/2009 19:00:00,        59.897290
11/02/2009 20:00:00,        60.480919
11/02/2009 21:00:00,        61.680046
11/02/2009 22:00:00,        62.374247
11/02/2009 23:00:00,        62.891670
11/03/2009 00:00:00,        61.390515
11/03/2009 01:00:00,        60.333777
11/03/2009 02:00:00,        58.377704
11/03/2009 03:00:00,        56.744761
11/03/2009 04:00:00,        55.674081
11/03/2009 05:00:00,        55.979399
11/03/2009 06:00:00,        55.848425
11/03/2009 07:00:00,        58.086821
11/03/2009 08:00:00,        61.224301
11/03/2009 09:00:00,        65.188571
11/03/2009 10:00:00,        67.258408
11/03/2009 11:00:00,        67.746716
11/03/2009 12:00:00,        68.788815
11/03/2009 13:00:00,        70.925576
11/03/2009 14:00:00,        72.365049
11/03/2009 15:00:00,        76.553070
11/03/2009 16:00:00,        80.048666
11/03/2009 17:00:00,        82.041294
11/03/2009 18:00:00,        82.451474
11/03/2009 19:00:00,        83.328540
11/03/2009 20:00:00,        83.483189
11/03/2009 21:00:00,        81.490014
11/03/2009 22:00:00,        82.842739
11/03/2009 23:00:00,        82.612158
11/04/2009 00:00:00,        78.679217
11/04/2009 01:00:00,        37.271220
11/04/2009 02:00:00,        34.975358
11/04/2009 03:00:00,        28.789996
11/04/2009 04:00:00,        26.061515
11/04/2009 05:00:00,        22.554239
11/04/2009 06:00:00,        19.999231
11/04/2009 07:00:00,        18.838682
11/04/2009 08:00:00,        13.282739
11/04/2009 09:00:00,         9.471155
11/04/2009 10:00:00,         7.574665
11/04/2009 11:00:00,         6.177635
11/04/2009 12:00:00,         6.134931
11/04/2009 13:00:00,         6.612882
11/04/2009 14:00:00,         6.894047
11/04/2009 15:00:00,         8.177012
11/04/2009 16:00:00,         9.270072
11/04/2009 17:00:00,         9.680955
11/04/2009 18:00:00,        10.003315
11/04/2009 19:00:00,        10.909385
11/04/2009 20:00:00,        11.139323
11/04/2009 21:00:00,        12.024671
11/04/2009 22:00:00,        12.809635
11/04/2009 23:00:00,        12.924505
11/05/2009 00:00:00,        13.921834
11/05/2009 01:00:00,         9.845911
11/05/2009 02:00:00,        11.101530
11/05/2009 03:00:00,        12.318808
11/05/2009 04:00:00,        13.640274
11/05/2009 05:00:00,        15.415551
11/05/2009 06:00:00,        18.505452
11/05/2009 07:00:00,        24.647553
11/05/2009 08:00:00,        28.895106
11/05/2009 09:00:00,        35.990080
11/05/2009 10:00:00,        44.343965
11/05/2009 11:00:00,        50.000064
11/05/2009 12:00:00,        54.742663
11/05/2009 13:00:00,        61.350764
11/05/2009 14:00:00,        67.753903
11/05/2009 15:00:00,        73.105812
11/05/2009 16:00:00,        78.146425
11/05/2009 17:00:00,        83.340871
11/05/2009 18:00:00,        88.334637
11/05/2009 19:00:00,        91.516007
11/05/2009 20:00:00,        93.127158
11/05/2009 21:00:00,        93.729391
11/05/2009 22:00:00,        93.468536
11/05/2009 23:00:00,        92.848180
11/06/2009 00:00:00,        91.943002
11/06/2009 01:00:00,        66.436563
11/06/2009 02:00:00,        60.121330
11/06/2009 03:00:00,        54.778729
11/06/2009 04:00:00,        50.140019
11/06/2009 05:00:00,        45.222701
11/06/2009 06:00:00,        40.655307
11/06/2009 07:00:00,        36.276056
11/06/2009 08:00:00,        28.865412
11/06/2009 09:00:00,        22.104029
11/06/2009 10:00:00,        16.082060
11/06/2009 11:00:00,        10.775826
11/06/2009 12:00:00,         7.026881
11/06/2009 13:00:00,         4.659513
11/06/2009 14:00:00,         3.958297
11/06/2009 15:00:00,         4.244437
11/06/2009 16:00:00,         5.222731
11/06/2009 17:00:00,         7.410423
11/06/2009 18:00:00,        12.060807
11/06/2009 19:00:00,        13.939212
11/06/2009 20:00:00,        16.148888
11/06/2009 21:00:00,        18.784243
11/06/2009 22:00:00,        21.862708
11/06/2009 23:00:00,        25.592081
11/07/2009 00:00:00,        29.936505
11/07/2009 01:00:00,        87.758751
11/07/2009 02:00:00,        89.308818
11/07/2009 03:00:00,        91.354206
11/07/2009 04:00:00,        92.666175
11/07/2009 05:00:00,        93.707067
11/07/2009 06:00:00,        94.534970
11/07/2009 07:00:00,        95.048203
11/07/2009 08:00:00,        95.301541
11/07/2009 09:00:00,        95.410825
11/07/2009 10:00:00,        95.511145
11/07/2009 11:00:00,        95.528361
11/07/2009 12:00:00,        95.547771
11/07/2009 13:00:00,        95.380915
11/07/2009 14:00:00,        95.157792
11/07/2009 15:00:00,        94.854387
11/07/2009 16:00:00,        94.125382
11/07/2009 17:00:00,        93.077001
11/07/2009 18:00:00,        91.814697
11/07/2009 19:00:00,        91.512735
11/07/2009 20:00:00,        91.191829
11/07/2009 21:00:00,        90.651278
11/07/2009 22:00:00,        89.674189
11/07/2009 23:00:00,        88.413468
11/08/2009 00:00:00,        86.451295
11/08/2009 01:00:00,        38.665852
11/08/2009 02:00:00,        36.077329
11/08/2009 03:00:00,        33.068688
11/08/2009 04:00:00,        30.124742
11/08/2009 05:00:00,        26.310040
11/08/2009 06:00:00,        23.147383
11/08/2009 07:00:00,        20.672404
11/08/2009 08:00:00,        14.281453
11/08/2009 09:00:00,         8.763773
11/08/2009 10:00:00,         5.453308
11/08/2009 11:00:00,         3.771349
11/08/2009 12:00:00,         2.566704
11/08/2009 13:00:00,         1.894416
11/08/2009 14:00:00,         1.328855
11/08/2009 15:00:00,         0.958572
11/08/2009 16:00:00,         1.044182
11/08/2009 17:00:00,         2.675027
11/08/2009 18:00:00,         4.054762
11/08/2009 19:00:00,         5.076047
11/08/2009 20:00:00,         6.430488
11/08/2009 21:00:00,         7.834952
11/08/2009 22:00:00,         9.255436
11/08/2009 23:00:00,        11.053001
11/09/2009 00:00:00,        13.337177
11/09/2009 01:00:00,        59.614008
11/09/2009 02:00:00,        63.804625
11/09/2009 03:00:00,        68.377597
11/09/2009 04:00:00,        71.557837
11/09/2009 05:00:00,        73.354016
11/09/2009 06:00:00,        76.024822
11/09/2009 07:00:00,        77.790487
11/09/2009 08:00:00,        80.393271
11/09/2009 09:00:00,        82.692483
11/09/2009 10:00:00,        85.526767
11/09/2009 11:00:00,        84.947733
11/09/2009 12:00:00,        83.049902
11/09/2009 13:00:00,        79.137746
11/09/2009 14:00:00,        75.309482
11/09/2009 15:00:00,        71.807998
11/09/2009 16:00:00,        67.369283
11/09/2009 17:00:00,        62.195944
11/09/2009 18:00:00,        57.928936
11/09/2009 19:00:00,        54.139879
11/09/2009 20:00:00,        49.504382
11/09/2009 21:00:00,        44.992762
11/09/2009 22:00:00,        41.260146
11/09/2009 23:00:00,        36.697317
11/10/2009 00:00:00,        33.271713
11/10/2009 01:00:00,        17.669930
11/10/2009 02:00:00,        17.605442
11/10/2009 03:00:00,        16.854242
11/10/2009 04:00:00,        15.403075
11/10/2009 05:00:00,        14.486471
11/10/2009 06:00:00,        13.669466
11/10/2009 07:00:00,        12.730727
11/10/2009 08:00:00,        10.232337
11/10/2009 09:00:00,         8.195942
11/10/2009 10:00:00,         6.361034
11/10/2009 11:00:00,         5.561676
11/10/2009 12:00:00,         5.236881
11/10/2009 13:00:00,         4.996101
11/10/2009 14:00:00,         4.687136
11/10/2009 15:00:00,         4.367220
11/10/2009 16:00:00,         3.758416
11/10/2009 17:00:00,         3.862783
11/10/2009 18:00:00,         4.205701
11/10/2009 19:00:00,         4.530427
11/10/2009 20:00:00,         4.738181
11/10/2009 21:00:00,         4.938859
11/10/2009 22:00:00,         5.317899
11/10/2009 23:00:00,         5.809915
11/11/2009 00:00:00,         6.590047
11/11/2009 01:00:00,        11.769136
11/11/2009 02:00:00,        11.268117
11/11/2009 03:00:00,        10.614437
11/11/2009 04:00:00,         9.925569
11/11/2009 05:00:00,         9.106778
11/11/2009 06:00:00,         8.506874
11/11/2009 07:00:00,         8.077283
11/11/2009 08:00:00,         7.270570
11/11/2009 09:00:00,         6.258784
11/11/2009 10:00:00,         5.626306
11/11/2009 11:00:00,         4.860762
11/11/2009 12:00:00,         4.240845
11/11/2009 13:00:00,         3.462163
11/11/2009 14:00:00,         2.828798
11/11/2009 15:00:00,         2.003166
11/11/2009 16:00:00,         1.499768
11/11/2009 17:00:00,         1.245249
11/11/2009 18:00:00,         1.044091
11/11/2009 19:00:00,         1.045248
11/11/2009 20:00:00,         1.321388
11/11/2009 21:00:00,         1.962670
11/11/2009 22:00:00,         2.740825
11/11/2009 23:00:00,         3.593282
11/12/2009 00:00:00,         4.452086
11/12/2009 01:00:00,         6.665752
11/12/2009 02:00:00,         7.939160
11/12/2009 03:00:00,         9.885703
11/12/2009 04:00:00,        11.448707
11/12/2009 05:00:00,        12.363894
11/12/2009 06:00:00,        12.648145
11/12/2009 07:00:00,        12.797662
11/12/2009 08:00:00,        13.610117
11/12/2009 09:00:00,        12.951789
11/12/2009 10:00:00,        10.042678
11/12/2009 11:00:00,         9.002172
11/12/2009 12:00:00,         8.094604
11/12/2009 13:00:00,         6.364723
11/12/2009 14:00:00,         5.255477
11/12/2009 15:00:00,         3.947427
11/12/2009 16:00:00,         2.894357
11/12/2009 17:00:00,         2.579682
11/12/2009 18:00:00,         5.312250
11/12/2009 19:00:00,         5.174130
11/12/2009 20:00:00,         5.020917
11/12/2009 21:00:00,         5.133900
11/12/2009 22:00:00,         6.471572
11/12/2009 23:00:00,         8.190467
11/13/2009 00:00:00,        10.192936
11/13/2009 01:00:00,        68.495538
11/13/2009 02:00:00,        70.225278
11/13/2009 03:00:00,        72.045158
11/13/2009 04:00:00,        73.241987
11/13/2009 05:00:00,        74.797747
11/13/2009 06:00:00,        77.163316
11/13/2009 07:00:00,        78.215758
11/13/2009 08:00:00,        80.219837
11/13/2009 09:00:00,        78.625353
11/13/2009 10:00:00,        74.344724
11/13/2009 11:00:00,        68.547257
11/13/2009 12:00:00,        62.781733
11/13/2009 13:00:00,        56.600698
11/13/2009 14:00:00,        50.433960
11/13/2009 15:00:00,        45.620273
11/13/2009 16:00:00,        41.453374
11/13/2009 17:00:00,        40.704402
11/13/2009 18:00:00,        39.406973
11/13/2009 19:00:00,        36.160484
11/13/2009 20:00:00,        33.049217
11/13/2009 21:00:00,        30.965975
11/13/2009 22:00:00,        31.212349
11/13/2009 23:00:00,        33.639902
11/14/2009 00:00:00,        37.314187
11/14/2009 01:00:00,        80.375206
11/14/2009 02:00:00,        81.044731
11/14/2009 03:00:00,        83.605001
11/14/2009 04:00:00,        85.167857
11/14/2009 05:00:00,        85.734179
11/14/2009 06:00:00,        86.476777
11/14/2009 07:00:00,        86.984746
11/14/2009 08:00:00,        87.163428
11/14/2009 09:00:00,        85.469665
11/14/2009 10:00:00,        81.505802
11/14/2009 11:00:00,        77.042493
11/14/2009 12:00:00,        72.202676
11/14/2009 13:00:00,        66.811252
11/14/2009 14:00:00,        61.171114
11/14/2009 15:00:00,        55.389320
11/14/2009 16:00:00,        50.703368
11/14/2009 17:00:00,        45.706003
11/14/2009 18:00:00,        41.770463
11/14/2009 19:00:00,        38.351708
11/14/2009 20:00:00,        34.634215
11/14/2009 21:00:00,        31.027575
11/14/2009 22:00:00,        28.592962
11/14/2009 23:00:00,        28.740506
11/15/2009 00:00:00,        29.560686
11/15/2009 01:00:00,        57.266446
11/15/2009 02:00:00,        56.635602
11/15/2009 03:00:00,        56.749477
11/15/2009 04:00:00,        54.698402
11/15/2009 05:00:00,        51.349314
11/15/2009 06:00:00,        48.017494
11/15/2009 07:00:00,        46.070229
11/15/2009 08:00:00,        43.579551
11/15/2009 09:00:00,        41.634679
11/15/2009 10:00:00,        40.464753
11/15/2009 11:00:00,        37.270427
11/15/2009 12:00:00,        35.624397
11/15/2009 13:00:00,        34.383707
11/15/2009 14:00:00,        35.770213
11/15/2009 15:00:00,        36.206425
11/15/2009 16:00:00,        37.115554
11/15/2009 17:00:00,        38.141227
11/15/2009 18:00:00,        41.118102
11/15/2009 19:00:00,        44.107839
11/15/2009 20:00:00,        45.504933
11/15/2009 21:00:00,        47.049263
11/15/2009 22:00:00,        48.429203
11/15/2009 23:00:00,        48.274342
11/16/2009 00:00:00,        49.972705
11/16/2009 01:00:00,        57.894983
11/16/2009 02:00:00,        55.068732
11/16/2009 03:00:00,        51.474514
11/16/2009 04:00:00,        49.617979
11/16/2009 05:00:00,        46.441140
11/16/2009 06:00:00,        43.654025
11/16/2009 07:00:00,        41.020120
11/16/2009 08:00:00,        35.675384
11/16/2009 09:00:00,        30.249266
11/16/2009 10:00:00,        25.167619
11/16/2009 11:00:00,        21.471456
11/16/2009 12:00:00,        18.655411
11/16/2009 13:00:00,        16.646984
11/16/2009 14:00:00,        13.973739
11/16/2009 15:00:00,        12.651370
11/16/2009 16:00:00,        11.764555
11/16/2009 17:00:00,        11.698367
11/16/2009 18:00:00,        11.469048
11/16/2009 19:00:00,        11.098598
11/16/2009 20:00:00,        11.165873
11/16/2009 21:00:00,        11.561372
11/16/2009 22:00:00,        12.176939
11/16/2009 23:00:00,        12.810027
11/17/2009 00:00:00,        13.338124
11/17/2009 01:00:00,        12.083307
11/17/2009 02:00:00,        12.339935
11/17/2009 03:00:00,        13.305015
11/17/2009 04:00:00,        15.714483
11/17/2009 05:00:00,        19.070698
11/17/2009 06:00:00,        22.055353
11/17/2009 07:00:00,        24.296064
11/17/2009 08:00:00,        25.520366
11/17/2009 09:00:00,        26.943056
11/17/2009 10:00:00,        27.607031
11/17/2009 11:00:00,        27.962715
11/17/2009 12:00:00,        28.525416
11/17/2009 13:00:00,        29.677486
11/17/2009 14:00:00,        30.441520
11/17/2009 15:00:00,        30.344275
11/17/2009 16:00:00,        31.253324
11/17/2009 17:00:00,        32.329791
11/17/2009 18:00:00,        32.856264
11/17/2009 19:00:00,        31.538367
11/17/2009 20:00:00,        30.732074
11/17/2009 21:00:00,        31.557430
11/17/2009 22:00:00,        33.561186
11/17/2009 23:00:00,        36.040087
11/18/2009 00:00:00,        39.351813
11/18/2009 01:00:00,        65.573821
11/18/2009 02:00:00,        64.650545
11/18/2009 03:00:00,        65.367711
11/18/2009 04:00:00,        66.606424
11/18/2009 05:00:00,        67.256500
11/18/2009 06:00:00,        69.432160
11/18/2009 07:00:00,        71.805703
11/18/2009 08:00:00,        72.535982
11/18/2009 09:00:00,        70.266709
11/18/2009 10:00:00,        65.629312
11/18/2009 11:00:00,        60.487920
11/18/2009 12:00:00,        56.126963
11/18/2009 13:00:00,        51.633471
11/18/2009 14:00:00,        48.379979
11/18/2009 15:00:00,        45.144965
11/18/2009 16:00:00,        41.580341
11/18/2009 17:00:00,        38.739455
11/18/2009 18:00:00,        36.491687
11/18/2009 19:00:00,        33.391941
11/18/2009 20:00:00,        29.855785
11/18/2009 21:00:00,        27.656283
11/18/2009 22:00:00,        27.914648
11/18/2009 23:00:00,        29.582808
11/19/2009 00:00:00,        32.402529
11/19/2009 01:00:00,        68.724204
11/19/2009 02:00:00,        67.800033
11/19/2009 03:00:00,        66.299572
11/19/2009 04:00:00,        65.200881
11/19/2009 05:00:00,        65.639669
11/19/2009 06:00:00,        65.672238
11/19/2009 07:00:00,        66.405514
11/19/2009 08:00:00,        65.673396
11/19/2009 09:00:00,        64.710901
11/19/2009 10:00:00,        63.338048
11/19/2009 11:00:00,        63.700393
11/19/2009 12:00:00,        62.827978
11/19/2009 13:00:00,        60.756407
11/19/2009 14:00:00,        60.716392
11/19/2009 15:00:00,        60.952488
11/19/2009 16:00:00,        60.550217
11/19/2009 17:00:00,        59.618341
11/19/2009 18:00:00,        57.568566
11/19/2009 19:00:00,        56.593901
11/19/2009 20:00:00,        55.392563
11/19/2009 21:00:00,        56.169120
11/19/2009 22:00:00,        54.123953
11/19/2009 23:00:00,        51.813188
11/20/2009 00:00:00,        48.888864
11/20/2009 01:00:00,        37.174263
11/20/2009 02:00:00,        37.528034
11/20/2009 03:00:00,        40.903106
11/20/2009 04:00:00,        43.014202
11/20/2009 05:00:00,        44.417758
11/20/2009 06:00:00,        46.452616
11/20/2009 07:00:00,        47.442640
11/20/2009 08:00:00,        50.994621
11/20/2009 09:00:00,        53.430584
11/20/2009 10:00:00,        56.175391
11/20/2009 11:00:00,        58.551368
11/20/2009 12:00:00,        59.960582
11/20/2009 13:00:00,        61.835544
11/20/2009 14:00:00,        63.030497
11/20/2009 15:00:00,        64.294418
11/20/2009 16:00:00,        62.745422
11/20/2009 17:00:00,        61.578153
11/20/2009 18:00:00,        61.112513
11/20/2009 19:00:00,        60.284569
11/20/2009 20:00:00,        60.010437
11/20/2009 21:00:00,        58.776476
11/20/2009 22:00:00,        57.600037
11/20/2009 23:00:00,        56.895413
11/21/2009 00:00:00,        54.368996
11/21/2009 01:00:00,        25.235635
11/21/2009 02:00:00,        22.850101
11/21/2009 03:00:00,        21.422621
11/21/2009 04:00:00,        19.935841
11/21/2009 05:00:00,        17.918207
11/21/2009 06:00:00,        16.274701
11/21/2009 07:00:00,        14.749007
11/21/2009 08:00:00,        11.683196
11/21/2009 09:00:00,         9.270564
11/21/2009 10:00:00,         7.237040
11/21/2009 11:00:00,         6.844660
11/21/2009 12:00:00,         6.055971
11/21/2009 13:00:00,         5.285114
11/21/2009 14:00:00,         4.967354
11/21/2009 15:00:00,         5.351092
11/21/2009 16:00:00,         5.243769
11/21/2009 17:00:00,         4.919379
11/21/2009 18:00:00,         4.756186
11/21/2009 19:00:00,         4.992865
11/21/2009 20:00:00,         5.233263
11/21/2009 21:00:00,         5.558043
11/21/2009 22:00:00,         6.049271
11/21/2009 23:00:00,         6.365492
11/22/2009 00:00:00,         4.760337
11/22/2009 01:00:00,         0.817182
11/22/2009 02:00:00,         0.871417
11/22/2009 03:00:00,         0.807976
11/22/2009 04:00:00,         0.713488
11/22/2009 05:00:00,         0.645946
11/22/2009 06:00:00,         0.579202
11/22/2009 07:00:00,         0.512167
11/22/2009 08:00:00,         0.436267
11/22/2009 09:00:00,         0.364618
11/22/2009 10:00:00,         0.392541
11/22/2009 11:00:00,         0.364071
11/22/2009 12:00:00,         0.456877
11/22/2009 13:00:00,         0.576770
11/22/2009 14:00:00,         0.624669
11/22/2009 15:00:00,         0.696443
11/22/2009 16:00:00,         0.669277
11/22/2009 17:00:00,         0.850226
11/22/2009 18:00:00,         1.266748
11/22/2009 19:00:00,         1.373225
11/22/2009 20:00:00,         1.669674
11/22/2009 21:00:00,         2.309910
11/22/2009 22:00:00,         3.232076
11/22/2009 23:00:00,         4.226045
11/23/2009 00:00:00,         5.181979
11/23/2009 01:00:00,        42.258523
11/23/2009 02:00:00,        39.919165
11/23/2009 03:00:00,        37.139090
11/23/2009 04:00:00,        36.035268
11/23/2009 05:00:00,        34.780883
11/23/2009 06:00:00,        33.439804
11/23/2009 07:00:00,        31.617579
11/23/2009 08:00:00,        29.759636
11/23/2009 09:00:00,        27.628862
11/23/2009 10:00:00,        24.591091
11/23/2009 11:00:00,        20.407356
11/23/2009 12:00:00,        15.504915
11/23/2009 13:00:00,        12.642487
11/23/2009 14:00:00,        10.912521
11/23/2009 15:00:00,         9.793436
11/23/2009 16:00:00,         9.012382
11/23/2009 17:00:00,         9.544524
11/23/2009 18:00:00,         9.522531
11/23/2009 19:00:00,         9.921668
11/23/2009 20:00:00,        10.376893
11/23/2009 21:00:00,        10.532588
11/23/2009 22:00:00,        10.784342
11/23/2009 23:00:00,        11.304278
11/24/2009 00:00:00,        12.412860
11/24/2009 01:00:00,        29.438637
11/24/2009 02:00:00,        29.480940
11/24/2009 03:00:00,        30.143326
11/24/2009 04:00:00,        30.635949
11/24/2009 05:00:00,        30.857355
11/24/2009 06:00:00,        30.748439
11/24/2009 07:00:00,        31.298442
11/24/2009 08:00:00,        31.234609
11/24/2009 09:00:00,        31.193069
11/24/2009 10:00:00,        30.263141
11/24/2009 11:00:00,        29.107923
11/24/2009 12:00:00,        27.125966
11/24/2009 13:00:00,        24.779543
11/24/2009 14:00:00,        23.016817
11/24/2009 15:00:00,        22.527648
11/24/2009 16:00:00,        21.775927
11/24/2009 17:00:00,        21.722182
11/24/2009 18:00:00,        22.550825
11/24/2009 19:00:00,        21.661745
11/24/2009 20:00:00,        20.662086
11/24/2009 21:00:00,        20.238564
11/24/2009 22:00:00,        20.437341
11/24/2009 23:00:00,        21.567795
11/25/2009 00:00:00,        23.755009
11/25/2009 01:00:00,        29.120699
11/25/2009 02:00:00,        31.315160
11/25/2009 03:00:00,        33.669590
11/25/2009 04:00:00,        36.631225
11/25/2009 05:00:00,        38.348624
11/25/2009 06:00:00,        40.765547
11/25/2009 07:00:00,        44.447094
11/25/2009 08:00:00,        46.848093
11/25/2009 09:00:00,        48.790609
11/25/2009 10:00:00,        49.644962
11/25/2009 11:00:00,        49.929461
11/25/2009 12:00:00,        50.852596
11/25/2009 13:00:00,        50.610807
11/25/2009 14:00:00,        49.449368
11/25/2009 15:00:00,        47.283530
11/25/2009 16:00:00,        46.023982
11/25/2009 17:00:00,        43.632487
11/25/2009 18:00:00,        42.422567
11/25/2009 19:00:00,        42.897442
11/25/2009 20:00:00,        40.533370
11/25/2009 21:00:00,        39.299599
11/25/2009 22:00:00,        36.599861
11/25/2009 23:00:00,        37.978827
11/26/2009 00:00:00,        38.471130
11/26/2009 01:00:00,        70.126565
11/26/2009 02:00:00,        71.507730
11/26/2009 03:00:00,        71.609324
11/26/2009 04:00:00,        72.155058
11/26/2009 05:00:00,        72.266021
11/26/2009 06:00:00,        70.808798
11/26/2009 07:00:00,        69.238057
11/26/2009 08:00:00,        68.798681
11/26/2009 09:00:00,        66.978785
11/26/2009 10:00:00,        66.169594
11/26/2009 11:00:00,        64.250555
11/26/2009 12:00:00,        63.016282
11/26/2009 13:00:00,        61.351840
11/26/2009 14:00:00,        60.261643
11/26/2009 15:00:00,        58.104650
11/26/2009 16:00:00,        55.491882
11/26/2009 17:00:00,        53.560866
11/26/2009 18:00:00,        50.789696
11/26/2009 19:00:00,        51.277582
11/26/2009 20:00:00,        51.149683
11/26/2009 21:00:00,        48.179185
11/26/2009 22:00:00,        48.991072
11/26/2009 23:00:00,        47.906544
11/27/2009 00:00:00,        47.625523
11/27/2009 01:00:00,        22.436427
11/27/2009 02:00:00,        20.593607
11/27/2009 03:00:00,        20.025952
11/27/2009 04:00:00,        18.857624
11/27/2009 05:00:00,        17.241383
11/27/2009 06:00:00,        15.729868
11/27/2009 07:00:00,        14.184975
11/27/2009 08:00:00,        12.116179
11/27/2009 09:00:00,        11.348146
11/27/2009 10:00:00,        12.177228
11/27/2009 11:00:00,        15.074103
11/27/2009 12:00:00,        17.666442
11/27/2009 13:00:00,        20.050192
11/27/2009 14:00:00,        23.266960
11/27/2009 15:00:00,        28.251837
11/27/2009 16:00:00,        33.180410
11/27/2009 17:00:00,        38.269984
11/27/2009 18:00:00,        43.583714
11/27/2009 19:00:00,        46.085741
11/27/2009 20:00:00,        49.889242
11/27/2009 21:00:00,        53.504622
11/27/2009 22:00:00,        58.669307
11/27/2009 23:00:00,        61.745258
11/28/2009 00:00:00,        64.056267
11/28/2009 01:00:00,        32.171502
11/28/2009 02:00:00,        30.750358
11/28/2009 03:00:00,        29.993069
11/28/2009 04:00:00,        29.805266
11/28/2009 05:00:00,        29.271541
11/28/2009 06:00:00,        28.106817
11/28/2009 07:00:00,        27.370781
11/28/2009 08:00:00,        25.099482
11/28/2009 09:00:00,        22.592264
11/28/2009 10:00:00,        21.464291
11/28/2009 11:00:00,        21.680732
11/28/2009 12:00:00,        22.675306
11/28/2009 13:00:00,        22.458846
11/28/2009 14:00:00,        23.204597
11/28/2009 15:00:00,        23.661546
11/28/2009 16:00:00,        22.965923
11/28/2009 17:00:00,        22.397039
11/28/2009 18:00:00,        21.764501
11/28/2009 19:00:00,        21.753144
11/28/2009 20:00:00,        21.649257
11/28/2009 21:00:00,        21.435316
11/28/2009 22:00:00,        21.243552
11/28/2009 23:00:00,        21.223339
11/29/2009 00:00:00,        21.269310
11/29/2009 01:00:00,         8.923631
11/29/2009 02:00:00,         7.891593
11/29/2009 03:00:00,         7.213026
11/29/2009 04:00:00,         6.291721
11/29/2009 05:00:00,         5.665408
11/29/2009 06:00:00,         5.419101
11/29/2009 07:00:00,         5.473524
11/29/2009 08:00:00,         5.253214
11/29/2009 09:00:00,         4.933069
11/29/2009 10:00:00,         4.928933
11/29/2009 11:00:00,         4.994535
11/29/2009 12:00:00,         6.008163
11/29/2009 13:00:00,         7.526254
11/29/2009 14:00:00,         9.733705
11/29/2009 15:00:00,        12.711662
11/29/2009 16:00:00,        16.563322
11/29/2009 17:00:00,        20.293531
11/29/2009 18:00:00,        23.899340
11/29/2009 19:00:00,        25.112244
11/29/2009 20:00:00,        26.822099
11/29/2009 21:00:00,        28.209816
11/29/2009 22:00:00,        30.573128
11/29/2009 23:00:00,        33.630907
11/30/2009 00:00:00,        38.401820
11/30/2009 01:00:00,        54.224687
11/30/2009 02:00:00,        55.053742
11/30/2009 03:00:00,        56.152885
11/30/2009 04:00:00,        56.407708
11/30/2009 05:00:00,        57.559130
11/30/2009 06:00:00,        57.125043
11/30/2009 07:00:00,        55.141096
11/30/2009 08:00:00,        57.214833
11/30/2009 09:00:00,        54.022081
11/30/2009 10:00:00,        52.105499
11/30/2009 11:00:00,        48.166463
11/30/2009 12:00:00,        43.935136
11/30/2009 13:00:00,        38.946342
11/30/2009 14:00:00,        35.512386
11/30/2009 15:00:00,        32.986279
11/30/2009 16:00:00,        32.482948
11/30/2009 17:00:00,        32.454094
11/30/2009 18:00:00,        31.001428
11/30/2009 19:00:00,        31.080808
11/30/2009 20:00:00,        32.022515
11/30/2009 21:00:00,        34.185148
11/30/2009 22:00:00,        37.241175
11/30/2009 23:00:00,        38.729361
12/01/2009 00:00:00,        80.688922
12/01/2009 01:00:00,        81.326122
12/01/2009 02:00:00,        82.884719
12/01/2009 03:00:00,        84.675661
12/01/2009 04:00:00,        85.621690
12/01/2009 05:00:00,        86.066475
12/01/2009 06:00:00,        86.384858
12/01/2009 07:00:00,        86.310701
12/01/2009 08:00:00,        85.111754
12/01/2009 09:00:00,        81.840174
12/01/2009 10:00:00,        78.489972
12/01/2009 11:00:00,        74.887842
12/01/2009 12:00:00,        71.658152
12/01/2009 13:00:00,        66.656991
12/01/2009 14:00:00,        62.707065
12/01/2009 15:00:00,        57.599959
12/01/2009 16:00:00,        51.717430
12/01/2009 17:00:00,        45.641023
12/01/2009 18:00:00,        40.743796
12/01/2009 19:00:00,        36.758492
12/01/2009 20:00:00,        32.650939
12/01/2009 21:00:00,        28.647171
12/01/2009 22:00:00,        26.896862
12/01/2009 23:00:00,        25.159476
12/02/2009 00:00:00,        23.123785
12/02/2009 01:00:00,        45.284190
12/02/2009 02:00:00,        50.328668
12/02/2009 03:00:00,        53.463602
12/02/2009 04:00:00,        56.928736
12/02/2009 05:00:00,        61.098897
12/02/2009 06:00:00,        63.085965
12/02/2009 07:00:00,        66.795400
12/02/2009 08:00:00,        71.694597
12/02/2009 09:00:00,        74.130918
12/02/2009 10:00:00,        75.570232
12/02/2009 11:00:00,        77.643551
12/02/2009 12:00:00,        78.960668
12/02/2009 13:00:00,        75.573429
12/02/2009 14:00:00,        70.681751
12/02/2009 15:00:00,        64.893104
12/02/2009 16:00:00,        58.803113
12/02/2009 17:00:00,        52.513680
12/02/2009 18:00:00,        45.807941
12/02/2009 19:00:00,        41.332810
12/02/2009 20:00:00,        36.306983
12/02/2009 21:00:00,        31.580401
12/02/2009 22:00:00,        26.672267
12/02/2009 23:00:00,        21.597338
12/03/2009 00:00:00,        17.528275
12/03/2009 01:00:00,        41.943648
12/03/2009 02:00:00,        47.611929
12/03/2009 03:00:00,        52.360620
12/03/2009 04:00:00,        54.456609
12/03/2009 05:00:00,        57.221176
12/03/2009 06:00:00,        60.524630
12/03/2009 07:00:00,        63.732150
12/03/2009 08:00:00,        70.108907
12/03/2009 09:00:00,        74.121992
12/03/2009 10:00:00,        78.405430
12/03/2009 11:00:00,        81.289098
12/03/2009 12:00:00,        83.424637
12/03/2009 13:00:00,        84.554159
12/03/2009 14:00:00,        83.861290
12/03/2009 15:00:00,        83.388947
12/03/2009 16:00:00,        82.325348
12/03/2009 17:00:00,        81.962398
12/03/2009 18:00:00,        81.166647
12/03/2009 19:00:00,        81.321853
12/03/2009 20:00:00,        80.719060
12/03/2009 21:00:00,        80.276660
12/03/2009 22:00:00,        80.739562
12/03/2009 23:00:00,        82.811933
12/04/2009 00:00:00,        83.027138
12/04/2009 01:00:00,        65.457259
12/04/2009 02:00:00,        64.303547
12/04/2009 03:00:00,        62.321922
12/04/2009 04:00:00,        62.688947
12/04/2009 05:00:00,        63.499013
12/04/2009 06:00:00,        63.052771
12/04/2009 07:00:00,        61.257434
12/04/2009 08:00:00,        60.123793
12/04/2009 09:00:00,        63.495670
12/04/2009 10:00:00,        64.942172
12/04/2009 11:00:00,        65.168071
12/04/2009 12:00:00,        67.086575
12/04/2009 13:00:00,        70.887270
12/04/2009 14:00:00,        71.443962
12/04/2009 15:00:00,        74.264065
12/04/2009 16:00:00,        76.359060
12/04/2009 17:00:00,        78.690863
12/04/2009 18:00:00,        80.706739
12/04/2009 19:00:00,        81.547828
12/04/2009 20:00:00,        83.864141
12/04/2009 21:00:00,        86.259947
12/04/2009 22:00:00,        86.639310
12/04/2009 23:00:00,        86.257916
12/05/2009 00:00:00,        90.607775
12/05/2009 01:00:00,        91.390305
12/05/2009 02:00:00,        89.838988
12/05/2009 03:00:00,        88.643691
12/05/2009 04:00:00,        87.743542
12/05/2009 05:00:00,        85.528044
12/05/2009 06:00:00,        83.456764
12/05/2009 07:00:00,        81.411446
12/05/2009 08:00:00,        79.409507
12/05/2009 09:00:00,        76.799809
12/05/2009 10:00:00,        74.245975
12/05/2009 11:00:00,        71.604291
12/05/2009 12:00:00,        68.598341
12/05/2009 13:00:00,        65.180738
12/05/2009 14:00:00,        61.753899
12/05/2009 15:00:00,        58.294315
12/05/2009 16:00:00,        55.152922
12/05/2009 17:00:00,        54.556063
12/05/2009 18:00:00,        55.351597
12/05/2009 19:00:00,        55.745299
12/05/2009 20:00:00,        56.588856
12/05/2009 21:00:00,        57.017102
12/05/2009 22:00:00,        57.143887
12/05/2009 23:00:00,        57.456380
12/06/2009 00:00:00,        58.533645
12/06/2009 01:00:00,        73.265710
12/06/2009 02:00:00,        75.242053
12/06/2009 03:00:00,        76.090106
12/06/2009 04:00:00,        76.134797
12/06/2009 05:00:00,        76.185906
12/06/2009 06:00:00,        76.445210
12/06/2009 07:00:00,        76.389533
12/06/2009 08:00:00,        78.187490
12/06/2009 09:00:00,        79.972264
12/06/2009 10:00:00,        80.210712
12/06/2009 11:00:00,        80.249605
12/06/2009 12:00:00,        78.507245
12/06/2009 13:00:00,        77.023501
12/06/2009 14:00:00,        75.823815
12/06/2009 15:00:00,        75.873853
12/06/2009 16:00:00,        75.800083
12/06/2009 17:00:00,        76.022507
12/06/2009 18:00:00,        76.927626
12/06/2009 19:00:00,        76.382296
12/06/2009 20:00:00,        75.161980
12/06/2009 21:00:00,        73.041842
12/06/2009 22:00:00,        69.696627
12/06/2009 23:00:00,        66.572137
12/07/2009 00:00:00,        63.964544
12/07/2009 01:00:00,        54.624587
12/07/2009 02:00:00,        48.317006
12/07/2009 03:00:00,        40.337090
12/07/2009 04:00:00,        35.245875
12/07/2009 05:00:00,        30.863563
12/07/2009 06:00:00,        27.627660
12/07/2009 07:00:00,        24.509021
12/07/2009 08:00:00,        19.962603
12/07/2009 09:00:00,        16.892228
12/07/2009 10:00:00,        15.589500
12/07/2009 11:00:00,        15.211700
12/07/2009 12:00:00,        16.403370
12/07/2009 13:00:00,        17.109570
12/07/2009 14:00:00,        17.176000
12/07/2009 15:00:00,        21.554822
12/07/2009 16:00:00,        23.626870
12/07/2009 17:00:00,        24.615443
12/07/2009 18:00:00,        24.578806
12/07/2009 19:00:00,        33.207590
12/07/2009 20:00:00,        34.867029
12/07/2009 21:00:00,        39.136730
12/07/2009 22:00:00,        39.619589
12/07/2009 23:00:00,        35.463442
12/08/2009 00:00:00,        32.894369
12/08/2009 01:00:00,        12.448529
12/08/2009 02:00:00,        11.868960
12/08/2009 03:00:00,        11.083040
12/08/2009 04:00:00,         8.839440
12/08/2009 05:00:00,         7.620040
12/08/2009 06:00:00,         6.746883
12/08/2009 07:00:00,         6.000778
12/08/2009 08:00:00,         4.058143
12/08/2009 09:00:00,         3.747526
12/08/2009 10:00:00,         3.071046
12/08/2009 11:00:00,         2.761422
12/08/2009 12:00:00,         2.975214
12/08/2009 13:00:00,         3.445457
12/08/2009 14:00:00,         4.682357
12/08/2009 15:00:00,         6.560551
12/08/2009 16:00:00,         8.755898
12/08/2009 17:00:00,        12.684695
12/08/2009 18:00:00,        17.329093
12/08/2009 19:00:00,        19.558380
12/08/2009 20:00:00,        21.769011
12/08/2009 21:00:00,        25.013978
12/08/2009 22:00:00,        28.633646
12/08/2009 23:00:00,        31.703012
12/09/2009 00:00:00,        35.883253
12/09/2009 01:00:00,        83.581822
12/09/2009 02:00:00,        85.413659
12/09/2009 03:00:00,        86.401157
12/09/2009 04:00:00,        86.832812
12/09/2009 05:00:00,        86.753496
12/09/2009 06:00:00,        88.298630
12/09/2009 07:00:00,        92.433000
12/09/2009 08:00:00,        94.530200
12/09/2009 09:00:00,        19.644109
12/09/2009 10:00:00,         0.785301
12/09/2009 11:00:00,        85.929209
12/09/2009 12:00:00,        83.681546
12/09/2009 13:00:00,        82.145919
12/09/2009 14:00:00,        83.207808
12/09/2009 15:00:00,        86.288249
12/09/2009 16:00:00,        87.254171
12/09/2009 17:00:00,        88.499294
12/09/2009 18:00:00,        89.877540
12/09/2009 19:00:00,        90.939612
12/09/2009 20:00:00,        91.249385
12/09/2009 21:00:00,        90.778470
12/09/2009 22:00:00,        90.202040
12/09/2009 23:00:00,        89.486142
12/10/2009 00:00:00,        89.166354
12/10/2009 01:00:00,        95.981000
12/10/2009 02:00:00,        95.966107
12/10/2009 03:00:00,        95.970114
12/10/2009 04:00:00,        95.973285
12/10/2009 05:00:00,        95.975707
12/10/2009 06:00:00,        95.977715
12/10/2009 07:00:00,        95.978552
12/10/2009 08:00:00,        95.996819
12/10/2009 09:00:00,        95.996371
12/10/2009 10:00:00,        95.996058
12/10/2009 11:00:00,        95.995379
12/10/2009 12:00:00,        95.994544
12/10/2009 13:00:00,        95.994153
12/10/2009 14:00:00,        95.993939
12/10/2009 15:00:00,        95.984033
12/10/2009 16:00:00,        95.991314
12/10/2009 17:00:00,        95.992397
12/10/2009 18:00:00,        95.991261
12/10/2009 19:00:00,        95.994131
12/10/2009 20:00:00,        95.992476
12/10/2009 21:00:00,        95.996362
12/10/2009 22:00:00,        95.996838
12/10/2009 23:00:00,        95.990577
12/11/2009 00:00:00,        95.998089
12/11/2009 01:00:00,        95.998938
12/11/2009 02:00:00,        95.998856
12/11/2009 03:00:00,        95.998753
12/11/2009 04:00:00,        95.998467
12/11/2009 05:00:00,        95.998487
12/11/2009 06:00:00,        95.998107
12/11/2009 07:00:00,        95.997832
12/11/2009 08:00:00,        95.997425
12/11/2009 09:00:00,        95.996946
12/11/2009 10:00:00,        95.996540
12/11/2009 11:00:00,        95.995631
12/11/2009 12:00:00,        95.994829
12/11/2009 13:00:00,        95.994100
12/11/2009 14:00:00,        95.992477
12/11/2009 15:00:00,        95.989297
12/11/2009 16:00:00,        95.983664
12/11/2009 17:00:00,        95.976603
12/11/2009 18:00:00,        95.967957
12/11/2009 19:00:00,        95.958024
12/11/2009 20:00:00,        95.946651
12/11/2009 21:00:00,        95.931781
12/11/2009 22:00:00,        95.914654
12/11/2009 23:00:00,        95.878346
12/12/2009 00:00:00,        95.837330
12/12/2009 01:00:00,        95.418241
12/12/2009 02:00:00,        95.085773
12/12/2009 03:00:00,        94.408253
12/12/2009 04:00:00,        93.313068
12/12/2009 05:00:00,        91.936481
12/12/2009 06:00:00,        90.806983
12/12/2009 07:00:00,        89.367099
12/12/2009 08:00:00,        88.036359
12/12/2009 09:00:00,        86.520068
12/12/2009 10:00:00,        85.628048
12/12/2009 11:00:00,        84.985346
12/12/2009 12:00:00,        84.313766
12/12/2009 13:00:00,        83.849727
12/12/2009 14:00:00,        83.695594
12/12/2009 15:00:00,        84.475297
12/12/2009 16:00:00,        83.841659
12/12/2009 17:00:00,        83.867761
12/12/2009 18:00:00,        84.508228
12/12/2009 19:00:00,        85.417332
12/12/2009 20:00:00,        86.663335
12/12/2009 21:00:00,        87.556391
12/12/2009 22:00:00,        88.557980
12/12/2009 23:00:00,        88.282863
12/13/2009 00:00:00,        87.804168
12/13/2009 01:00:00,        90.234179
12/13/2009 02:00:00,        90.795965
12/13/2009 03:00:00,        91.359366
12/13/2009 04:00:00,        91.675829
12/13/2009 05:00:00,        91.888548
12/13/2009 06:00:00,        92.200985
12/13/2009 07:00:00,        92.493471
12/13/2009 08:00:00,        93.232924
12/13/2009 09:00:00,        93.471464
12/13/2009 10:00:00,        93.710102
12/13/2009 11:00:00,        93.575234
12/13/2009 12:00:00,        92.936273
12/13/2009 13:00:00,        92.451800
12/13/2009 14:00:00,        91.279400
12/13/2009 15:00:00,        89.124382
12/13/2009 16:00:00,        87.013913
12/13/2009 17:00:00,        85.511351
12/13/2009 18:00:00,        83.440562
12/13/2009 19:00:00,        81.043288
12/13/2009 20:00:00,        79.538758
12/13/2009 21:00:00,        77.563444
12/13/2009 22:00:00,        75.416914
12/13/2009 23:00:00,        73.475316
12/14/2009 00:00:00,        72.366080
12/14/2009 01:00:00,        17.605621
12/14/2009 02:00:00,        15.922599
12/14/2009 03:00:00,        13.940501
12/14/2009 04:00:00,        11.618410
12/14/2009 05:00:00,        10.482450
12/14/2009 06:00:00,         9.275436
12/14/2009 07:00:00,         8.718527
12/14/2009 08:00:00,         6.900436
12/14/2009 09:00:00,         5.307885
12/14/2009 10:00:00,         4.425087
12/14/2009 11:00:00,         3.880793
12/14/2009 12:00:00,         3.914625
12/14/2009 13:00:00,         4.126164
12/14/2009 14:00:00,         2.546703
12/14/2009 15:00:00,         0.997872
12/14/2009 16:00:00,         0.525603
12/14/2009 17:00:00,         4.132500
12/14/2009 18:00:00,         4.018500
12/14/2009 19:00:00,         4.776586
12/14/2009 20:00:00,         3.999335
12/14/2009 21:00:00,         3.103708
12/14/2009 22:00:00,         2.724971
12/14/2009 23:00:00,         3.187329
12/15/2009 00:00:00,         3.960261
12/15/2009 01:00:00,         3.608639
12/15/2009 02:00:00,         4.535602
12/15/2009 03:00:00,         7.908630
12/15/2009 04:00:00,        11.410134
12/15/2009 05:00:00,        14.459360
12/15/2009 06:00:00,        17.040867
12/15/2009 07:00:00,        19.813160
12/15/2009 08:00:00,        20.765967
12/15/2009 09:00:00,        22.872170
12/15/2009 10:00:00,        24.578040
12/15/2009 11:00:00,        28.601820
12/15/2009 12:00:00,        32.009617
12/15/2009 13:00:00,        37.852516
12/15/2009 14:00:00,        44.568131
12/15/2009 15:00:00,        49.177268
12/15/2009 16:00:00,        51.776342
12/15/2009 17:00:00,        55.216733
12/15/2009 18:00:00,        58.849101
12/15/2009 19:00:00,        62.394701
12/15/2009 20:00:00,        68.668957
12/15/2009 21:00:00,        73.802330
12/15/2009 22:00:00,        79.213709
12/15/2009 23:00:00,        86.853656
12/16/2009 00:00:00,        90.378586
12/16/2009 01:00:00,        86.729407
12/16/2009 02:00:00,        86.931170
12/16/2009 03:00:00,        86.703362
12/16/2009 04:00:00,        85.762880
12/16/2009 05:00:00,        84.993750
12/16/2009 06:00:00,        84.942985
12/16/2009 07:00:00,        84.988544
12/16/2009 08:00:00,        83.229156
12/16/2009 09:00:00,        80.801792
12/16/2009 10:00:00,        79.079453
12/16/2009 11:00:00,        77.587938
12/16/2009 12:00:00,        77.025913
12/16/2009 13:00:00,        76.275453
12/16/2009 14:00:00,        74.709447
12/16/2009 15:00:00,        71.915367
12/16/2009 16:00:00,        70.034259
12/16/2009 17:00:00,        68.363896
12/16/2009 18:00:00,        66.742223
12/16/2009 19:00:00,        65.094920
12/16/2009 20:00:00,        63.376838
12/16/2009 21:00:00,        62.990750
12/16/2009 22:00:00,        62.623873
12/16/2009 23:00:00,        61.708669
12/17/2009 00:00:00,        61.258736
12/17/2009 01:00:00,        37.531058
12/17/2009 02:00:00,        35.675283
12/17/2009 03:00:00,        33.405264
12/17/2009 04:00:00,        31.732192
12/17/2009 05:00:00,        29.193506
12/17/2009 06:00:00,        27.669475
12/17/2009 07:00:00,        26.925636
12/17/2009 08:00:00,        23.571434
12/17/2009 09:00:00,        19.538789
12/17/2009 10:00:00,        16.535060
12/17/2009 11:00:00,        14.374978
12/17/2009 12:00:00,        12.351157
12/17/2009 13:00:00,        10.803066
12/17/2009 14:00:00,         9.386659
12/17/2009 15:00:00,         8.794758
12/17/2009 16:00:00,         8.199923
12/17/2009 17:00:00,         7.859319
12/17/2009 18:00:00,         7.587542
12/17/2009 19:00:00,         6.677703
12/17/2009 20:00:00,         5.886244
12/17/2009 21:00:00,         5.286535
12/17/2009 22:00:00,         5.505846
12/17/2009 23:00:00,         6.257834
12/18/2009 00:00:00,         7.565352
12/18/2009 01:00:00,        11.534944
12/18/2009 02:00:00,        13.493239
12/18/2009 03:00:00,        15.461896
12/18/2009 04:00:00,        17.798179
12/18/2009 05:00:00,        20.334415
12/18/2009 06:00:00,        22.137968
12/18/2009 07:00:00,        23.426699
12/18/2009 08:00:00,        25.391800
12/18/2009 09:00:00,        26.266880
12/18/2009 10:00:00,        26.736112
12/18/2009 11:00:00,        26.979731
12/18/2009 12:00:00,        26.241508
12/18/2009 13:00:00,        25.423183
12/18/2009 14:00:00,        23.928675
12/18/2009 15:00:00,        22.211574
12/18/2009 16:00:00,        20.424149
12/18/2009 17:00:00,        18.802387
12/18/2009 18:00:00,        17.104845
12/18/2009 19:00:00,        14.787245
12/18/2009 20:00:00,        13.013276
12/18/2009 21:00:00,        11.238847
12/18/2009 22:00:00,        10.467691
12/18/2009 23:00:00,        10.342199
12/19/2009 00:00:00,        10.632246
12/19/2009 01:00:00,        15.889299
12/19/2009 02:00:00,        16.617575
12/19/2009 03:00:00,        17.575371
12/19/2009 04:00:00,        18.811891
12/19/2009 05:00:00,        20.451638
12/19/2009 06:00:00,        22.420931
12/19/2009 07:00:00,        23.676199
12/19/2009 08:00:00,        24.980801
12/19/2009 09:00:00,        25.389758
12/19/2009 10:00:00,        25.532820
12/19/2009 11:00:00,        25.107542
12/19/2009 12:00:00,        24.637933
12/19/2009 13:00:00,        24.253940
12/19/2009 14:00:00,        23.333765
12/19/2009 15:00:00,        23.049725
12/19/2009 16:00:00,        23.024769
12/19/2009 17:00:00,        22.223457
12/19/2009 18:00:00,        20.553998
12/19/2009 19:00:00,        18.815259
12/19/2009 20:00:00,        17.460953
12/19/2009 21:00:00,        16.333549
12/19/2009 22:00:00,        15.877573
12/19/2009 23:00:00,        15.996165
12/20/2009 00:00:00,        16.379461
12/20/2009 01:00:00,         7.636906
12/20/2009 02:00:00,         7.678548
12/20/2009 03:00:00,         7.296004
12/20/2009 04:00:00,         6.725297
12/20/2009 05:00:00,         6.180954
12/20/2009 06:00:00,         5.855734
12/20/2009 07:00:00,         5.526178
12/20/2009 08:00:00,         5.165124
12/20/2009 09:00:00,         4.936544
12/20/2009 10:00:00,         4.717646
12/20/2009 11:00:00,         4.522563
12/20/2009 12:00:00,         4.510578
12/20/2009 13:00:00,         4.970337
12/20/2009 14:00:00,         5.340207
12/20/2009 15:00:00,         5.716778
12/20/2009 16:00:00,         6.192335
12/20/2009 17:00:00,         6.592095
12/20/2009 18:00:00,         7.820327
12/20/2009 19:00:00,         8.490491
12/20/2009 20:00:00,         9.747825
12/20/2009 21:00:00,        10.299191
12/20/2009 22:00:00,        10.168730
12/20/2009 23:00:00,        10.332796
12/21/2009 00:00:00,        11.007685
12/21/2009 01:00:00,        16.796173
12/21/2009 02:00:00,        15.009784
12/21/2009 03:00:00,        13.473654
12/21/2009 04:00:00,        12.722518
12/21/2009 05:00:00,        12.481874
12/21/2009 06:00:00,        10.540688
12/21/2009 07:00:00,         9.662499
12/21/2009 08:00:00,         6.727652
12/21/2009 09:00:00,         5.402257
12/21/2009 10:00:00,         4.604383
12/21/2009 11:00:00,         3.755252
12/21/2009 12:00:00,         3.164819
12/21/2009 13:00:00,         2.691820
12/21/2009 14:00:00,         2.496834
12/21/2009 15:00:00,         2.314948
12/21/2009 16:00:00,         2.110192
12/21/2009 17:00:00,         3.402602
12/21/2009 18:00:00,         3.449295
12/21/2009 19:00:00,         3.454076
12/21/2009 20:00:00,         3.741915
12/21/2009 21:00:00,         4.232041
12/21/2009 22:00:00,         4.679925
12/21/2009 23:00:00,         4.940324
12/22/2009 00:00:00,         5.976732
12/22/2009 01:00:00,         7.096857
12/22/2009 02:00:00,         7.305526
12/22/2009 03:00:00,         7.286868
12/22/2009 04:00:00,         7.615314
12/22/2009 05:00:00,         8.346305
12/22/2009 06:00:00,         9.382545
12/22/2009 07:00:00,        10.245995
12/22/2009 08:00:00,        10.402186
12/22/2009 09:00:00,        10.490332
12/22/2009 10:00:00,        10.516304
12/22/2009 11:00:00,        11.042547
12/22/2009 12:00:00,        11.331370
12/22/2009 13:00:00,        11.592578
12/22/2009 14:00:00,        11.676232
12/22/2009 15:00:00,        12.204494
12/22/2009 16:00:00,        13.255903
12/22/2009 17:00:00,        14.409276
12/22/2009 18:00:00,        15.363750
12/22/2009 19:00:00,        15.682489
12/22/2009 20:00:00,        15.840802
12/22/2009 21:00:00,        16.187645
12/22/2009 22:00:00,        16.741381
12/22/2009 23:00:00,        17.528702
12/23/2009 00:00:00,        18.454392
12/23/2009 01:00:00,        28.450587
12/23/2009 02:00:00,        28.011429
12/23/2009 03:00:00,        27.859972
12/23/2009 04:00:00,        27.999800
12/23/2009 05:00:00,        28.071830
12/23/2009 06:00:00,        28.468359
12/23/2009 07:00:00,        28.912179
12/23/2009 08:00:00,        29.941995
12/23/2009 09:00:00,        30.845106
12/23/2009 10:00:00,        30.741620
12/23/2009 11:00:00,        30.335643
12/23/2009 12:00:00,        29.976153
12/23/2009 13:00:00,        29.681417
12/23/2009 14:00:00,        29.426596
12/23/2009 15:00:00,        28.902031
12/23/2009 16:00:00,        28.308252
12/23/2009 17:00:00,        28.113323
12/23/2009 18:00:00,        27.612441
12/23/2009 19:00:00,        26.755176
12/23/2009 20:00:00,        26.163829
12/23/2009 21:00:00,        25.714513
12/23/2009 22:00:00,        25.187346
12/23/2009 23:00:00,        24.492105
12/24/2009 00:00:00,        24.298469
12/24/2009 01:00:00,        23.009036
12/24/2009 02:00:00,        23.775636
12/24/2009 03:00:00,        23.502051
12/24/2009 04:00:00,        22.004661
12/24/2009 05:00:00,        21.340494
12/24/2009 06:00:00,        20.751283
12/24/2009 07:00:00,        20.246293
12/24/2009 08:00:00,        18.504008
12/24/2009 09:00:00,        17.801960
12/24/2009 10:00:00,        17.294026
12/24/2009 11:00:00,        16.497402
12/24/2009 12:00:00,        15.374429
12/24/2009 13:00:00,        14.240347
12/24/2009 14:00:00,        13.798470
12/24/2009 15:00:00,        14.069230
12/24/2009 16:00:00,        15.222507
12/24/2009 17:00:00,        18.460195
12/24/2009 18:00:00,        21.737274
12/24/2009 19:00:00,        22.728383
12/24/2009 20:00:00,        23.553096
12/24/2009 21:00:00,        25.279314
12/24/2009 22:00:00,        28.147657
12/24/2009 23:00:00,        30.144923
12/25/2009 00:00:00,        32.477781
12/25/2009 01:00:00,        80.522255
12/25/2009 02:00:00,        80.840549
12/25/2009 03:00:00,        81.810616
12/25/2009 04:00:00,        82.526145
12/25/2009 05:00:00,        83.291624
12/25/2009 06:00:00,        84.857647
12/25/2009 07:00:00,        85.693875
12/25/2009 08:00:00,        87.189384
12/25/2009 09:00:00,        87.400632
12/25/2009 10:00:00,        89.164738
12/25/2009 11:00:00,        90.251460
12/25/2009 12:00:00,        91.269067
12/25/2009 13:00:00,        92.356867
12/25/2009 14:00:00,        93.155119
12/25/2009 15:00:00,        94.146764
12/25/2009 16:00:00,        95.048118
12/25/2009 17:00:00,        95.700805
12/25/2009 18:00:00,        95.909071
12/25/2009 19:00:00,        95.939372
12/25/2009 20:00:00,        95.966105
12/25/2009 21:00:00,        95.984390
12/25/2009 22:00:00,        95.993403
12/25/2009 23:00:00,        95.994499
12/26/2009 00:00:00,        95.996373
12/26/2009 01:00:00,        95.989763
12/26/2009 02:00:00,        95.905739
12/26/2009 03:00:00,        95.492448
12/26/2009 04:00:00,        93.591080
12/26/2009 05:00:00,        93.019831
12/26/2009 06:00:00,        90.514275
12/26/2009 07:00:00,        89.403352
12/26/2009 08:00:00,        86.991961
12/26/2009 09:00:00,        84.462566
12/26/2009 10:00:00,        81.143656
12/26/2009 11:00:00,        79.072000
12/26/2009 12:00:00,        72.881594
12/26/2009 13:00:00,        68.617865
12/26/2009 14:00:00,        63.236216
12/26/2009 15:00:00,        59.770579
12/26/2009 16:00:00,        55.521721
12/26/2009 17:00:00,        53.705068
12/26/2009 18:00:00,        52.167593
12/26/2009 19:00:00,        51.992331
12/26/2009 20:00:00,        51.326513
12/26/2009 21:00:00,        50.601460
12/26/2009 22:00:00,        49.902389
12/26/2009 23:00:00,        49.992090
12/27/2009 00:00:00,        50.271055
12/27/2009 01:00:00,        60.717475
12/27/2009 02:00:00,        60.958701
12/27/2009 03:00:00,        62.201791
12/27/2009 04:00:00,        62.698287
12/27/2009 05:00:00,        62.453935
12/27/2009 06:00:00,        61.763148
12/27/2009 07:00:00,        61.187398
12/27/2009 08:00:00,        60.954733
12/27/2009 09:00:00,        63.688862
12/27/2009 10:00:00,        66.636117
12/27/2009 11:00:00,        67.740827
12/27/2009 12:00:00,        69.609200
12/27/2009 13:00:00,        71.732700
12/27/2009 14:00:00,        71.586500
12/27/2009 15:00:00,        68.544718
12/27/2009 16:00:00,        67.219282
12/27/2009 17:00:00,        64.010521
12/27/2009 18:00:00,        61.702567
12/27/2009 19:00:00,        62.200605
12/27/2009 20:00:00,        62.492551
12/27/2009 21:00:00,        64.031528
12/27/2009 22:00:00,        62.005475
12/27/2009 23:00:00,        59.216025
12/28/2009 00:00:00,        55.505295
12/28/2009 01:00:00,        44.782703
12/28/2009 02:00:00,        46.518815
12/28/2009 03:00:00,        49.057255
12/28/2009 04:00:00,        51.526485
12/28/2009 05:00:00,        55.438660
12/28/2009 06:00:00,        57.915680
12/28/2009 07:00:00,        58.419113
12/28/2009 08:00:00,        63.653901
12/28/2009 09:00:00,        68.779192
12/28/2009 10:00:00,        72.649335
12/28/2009 11:00:00,        77.205357
12/28/2009 12:00:00,        80.716910
12/28/2009 13:00:00,        86.021400
12/28/2009 14:00:00,        88.670500
12/28/2009 15:00:00,        91.135400
12/28/2009 16:00:00,        93.032300
12/28/2009 17:00:00,        94.182801
12/28/2009 18:00:00,        94.888309
12/28/2009 19:00:00,        95.521873
12/28/2009 20:00:00,        95.797593
12/28/2009 21:00:00,        95.879478
12/28/2009 22:00:00,        95.898976
12/28/2009 23:00:00,        95.948826
12/29/2009 00:00:00,        95.964892
12/29/2009 01:00:00,        95.620141
12/29/2009 02:00:00,        94.913562
12/29/2009 03:00:00,        93.160073
12/29/2009 04:00:00,        88.877475
12/29/2009 05:00:00,        84.836275
12/29/2009 06:00:00,        80.944006
12/29/2009 07:00:00,        76.717514
12/29/2009 08:00:00,        71.144269
12/29/2009 09:00:00,        66.574924
12/29/2009 10:00:00,        61.523581
12/29/2009 11:00:00,        55.861931
12/29/2009 12:00:00,        49.439034
12/29/2009 13:00:00,        43.754054
12/29/2009 14:00:00,        40.826939
12/29/2009 15:00:00,        37.155344
12/29/2009 16:00:00,        35.165665
12/29/2009 17:00:00,        33.505260
12/29/2009 18:00:00,        32.261160
12/29/2009 19:00:00,        31.304813
12/29/2009 20:00:00,        31.396235
12/29/2009 21:00:00,        32.186358
12/29/2009 22:00:00,        33.612250
12/29/2009 23:00:00,        35.383971
12/30/2009 00:00:00,        37.469579
12/30/2009 01:00:00,        36.289943
12/30/2009 02:00:00,        39.926192
12/30/2009 03:00:00,        43.670223
12/30/2009 04:00:00,        45.962541
12/30/2009 05:00:00,        49.526868
12/30/2009 06:00:00,        51.946987
12/30/2009 07:00:00,        54.365164
12/30/2009 08:00:00,        59.086897
12/30/2009 09:00:00,        63.769789
12/30/2009 10:00:00,        67.782330
12/30/2009 11:00:00,        71.848498
12/30/2009 12:00:00,        77.776454
12/30/2009 13:00:00,        80.769006
12/30/2009 14:00:00,        82.949771
12/30/2009 15:00:00,        84.164613
12/30/2009 16:00:00,        84.427961
12/30/2009 17:00:00,        84.676209
12/30/2009 18:00:00,        85.525383
12/30/2009 19:00:00,        86.475590
12/30/2009 20:00:00,        86.676242
12/30/2009 21:00:00,        86.440661
12/30/2009 22:00:00,        86.652030
12/30/2009 23:00:00,        86.410479
12/31/2009 00:00:00,        86.034108
12/31/2009 01:00:00,        64.882545
12/31/2009 02:00:00,        64.934975
12/31/2009 03:00:00,        64.173575
12/31/2009 04:00:00,        63.227551
12/31/2009 05:00:00,         4.331477
12/31/2009 06:00:00,        53.430306
12/31/2009 07:00:00,        59.452760
12/31/2009 08:00:00,        60.703230
12/31/2009 09:00:00,        59.648190
12/31/2009 10:00:00,        58.016650
12/31/2009 11:00:00,        56.613900
12/31/2009 12:00:00,        54.943770
12/31/2009 13:00:00,        53.562940
12/31/2009 14:00:00,        51.769480
12/31/2009 15:00:00,        50.058830
12/31/2009 16:00:00,        48.965200
12/31/2009 17:00:00,        47.781260
12/31/2009 18:00:00,        47.298680
12/31/2009 19:00:00,        46.188916
12/31/2009 20:00:00,        45.138891
12/31/2009 21:00:00,        45.497625
12/31/2009 22:00:00,        44.674217
12/31/2009 23:00:00,        43.353563
01/01/2010 00:00:00,        28.557206
01/01/2010 01:00:00,        27.930721
01/01/2010 02:00:00,        28.675397
01/01/2010 03:00:00,        29.831030
01/01/2010 04:00:00,        33.328870
01/01/2010 05:00:00,        36.640290
01/01/2010 06:00:00,        37.793773
01/01/2010 07:00:00,        39.370277
01/01/2010 08:00:00,        42.959805
01/01/2010 09:00:00,        42.773239
01/01/2010 10:00:00,        41.472318
01/01/2010 11:00:00,        45.982950
01/01/2010 12:00:00,        48.005332
01/01/2010 13:00:00,        52.088299
01/01/2010 14:00:00,        56.163548
01/01/2010 15:00:00,        59.937551
01/01/2010 16:00:00,        63.120566
01/01/2010 17:00:00,        64.983018
01/01/2010 18:00:00,        63.968974
01/01/2010 19:00:00,        64.434353
01/01/2010 20:00:00,        65.912249
01/01/2010 21:00:00,        66.555536
01/01/2010 22:00:00,        70.563680
01/01/2010 23:00:00,        77.095906
01/02/2010 00:00:00,        76.183538
01/02/2010 01:00:00,        80.844110
01/02/2010 02:00:00,        80.547750
01/02/2010 03:00:00,        80.448962
01/02/2010 04:00:00,        80.636549
01/02/2010 05:00:00,        81.137341
01/02/2010 06:00:00,        81.289312
01/02/2010 07:00:00,        81.036557
01/02/2010 08:00:00,        80.302844
01/02/2010 09:00:00,        79.637382
01/02/2010 10:00:00,        78.988652
01/02/2010 11:00:00,        78.445351
01/02/2010 12:00:00,        78.146841
01/02/2010 13:00:00,        77.469311
01/02/2010 14:00:00,        76.547772
01/02/2010 15:00:00,        76.345937
01/02/2010 16:00:00,        76.206280
01/02/2010 17:00:00,        76.430340
01/02/2010 18:00:00,        76.345755
01/02/2010 19:00:00,        76.151278
01/02/2010 20:00:00,        76.281997
01/02/2010 21:00:00,        76.886233
01/02/2010 22:00:00,        77.311537
01/02/2010 23:00:00,        77.892706
01/03/2010 00:00:00,        78.403813
01/03/2010 01:00:00,        80.989854
01/03/2010 02:00:00,        81.239963
01/03/2010 03:00:00,        82.205851
01/03/2010 04:00:00,        83.040759
01/03/2010 05:00:00,        83.412274
01/03/2010 06:00:00,        84.033504
01/03/2010 07:00:00,        84.587225
01/03/2010 08:00:00,        85.667202
01/03/2010 09:00:00,        86.548930
01/03/2010 10:00:00,        87.312523
01/03/2010 11:00:00,        87.947703
01/03/2010 12:00:00,        88.709863
01/03/2010 13:00:00,        89.729358
01/03/2010 14:00:00,        90.578386
01/03/2010 15:00:00,        91.364094
01/03/2010 16:00:00,        91.708630
01/03/2010 17:00:00,        92.060658
01/03/2010 18:00:00,        92.660937
01/03/2010 19:00:00,        92.934837
01/03/2010 20:00:00,        93.230582
01/03/2010 21:00:00,        93.526981
01/03/2010 22:00:00,        93.683610
01/03/2010 23:00:00,        93.659261
01/04/2010 00:00:00,        93.940598
01/04/2010 01:00:00,        92.596953
01/04/2010 02:00:00,        91.872354
01/04/2010 03:00:00,        91.294204
01/04/2010 04:00:00,        90.660248
01/04/2010 05:00:00,        90.002512
01/04/2010 06:00:00,        89.367219
01/04/2010 07:00:00,        88.740757
01/04/2010 08:00:00,        87.528226
01/04/2010 09:00:00,        85.770886
01/04/2010 10:00:00,        83.518651
01/04/2010 11:00:00,        80.903271
01/04/2010 12:00:00,        77.710293
01/04/2010 13:00:00,        74.775647
01/04/2010 14:00:00,        72.607341
01/04/2010 15:00:00,        70.977190
01/04/2010 16:00:00,        69.406437
01/04/2010 17:00:00,        68.803885
01/04/2010 18:00:00,        68.324401
01/04/2010 19:00:00,        66.924462
01/04/2010 20:00:00,        65.517428
01/04/2010 21:00:00,        64.407480
01/04/2010 22:00:00,        64.194404
01/04/2010 23:00:00,        64.733763
01/05/2010 00:00:00,        65.952896
01/05/2010 01:00:00,        55.816319
01/05/2010 02:00:00,        54.659984
01/05/2010 03:00:00,        53.376432
01/05/2010 04:00:00,        52.469138
01/05/2010 05:00:00,        52.370168
01/05/2010 06:00:00,        52.749012
01/05/2010 07:00:00,        53.104455
01/05/2010 08:00:00,        52.581593
01/05/2010 09:00:00,        51.856884
01/05/2010 10:00:00,        50.881209
01/05/2010 11:00:00,        50.291334
01/05/2010 12:00:00,        49.121526
01/05/2010 13:00:00,        48.621344
01/05/2010 14:00:00,        48.542347
01/05/2010 15:00:00,        49.096022
01/05/2010 16:00:00,        49.997630
01/05/2010 17:00:00,        50.795167
01/05/2010 18:00:00,        51.384158
01/05/2010 19:00:00,        51.540155
01/05/2010 20:00:00,        51.353276
01/05/2010 21:00:00,        51.719493
01/05/2010 22:00:00,        52.440244
01/05/2010 23:00:00,        52.992657
01/06/2010 00:00:00,        52.252733
01/06/2010 01:00:00,        50.052229
01/06/2010 02:00:00,        48.407829
01/06/2010 03:00:00,        46.798861
01/06/2010 04:00:00,        45.071177
01/06/2010 05:00:00,        43.123105
01/06/2010 06:00:00,        41.221982
01/06/2010 07:00:00,        39.935818
01/06/2010 08:00:00,        37.274593
01/06/2010 09:00:00,        34.556023
01/06/2010 10:00:00,        31.721842
01/06/2010 11:00:00,        28.694178
01/06/2010 12:00:00,        25.773499
01/06/2010 13:00:00,        22.922982
01/06/2010 14:00:00,        20.925931
01/06/2010 15:00:00,        19.162617
01/06/2010 16:00:00,        17.534969
01/06/2010 17:00:00,        16.688553
01/06/2010 18:00:00,        16.948838
01/06/2010 19:00:00,        16.611541
01/06/2010 20:00:00,        16.265875
01/06/2010 21:00:00,        16.248742
01/06/2010 22:00:00,        16.479745
01/06/2010 23:00:00,        16.849579
01/07/2010 00:00:00,        16.858571
01/07/2010 01:00:00,        15.679459
01/07/2010 02:00:00,        15.259066
01/07/2010 03:00:00,        14.391201
01/07/2010 04:00:00,        13.565300
01/07/2010 05:00:00,        13.089278
01/07/2010 06:00:00,        12.815814
01/07/2010 07:00:00,        13.709476
01/07/2010 08:00:00,        14.732228
01/07/2010 09:00:00,        15.534616
01/07/2010 10:00:00,        15.949206
01/07/2010 11:00:00,        15.471411
01/07/2010 12:00:00,        15.529376
01/07/2010 13:00:00,        14.581959
01/07/2010 14:00:00,        14.425766
01/07/2010 15:00:00,        14.054372
01/07/2010 16:00:00,        13.647725
01/07/2010 17:00:00,        14.317067
01/07/2010 18:00:00,        15.114240
01/07/2010 19:00:00,        15.447424
01/07/2010 20:00:00,        14.988258
01/07/2010 21:00:00,        15.100149
01/07/2010 22:00:00,        14.637524
01/07/2010 23:00:00,        15.135050
01/08/2010 00:00:00,        16.855110
01/08/2010 01:00:00,        50.192139
01/08/2010 02:00:00,        52.591184
01/08/2010 03:00:00,        55.290077
01/08/2010 04:00:00,        57.943615
01/08/2010 05:00:00,        60.152302
01/08/2010 06:00:00,        61.208715
01/08/2010 07:00:00,        62.151381
01/08/2010 08:00:00,        63.931160
01/08/2010 09:00:00,        66.230571
01/08/2010 10:00:00,        68.331289
01/08/2010 11:00:00,        69.706110
01/08/2010 12:00:00,        71.110675
01/08/2010 13:00:00,        72.223197
01/08/2010 14:00:00,        72.422848
01/08/2010 15:00:00,        72.013233
01/08/2010 16:00:00,        71.579574
01/08/2010 17:00:00,        71.821242
01/08/2010 18:00:00,        72.171955
01/08/2010 19:00:00,        72.813186
01/08/2010 20:00:00,        74.157810
01/08/2010 21:00:00,        74.038653
01/08/2010 22:00:00,        72.986835
01/08/2010 23:00:00,        71.436797
01/09/2010 00:00:00,        70.044142
01/09/2010 01:00:00,        66.126860
01/09/2010 02:00:00,        63.075111
01/09/2010 03:00:00,        59.786190
01/09/2010 04:00:00,        56.666607
01/09/2010 05:00:00,        53.344105
01/09/2010 06:00:00,        51.757164
01/09/2010 07:00:00,        50.390022
01/09/2010 08:00:00,        47.225511
01/09/2010 09:00:00,        43.680076
01/09/2010 10:00:00,        38.701132
01/09/2010 11:00:00,        34.253534
01/09/2010 12:00:00,        30.940330
01/09/2010 13:00:00,        26.399041
01/09/2010 14:00:00,        22.166361
01/09/2010 15:00:00,        18.043652
01/09/2010 16:00:00,        14.914517
01/09/2010 17:00:00,        12.410944
01/09/2010 18:00:00,        10.241869
01/09/2010 19:00:00,         8.464916
01/09/2010 20:00:00,         6.462912
01/09/2010 21:00:00,         4.978485
01/09/2010 22:00:00,         3.582813
01/09/2010 23:00:00,         2.301752
01/10/2010 00:00:00,         1.499151
01/10/2010 01:00:00,         6.247809
01/10/2010 02:00:00,        10.000162
01/10/2010 03:00:00,        14.141506
01/10/2010 04:00:00,        18.568506
01/10/2010 05:00:00,        19.814052
01/10/2010 06:00:00,        18.268328
01/10/2010 07:00:00,        33.006245
01/10/2010 08:00:00,        39.860423
01/10/2010 09:00:00,        47.146991
01/10/2010 10:00:00,        55.013701
01/10/2010 11:00:00,        61.756721
01/10/2010 12:00:00,        68.554317
01/10/2010 13:00:00,        74.425222
01/10/2010 14:00:00,        80.505522
01/10/2010 15:00:00,        84.486335
01/10/2010 16:00:00,        87.612975
01/10/2010 17:00:00,        89.638473
01/10/2010 18:00:00,        90.753345
01/10/2010 19:00:00,        91.301125
01/10/2010 20:00:00,        91.764179
01/10/2010 21:00:00,        92.159218
01/10/2010 22:00:00,        92.644642
01/10/2010 23:00:00,        93.068991
01/11/2010 00:00:00,        93.606625
01/11/2010 01:00:00,        94.560237
01/11/2010 02:00:00,        94.352137
01/11/2010 03:00:00,        94.165565
01/11/2010 04:00:00,        93.644416
01/11/2010 05:00:00,        92.498755
01/11/2010 06:00:00,        90.917661
01/11/2010 07:00:00,        88.463352
01/11/2010 08:00:00,        84.514161
01/11/2010 09:00:00,        79.815000
01/11/2010 10:00:00,        74.243544
01/11/2010 11:00:00,        67.888527
01/11/2010 12:00:00,        61.637187
01/11/2010 13:00:00,        54.608018
01/11/2010 14:00:00,        47.225268
01/11/2010 15:00:00,        41.635320
01/11/2010 16:00:00,        37.383895
01/11/2010 17:00:00,        33.762278
01/11/2010 18:00:00,        32.041114
01/11/2010 19:00:00,        29.718306
01/11/2010 20:00:00,        29.131088
01/11/2010 21:00:00,        27.679953
01/11/2010 22:00:00,        27.444106
01/11/2010 23:00:00,        28.113030
01/12/2010 00:00:00,        29.634457
01/12/2010 01:00:00,        56.356772
01/12/2010 02:00:00,        56.637358
01/12/2010 03:00:00,        54.352329
01/12/2010 04:00:00,        51.919755
01/12/2010 05:00:00,        49.760746
01/12/2010 06:00:00,        48.052781
01/12/2010 07:00:00,        45.791984
01/12/2010 08:00:00,        41.336589
01/12/2010 09:00:00,        36.894493
01/12/2010 10:00:00,        32.172809
01/12/2010 11:00:00,        27.981658
01/12/2010 12:00:00,        23.697033
01/12/2010 13:00:00,        20.324000
01/12/2010 14:00:00,        16.789588
01/12/2010 15:00:00,        13.525758
01/12/2010 16:00:00,        10.862598
01/12/2010 17:00:00,         9.828985
01/12/2010 18:00:00,        10.035423
01/12/2010 19:00:00,         8.970186
01/12/2010 20:00:00,         7.913761
01/12/2010 21:00:00,         7.681542
01/12/2010 22:00:00,         8.470599
01/12/2010 23:00:00,         9.651928
01/13/2010 00:00:00,        11.040065
01/13/2010 01:00:00,        56.249640
01/13/2010 02:00:00,        59.743823
01/13/2010 03:00:00,        64.469750
01/13/2010 04:00:00,        67.549200
01/13/2010 05:00:00,        70.529679
01/13/2010 06:00:00,        74.244618
01/13/2010 07:00:00,        76.957859
01/13/2010 08:00:00,        80.777316
01/13/2010 09:00:00,        84.490608
01/13/2010 10:00:00,        85.966100
01/13/2010 11:00:00,        85.468100
01/13/2010 12:00:00,        82.911600
01/13/2010 13:00:00,        79.196200
01/13/2010 14:00:00,        74.788300
01/13/2010 15:00:00,        70.124600
01/13/2010 16:00:00,        65.160790
01/13/2010 17:00:00,        59.886223
01/13/2010 18:00:00,        54.867369
01/13/2010 19:00:00,        51.048504
01/13/2010 20:00:00,        47.012530
01/13/2010 21:00:00,        42.230320
01/13/2010 22:00:00,        37.141930
01/13/2010 23:00:00,        32.894720
01/14/2010 00:00:00,        29.954390
01/14/2010 01:00:00,        50.784810
01/14/2010 02:00:00,        50.548010
01/14/2010 03:00:00,        51.147360
01/14/2010 04:00:00,        51.924840
01/14/2010 05:00:00,        53.488040
01/14/2010 06:00:00,        55.485550
01/14/2010 07:00:00,        57.949520
01/14/2010 08:00:00,        60.441020
01/14/2010 09:00:00,        63.499550
01/14/2010 10:00:00,        67.144330
01/14/2010 11:00:00,        71.166700
01/14/2010 12:00:00,        75.148300
01/14/2010 13:00:00,        79.248300
01/14/2010 14:00:00,        82.969500
01/14/2010 15:00:00,        86.184200
01/14/2010 16:00:00,        88.817300
01/14/2010 17:00:00,        91.139900
01/14/2010 18:00:00,        92.609200
01/14/2010 19:00:00,        93.491200
01/14/2010 20:00:00,        94.007200
01/14/2010 21:00:00,        94.337900
01/14/2010 22:00:00,        94.421000
01/14/2010 23:00:00,        94.174000
01/15/2010 00:00:00,        93.683100
01/15/2010 01:00:00,        75.077140
01/15/2010 02:00:00,        71.032437
01/15/2010 03:00:00,        67.326146
01/15/2010 04:00:00,        64.130026
01/15/2010 05:00:00,        61.178194
01/15/2010 06:00:00,        58.626287
01/15/2010 07:00:00,        56.816345
01/15/2010 08:00:00,        51.432866
01/15/2010 09:00:00,        44.706855
01/15/2010 10:00:00,        38.392972
01/15/2010 11:00:00,        32.288198
01/15/2010 12:00:00,        28.227910
01/15/2010 13:00:00,        25.961216
01/15/2010 14:00:00,        24.344301
01/15/2010 15:00:00,        21.108764
01/15/2010 16:00:00,        18.646755
01/15/2010 17:00:00,        16.312028
01/15/2010 18:00:00,        14.502090
01/15/2010 19:00:00,        12.094243
01/15/2010 20:00:00,        10.322340
01/15/2010 21:00:00,         9.709801
01/15/2010 22:00:00,        10.379380
01/15/2010 23:00:00,        10.463570
01/16/2010 00:00:00,        11.619231
01/16/2010 01:00:00,        49.329120
01/16/2010 02:00:00,        53.251060
01/16/2010 03:00:00,        57.537580
01/16/2010 04:00:00,        39.298954
01/16/2010 05:00:00,        62.397670
01/16/2010 06:00:00,        63.815240
01/16/2010 07:00:00,        65.580070
01/16/2010 08:00:00,        67.723220
01/16/2010 09:00:00,        68.349810
01/16/2010 10:00:00,        68.063940
01/16/2010 11:00:00,        66.942210
01/16/2010 12:00:00,        65.297810
01/16/2010 13:00:00,        63.719400
01/16/2010 14:00:00,        61.870130
01/16/2010 15:00:00,        59.589720
01/16/2010 16:00:00,        57.966150
01/16/2010 17:00:00,        37.316738
01/16/2010 18:00:00,        10.255799
01/16/2010 19:00:00,         8.906966
01/16/2010 20:00:00,        17.423000
01/16/2010 21:00:00,        17.367430
01/16/2010 22:00:00,         8.835234
01/16/2010 23:00:00,         8.419640
01/17/2010 00:00:00,         0.347897
01/17/2010 01:00:00,         0.355806
01/17/2010 02:00:00,         0.000000
01/17/2010 03:00:00,         0.000000
01/17/2010 04:00:00,         0.000000
01/17/2010 05:00:00,         0.000000
01/17/2010 06:00:00,         0.000000
01/17/2010 07:00:00,         0.000000
01/17/2010 08:00:00,         0.000000
01/17/2010 09:00:00,         0.000000
01/17/2010 10:00:00,         0.000000
01/17/2010 11:00:00,         0.000000
01/17/2010 12:00:00,         0.000000
01/17/2010 13:00:00,         0.000000
01/17/2010 14:00:00,         0.000000
01/17/2010 15:00:00,         0.000000
01/17/2010 16:00:00,         0.000000
01/17/2010 17:00:00,         0.000000
01/17/2010 18:00:00,         0.000000
01/17/2010 19:00:00,         0.000000
01/17/2010 20:00:00,         0.000000
01/17/2010 21:00:00,         0.000000
01/17/2010 22:00:00,         0.000000
01/17/2010 23:00:00,         0.000000
01/18/2010 00:00:00,         0.000000
01/18/2010 01:00:00,         0.000000
01/18/2010 02:00:00,         0.000000
01/18/2010 03:00:00,         0.000000
01/18/2010 04:00:00,         0.000000
01/18/2010 05:00:00,         0.000000
01/18/2010 06:00:00,         0.000000
01/18/2010 07:00:00,         4.018500
01/18/2010 08:00:00,         8.597500
01/18/2010 09:00:00,         8.243884
01/18/2010 10:00:00,         9.392750
01/18/2010 11:00:00,        10.645932
01/18/2010 12:00:00,        11.833310
01/18/2010 13:00:00,        12.673894
01/18/2010 14:00:00,        11.114148
01/18/2010 15:00:00,        14.120650
01/18/2010 16:00:00,        15.128540
01/18/2010 17:00:00,        16.314460
01/18/2010 18:00:00,        17.235550
01/18/2010 19:00:00,        17.606770
01/18/2010 20:00:00,        17.776270
01/18/2010 21:00:00,        18.387540
01/18/2010 22:00:00,        18.841600
01/18/2010 23:00:00,        18.766180
01/19/2010 00:00:00,        18.490472
01/19/2010 01:00:00,        18.239580
01/19/2010 02:00:00,        19.287300
01/19/2010 03:00:00,        17.989801
01/19/2010 04:00:00,        18.292976
01/19/2010 05:00:00,        19.565620
01/19/2010 06:00:00,        20.039215
01/19/2010 07:00:00,        21.441326
01/19/2010 08:00:00,        23.538280
01/19/2010 09:00:00,        25.289120
01/19/2010 10:00:00,        23.812811
01/19/2010 11:00:00,        23.389141
01/19/2010 12:00:00,        23.452488
01/19/2010 13:00:00,        24.554099
01/19/2010 14:00:00,        26.281732
01/19/2010 15:00:00,        28.623156
01/19/2010 16:00:00,        31.865100
01/19/2010 17:00:00,        32.317570
01/19/2010 18:00:00,        30.087833
01/19/2010 19:00:00,        29.431292
01/19/2010 20:00:00,        29.617023
01/19/2010 21:00:00,        29.270201
01/19/2010 22:00:00,        28.389441
01/19/2010 23:00:00,        31.695176
01/20/2010 00:00:00,        36.233118
01/20/2010 01:00:00,        20.613721
01/20/2010 02:00:00,        20.847301
01/20/2010 03:00:00,        21.083896
01/20/2010 04:00:00,        20.484296
01/20/2010 05:00:00,        20.217667
01/20/2010 06:00:00,        19.905252
01/20/2010 07:00:00,        19.520096
01/20/2010 08:00:00,        18.696123
01/20/2010 09:00:00,        17.524658
01/20/2010 10:00:00,        16.065506
01/20/2010 11:00:00,        14.280153
01/20/2010 12:00:00,        12.875896
01/20/2010 13:00:00,        12.034651
01/20/2010 14:00:00,        11.007755
01/20/2010 15:00:00,         9.739905
01/20/2010 16:00:00,         8.878267
01/20/2010 17:00:00,         8.714956
01/20/2010 18:00:00,         8.732084
01/20/2010 19:00:00,         8.424137
01/20/2010 20:00:00,         8.424869
01/20/2010 21:00:00,         8.549269
01/20/2010 22:00:00,         8.920145
01/20/2010 23:00:00,         9.628854
01/21/2010 00:00:00,        10.680698
01/21/2010 01:00:00,        31.262891
01/21/2010 02:00:00,        29.125598
01/21/2010 03:00:00,        26.551180
01/21/2010 04:00:00,        25.424502
01/21/2010 05:00:00,        25.906553
01/21/2010 06:00:00,        24.354111
01/21/2010 07:00:00,        23.717303
01/21/2010 08:00:00,        23.289998
01/21/2010 09:00:00,        22.777491
01/21/2010 10:00:00,        21.177993
01/21/2010 11:00:00,        17.697569
01/21/2010 12:00:00,        14.065842
01/21/2010 13:00:00,        12.719593
01/21/2010 14:00:00,        12.976167
01/21/2010 15:00:00,        13.495413
01/21/2010 16:00:00,        16.506960
01/21/2010 17:00:00,        18.716215
01/21/2010 18:00:00,        19.255911
01/21/2010 19:00:00,        18.631996
01/21/2010 20:00:00,        18.456601
01/21/2010 21:00:00,        18.802493
01/21/2010 22:00:00,        19.699198
01/21/2010 23:00:00,        21.378634
01/22/2010 00:00:00,        24.457918
01/22/2010 01:00:00,        41.321367
01/22/2010 02:00:00,        43.249212
01/22/2010 03:00:00,        45.506390
01/22/2010 04:00:00,        47.043871
01/22/2010 05:00:00,        50.070974
01/22/2010 06:00:00,        52.451996
01/22/2010 07:00:00,        54.644016
01/22/2010 08:00:00,        55.322620
01/22/2010 09:00:00,        54.591022
01/22/2010 10:00:00,        53.344640
01/22/2010 11:00:00,        52.487494
01/22/2010 12:00:00,        51.802593
01/22/2010 13:00:00,        50.665270
01/22/2010 14:00:00,        46.244605
01/22/2010 15:00:00,        43.212512
01/22/2010 16:00:00,        41.336586
01/22/2010 17:00:00,        40.130195
01/22/2010 18:00:00,        37.965751
01/22/2010 19:00:00,        34.826823
01/22/2010 20:00:00,        31.483310
01/22/2010 21:00:00,        29.791664
01/22/2010 22:00:00,        30.130352
01/22/2010 23:00:00,        31.099122
01/23/2010 00:00:00,        33.342612
01/23/2010 01:00:00,        43.260579
01/23/2010 02:00:00,        45.131152
01/23/2010 03:00:00,        47.143864
01/23/2010 04:00:00,        47.920973
01/23/2010 05:00:00,        48.178669
01/23/2010 06:00:00,        49.238177
01/23/2010 07:00:00,        50.327426
01/23/2010 08:00:00,        51.049221
01/23/2010 09:00:00,        51.629033
01/23/2010 10:00:00,        52.402300
01/23/2010 11:00:00,        54.280247
01/23/2010 12:00:00,        55.083017
01/23/2010 13:00:00,        57.343573
01/23/2010 14:00:00,        58.816912
01/23/2010 15:00:00,        59.567905
01/23/2010 16:00:00,        61.756926
01/23/2010 17:00:00,        64.870973
01/23/2010 18:00:00,        68.210491
01/23/2010 19:00:00,        70.000448
01/23/2010 20:00:00,        71.260629
01/23/2010 21:00:00,        72.600216
01/23/2010 22:00:00,        74.973472
01/23/2010 23:00:00,        78.415311
01/24/2010 00:00:00,        80.791152
01/24/2010 01:00:00,        91.065294
01/24/2010 02:00:00,        91.761942
01/24/2010 03:00:00,        92.984274
01/24/2010 04:00:00,        93.988635
01/24/2010 05:00:00,        94.749246
01/24/2010 06:00:00,        95.195552
01/24/2010 07:00:00,        95.393743
01/24/2010 08:00:00,        95.473748
01/24/2010 09:00:00,        95.537540
01/24/2010 10:00:00,        95.581289
01/24/2010 11:00:00,        95.618997
01/24/2010 12:00:00,        95.687920
01/24/2010 13:00:00,        95.735036
01/24/2010 14:00:00,        95.812439
01/24/2010 15:00:00,        95.888429
01/24/2010 16:00:00,        95.912021
01/24/2010 17:00:00,        95.943535
01/24/2010 18:00:00,        95.962441
01/24/2010 19:00:00,        95.967862
01/24/2010 20:00:00,        95.970860
01/24/2010 21:00:00,        95.965739
01/24/2010 22:00:00,        95.918309
01/24/2010 23:00:00,        95.749239
01/25/2010 00:00:00,        95.458419
01/25/2010 01:00:00,        79.594918
01/25/2010 02:00:00,        78.029334
01/25/2010 03:00:00,        75.156326
01/25/2010 04:00:00,        70.871707
01/25/2010 05:00:00,        67.349743
01/25/2010 06:00:00,        64.003546
01/25/2010 07:00:00,        62.385329
01/25/2010 08:00:00,        56.752020
01/25/2010 09:00:00,        53.182210
01/25/2010 10:00:00,        51.417194
01/25/2010 11:00:00,        50.826234
01/25/2010 12:00:00,        52.711523
01/25/2010 13:00:00,        55.386692
01/25/2010 14:00:00,        59.286428
01/25/2010 15:00:00,        60.693022
01/25/2010 16:00:00,        63.191235
01/25/2010 17:00:00,        68.843485
01/25/2010 18:00:00,        73.307024
01/25/2010 19:00:00,        77.008534
01/25/2010 20:00:00,        80.399373
01/25/2010 21:00:00,        85.894300
01/25/2010 22:00:00,        89.753800
01/25/2010 23:00:00,        90.777260
01/26/2010 00:00:00,        91.647531
01/26/2010 01:00:00,        86.830190
01/26/2010 02:00:00,        85.381301
01/26/2010 03:00:00,        84.055984
01/26/2010 04:00:00,        83.190199
01/26/2010 05:00:00,        83.889177
01/26/2010 06:00:00,        84.686552
01/26/2010 07:00:00,        85.294536
01/26/2010 08:00:00,        85.725200
01/26/2010 09:00:00,        85.529200
01/26/2010 10:00:00,        85.526000
01/26/2010 11:00:00,        85.657300
01/26/2010 12:00:00,        86.417795
01/26/2010 13:00:00,        87.521397
01/26/2010 14:00:00,        89.050200
01/26/2010 15:00:00,        89.732294
01/26/2010 16:00:00,        90.722174
01/26/2010 17:00:00,        91.730865
01/26/2010 18:00:00,        91.894205
01/26/2010 19:00:00,        92.080209
01/26/2010 20:00:00,        91.611435
01/26/2010 21:00:00,        91.202807
01/26/2010 22:00:00,        90.781666
01/26/2010 23:00:00,        90.110736
01/27/2010 00:00:00,        89.883374
01/27/2010 01:00:00,        78.138825
01/27/2010 02:00:00,        75.056745
01/27/2010 03:00:00,        71.650786
01/27/2010 04:00:00,        71.373803
01/27/2010 05:00:00,        70.916134
01/27/2010 06:00:00,        72.949120
01/27/2010 07:00:00,        75.466498
01/27/2010 08:00:00,        75.310433
01/27/2010 09:00:00,        76.469578
01/27/2010 10:00:00,        78.279676
01/27/2010 11:00:00,        79.097276
01/27/2010 12:00:00,        80.601225
01/27/2010 13:00:00,        83.047051
01/27/2010 14:00:00,        86.051071
01/27/2010 15:00:00,        89.405559
01/27/2010 16:00:00,        92.865346
01/27/2010 17:00:00,        94.655019
01/27/2010 18:00:00,        95.643805
01/27/2010 19:00:00,        95.763554
01/27/2010 20:00:00,        95.811522
01/27/2010 21:00:00,        95.824616
01/27/2010 22:00:00,        95.840590
01/27/2010 23:00:00,        95.848027
01/28/2010 00:00:00,        95.837332
01/28/2010 01:00:00,        95.045043
01/28/2010 02:00:00,        94.952704
01/28/2010 03:00:00,        95.003780
01/28/2010 04:00:00,        95.072529
01/28/2010 05:00:00,        95.126532
01/28/2010 06:00:00,        95.218031
01/28/2010 07:00:00,        95.205560
01/28/2010 08:00:00,        95.057441
01/28/2010 09:00:00,        95.123022
01/28/2010 10:00:00,        95.166670
01/28/2010 11:00:00,        95.224732
01/28/2010 12:00:00,        94.583940
01/28/2010 13:00:00,        94.842667
01/28/2010 14:00:00,        95.047255
01/28/2010 15:00:00,        95.139308
01/28/2010 16:00:00,        95.139817
01/28/2010 17:00:00,        95.059586
01/28/2010 18:00:00,        95.023073
01/28/2010 19:00:00,        94.939892
01/28/2010 20:00:00,        94.834163
01/28/2010 21:00:00,        94.709559
01/28/2010 22:00:00,        94.556743
01/28/2010 23:00:00,        94.360131
01/29/2010 00:00:00,        94.108727
01/29/2010 01:00:00,        70.723765
01/29/2010 02:00:00,        64.219521
01/29/2010 03:00:00,        58.582840
01/29/2010 04:00:00,        53.756991
01/29/2010 05:00:00,        49.630596
01/29/2010 06:00:00,        46.349906
01/29/2010 07:00:00,        43.241363
01/29/2010 08:00:00,        37.054792
01/29/2010 09:00:00,        28.982879
01/29/2010 10:00:00,        22.027955
01/29/2010 11:00:00,        17.971707
01/29/2010 12:00:00,        15.207152
01/29/2010 13:00:00,        13.439125
01/29/2010 14:00:00,        12.211526
01/29/2010 15:00:00,        12.488254
01/29/2010 16:00:00,        13.796217
01/29/2010 17:00:00,        15.160055
01/29/2010 18:00:00,        16.201730
01/29/2010 19:00:00,        15.465884
01/29/2010 20:00:00,        15.092437
01/29/2010 21:00:00,        14.684272
01/29/2010 22:00:00,        13.870441
01/29/2010 23:00:00,        11.928836
01/30/2010 00:00:00,        10.008444
01/30/2010 01:00:00,        12.183090
01/30/2010 02:00:00,        11.856238
01/30/2010 03:00:00,        10.546714
01/30/2010 04:00:00,         9.813605
01/30/2010 05:00:00,         9.488024
01/30/2010 06:00:00,         9.364220
01/30/2010 07:00:00,         9.980004
01/30/2010 08:00:00,        10.726535
01/30/2010 09:00:00,        10.869791
01/30/2010 10:00:00,        10.295637
01/30/2010 11:00:00,        10.608687
01/30/2010 12:00:00,        10.370067
01/30/2010 13:00:00,        10.417705
01/30/2010 14:00:00,        10.141594
01/30/2010 15:00:00,         9.585341
01/30/2010 16:00:00,         8.834885
01/30/2010 17:00:00,         8.182820
01/30/2010 18:00:00,         7.835256
01/30/2010 19:00:00,         8.007401
01/30/2010 20:00:00,         7.613558
01/30/2010 21:00:00,         7.059490
01/30/2010 22:00:00,         6.984748
01/30/2010 23:00:00,         7.195455
01/31/2010 00:00:00,         7.686015
01/31/2010 01:00:00,        13.798514
01/31/2010 02:00:00,        16.411131
01/31/2010 03:00:00,        17.193992
01/31/2010 04:00:00,        22.850548
01/31/2010 05:00:00,        26.598524
01/31/2010 06:00:00,        30.714080
01/31/2010 07:00:00,        35.443155
01/31/2010 08:00:00,        40.476871
01/31/2010 09:00:00,        45.767045
01/31/2010 10:00:00,        50.465162
01/31/2010 11:00:00,        55.585349
01/31/2010 12:00:00,        60.912687
01/31/2010 13:00:00,        66.051638
01/31/2010 14:00:00,        70.487144
01/31/2010 15:00:00,        74.276604
01/31/2010 16:00:00,        76.804384
01/31/2010 17:00:00,        79.114387
01/31/2010 18:00:00,        80.707699
01/31/2010 19:00:00,        81.990911
01/31/2010 20:00:00,        82.201410
01/31/2010 21:00:00,        82.550988
01/31/2010 22:00:00,        82.714781
01/31/2010 23:00:00,        83.570586
02/01/2010 00:00:00,        86.571897
02/01/2010 01:00:00,        84.012781
02/01/2010 02:00:00,        78.108190
02/01/2010 03:00:00,        73.305550
02/01/2010 04:00:00,        71.832960
02/01/2010 05:00:00,        71.935852
02/01/2010 06:00:00,        73.068461
02/01/2010 07:00:00,        72.723298
02/01/2010 08:00:00,        72.490559
02/01/2010 09:00:00,        71.679141
02/01/2010 10:00:00,        71.093636
02/01/2010 11:00:00,        70.297773
02/01/2010 12:00:00,        69.097771
02/01/2010 13:00:00,        67.671969
02/01/2010 14:00:00,        66.782758
02/01/2010 15:00:00,        68.076436
02/01/2010 16:00:00,        68.416242
02/01/2010 17:00:00,        66.479182
02/01/2010 18:00:00,        62.791984
02/01/2010 19:00:00,        59.961137
02/01/2010 20:00:00,        56.883234
02/01/2010 21:00:00,        52.633461
02/01/2010 22:00:00,        47.900508
02/01/2010 23:00:00,        42.910386
02/02/2010 00:00:00,        37.477992
02/02/2010 01:00:00,        15.092470
02/02/2010 02:00:00,        13.458808
02/02/2010 03:00:00,        11.512349
02/02/2010 04:00:00,         9.950296
02/02/2010 05:00:00,         8.712591
02/02/2010 06:00:00,         7.797609
02/02/2010 07:00:00,         7.086832
02/02/2010 08:00:00,         5.460329
02/02/2010 09:00:00,         4.332651
02/02/2010 10:00:00,         3.503477
02/02/2010 11:00:00,         2.762530
02/02/2010 12:00:00,         2.265759
02/02/2010 13:00:00,         1.975419
02/02/2010 14:00:00,         1.616521
02/02/2010 15:00:00,         1.458269
02/02/2010 16:00:00,         1.818547
02/02/2010 17:00:00,         2.401705
02/02/2010 18:00:00,         2.435024
02/02/2010 19:00:00,         2.467862
02/02/2010 20:00:00,         2.504057
02/02/2010 21:00:00,         2.614736
02/02/2010 22:00:00,         2.943807
02/02/2010 23:00:00,         3.017168
02/03/2010 00:00:00,         3.161865
02/03/2010 01:00:00,         0.605069
02/03/2010 02:00:00,         0.643175
02/03/2010 03:00:00,         0.804730
02/03/2010 04:00:00,         1.137595
02/03/2010 05:00:00,         1.435212
02/03/2010 06:00:00,         0.996719
02/03/2010 07:00:00,         1.461384
02/03/2010 08:00:00,         2.973505
02/03/2010 09:00:00,         5.105219
02/03/2010 10:00:00,         8.794059
02/03/2010 11:00:00,        12.103717
02/03/2010 12:00:00,        15.949563
02/03/2010 13:00:00,        20.249790
02/03/2010 14:00:00,        22.834525
02/03/2010 15:00:00,        25.834471
02/03/2010 16:00:00,        31.320921
02/03/2010 17:00:00,        35.852689
02/03/2010 18:00:00,        40.008941
02/03/2010 19:00:00,        43.869984
02/03/2010 20:00:00,        47.276251
02/03/2010 21:00:00,        49.101138
02/03/2010 22:00:00,        50.366354
02/03/2010 23:00:00,        51.663447
02/04/2010 00:00:00,        52.453946
02/04/2010 01:00:00,        43.403355
02/04/2010 02:00:00,        39.590786
02/04/2010 03:00:00,        36.086103
02/04/2010 04:00:00,        33.125047
02/04/2010 05:00:00,        29.585740
02/04/2010 06:00:00,        26.877793
02/04/2010 07:00:00,        24.090854
02/04/2010 08:00:00,        17.887498
02/04/2010 09:00:00,        12.967417
02/04/2010 10:00:00,        10.059321
02/04/2010 11:00:00,         8.717502
02/04/2010 12:00:00,         8.130742
02/04/2010 13:00:00,         9.118566
02/04/2010 14:00:00,        10.789107
02/04/2010 15:00:00,        13.224773
02/04/2010 16:00:00,        15.598851
02/04/2010 17:00:00,        18.204133
02/04/2010 18:00:00,        20.813384
02/04/2010 19:00:00,        22.432064
02/04/2010 20:00:00,        24.164303
02/04/2010 21:00:00,        26.079698
02/04/2010 22:00:00,        28.107672
02/04/2010 23:00:00,        29.851617
02/05/2010 00:00:00,        31.974791
02/05/2010 01:00:00,        13.126297
02/05/2010 02:00:00,        12.018500
02/05/2010 03:00:00,        10.862730
02/05/2010 04:00:00,         8.313098
02/05/2010 05:00:00,         9.456420
02/05/2010 06:00:00,         8.296070
02/05/2010 07:00:00,         8.130400
02/05/2010 08:00:00,         6.775057
02/05/2010 09:00:00,         4.992633
02/05/2010 10:00:00,         3.670626
02/05/2010 11:00:00,         3.659835
02/05/2010 12:00:00,         5.985670
02/05/2010 13:00:00,         6.989635
02/05/2010 14:00:00,         8.157120
02/05/2010 15:00:00,         9.184928
02/05/2010 16:00:00,        11.564771
02/05/2010 17:00:00,        15.593836
02/05/2010 18:00:00,        19.653359
02/05/2010 19:00:00,        22.105455
02/05/2010 20:00:00,        24.681055
02/05/2010 21:00:00,        27.033007
02/05/2010 22:00:00,        29.946406
02/05/2010 23:00:00,        32.882610
02/06/2010 00:00:00,        36.040790
02/06/2010 01:00:00,        85.028132
02/06/2010 02:00:00,        85.278538
02/06/2010 03:00:00,        85.485935
02/06/2010 04:00:00,        85.816052
02/06/2010 05:00:00,        85.811692
02/06/2010 06:00:00,        85.796963
02/06/2010 07:00:00,        85.048755
02/06/2010 08:00:00,        84.174797
02/06/2010 09:00:00,        83.350805
02/06/2010 10:00:00,        82.443102
02/06/2010 11:00:00,        81.412836
02/06/2010 12:00:00,        80.377928
02/06/2010 13:00:00,        79.181699
02/06/2010 14:00:00,        77.593339
02/06/2010 15:00:00,        75.907877
02/06/2010 16:00:00,        74.112128
02/06/2010 17:00:00,        72.825759
02/06/2010 18:00:00,        71.718762
02/06/2010 19:00:00,        70.575060
02/06/2010 20:00:00,        70.556368
02/06/2010 21:00:00,        70.869301
02/06/2010 22:00:00,        70.340518
02/06/2010 23:00:00,        70.100803
02/07/2010 00:00:00,        68.975860
02/07/2010 01:00:00,        57.472470
02/07/2010 02:00:00,        54.588331
02/07/2010 03:00:00,        52.570726
02/07/2010 04:00:00,        51.231821
02/07/2010 05:00:00,        49.742852
02/07/2010 06:00:00,        47.688161
02/07/2010 07:00:00,        44.480032
02/07/2010 08:00:00,        41.141986
02/07/2010 09:00:00,        38.408329
02/07/2010 10:00:00,        35.379159
02/07/2010 11:00:00,        32.753975
02/07/2010 12:00:00,        30.685410
02/07/2010 13:00:00,        28.654994
02/07/2010 14:00:00,        27.110549
02/07/2010 15:00:00,        25.047007
02/07/2010 16:00:00,        23.065843
02/07/2010 17:00:00,        21.457645
02/07/2010 18:00:00,        20.278650
02/07/2010 19:00:00,        20.017027
02/07/2010 20:00:00,        20.253618
02/07/2010 21:00:00,        20.784474
02/07/2010 22:00:00,        20.810641
02/07/2010 23:00:00,        21.041722
02/08/2010 00:00:00,        21.376744
02/08/2010 01:00:00,        30.628199
02/08/2010 02:00:00,        29.971145
02/08/2010 03:00:00,        29.147711
02/08/2010 04:00:00,        28.709648
02/08/2010 05:00:00,        28.173211
02/08/2010 06:00:00,        26.541284
02/08/2010 07:00:00,        25.274834
02/08/2010 08:00:00,        23.638559
02/08/2010 09:00:00,        21.867250
02/08/2010 10:00:00,        20.615908
02/08/2010 11:00:00,        17.655972
02/08/2010 12:00:00,        14.592190
02/08/2010 13:00:00,        12.575094
02/08/2010 14:00:00,        11.261682
02/08/2010 15:00:00,        10.041825
02/08/2010 16:00:00,         9.062759
02/08/2010 17:00:00,         8.458740
02/08/2010 18:00:00,         8.031393
02/08/2010 19:00:00,         7.277565
02/08/2010 20:00:00,         6.679875
02/08/2010 21:00:00,         6.771944
02/08/2010 22:00:00,         6.844966
02/08/2010 23:00:00,         7.120275
02/09/2010 00:00:00,         7.445434
02/09/2010 01:00:00,        10.280475
02/09/2010 02:00:00,        11.666172
02/09/2010 03:00:00,        12.368681
02/09/2010 04:00:00,        13.316675
02/09/2010 05:00:00,        13.840915
02/09/2010 06:00:00,        14.430785
02/09/2010 07:00:00,        14.870852
02/09/2010 08:00:00,        15.376861
02/09/2010 09:00:00,        14.849586
02/09/2010 10:00:00,        16.427499
02/09/2010 11:00:00,        16.896210
02/09/2010 12:00:00,        16.997530
02/09/2010 13:00:00,        16.731558
02/09/2010 14:00:00,        16.366498
02/09/2010 15:00:00,        16.208308
02/09/2010 16:00:00,        16.361993
02/09/2010 17:00:00,        17.271548
02/09/2010 18:00:00,        19.164420
02/09/2010 19:00:00,        19.740154
02/09/2010 20:00:00,        20.881466
02/09/2010 21:00:00,        22.727335
02/09/2010 22:00:00,        24.786914
02/09/2010 23:00:00,        27.330292
02/10/2010 00:00:00,        30.163307
02/10/2010 01:00:00,        69.800262
02/10/2010 02:00:00,        71.169014
02/10/2010 03:00:00,        71.825678
02/10/2010 04:00:00,        72.216921
02/10/2010 05:00:00,        73.084021
02/10/2010 06:00:00,        74.081491
02/10/2010 07:00:00,        75.071834
02/10/2010 08:00:00,        75.975267
02/10/2010 09:00:00,        76.641264
02/10/2010 10:00:00,        77.478889
02/10/2010 11:00:00,        78.343904
02/10/2010 12:00:00,        78.912232
02/10/2010 13:00:00,        78.944592
02/10/2010 14:00:00,        80.060499
02/10/2010 15:00:00,        81.577267
02/10/2010 16:00:00,        82.739438
02/10/2010 17:00:00,        83.543478
02/10/2010 18:00:00,        84.032083
02/10/2010 19:00:00,        84.859463
02/10/2010 20:00:00,        85.811457
02/10/2010 21:00:00,        86.511687
02/10/2010 22:00:00,        86.759968
02/10/2010 23:00:00,        86.952132
02/11/2010 00:00:00,        86.590802
02/11/2010 01:00:00,        71.512908
02/11/2010 02:00:00,        71.506797
02/11/2010 03:00:00,        70.814514
02/11/2010 04:00:00,        69.633535
02/11/2010 05:00:00,        68.918313
02/11/2010 06:00:00,        67.798238
02/11/2010 07:00:00,        64.237379
02/11/2010 08:00:00,        59.941171
02/11/2010 09:00:00,        55.417572
02/11/2010 10:00:00,        49.956956
02/11/2010 11:00:00,        45.408543
02/11/2010 12:00:00,        41.604281
02/11/2010 13:00:00,        38.296991
02/11/2010 14:00:00,        34.628175
02/11/2010 15:00:00,        30.847016
02/11/2010 16:00:00,        28.234196
02/11/2010 17:00:00,        27.191292
02/11/2010 18:00:00,        27.280357
02/11/2010 19:00:00,        25.926327
02/11/2010 20:00:00,        24.830161
02/11/2010 21:00:00,        25.218525
02/11/2010 22:00:00,        26.116533
02/11/2010 23:00:00,        27.734766
02/12/2010 00:00:00,        29.890049
02/12/2010 01:00:00,        28.043649
02/12/2010 02:00:00,        27.593883
02/12/2010 03:00:00,        26.899202
02/12/2010 04:00:00,        25.425329
02/12/2010 05:00:00,        23.662142
02/12/2010 06:00:00,        22.239000
02/12/2010 07:00:00,        20.702036
02/12/2010 08:00:00,        17.327806
02/12/2010 09:00:00,        14.370847
02/12/2010 10:00:00,        12.256301
02/12/2010 11:00:00,        10.839007
02/12/2010 12:00:00,         9.076468
02/12/2010 13:00:00,         7.498030
02/12/2010 14:00:00,         6.205093
02/12/2010 15:00:00,         4.912864
02/12/2010 16:00:00,         4.208476
02/12/2010 17:00:00,         5.215716
02/12/2010 18:00:00,         6.517646
02/12/2010 19:00:00,         6.477670
02/12/2010 20:00:00,         6.539182
02/12/2010 21:00:00,         6.735669
02/12/2010 22:00:00,         7.305016
02/12/2010 23:00:00,         7.813275
02/13/2010 00:00:00,         8.792615
02/13/2010 01:00:00,         2.178026
02/13/2010 02:00:00,         2.035474
02/13/2010 03:00:00,         2.100239
02/13/2010 04:00:00,         2.189518
02/13/2010 05:00:00,         2.484168
02/13/2010 06:00:00,         1.973375
02/13/2010 07:00:00,         1.666114
02/13/2010 08:00:00,         2.155332
02/13/2010 09:00:00,         2.830795
02/13/2010 10:00:00,         3.313295
02/13/2010 11:00:00,         3.619679
02/13/2010 12:00:00,         4.200899
02/13/2010 13:00:00,         5.181288
02/13/2010 14:00:00,         6.928476
02/13/2010 15:00:00,         8.863948
02/13/2010 16:00:00,        11.619093
02/13/2010 17:00:00,        14.959368
02/13/2010 18:00:00,        18.964103
02/13/2010 19:00:00,        21.031304
02/13/2010 20:00:00,        23.119354
02/13/2010 21:00:00,        25.555908
02/13/2010 22:00:00,        28.049592
02/13/2010 23:00:00,        30.603887
02/14/2010 00:00:00,        32.966981
02/14/2010 01:00:00,        35.503303
02/14/2010 02:00:00,        34.122886
02/14/2010 03:00:00,        31.957530
02/14/2010 04:00:00,        30.611744
02/14/2010 05:00:00,        31.607540
02/14/2010 06:00:00,        32.884645
02/14/2010 07:00:00,        33.780895
02/14/2010 08:00:00,        34.275823
02/14/2010 09:00:00,        34.859310
02/14/2010 10:00:00,        35.929330
02/14/2010 11:00:00,        38.337299
02/14/2010 12:00:00,        40.820998
02/14/2010 13:00:00,        44.663397
02/14/2010 14:00:00,        47.482475
02/14/2010 15:00:00,        51.514365
02/14/2010 16:00:00,        54.820288
02/14/2010 17:00:00,        56.917429
02/14/2010 18:00:00,        58.809516
02/14/2010 19:00:00,        59.015515
02/14/2010 20:00:00,        59.391711
02/14/2010 21:00:00,        59.335662
02/14/2010 22:00:00,        60.380629
02/14/2010 23:00:00,        61.758440
02/15/2010 00:00:00,        61.901424
02/15/2010 01:00:00,        38.355000
02/15/2010 02:00:00,        37.065038
02/15/2010 03:00:00,        36.554373
02/15/2010 04:00:00,        34.794222
02/15/2010 05:00:00,        34.251729
02/15/2010 06:00:00,        33.417428
02/15/2010 07:00:00,        32.605066
02/15/2010 08:00:00,        31.605362
02/15/2010 09:00:00,        29.316182
02/15/2010 10:00:00,        27.550661
02/15/2010 11:00:00,        24.999547
02/15/2010 12:00:00,        22.279940
02/15/2010 13:00:00,        19.894451
02/15/2010 14:00:00,        17.733263
02/15/2010 15:00:00,        15.867826
02/15/2010 16:00:00,        13.840557
02/15/2010 17:00:00,        11.395530
02/15/2010 18:00:00,         9.792154
02/15/2010 19:00:00,         8.348805
02/15/2010 20:00:00,         7.214781
02/15/2010 21:00:00,         6.733921
02/15/2010 22:00:00,         6.489623
02/15/2010 23:00:00,         6.799163
02/16/2010 00:00:00,         7.306080
02/16/2010 01:00:00,         3.545228
02/16/2010 02:00:00,         3.588598
02/16/2010 03:00:00,         3.634375
02/16/2010 04:00:00,         5.182670
02/16/2010 05:00:00,         6.658844
02/16/2010 06:00:00,         7.922657
02/16/2010 07:00:00,         8.714915
02/16/2010 08:00:00,         8.930000
02/16/2010 09:00:00,         9.625670
02/16/2010 10:00:00,        10.982200
02/16/2010 11:00:00,        12.179000
02/16/2010 12:00:00,        13.281000
02/16/2010 13:00:00,        14.516000
02/16/2010 14:00:00,        16.074000
02/16/2010 15:00:00,        17.774500
02/16/2010 16:00:00,        18.194778
02/16/2010 17:00:00,        18.627889
02/16/2010 18:00:00,        18.432250
02/16/2010 19:00:00,        18.345044
02/16/2010 20:00:00,        18.564049
02/16/2010 21:00:00,        18.947131
02/16/2010 22:00:00,        19.323337
02/16/2010 23:00:00,        19.629607
02/17/2010 00:00:00,        21.035324
02/17/2010 01:00:00,        18.109722
02/17/2010 02:00:00,        18.356985
02/17/2010 03:00:00,        19.006150
02/17/2010 04:00:00,        19.889780
02/17/2010 05:00:00,        19.942794
02/17/2010 06:00:00,        19.789049
02/17/2010 07:00:00,        20.702120
02/17/2010 08:00:00,        21.291638
02/17/2010 09:00:00,        22.404371
02/17/2010 10:00:00,        23.897420
02/17/2010 11:00:00,        25.948180
02/17/2010 12:00:00,        27.347320
02/17/2010 13:00:00,        29.495610
02/17/2010 14:00:00,        32.495616
02/17/2010 15:00:00,        35.088670
02/17/2010 16:00:00,        37.862029
02/17/2010 17:00:00,        41.643426
02/17/2010 18:00:00,        46.096475
02/17/2010 19:00:00,        48.845374
02/17/2010 20:00:00,        51.781929
02/17/2010 21:00:00,        55.932454
02/17/2010 22:00:00,        60.457300
02/17/2010 23:00:00,        63.840870
02/18/2010 00:00:00,        66.468400
02/18/2010 01:00:00,        75.505561
02/18/2010 02:00:00,        72.303423
02/18/2010 03:00:00,        68.455059
02/18/2010 04:00:00,        65.353277
02/18/2010 05:00:00,        63.200968
02/18/2010 06:00:00,        60.898942
02/18/2010 07:00:00,        57.939192
02/18/2010 08:00:00,        53.457843
02/18/2010 09:00:00,        48.640718
02/18/2010 10:00:00,        44.563631
02/18/2010 11:00:00,        41.579985
02/18/2010 12:00:00,        40.286416
02/18/2010 13:00:00,        39.981501
02/18/2010 14:00:00,        40.279369
02/18/2010 15:00:00,        41.479806
02/18/2010 16:00:00,        44.202562
02/18/2010 17:00:00,        47.251495
02/18/2010 18:00:00,        50.667129
02/18/2010 19:00:00,        52.674246
02/18/2010 20:00:00,        56.009244
02/18/2010 21:00:00,        59.044314
02/18/2010 22:00:00,        63.013608
02/18/2010 23:00:00,        67.517162
02/19/2010 00:00:00,        71.807600
02/19/2010 01:00:00,        70.041941
02/19/2010 02:00:00,        66.347239
02/19/2010 03:00:00,        63.493235
02/19/2010 04:00:00,        62.503120
02/19/2010 05:00:00,        60.695759
02/19/2010 06:00:00,        57.354692
02/19/2010 07:00:00,        55.878143
02/19/2010 08:00:00,        51.991409
02/19/2010 09:00:00,        48.490904
02/19/2010 10:00:00,        45.705791
02/19/2010 11:00:00,        43.402332
02/19/2010 12:00:00,        44.089740
02/19/2010 13:00:00,        44.156127
02/19/2010 14:00:00,        44.575098
02/19/2010 15:00:00,        45.230445
02/19/2010 16:00:00,        45.235395
02/19/2010 17:00:00,        45.366736
02/19/2010 18:00:00,        45.623838
02/19/2010 19:00:00,        46.120488
02/19/2010 20:00:00,        47.216641
02/19/2010 21:00:00,        46.684141
02/19/2010 22:00:00,        46.166221
02/19/2010 23:00:00,        45.642454
02/20/2010 00:00:00,        45.628796
02/20/2010 01:00:00,        25.683640
02/20/2010 02:00:00,        23.425958
02/20/2010 03:00:00,        22.464740
02/20/2010 04:00:00,        21.261060
02/20/2010 05:00:00,        19.760990
02/20/2010 06:00:00,        18.264040
02/20/2010 07:00:00,        16.858240
02/20/2010 08:00:00,        14.610490
02/20/2010 09:00:00,        11.673490
02/20/2010 10:00:00,         9.671460
02/20/2010 11:00:00,         8.098397
02/20/2010 12:00:00,         7.802850
02/20/2010 13:00:00,         7.458260
02/20/2010 14:00:00,         7.248370
02/20/2010 15:00:00,         7.167587
02/20/2010 16:00:00,         6.901862
02/20/2010 17:00:00,         6.780908
02/20/2010 18:00:00,         6.871443
02/20/2010 19:00:00,         6.959826
02/20/2010 20:00:00,         7.225170
02/20/2010 21:00:00,         7.727944
02/20/2010 22:00:00,         8.055540
02/20/2010 23:00:00,         8.170740
02/21/2010 00:00:00,         8.241121
02/21/2010 01:00:00,         6.484120
02/21/2010 02:00:00,         5.930449
02/21/2010 03:00:00,         5.561007
02/21/2010 04:00:00,         5.021221
02/21/2010 05:00:00,         4.515073
02/21/2010 06:00:00,         4.063472
02/21/2010 07:00:00,         3.713673
02/21/2010 08:00:00,         3.123932
02/21/2010 09:00:00,         2.618332
02/21/2010 10:00:00,         2.102405
02/21/2010 11:00:00,         1.540182
02/21/2010 12:00:00,         1.161171
02/21/2010 13:00:00,         1.045115
02/21/2010 14:00:00,         1.009166
02/21/2010 15:00:00,         1.074514
02/21/2010 16:00:00,         1.139574
02/21/2010 17:00:00,         1.075888
02/21/2010 18:00:00,         1.030258
02/21/2010 19:00:00,         1.163148
02/21/2010 20:00:00,         1.313131
02/21/2010 21:00:00,         1.448441
02/21/2010 22:00:00,         1.591990
02/21/2010 23:00:00,         2.014301
02/22/2010 00:00:00,         2.618231
02/22/2010 01:00:00,         9.973279
02/22/2010 02:00:00,        11.025063
02/22/2010 03:00:00,        12.068727
02/22/2010 04:00:00,        12.712926
02/22/2010 05:00:00,        14.093740
02/22/2010 06:00:00,        15.420418
02/22/2010 07:00:00,        16.912633
02/22/2010 08:00:00,        18.063788
02/22/2010 09:00:00,        19.590658
02/22/2010 10:00:00,        20.343857
02/22/2010 11:00:00,        21.518933
02/22/2010 12:00:00,        23.071750
02/22/2010 13:00:00,        24.912409
02/22/2010 14:00:00,        26.996607
02/22/2010 15:00:00,        29.651741
02/22/2010 16:00:00,        32.061615
02/22/2010 17:00:00,        33.943280
02/22/2010 18:00:00,        35.855487
02/22/2010 19:00:00,        38.373414
02/22/2010 20:00:00,        40.145540
02/22/2010 21:00:00,        42.235250
02/22/2010 22:00:00,        44.199150
02/22/2010 23:00:00,        46.538760
02/23/2010 00:00:00,        48.953430
02/23/2010 01:00:00,        23.606870
02/23/2010 02:00:00,        22.927290
02/23/2010 03:00:00,        21.835710
02/23/2010 04:00:00,        10.664087
02/23/2010 05:00:00,         3.650911
02/23/2010 06:00:00,         2.753271
02/23/2010 07:00:00,         0.092489
02/23/2010 08:00:00,         2.156500
02/23/2010 09:00:00,         6.604650
02/23/2010 10:00:00,        11.919470
02/23/2010 11:00:00,        11.329410
02/23/2010 12:00:00,        10.929090
02/23/2010 13:00:00,        10.262010
02/23/2010 14:00:00,         9.590200
02/23/2010 15:00:00,         9.806056
02/23/2010 16:00:00,         9.462342
02/23/2010 17:00:00,         9.656117
02/23/2010 18:00:00,         9.949896
02/23/2010 19:00:00,         9.974716
02/23/2010 20:00:00,        10.026970
02/23/2010 21:00:00,         9.706502
02/23/2010 22:00:00,         9.716603
02/23/2010 23:00:00,        10.769390
02/24/2010 00:00:00,        10.543017
02/24/2010 01:00:00,         4.902996
02/24/2010 02:00:00,         4.799005
02/24/2010 03:00:00,         4.618631
02/24/2010 04:00:00,         4.407004
02/24/2010 05:00:00,         4.302376
02/24/2010 06:00:00,         3.811170
02/24/2010 07:00:00,         3.905400
02/24/2010 08:00:00,         3.516090
02/24/2010 09:00:00,         3.278233
02/24/2010 10:00:00,         2.972523
02/24/2010 11:00:00,         3.283109
02/24/2010 12:00:00,         3.878955
02/24/2010 13:00:00,         5.170863
02/24/2010 14:00:00,         6.824239
02/24/2010 15:00:00,         8.313746
02/24/2010 16:00:00,        10.837412
02/24/2010 17:00:00,        14.162557
02/24/2010 18:00:00,        17.614045
02/24/2010 19:00:00,        19.004766
02/24/2010 20:00:00,        20.777384
02/24/2010 21:00:00,        22.973325
02/24/2010 22:00:00,        25.594241
02/24/2010 23:00:00,        28.673543
02/25/2010 00:00:00,        32.652385
02/25/2010 01:00:00,        69.245597
02/25/2010 02:00:00,        69.088509
02/25/2010 03:00:00,        69.884225
02/25/2010 04:00:00,        71.610869
02/25/2010 05:00:00,        72.940533
02/25/2010 06:00:00,        73.837429
02/25/2010 07:00:00,        74.804993
02/25/2010 08:00:00,        76.159159
02/25/2010 09:00:00,        77.229570
02/25/2010 10:00:00,        78.315286
02/25/2010 11:00:00,        78.962134
02/25/2010 12:00:00,        79.706741
02/25/2010 13:00:00,        80.449789
02/25/2010 14:00:00,        80.986514
02/25/2010 15:00:00,        81.798701
02/25/2010 16:00:00,        82.789846
02/25/2010 17:00:00,        83.894169
02/25/2010 18:00:00,        84.946813
02/25/2010 19:00:00,        85.827925
02/25/2010 20:00:00,        86.534030
02/25/2010 21:00:00,        87.819453
02/25/2010 22:00:00,        89.296300
02/25/2010 23:00:00,        90.766600
02/26/2010 00:00:00,        91.671800
02/26/2010 01:00:00,        91.387249
02/26/2010 02:00:00,        91.780928
02/26/2010 03:00:00,        92.743750
02/26/2010 04:00:00,        93.755279
02/26/2010 05:00:00,        94.236800
02/26/2010 06:00:00,        94.560800
02/26/2010 07:00:00,        94.727234
02/26/2010 08:00:00,        95.182300
02/26/2010 09:00:00,        95.386900
02/26/2010 10:00:00,        95.566400
02/26/2010 11:00:00,        95.636900
02/26/2010 12:00:00,        95.591400
02/26/2010 13:00:00,        95.408000
02/26/2010 14:00:00,        95.145800
02/26/2010 15:00:00,        94.737000
02/26/2010 16:00:00,        94.225000
02/26/2010 17:00:00,        93.576900
02/26/2010 18:00:00,        78.168347
02/26/2010 19:00:00,        90.716711
02/26/2010 20:00:00,        88.927757
02/26/2010 21:00:00,        85.532467
02/26/2010 22:00:00,        84.136115
02/26/2010 23:00:00,        82.740901
02/27/2010 00:00:00,        81.643126
02/27/2010 01:00:00,        68.595747
02/27/2010 02:00:00,        16.122286
02/27/2010 03:00:00,        14.560916
02/27/2010 04:00:00,        13.181800
02/27/2010 05:00:00,        13.030300
02/27/2010 06:00:00,         0.417184
02/27/2010 07:00:00,         0.000000
02/27/2010 08:00:00,         0.000000
02/27/2010 09:00:00,         0.000000
02/27/2010 10:00:00,        30.328047
02/27/2010 11:00:00,        29.482490
02/27/2010 12:00:00,        28.860466
02/27/2010 13:00:00,         0.000000
02/27/2010 14:00:00,         9.388010
02/27/2010 15:00:00,        37.915112
02/27/2010 16:00:00,        52.250378
02/27/2010 17:00:00,        50.442796
02/27/2010 18:00:00,        50.132729
02/27/2010 19:00:00,        17.320648
02/27/2010 20:00:00,         7.993976
02/27/2010 21:00:00,        28.262500
02/27/2010 22:00:00,        27.585440
02/27/2010 23:00:00,        42.787870
02/28/2010 00:00:00,        50.686580
02/28/2010 01:00:00,        60.554140
02/28/2010 02:00:00,        60.366920
02/28/2010 03:00:00,        60.675710
02/28/2010 04:00:00,        60.470400
02/28/2010 05:00:00,        61.168810
02/28/2010 06:00:00,        62.227100
02/28/2010 07:00:00,        62.870490
02/28/2010 08:00:00,        63.163010
02/28/2010 09:00:00,        63.096470
02/28/2010 10:00:00,        62.489200
02/28/2010 11:00:00,        51.355707
02/28/2010 12:00:00,        32.640865
02/28/2010 13:00:00,        11.071318
02/28/2010 14:00:00,         9.316764
02/28/2010 15:00:00,        26.168880
02/28/2010 16:00:00,        47.647844
02/28/2010 17:00:00,        46.634103
02/28/2010 18:00:00,        45.689451
02/28/2010 19:00:00,        45.937409
02/28/2010 20:00:00,        39.136119
02/28/2010 21:00:00,        44.883273
02/28/2010 22:00:00,        42.710703
02/28/2010 23:00:00,        43.550724
03/01/2010 00:00:00,        50.073660
03/01/2010 01:00:00,        51.979590
03/01/2010 02:00:00,        52.743060
03/01/2010 03:00:00,        52.974830
03/01/2010 04:00:00,        52.808236
03/01/2010 05:00:00,        52.943234
03/01/2010 06:00:00,        53.965704
03/01/2010 07:00:00,        55.943145
03/01/2010 08:00:00,        57.863970
03/01/2010 09:00:00,        58.461073
03/01/2010 10:00:00,        55.585703
03/01/2010 11:00:00,        54.738631
03/01/2010 12:00:00,        54.167430
03/01/2010 13:00:00,        51.459427
03/01/2010 14:00:00,        48.063565
03/01/2010 15:00:00,        46.343243
03/01/2010 16:00:00,        44.668836
03/01/2010 17:00:00,        43.018663
03/01/2010 18:00:00,        40.521508
03/01/2010 19:00:00,        38.817438
03/01/2010 20:00:00,        38.304740
03/01/2010 21:00:00,        36.624732
03/01/2010 22:00:00,        35.491602
03/01/2010 23:00:00,        36.101047
03/02/2010 00:00:00,        35.214736
03/02/2010 01:00:00,        26.584050
03/02/2010 02:00:00,        26.058160
03/02/2010 03:00:00,        25.450880
03/02/2010 04:00:00,        24.962660
03/02/2010 05:00:00,        24.450310
03/02/2010 06:00:00,        23.248312
03/02/2010 07:00:00,        22.484107
03/02/2010 08:00:00,        21.855229
03/02/2010 09:00:00,        20.793837
03/02/2010 10:00:00,        19.645197
03/02/2010 11:00:00,        18.692930
03/02/2010 12:00:00,        17.311383
03/02/2010 13:00:00,        17.047270
03/02/2010 14:00:00,        15.814607
03/02/2010 15:00:00,        15.525474
03/02/2010 16:00:00,        15.018309
03/02/2010 17:00:00,        15.336594
03/02/2010 18:00:00,        15.391955
03/02/2010 19:00:00,        15.186689
03/02/2010 20:00:00,        15.419607
03/02/2010 21:00:00,        15.351593
03/02/2010 22:00:00,        15.543210
03/02/2010 23:00:00,        16.022037
03/03/2010 00:00:00,        16.500520
03/03/2010 01:00:00,        18.317074
03/03/2010 02:00:00,        18.755320
03/03/2010 03:00:00,        18.825550
03/03/2010 04:00:00,        19.350560
03/03/2010 05:00:00,        20.460700
03/03/2010 06:00:00,        21.806460
03/03/2010 07:00:00,        21.459657
03/03/2010 08:00:00,        22.555128
03/03/2010 09:00:00,        23.657664
03/03/2010 10:00:00,        20.463769
03/03/2010 11:00:00,        20.556178
03/03/2010 12:00:00,        25.198367
03/03/2010 13:00:00,        27.666860
03/03/2010 14:00:00,        29.128697
03/03/2010 15:00:00,        29.572008
03/03/2010 16:00:00,        31.582281
03/03/2010 17:00:00,        33.500016
03/03/2010 18:00:00,        35.669367
03/03/2010 19:00:00,        36.267436
03/03/2010 20:00:00,        37.345899
03/03/2010 21:00:00,        38.542689
03/03/2010 22:00:00,        40.127017
03/03/2010 23:00:00,        42.435901
03/04/2010 00:00:00,        45.384425
03/04/2010 01:00:00,        60.015446
03/04/2010 02:00:00,        59.118847
03/04/2010 03:00:00,        58.264145
03/04/2010 04:00:00,        57.454425
03/04/2010 05:00:00,        56.165503
03/04/2010 06:00:00,        55.041991
03/04/2010 07:00:00,        53.508426
03/04/2010 08:00:00,        52.297522
03/04/2010 09:00:00,        49.654654
03/04/2010 10:00:00,        46.760976
03/04/2010 11:00:00,        44.066306
03/04/2010 12:00:00,        41.964841
03/04/2010 13:00:00,        40.712486
03/04/2010 14:00:00,        40.743842
03/04/2010 15:00:00,        38.043150
03/04/2010 16:00:00,        36.851299
03/04/2010 17:00:00,        36.219970
03/04/2010 18:00:00,        36.113067
03/04/2010 19:00:00,        35.867908
03/04/2010 20:00:00,        36.163790
03/04/2010 21:00:00,        36.437924
03/04/2010 22:00:00,        37.097048
03/04/2010 23:00:00,        38.012305
03/05/2010 00:00:00,        38.847263
03/05/2010 01:00:00,        41.481892
03/05/2010 02:00:00,        39.701825
03/05/2010 03:00:00,        39.003859
03/05/2010 04:00:00,        38.863022
03/05/2010 05:00:00,        38.591182
03/05/2010 06:00:00,        37.775939
03/05/2010 07:00:00,        36.459535
03/05/2010 08:00:00,        34.841211
03/05/2010 09:00:00,        32.234896
03/05/2010 10:00:00,        29.708520
03/05/2010 11:00:00,        27.243928
03/05/2010 12:00:00,        25.201458
03/05/2010 13:00:00,        23.432540
03/05/2010 14:00:00,        22.779848
03/05/2010 15:00:00,        20.296769
03/05/2010 16:00:00,        18.927777
03/05/2010 17:00:00,        17.290203
03/05/2010 18:00:00,        16.076056
03/05/2010 19:00:00,        14.885714
03/05/2010 20:00:00,        14.209457
03/05/2010 21:00:00,        13.774535
03/05/2010 22:00:00,        13.265324
03/05/2010 23:00:00,        13.040037
03/06/2010 00:00:00,        13.039234
03/06/2010 01:00:00,         4.756306
03/06/2010 02:00:00,         4.481137
03/06/2010 03:00:00,         4.130685
03/06/2010 04:00:00,         3.550264
03/06/2010 05:00:00,         3.103274
03/06/2010 06:00:00,         2.839099
03/06/2010 07:00:00,         2.725579
03/06/2010 08:00:00,         2.304226
03/06/2010 09:00:00,         1.896258
03/06/2010 10:00:00,         1.812141
03/06/2010 11:00:00,         1.989787
03/06/2010 12:00:00,         2.442818
03/06/2010 13:00:00,         3.273783
03/06/2010 14:00:00,         2.390279
03/06/2010 15:00:00,         0.447577
03/06/2010 16:00:00,         0.276766
03/06/2010 17:00:00,         2.061500
03/06/2010 18:00:00,         6.277498
03/06/2010 19:00:00,         7.573896
03/06/2010 20:00:00,         8.845090
03/06/2010 21:00:00,         9.741190
03/06/2010 22:00:00,        10.427030
03/06/2010 23:00:00,        11.194970
03/07/2010 00:00:00,        11.640870
03/07/2010 01:00:00,        34.695860
03/07/2010 02:00:00,        34.584350
03/07/2010 03:00:00,        35.638920
03/07/2010 04:00:00,        35.486310
03/07/2010 05:00:00,        35.188710
03/07/2010 06:00:00,        34.806558
03/07/2010 07:00:00,        35.137980
03/07/2010 08:00:00,        34.124190
03/07/2010 09:00:00,        32.550540
03/07/2010 10:00:00,        31.454100
03/07/2010 11:00:00,        31.078000
03/07/2010 12:00:00,        30.700000
03/07/2010 13:00:00,        30.054120
03/07/2010 14:00:00,        30.168900
03/07/2010 15:00:00,        30.042250
03/07/2010 16:00:00,        28.603230
03/07/2010 17:00:00,        27.461750
03/07/2010 18:00:00,        26.480330
03/07/2010 19:00:00,        25.506280
03/07/2010 20:00:00,        24.605420
03/07/2010 21:00:00,        23.957490
03/07/2010 22:00:00,        23.762370
03/07/2010 23:00:00,        22.683887
03/08/2010 00:00:00,        22.362610
03/08/2010 01:00:00,        20.200110
03/08/2010 02:00:00,        19.452240
03/08/2010 03:00:00,        20.544320
03/08/2010 04:00:00,        20.508990
03/08/2010 05:00:00,        19.931830
03/08/2010 06:00:00,        19.092830
03/08/2010 07:00:00,        18.318630
03/08/2010 08:00:00,        16.412660
03/08/2010 09:00:00,        15.321910
03/08/2010 10:00:00,        14.139050
03/08/2010 11:00:00,        13.100250
03/08/2010 12:00:00,        12.668540
03/08/2010 13:00:00,        12.344750
03/08/2010 14:00:00,        12.577690
03/08/2010 15:00:00,        12.622860
03/08/2010 16:00:00,        11.570830
03/08/2010 17:00:00,        10.863110
03/08/2010 18:00:00,        10.287500
03/08/2010 19:00:00,         9.917390
03/08/2010 20:00:00,         9.079710
03/08/2010 21:00:00,         8.356030
03/08/2010 22:00:00,         7.735030
03/08/2010 23:00:00,         7.425530
03/09/2010 00:00:00,         7.387060
03/09/2010 01:00:00,         5.745152
03/09/2010 02:00:00,         5.222928
03/09/2010 03:00:00,         4.710102
03/09/2010 04:00:00,         4.330343
03/09/2010 05:00:00,         4.079532
03/09/2010 06:00:00,         3.951668
03/09/2010 07:00:00,         3.977652
03/09/2010 08:00:00,         3.069476
03/09/2010 09:00:00,         2.223590
03/09/2010 10:00:00,         2.201598
03/09/2010 11:00:00,         2.183120
03/09/2010 12:00:00,         0.930995
03/09/2010 13:00:00,         0.420231
03/09/2010 14:00:00,         0.072651
03/09/2010 15:00:00,         0.171000
03/09/2010 16:00:00,         0.636500
03/09/2010 17:00:00,         0.514122
03/09/2010 18:00:00,         0.369974
03/09/2010 19:00:00,         0.313210
03/09/2010 20:00:00,         0.376664
03/09/2010 21:00:00,         0.506707
03/09/2010 22:00:00,         0.774172
03/09/2010 23:00:00,         1.019420
03/10/2010 00:00:00,         1.332254
03/10/2010 01:00:00,        10.021343
03/10/2010 02:00:00,        10.791110
03/10/2010 03:00:00,        12.111426
03/10/2010 04:00:00,        13.742280
03/10/2010 05:00:00,        15.602870
03/10/2010 06:00:00,        19.106733
03/10/2010 07:00:00,        19.819216
03/10/2010 08:00:00,        23.936074
03/10/2010 09:00:00,        26.125952
03/10/2010 10:00:00,        28.234681
03/10/2010 11:00:00,        30.959072
03/10/2010 12:00:00,        32.337209
03/10/2010 13:00:00,        35.136134
03/10/2010 14:00:00,        37.477873
03/10/2010 15:00:00,        39.243491
03/10/2010 16:00:00,        41.454705
03/10/2010 17:00:00,        45.193630
03/10/2010 18:00:00,        47.505228
03/10/2010 19:00:00,        46.524931
03/10/2010 20:00:00,        46.949343
03/10/2010 21:00:00,        47.947697
03/10/2010 22:00:00,        49.349801
03/10/2010 23:00:00,        51.360381
03/11/2010 00:00:00,        53.310590
03/11/2010 01:00:00,        82.848909
03/11/2010 02:00:00,        81.333396
03/11/2010 03:00:00,        80.618934
03/11/2010 04:00:00,        78.184494
03/11/2010 05:00:00,        76.040926
03/11/2010 06:00:00,        74.272116
03/11/2010 07:00:00,        69.799139
03/11/2010 08:00:00,        66.689577
03/11/2010 09:00:00,        61.122883
03/11/2010 10:00:00,        55.989038
03/11/2010 11:00:00,        49.151045
03/11/2010 12:00:00,        44.729017
03/11/2010 13:00:00,        39.108862
03/11/2010 14:00:00,        33.708784
03/11/2010 15:00:00,        30.238863
03/11/2010 16:00:00,        28.285298
03/11/2010 17:00:00,        28.139917
03/11/2010 18:00:00,        28.343822
03/11/2010 19:00:00,        25.954895
03/11/2010 20:00:00,        26.991155
03/11/2010 21:00:00,        29.128987
03/11/2010 22:00:00,        31.647639
03/11/2010 23:00:00,        35.339050
03/12/2010 00:00:00,        40.186984
03/12/2010 01:00:00,        90.043655
03/12/2010 02:00:00,        90.910686
03/12/2010 03:00:00,        92.282766
03/12/2010 04:00:00,        93.276487
03/12/2010 05:00:00,        93.858271
03/12/2010 06:00:00,        94.349921
03/12/2010 07:00:00,        94.489689
03/12/2010 08:00:00,        93.324709
03/12/2010 09:00:00,        92.725780
03/12/2010 10:00:00,        91.725153
03/12/2010 11:00:00,        90.618578
03/12/2010 12:00:00,        89.006470
03/12/2010 13:00:00,        86.786736
03/12/2010 14:00:00,        84.678190
03/12/2010 15:00:00,        82.129777
03/12/2010 16:00:00,        79.704854
03/12/2010 17:00:00,        78.019615
03/12/2010 18:00:00,        76.731539
03/12/2010 19:00:00,        75.979171
03/12/2010 20:00:00,        74.688410
03/12/2010 21:00:00,        75.100636
03/12/2010 22:00:00,        75.236003
03/12/2010 23:00:00,        75.290583
03/13/2010 00:00:00,        75.277122
03/13/2010 01:00:00,        88.017352
03/13/2010 02:00:00,        86.773170
03/13/2010 03:00:00,        86.698487
03/13/2010 04:00:00,        86.500800
03/13/2010 05:00:00,        87.455563
03/13/2010 06:00:00,        88.228086
03/13/2010 07:00:00,        88.809875
03/13/2010 08:00:00,        89.416070
03/13/2010 09:00:00,        89.360762
03/13/2010 10:00:00,        89.409953
03/13/2010 11:00:00,        89.415385
03/13/2010 12:00:00,        89.503947
03/13/2010 13:00:00,        90.131053
03/13/2010 14:00:00,        90.758087
03/13/2010 15:00:00,        92.050724
03/13/2010 16:00:00,        93.031874
03/13/2010 17:00:00,        94.000014
03/13/2010 18:00:00,        94.167099
03/13/2010 19:00:00,        94.225987
03/13/2010 20:00:00,        94.198488
03/13/2010 21:00:00,        94.234735
03/13/2010 22:00:00,        94.585916
03/13/2010 23:00:00,        94.773154
03/14/2010 00:00:00,        95.019139
03/14/2010 01:00:00,        95.258970
03/14/2010 02:00:00,        95.232068
03/14/2010 03:00:00,        95.178923
03/14/2010 04:00:00,        95.191235
03/14/2010 05:00:00,        95.214144
03/14/2010 06:00:00,        95.224338
03/14/2010 07:00:00,        95.180491
03/14/2010 08:00:00,        95.076413
03/14/2010 09:00:00,        94.945987
03/14/2010 10:00:00,        94.668840
03/14/2010 11:00:00,        94.359768
03/14/2010 12:00:00,        94.032607
03/14/2010 13:00:00,        93.677938
03/14/2010 14:00:00,        93.244068
03/14/2010 15:00:00,        92.769860
03/14/2010 16:00:00,        92.224212
03/14/2010 17:00:00,        91.348017
03/14/2010 18:00:00,        90.670392
03/14/2010 19:00:00,        89.905959
03/14/2010 20:00:00,        89.151148
03/14/2010 21:00:00,        88.264109
03/14/2010 22:00:00,        87.427334
03/14/2010 23:00:00,        86.793617
03/15/2010 00:00:00,        86.294783
03/15/2010 01:00:00,        78.054933
03/15/2010 02:00:00,        75.418965
03/15/2010 03:00:00,        72.990914
03/15/2010 04:00:00,        70.444972
03/15/2010 05:00:00,        68.634270
03/15/2010 06:00:00,        68.026516
03/15/2010 07:00:00,        67.207624
03/15/2010 08:00:00,        65.174178
03/15/2010 09:00:00,        61.671943
03/15/2010 10:00:00,        58.392693
03/15/2010 11:00:00,        55.092687
03/15/2010 12:00:00,        53.035522
03/15/2010 13:00:00,        51.498861
03/15/2010 14:00:00,        50.291528
03/15/2010 15:00:00,        48.566220
03/15/2010 16:00:00,        46.572139
03/15/2010 17:00:00,        44.681626
03/15/2010 18:00:00,        42.852225
03/15/2010 19:00:00,        41.210452
03/15/2010 20:00:00,        39.557745
03/15/2010 21:00:00,        38.571710
03/15/2010 22:00:00,        38.063890
03/15/2010 23:00:00,        38.083199
03/16/2010 00:00:00,        37.928352
03/16/2010 01:00:00,        46.505321
03/16/2010 02:00:00,        41.698235
03/16/2010 03:00:00,        37.184934
03/16/2010 04:00:00,        33.334747
03/16/2010 05:00:00,        30.308950
03/16/2010 06:00:00,        27.787322
03/16/2010 07:00:00,        25.620400
03/16/2010 08:00:00,        20.889897
03/16/2010 09:00:00,        15.607993
03/16/2010 10:00:00,        11.208198
03/16/2010 11:00:00,         7.021370
03/16/2010 12:00:00,         4.448796
03/16/2010 13:00:00,         3.451404
03/16/2010 14:00:00,         3.364625
03/16/2010 15:00:00,         3.753503
03/16/2010 16:00:00,         4.107045
03/16/2010 17:00:00,         4.601413
03/16/2010 18:00:00,         5.237252
03/16/2010 19:00:00,         5.512773
03/16/2010 20:00:00,         5.672932
03/16/2010 21:00:00,         6.109127
03/16/2010 22:00:00,         6.633153
03/16/2010 23:00:00,         7.106982
03/17/2010 00:00:00,         7.590593
03/17/2010 01:00:00,         1.404117
03/17/2010 02:00:00,         1.367688
03/17/2010 03:00:00,         1.311871
03/17/2010 04:00:00,         1.330208
03/17/2010 05:00:00,         1.421435
03/17/2010 06:00:00,         1.715280
03/17/2010 07:00:00,         1.931989
03/17/2010 08:00:00,         1.999825
03/17/2010 09:00:00,         2.243256
03/17/2010 10:00:00,         2.919812
03/17/2010 11:00:00,         3.269783
03/17/2010 12:00:00,         3.608688
03/17/2010 13:00:00,         4.117854
03/17/2010 14:00:00,         3.852164
03/17/2010 15:00:00,         3.906311
03/17/2010 16:00:00,         4.074255
03/17/2010 17:00:00,         4.405606
03/17/2010 18:00:00,         5.009718
03/17/2010 19:00:00,         5.602279
03/17/2010 20:00:00,         6.354770
03/17/2010 21:00:00,         7.178797
03/17/2010 22:00:00,         8.199270
03/17/2010 23:00:00,         8.970426
03/18/2010 00:00:00,         9.524094
03/18/2010 01:00:00,         7.481221
03/18/2010 02:00:00,         9.332402
03/18/2010 03:00:00,        11.425268
03/18/2010 04:00:00,        14.079748
03/18/2010 05:00:00,        17.457900
03/18/2010 06:00:00,        17.536498
03/18/2010 07:00:00,        17.675772
03/18/2010 08:00:00,        19.750868
03/18/2010 09:00:00,        22.632420
03/18/2010 10:00:00,        24.887418
03/18/2010 11:00:00,        26.272119
03/18/2010 12:00:00,        29.559259
03/18/2010 13:00:00,        31.008664
03/18/2010 14:00:00,        32.956637
03/18/2010 15:00:00,        35.244934
03/18/2010 16:00:00,        37.427560
03/18/2010 17:00:00,        40.047639
03/18/2010 18:00:00,        41.888475
03/18/2010 19:00:00,        43.927240
03/18/2010 20:00:00,        45.262196
03/18/2010 21:00:00,        46.588119
03/18/2010 22:00:00,        47.915719
03/18/2010 23:00:00,        48.339878
03/19/2010 00:00:00,        49.077936
03/19/2010 01:00:00,        31.162049
03/19/2010 02:00:00,        28.775970
03/19/2010 03:00:00,        27.796838
03/19/2010 04:00:00,        26.093879
03/19/2010 05:00:00,        21.816194
03/19/2010 06:00:00,        20.509718
03/19/2010 07:00:00,        21.194928
03/19/2010 08:00:00,        20.344022
03/19/2010 09:00:00,        21.356680
03/19/2010 10:00:00,        23.399877
03/19/2010 11:00:00,        26.411519
03/19/2010 12:00:00,        28.059740
03/19/2010 13:00:00,        29.952962
03/19/2010 14:00:00,        31.339216
03/19/2010 15:00:00,        32.683236
03/19/2010 16:00:00,        34.369030
03/19/2010 17:00:00,        35.222855
03/19/2010 18:00:00,        35.134092
03/19/2010 19:00:00,        34.461930
03/19/2010 20:00:00,        33.490408
03/19/2010 21:00:00,        32.117326
03/19/2010 22:00:00,        30.281387
03/19/2010 23:00:00,        28.022232
03/20/2010 00:00:00,        25.556457
03/20/2010 01:00:00,        27.399874
03/20/2010 02:00:00,        27.506296
03/20/2010 03:00:00,        27.793257
03/20/2010 04:00:00,        28.413336
03/20/2010 05:00:00,        30.822577
03/20/2010 06:00:00,        33.358264
03/20/2010 07:00:00,        33.622993
03/20/2010 08:00:00,        34.885160
03/20/2010 09:00:00,        34.190823
03/20/2010 10:00:00,        33.581138
03/20/2010 11:00:00,        34.365260
03/20/2010 12:00:00,        31.831202
03/20/2010 13:00:00,        30.653781
03/20/2010 14:00:00,        30.076683
03/20/2010 15:00:00,        29.803584
03/20/2010 16:00:00,        27.423344
03/20/2010 17:00:00,        25.544362
03/20/2010 18:00:00,        21.585211
03/20/2010 19:00:00,        18.004448
03/20/2010 20:00:00,        16.370705
03/20/2010 21:00:00,        15.476366
03/20/2010 22:00:00,        14.773498
03/20/2010 23:00:00,        14.354779
03/21/2010 00:00:00,        13.637353
03/21/2010 01:00:00,         6.660351
03/21/2010 02:00:00,         6.190865
03/21/2010 03:00:00,         5.630424
03/21/2010 04:00:00,         5.257703
03/21/2010 05:00:00,         5.035129
03/21/2010 06:00:00,         4.735157
03/21/2010 07:00:00,         4.555130
03/21/2010 08:00:00,         3.883863
03/21/2010 09:00:00,         3.185727
03/21/2010 10:00:00,         2.649034
03/21/2010 11:00:00,         2.206797
03/21/2010 12:00:00,         1.898358
03/21/2010 13:00:00,         1.745446
03/21/2010 14:00:00,         1.677386
03/21/2010 15:00:00,         1.521652
03/21/2010 16:00:00,         1.341561
03/21/2010 17:00:00,         1.261358
03/21/2010 18:00:00,         1.059149
03/21/2010 19:00:00,         0.850862
03/21/2010 20:00:00,         0.743735
03/21/2010 21:00:00,         0.782642
03/21/2010 22:00:00,         0.811558
03/21/2010 23:00:00,         0.916838
03/22/2010 00:00:00,         1.130475
03/22/2010 01:00:00,         2.773869
03/22/2010 02:00:00,         6.164884
03/22/2010 03:00:00,         9.186818
03/22/2010 04:00:00,        11.703758
03/22/2010 05:00:00,        13.975885
03/22/2010 06:00:00,        16.758836
03/22/2010 07:00:00,        18.896527
03/22/2010 08:00:00,        21.753077
03/22/2010 09:00:00,        25.497584
03/22/2010 10:00:00,        30.293972
03/22/2010 11:00:00,        34.424412
03/22/2010 12:00:00,        39.651123
03/22/2010 13:00:00,        44.408601
03/22/2010 14:00:00,        48.744512
03/22/2010 15:00:00,        52.155207
03/22/2010 16:00:00,        54.143660
03/22/2010 17:00:00,        56.919778
03/22/2010 18:00:00,        60.681061
03/22/2010 19:00:00,        62.511667
03/22/2010 20:00:00,        65.108925
03/22/2010 21:00:00,        68.451428
03/22/2010 22:00:00,        71.042811
03/22/2010 23:00:00,        73.051098
03/23/2010 00:00:00,        75.120885
03/23/2010 01:00:00,        88.128343
03/23/2010 02:00:00,        87.732333
03/23/2010 03:00:00,        87.576073
03/23/2010 04:00:00,        87.361237
03/23/2010 05:00:00,        86.624521
03/23/2010 06:00:00,        86.049558
03/23/2010 07:00:00,        84.833376
03/23/2010 08:00:00,        82.948481
03/23/2010 09:00:00,        80.755905
03/23/2010 10:00:00,        78.335423
03/23/2010 11:00:00,        75.183717
03/23/2010 12:00:00,        70.909394
03/23/2010 13:00:00,        65.626059
03/23/2010 14:00:00,        60.907520
03/23/2010 15:00:00,        55.949216
03/23/2010 16:00:00,        50.338002
03/23/2010 17:00:00,        45.442772
03/23/2010 18:00:00,        41.289225
03/23/2010 19:00:00,        38.378086
03/23/2010 20:00:00,        35.781524
03/23/2010 21:00:00,        32.969042
03/23/2010 22:00:00,        30.038095
03/23/2010 23:00:00,        26.618535
03/24/2010 00:00:00,        22.498741
03/24/2010 01:00:00,        26.642926
03/24/2010 02:00:00,        26.790989
03/24/2010 03:00:00,        26.640464
03/24/2010 04:00:00,        25.908513
03/24/2010 05:00:00,        25.208355
03/24/2010 06:00:00,        24.554129
03/24/2010 07:00:00,        23.889678
03/24/2010 08:00:00,        23.224184
03/24/2010 09:00:00,        22.804801
03/24/2010 10:00:00,        22.520233
03/24/2010 11:00:00,        22.004008
03/24/2010 12:00:00,        21.909242
03/24/2010 13:00:00,        21.530599
03/24/2010 14:00:00,        21.639947
03/24/2010 15:00:00,        21.346711
03/24/2010 16:00:00,        20.234239
03/24/2010 17:00:00,        18.911936
03/24/2010 18:00:00,        17.676841
03/24/2010 19:00:00,        18.006808
03/24/2010 20:00:00,        18.461228
03/24/2010 21:00:00,        18.893480
03/24/2010 22:00:00,        19.638962
03/24/2010 23:00:00,        20.503254
03/25/2010 00:00:00,        20.387283
03/25/2010 01:00:00,        23.414114
03/25/2010 02:00:00,        27.246865
03/25/2010 03:00:00,        28.430186
03/25/2010 04:00:00,        28.490747
03/25/2010 05:00:00,        29.456903
03/25/2010 06:00:00,        31.395732
03/25/2010 07:00:00,        33.590262
03/25/2010 08:00:00,        37.508779
03/25/2010 09:00:00,        41.701910
03/25/2010 10:00:00,        45.307945
03/25/2010 11:00:00,        48.153788
03/25/2010 12:00:00,        52.566952
03/25/2010 13:00:00,        53.645689
03/25/2010 14:00:00,        54.346972
03/25/2010 15:00:00,        56.409961
03/25/2010 16:00:00,        59.967870
03/25/2010 17:00:00,        64.463134
03/25/2010 18:00:00,        69.223630
03/25/2010 19:00:00,        72.594443
03/25/2010 20:00:00,        74.609152
03/25/2010 21:00:00,        77.093439
03/25/2010 22:00:00,        78.646907
03/25/2010 23:00:00,        79.835767
03/26/2010 00:00:00,        81.230532
03/26/2010 01:00:00,        73.210765
03/26/2010 02:00:00,        71.507756
03/26/2010 03:00:00,        68.717034
03/26/2010 04:00:00,        66.634915
03/26/2010 05:00:00,        63.761461
03/26/2010 06:00:00,        61.298130
03/26/2010 07:00:00,        59.023685
03/26/2010 08:00:00,        54.711721
03/26/2010 09:00:00,        49.998458
03/26/2010 10:00:00,        44.874837
03/26/2010 11:00:00,        39.944083
03/26/2010 12:00:00,        35.982895
03/26/2010 13:00:00,        31.794056
03/26/2010 14:00:00,        27.422835
03/26/2010 15:00:00,        23.145764
03/26/2010 16:00:00,        19.053510
03/26/2010 17:00:00,        15.922351
03/26/2010 18:00:00,        12.985088
03/26/2010 19:00:00,        10.995954
03/26/2010 20:00:00,         8.805923
03/26/2010 21:00:00,         7.116272
03/26/2010 22:00:00,         5.890282
03/26/2010 23:00:00,         5.144876
03/27/2010 00:00:00,         4.249407
03/27/2010 01:00:00,         4.040549
03/27/2010 02:00:00,         5.736686
03/27/2010 03:00:00,         8.653623
03/27/2010 04:00:00,        12.048353
03/27/2010 05:00:00,        15.184692
03/27/2010 06:00:00,        18.096199
03/27/2010 07:00:00,        20.288939
03/27/2010 08:00:00,        23.404881
03/27/2010 09:00:00,        26.757096
03/27/2010 10:00:00,        29.371606
03/27/2010 11:00:00,        31.848776
03/27/2010 12:00:00,        33.241972
03/27/2010 13:00:00,        34.715123
03/27/2010 14:00:00,        35.579330
03/27/2010 15:00:00,        35.168201
03/27/2010 16:00:00,        33.173136
03/27/2010 17:00:00,        30.813670
03/27/2010 18:00:00,        30.718120
03/27/2010 19:00:00,        29.940611
03/27/2010 20:00:00,        29.567732
03/27/2010 21:00:00,        29.060078
03/27/2010 22:00:00,        29.241598
03/27/2010 23:00:00,        29.724832
03/28/2010 00:00:00,        30.800888
03/28/2010 01:00:00,        64.865675
03/28/2010 02:00:00,        64.858374
03/28/2010 03:00:00,        64.190820
03/28/2010 04:00:00,        64.017385
03/28/2010 05:00:00,        63.642243
03/28/2010 06:00:00,        64.304445
03/28/2010 07:00:00,        63.521885
03/28/2010 08:00:00,        60.604892
03/28/2010 09:00:00,        55.911562
03/28/2010 10:00:00,        50.910679
03/28/2010 11:00:00,        46.097323
03/28/2010 12:00:00,        41.073663
03/28/2010 13:00:00,        36.424032
03/28/2010 14:00:00,        31.160605
03/28/2010 15:00:00,        25.232811
03/28/2010 16:00:00,        19.610672
03/28/2010 17:00:00,        15.944627
03/28/2010 18:00:00,        13.895870
03/28/2010 19:00:00,         9.392523
03/28/2010 20:00:00,         7.074711
03/28/2010 21:00:00,         5.092367
03/28/2010 22:00:00,         4.650309
03/28/2010 23:00:00,         4.526604
03/29/2010 00:00:00,         4.323954
03/29/2010 01:00:00,        31.978309
03/29/2010 02:00:00,        35.225482
03/29/2010 03:00:00,        38.674366
03/29/2010 04:00:00,        42.341718
03/29/2010 05:00:00,        44.854072
03/29/2010 06:00:00,        47.105443
03/29/2010 07:00:00,        48.694930
03/29/2010 08:00:00,        51.909899
03/29/2010 09:00:00,        54.652972
03/29/2010 10:00:00,        57.548212
03/29/2010 11:00:00,        61.559260
03/29/2010 12:00:00,        62.962820
03/29/2010 13:00:00,        61.919463
03/29/2010 14:00:00,        61.763109
03/29/2010 15:00:00,        59.835315
03/29/2010 16:00:00,        56.888275
03/29/2010 17:00:00,        53.927921
03/29/2010 18:00:00,        51.121593
03/29/2010 19:00:00,        49.331681
03/29/2010 20:00:00,        47.481146
03/29/2010 21:00:00,        45.557826
03/29/2010 22:00:00,        43.763461
03/29/2010 23:00:00,        41.443909
03/30/2010 00:00:00,        38.572888
03/30/2010 01:00:00,        14.089842
03/30/2010 02:00:00,        13.721462
03/30/2010 03:00:00,        13.139100
03/30/2010 04:00:00,        13.464452
03/30/2010 05:00:00,        14.418575
03/30/2010 06:00:00,        14.774029
03/30/2010 07:00:00,        13.990338
03/30/2010 08:00:00,        13.163383
03/30/2010 09:00:00,        12.246173
03/30/2010 10:00:00,        11.663263
03/30/2010 11:00:00,        11.357495
03/30/2010 12:00:00,        10.699704
03/30/2010 13:00:00,        10.237350
03/30/2010 14:00:00,         9.921391
03/30/2010 15:00:00,         9.766601
03/30/2010 16:00:00,         9.714661
03/30/2010 17:00:00,         8.788227
03/30/2010 18:00:00,         7.195839
03/30/2010 19:00:00,         6.121257
03/30/2010 20:00:00,         6.289748
03/30/2010 21:00:00,         6.578320
03/30/2010 22:00:00,         7.412920
03/30/2010 23:00:00,         8.269561
03/31/2010 00:00:00,         8.894861
03/31/2010 01:00:00,         5.193717
03/31/2010 02:00:00,         6.882024
03/31/2010 03:00:00,        10.051913
03/31/2010 04:00:00,        14.357582
03/31/2010 05:00:00,        18.783523
03/31/2010 06:00:00,        23.201473
03/31/2010 07:00:00,        26.297829
03/31/2010 08:00:00,        29.141793
03/31/2010 09:00:00,        31.310655
03/31/2010 10:00:00,        34.124865
03/31/2010 11:00:00,        36.457794
03/31/2010 12:00:00,        38.276551
03/31/2010 13:00:00,        41.352498
03/31/2010 14:00:00,        44.499506
03/31/2010 15:00:00,        47.973790
03/31/2010 16:00:00,        49.910415
03/31/2010 17:00:00,        51.700156
03/31/2010 18:00:00,        51.974503
03/31/2010 19:00:00,        51.736979
03/31/2010 20:00:00,        52.378570
03/31/2010 21:00:00,        55.752213
03/31/2010 22:00:00,        60.739337
03/31/2010 23:00:00,        65.937908
04/01/2010 00:00:00,        91.842257
04/01/2010 01:00:00,        92.374215
04/01/2010 02:00:00,        93.344119
04/01/2010 03:00:00,        94.080160
04/01/2010 04:00:00,        94.473718
04/01/2010 05:00:00,        94.587125
04/01/2010 06:00:00,        94.322533
04/01/2010 07:00:00,        92.724529
04/01/2010 08:00:00,        89.401428
04/01/2010 09:00:00,        85.381382
04/01/2010 10:00:00,        81.455983
04/01/2010 11:00:00,        76.924915
04/01/2010 12:00:00,        72.125327
04/01/2010 13:00:00,        66.921937
04/01/2010 14:00:00,        61.533206
04/01/2010 15:00:00,        55.741957
04/01/2010 16:00:00,        49.715451
04/01/2010 17:00:00,        45.626211
04/01/2010 18:00:00,        43.043755
04/01/2010 19:00:00,        39.541037
04/01/2010 20:00:00,        36.845913
04/01/2010 21:00:00,        36.707985
04/01/2010 22:00:00,        37.273724
04/01/2010 23:00:00,        37.436424
04/02/2010 00:00:00,        38.897569
04/02/2010 01:00:00,        90.888191
04/02/2010 02:00:00,        91.223834
04/02/2010 03:00:00,        91.933511
04/02/2010 04:00:00,        92.547858
04/02/2010 05:00:00,        92.818245
04/02/2010 06:00:00,        92.765376
04/02/2010 07:00:00,        92.084821
04/02/2010 08:00:00,        91.876595
04/02/2010 09:00:00,        91.813331
04/02/2010 10:00:00,        91.860371
04/02/2010 11:00:00,        91.743065
04/02/2010 12:00:00,        91.469600
04/02/2010 13:00:00,        91.305426
04/02/2010 14:00:00,        91.255106
04/02/2010 15:00:00,        91.219378
04/02/2010 16:00:00,        90.863593
04/02/2010 17:00:00,        90.761595
04/02/2010 18:00:00,        90.825499
04/02/2010 19:00:00,        90.585042
04/02/2010 20:00:00,        91.546252
04/02/2010 21:00:00,        92.877674
04/02/2010 22:00:00,        92.990109
04/02/2010 23:00:00,        92.837314
04/03/2010 00:00:00,        92.722805
04/03/2010 01:00:00,        95.376081
04/03/2010 02:00:00,        95.367764
04/03/2010 03:00:00,        95.387596
04/03/2010 04:00:00,        95.383128
04/03/2010 05:00:00,        95.388776
04/03/2010 06:00:00,        95.237159
04/03/2010 07:00:00,        94.976974
04/03/2010 08:00:00,        93.783681
04/03/2010 09:00:00,        91.532533
04/03/2010 10:00:00,        90.240568
04/03/2010 11:00:00,        89.239167
04/03/2010 12:00:00,        89.069238
04/03/2010 13:00:00,        89.020500
04/03/2010 14:00:00,        88.941750
04/03/2010 15:00:00,        88.366076
04/03/2010 16:00:00,        88.155725
04/03/2010 17:00:00,        88.287960
04/03/2010 18:00:00,        85.610857
04/03/2010 19:00:00,        87.591664
04/03/2010 20:00:00,        87.751146
04/03/2010 21:00:00,        89.131861
04/03/2010 22:00:00,        91.668102
04/03/2010 23:00:00,        93.089128
04/04/2010 00:00:00,        94.247844
04/04/2010 01:00:00,        95.550866
04/04/2010 02:00:00,        95.406747
04/04/2010 03:00:00,        94.088206
04/04/2010 04:00:00,        91.781907
04/04/2010 05:00:00,        89.665628
04/04/2010 06:00:00,        87.458429
04/04/2010 07:00:00,        84.358383
04/04/2010 08:00:00,        80.502696
04/04/2010 09:00:00,        77.206377
04/04/2010 10:00:00,        74.069548
04/04/2010 11:00:00,        71.737625
04/04/2010 12:00:00,        69.474873
04/04/2010 13:00:00,        69.468632
04/04/2010 14:00:00,        69.139812
04/04/2010 15:00:00,        68.697016
04/04/2010 16:00:00,        69.317997
04/04/2010 17:00:00,        70.336561
04/04/2010 18:00:00,        71.795946
04/04/2010 19:00:00,        73.304375
04/04/2010 20:00:00,        76.853218
04/04/2010 21:00:00,        81.221991
04/04/2010 22:00:00,        84.418563
04/04/2010 23:00:00,        87.382340
04/05/2010 00:00:00,        90.022545
04/05/2010 01:00:00,        94.198399
04/05/2010 02:00:00,        93.310920
04/05/2010 03:00:00,        93.323404
04/05/2010 04:00:00,        93.734114
04/05/2010 05:00:00,        94.039971
04/05/2010 06:00:00,        94.068651
04/05/2010 07:00:00,        93.979878
04/05/2010 08:00:00,        93.753922
04/05/2010 09:00:00,        93.121835
04/05/2010 10:00:00,        92.332203
04/05/2010 11:00:00,        91.579993
04/05/2010 12:00:00,        90.799249
04/05/2010 13:00:00,        90.282458
04/05/2010 14:00:00,        89.774173
04/05/2010 15:00:00,        89.910395
04/05/2010 16:00:00,        86.949259
04/05/2010 17:00:00,        80.436417
04/05/2010 18:00:00,        73.749402
04/05/2010 19:00:00,        70.772322
04/05/2010 20:00:00,        68.712341
04/05/2010 21:00:00,        66.736692
04/05/2010 22:00:00,        64.146981
04/05/2010 23:00:00,        61.356356
04/06/2010 00:00:00,        54.957557
04/06/2010 01:00:00,         8.910760
04/06/2010 02:00:00,         9.687561
04/06/2010 03:00:00,        12.961498
04/06/2010 04:00:00,        16.937659
04/06/2010 05:00:00,        18.119119
04/06/2010 06:00:00,        19.064916
04/06/2010 07:00:00,        20.838457
04/06/2010 08:00:00,        22.457050
04/06/2010 09:00:00,        25.350681
04/06/2010 10:00:00,        29.737403
04/06/2010 11:00:00,        32.543882
04/06/2010 12:00:00,        33.671542
04/06/2010 13:00:00,        33.778386
04/06/2010 14:00:00,        32.909120
04/06/2010 15:00:00,        33.222556
04/06/2010 16:00:00,        32.345529
04/06/2010 17:00:00,        31.978309
04/06/2010 18:00:00,        34.515933
04/06/2010 19:00:00,        35.136181
04/06/2010 20:00:00,        35.921603
04/06/2010 21:00:00,        37.052426
04/06/2010 22:00:00,        38.059657
04/06/2010 23:00:00,        37.189697
04/07/2010 00:00:00,        36.397300
04/07/2010 01:00:00,        58.578477
04/07/2010 02:00:00,        54.915315
04/07/2010 03:00:00,        55.445168
04/07/2010 04:00:00,        57.331809
04/07/2010 05:00:00,        59.928942
04/07/2010 06:00:00,        61.030844
04/07/2010 07:00:00,        62.151476
04/07/2010 08:00:00,        64.197655
04/07/2010 09:00:00,        63.799957
04/07/2010 10:00:00,        63.425755
04/07/2010 11:00:00,        63.511062
04/07/2010 12:00:00,        65.580029
04/07/2010 13:00:00,        67.186297
04/07/2010 14:00:00,        69.723371
04/07/2010 15:00:00,        73.686110
04/07/2010 16:00:00,        75.418630
04/07/2010 17:00:00,        75.553798
04/07/2010 18:00:00,        76.150579
04/07/2010 19:00:00,        77.021067
04/07/2010 20:00:00,        77.540009
04/07/2010 21:00:00,        79.039583
04/07/2010 22:00:00,        78.993847
04/07/2010 23:00:00,        79.079071
04/08/2010 00:00:00,        79.288175
04/08/2010 01:00:00,        63.696382
04/08/2010 02:00:00,        65.979342
04/08/2010 03:00:00,        67.515683
04/08/2010 04:00:00,        69.490162
04/08/2010 05:00:00,        71.100717
04/08/2010 06:00:00,        71.470530
04/08/2010 07:00:00,        73.744876
04/08/2010 08:00:00,        79.183124
04/08/2010 09:00:00,        84.159187
04/08/2010 10:00:00,        81.167706
04/08/2010 11:00:00,        82.820171
04/08/2010 12:00:00,        81.753294
04/08/2010 13:00:00,        86.360521
04/08/2010 14:00:00,        86.717416
04/08/2010 15:00:00,        85.522122
04/08/2010 16:00:00,        84.397489
04/08/2010 17:00:00,        82.487980
04/08/2010 18:00:00,        83.166533
04/08/2010 19:00:00,        83.329510
04/08/2010 20:00:00,        82.366160
04/08/2010 21:00:00,        81.582102
04/08/2010 22:00:00,        80.501301
04/08/2010 23:00:00,        81.235600
04/09/2010 00:00:00,        80.206000
04/09/2010 01:00:00,        69.386904
04/09/2010 02:00:00,        72.629342
04/09/2010 03:00:00,        73.110331
04/09/2010 04:00:00,        75.112700
04/09/2010 05:00:00,        76.805900
04/09/2010 06:00:00,        77.521078
04/09/2010 07:00:00,        77.936136
04/09/2010 08:00:00,        81.179000
04/09/2010 09:00:00,        81.859381
04/09/2010 10:00:00,        83.339135
04/09/2010 11:00:00,        85.241593
04/09/2010 12:00:00,        85.907093
04/09/2010 13:00:00,        87.936800
04/09/2010 14:00:00,        88.097900
04/09/2010 15:00:00,        86.921603
04/09/2010 16:00:00,        86.549536
04/09/2010 17:00:00,        87.505686
04/09/2010 18:00:00,        87.840896
04/09/2010 19:00:00,        87.983194
04/09/2010 20:00:00,        87.655821
04/09/2010 21:00:00,        88.070223
04/09/2010 22:00:00,        87.971453
04/09/2010 23:00:00,        87.668279
04/10/2010 00:00:00,        86.109814
04/10/2010 01:00:00,        73.075189
04/10/2010 02:00:00,        69.173422
04/10/2010 03:00:00,        64.204543
04/10/2010 04:00:00,        59.619495
04/10/2010 05:00:00,        56.103943
04/10/2010 06:00:00,        52.824584
04/10/2010 07:00:00,        49.189909
04/10/2010 08:00:00,        45.475805
04/10/2010 09:00:00,        41.154172
04/10/2010 10:00:00,        37.645866
04/10/2010 11:00:00,        36.205317
04/10/2010 12:00:00,        37.424700
04/10/2010 13:00:00,        40.211442
04/10/2010 14:00:00,        43.615332
04/10/2010 15:00:00,        48.424655
04/10/2010 16:00:00,        53.908134
04/10/2010 17:00:00,        59.831934
04/10/2010 18:00:00,        66.504056
04/10/2010 19:00:00,        70.829226
04/10/2010 20:00:00,        76.897289
04/10/2010 21:00:00,        81.313377
04/10/2010 22:00:00,        85.142737
04/10/2010 23:00:00,        87.790208
04/11/2010 00:00:00,        88.885794
04/11/2010 01:00:00,        53.266273
04/11/2010 02:00:00,        48.275503
04/11/2010 03:00:00,        43.799205
04/11/2010 04:00:00,        37.501750
04/11/2010 05:00:00,        32.062196
04/11/2010 06:00:00,        30.200576
04/11/2010 07:00:00,        28.174729
04/11/2010 08:00:00,        20.925262
04/11/2010 09:00:00,        14.323682
04/11/2010 10:00:00,         9.714422
04/11/2010 11:00:00,         7.983211
04/11/2010 12:00:00,         7.402782
04/11/2010 13:00:00,         5.227504
04/11/2010 14:00:00,         4.382070
04/11/2010 15:00:00,         4.578608
04/11/2010 16:00:00,         4.752036
04/11/2010 17:00:00,         5.291497
04/11/2010 18:00:00,         6.614617
04/11/2010 19:00:00,         7.265937
04/11/2010 20:00:00,         7.792829
04/11/2010 21:00:00,         8.637444
04/11/2010 22:00:00,         7.468054
04/11/2010 23:00:00,         8.907348
04/12/2010 00:00:00,         7.065870
04/12/2010 01:00:00,         4.484250
04/12/2010 02:00:00,         4.553727
04/12/2010 03:00:00,         3.705862
04/12/2010 04:00:00,         3.986170
04/12/2010 05:00:00,         4.542698
04/12/2010 06:00:00,         4.130640
04/12/2010 07:00:00,         3.972386
04/12/2010 08:00:00,         3.635786
04/12/2010 09:00:00,         3.503499
04/12/2010 10:00:00,         3.134332
04/12/2010 11:00:00,         2.867985
04/12/2010 12:00:00,         3.082615
04/12/2010 13:00:00,         3.564250
04/12/2010 14:00:00,         4.279793
04/12/2010 15:00:00,         4.342669
04/12/2010 16:00:00,         4.358559
04/12/2010 17:00:00,         4.213911
04/12/2010 18:00:00,         4.789649
04/12/2010 19:00:00,         4.684359
04/12/2010 20:00:00,         4.711260
04/12/2010 21:00:00,         5.135772
04/12/2010 22:00:00,         5.607948
04/12/2010 23:00:00,         6.143244
04/13/2010 00:00:00,         6.600614
04/13/2010 01:00:00,        12.456845
04/13/2010 02:00:00,        11.817449
04/13/2010 03:00:00,        11.024311
04/13/2010 04:00:00,        10.128549
04/13/2010 05:00:00,         9.156770
04/13/2010 06:00:00,         8.377430
04/13/2010 07:00:00,         7.641910
04/13/2010 08:00:00,         6.448011
04/13/2010 09:00:00,         5.178379
04/13/2010 10:00:00,         3.878690
04/13/2010 11:00:00,         2.837384
04/13/2010 12:00:00,         3.180491
04/13/2010 13:00:00,         4.421002
04/13/2010 14:00:00,         4.783018
04/13/2010 15:00:00,         5.650165
04/13/2010 16:00:00,         6.052750
04/13/2010 17:00:00,         6.596437
04/13/2010 18:00:00,         8.368220
04/13/2010 19:00:00,         9.519988
04/13/2010 20:00:00,        11.125596
04/13/2010 21:00:00,        12.791278
04/13/2010 22:00:00,        14.077953
04/13/2010 23:00:00,        14.888292
04/14/2010 00:00:00,        15.357759
04/14/2010 01:00:00,        45.501338
04/14/2010 02:00:00,        43.366003
04/14/2010 03:00:00,        40.638417
04/14/2010 04:00:00,        39.190125
04/14/2010 05:00:00,        38.239026
04/14/2010 06:00:00,        37.308641
04/14/2010 07:00:00,        35.028973
04/14/2010 08:00:00,        32.943504
04/14/2010 09:00:00,        30.617587
04/14/2010 10:00:00,        27.945850
04/14/2010 11:00:00,        24.042534
04/14/2010 12:00:00,        20.021848
04/14/2010 13:00:00,        15.937048
04/14/2010 14:00:00,        13.992410
04/14/2010 15:00:00,        12.203788
04/14/2010 16:00:00,        10.923543
04/14/2010 17:00:00,         9.736946
04/14/2010 18:00:00,         8.708052
04/14/2010 19:00:00,         8.205742
04/14/2010 20:00:00,         7.995112
04/14/2010 21:00:00,         8.692901
04/14/2010 22:00:00,         9.234324
04/14/2010 23:00:00,        10.016311
04/15/2010 00:00:00,        11.540189
04/15/2010 01:00:00,        48.386217
04/15/2010 02:00:00,        52.154275
04/15/2010 03:00:00,        56.053736
04/15/2010 04:00:00,        59.464912
04/15/2010 05:00:00,        63.429440
04/15/2010 06:00:00,        65.941533
04/15/2010 07:00:00,        66.643326
04/15/2010 08:00:00,        70.732371
04/15/2010 09:00:00,        71.967922
04/15/2010 10:00:00,        70.209471
04/15/2010 11:00:00,        68.480891
04/15/2010 12:00:00,        68.172821
04/15/2010 13:00:00,        68.059530
04/15/2010 14:00:00,        67.233918
04/15/2010 15:00:00,        65.760485
04/15/2010 16:00:00,        62.918561
04/15/2010 17:00:00,        60.786690
04/15/2010 18:00:00,        60.108737
04/15/2010 19:00:00,        59.279820
04/15/2010 20:00:00,        60.006241
04/15/2010 21:00:00,        60.942347
04/15/2010 22:00:00,        64.673676
04/15/2010 23:00:00,        68.574916
04/16/2010 00:00:00,        71.390203
04/16/2010 01:00:00,        85.354127
04/16/2010 02:00:00,        87.810525
04/16/2010 03:00:00,        90.222181
04/16/2010 04:00:00,        90.671866
04/16/2010 05:00:00,        91.037252
04/16/2010 06:00:00,        89.723667
04/16/2010 07:00:00,        85.516768
04/16/2010 08:00:00,        80.458549
04/16/2010 09:00:00,        74.874952
04/16/2010 10:00:00,        68.836309
04/16/2010 11:00:00,        63.257152
04/16/2010 12:00:00,        55.706167
04/16/2010 13:00:00,        48.732871
04/16/2010 14:00:00,        44.933197
04/16/2010 15:00:00,        36.547560
04/16/2010 16:00:00,        32.677863
04/16/2010 17:00:00,        32.571888
04/16/2010 18:00:00,        33.809488
04/16/2010 19:00:00,        30.882446
04/16/2010 20:00:00,        32.679027
04/16/2010 21:00:00,        34.021706
04/16/2010 22:00:00,        37.632978
04/16/2010 23:00:00,        41.128752
04/17/2010 00:00:00,        46.144067
04/17/2010 01:00:00,        89.915484
04/17/2010 02:00:00,        89.803060
04/17/2010 03:00:00,        91.570589
04/17/2010 04:00:00,        92.840299
04/17/2010 05:00:00,        93.708491
04/17/2010 06:00:00,        94.194458
04/17/2010 07:00:00,        94.296478
04/17/2010 08:00:00,        94.899845
04/17/2010 09:00:00,        94.739957
04/17/2010 10:00:00,        94.413729
04/17/2010 11:00:00,        93.808361
04/17/2010 12:00:00,        92.920391
04/17/2010 13:00:00,        91.547523
04/17/2010 14:00:00,        90.098862
04/17/2010 15:00:00,        88.379439
04/17/2010 16:00:00,        86.923555
04/17/2010 17:00:00,        84.954891
04/17/2010 18:00:00,        82.985188
04/17/2010 19:00:00,        81.570365
04/17/2010 20:00:00,        79.897383
04/17/2010 21:00:00,        77.706556
04/17/2010 22:00:00,        75.241386
04/17/2010 23:00:00,        72.682524
04/18/2010 00:00:00,        70.165272
04/18/2010 01:00:00,        77.211268
04/18/2010 02:00:00,        73.160723
04/18/2010 03:00:00,        69.895915
04/18/2010 04:00:00,        66.114731
04/18/2010 05:00:00,        62.667733
04/18/2010 06:00:00,        60.194242
04/18/2010 07:00:00,        58.612935
04/18/2010 08:00:00,        55.172665
04/18/2010 09:00:00,        52.070298
04/18/2010 10:00:00,        49.972319
04/18/2010 11:00:00,        48.291609
04/18/2010 12:00:00,        47.114525
04/18/2010 13:00:00,        45.340395
04/18/2010 14:00:00,        44.282532
04/18/2010 15:00:00,        43.154249
04/18/2010 16:00:00,        41.682559
04/18/2010 17:00:00,        40.288844
04/18/2010 18:00:00,        39.295340
04/18/2010 19:00:00,        40.327275
04/18/2010 20:00:00,        40.991742
04/18/2010 21:00:00,        41.997775
04/18/2010 22:00:00,        42.285943
04/18/2010 23:00:00,        41.145585
04/19/2010 00:00:00,        39.333685
04/19/2010 01:00:00,        37.479493
04/19/2010 02:00:00,        37.498205
04/19/2010 03:00:00,        36.484396
04/19/2010 04:00:00,        35.676297
04/19/2010 05:00:00,        34.411542
04/19/2010 06:00:00,        32.346941
04/19/2010 07:00:00,        28.059815
04/19/2010 08:00:00,        24.056986
04/19/2010 09:00:00,        20.064883
04/19/2010 10:00:00,        17.402793
04/19/2010 11:00:00,        15.504291
04/19/2010 12:00:00,        14.328766
04/19/2010 13:00:00,        12.943925
04/19/2010 14:00:00,        11.794128
04/19/2010 15:00:00,        10.436397
04/19/2010 16:00:00,         9.407450
04/19/2010 17:00:00,         8.318585
04/19/2010 18:00:00,         7.212329
04/19/2010 19:00:00,         7.241673
04/19/2010 20:00:00,         7.744318
04/19/2010 21:00:00,         8.166631
04/19/2010 22:00:00,         8.512718
04/19/2010 23:00:00,         8.449715
04/20/2010 00:00:00,         8.121878
04/20/2010 01:00:00,         0.893162
04/20/2010 02:00:00,         0.773761
04/20/2010 03:00:00,         0.577039
04/20/2010 04:00:00,         0.433237
04/20/2010 05:00:00,         0.280999
04/20/2010 06:00:00,         0.219110
04/20/2010 07:00:00,         0.285797
04/20/2010 08:00:00,         0.244543
04/20/2010 09:00:00,         0.427378
04/20/2010 10:00:00,         0.620660
04/20/2010 11:00:00,         0.828989
04/20/2010 12:00:00,         0.976468
04/20/2010 13:00:00,         1.128249
04/20/2010 14:00:00,         1.327144
04/20/2010 15:00:00,         1.549100
04/20/2010 16:00:00,         1.570390
04/20/2010 17:00:00,         1.635476
04/20/2010 18:00:00,         1.477825
04/20/2010 19:00:00,         1.468940
04/20/2010 20:00:00,         1.557586
04/20/2010 21:00:00,         1.691894
04/20/2010 22:00:00,         1.802580
04/20/2010 23:00:00,         1.745009
04/21/2010 00:00:00,         1.702578
04/21/2010 01:00:00,         3.382911
04/21/2010 02:00:00,         5.557655
04/21/2010 03:00:00,         7.714725
04/21/2010 04:00:00,         9.174430
04/21/2010 05:00:00,         9.953035
04/21/2010 06:00:00,         9.934911
04/21/2010 07:00:00,         9.972295
04/21/2010 08:00:00,         9.328702
04/21/2010 09:00:00,         9.578440
04/21/2010 10:00:00,         9.873116
04/21/2010 11:00:00,        10.722087
04/21/2010 12:00:00,        14.512520
04/21/2010 13:00:00,        13.462795
04/21/2010 14:00:00,        15.659079
04/21/2010 15:00:00,        14.322056
04/21/2010 16:00:00,        14.392936
04/21/2010 17:00:00,        14.545789
04/21/2010 18:00:00,        15.794563
04/21/2010 19:00:00,        16.636329
04/21/2010 20:00:00,        17.426317
04/21/2010 21:00:00,        19.276338
04/21/2010 22:00:00,        21.489680
04/21/2010 23:00:00,        24.203531
04/22/2010 00:00:00,        26.374115
04/22/2010 01:00:00,        27.850751
04/22/2010 02:00:00,        30.303323
04/22/2010 03:00:00,        31.284702
04/22/2010 04:00:00,        31.726887
04/22/2010 05:00:00,        32.276762
04/22/2010 06:00:00,        31.762398
04/22/2010 07:00:00,        31.196002
04/22/2010 08:00:00,        31.699481
04/22/2010 09:00:00,        31.174992
04/22/2010 10:00:00,        30.596710
04/22/2010 11:00:00,        30.420608
04/22/2010 12:00:00,        29.859208
04/22/2010 13:00:00,        28.623359
04/22/2010 14:00:00,        25.239659
04/22/2010 15:00:00,        22.040970
04/22/2010 16:00:00,        19.845529
04/22/2010 17:00:00,        17.984735
04/22/2010 18:00:00,        16.060691
04/22/2010 19:00:00,        15.296404
04/22/2010 20:00:00,        14.860564
04/22/2010 21:00:00,        14.308434
04/22/2010 22:00:00,        13.681769
04/22/2010 23:00:00,        12.789516
04/23/2010 00:00:00,        11.148571
04/23/2010 01:00:00,         1.669187
04/23/2010 02:00:00,         1.433696
04/23/2010 03:00:00,         1.217491
04/23/2010 04:00:00,         1.037416
04/23/2010 05:00:00,         0.851348
04/23/2010 06:00:00,         0.793533
04/23/2010 07:00:00,         0.822257
04/23/2010 08:00:00,         0.592273
04/23/2010 09:00:00,         0.495807
04/23/2010 10:00:00,         0.450668
04/23/2010 11:00:00,         0.433059
04/23/2010 12:00:00,         0.665078
04/23/2010 13:00:00,         1.176726
04/23/2010 14:00:00,         1.406300
04/23/2010 15:00:00,         1.249584
04/23/2010 16:00:00,         1.358900
04/23/2010 17:00:00,         1.316286
04/23/2010 18:00:00,         1.347988
04/23/2010 19:00:00,         1.355543
04/23/2010 20:00:00,         1.376327
04/23/2010 21:00:00,         1.480681
04/23/2010 22:00:00,         1.518070
04/23/2010 23:00:00,         1.617634
04/24/2010 00:00:00,         1.655486
04/24/2010 01:00:00,        13.325733
04/24/2010 02:00:00,        18.580794
04/24/2010 03:00:00,        24.106690
04/24/2010 04:00:00,        28.900793
04/24/2010 05:00:00,        33.075071
04/24/2010 06:00:00,        36.801898
04/24/2010 07:00:00,        37.638910
04/24/2010 08:00:00,        39.651133
04/24/2010 09:00:00,        41.236897
04/24/2010 10:00:00,        42.468246
04/24/2010 11:00:00,        43.615169
04/24/2010 12:00:00,        43.639626
04/24/2010 13:00:00,        44.687978
04/24/2010 14:00:00,        45.873539
04/24/2010 15:00:00,        41.335403
04/24/2010 16:00:00,        34.370628
04/24/2010 17:00:00,        29.742461
04/24/2010 18:00:00,        26.395192
04/24/2010 19:00:00,        22.070356
04/24/2010 20:00:00,        20.403138
04/24/2010 21:00:00,        20.143489
04/24/2010 22:00:00,        20.457668
04/24/2010 23:00:00,        20.967735
04/25/2010 00:00:00,        21.388171
04/25/2010 01:00:00,        69.402381
04/25/2010 02:00:00,        71.526696
04/25/2010 03:00:00,        73.992166
04/25/2010 04:00:00,        76.352136
04/25/2010 05:00:00,        79.754348
04/25/2010 06:00:00,        81.875805
04/25/2010 07:00:00,        83.475284
04/25/2010 08:00:00,        86.406341
04/25/2010 09:00:00,        88.926430
04/25/2010 10:00:00,        89.931187
04/25/2010 11:00:00,        91.207932
04/25/2010 12:00:00,        91.622797
04/25/2010 13:00:00,        92.341983
04/25/2010 14:00:00,        92.174098
04/25/2010 15:00:00,        92.094394
04/25/2010 16:00:00,        91.356872
04/25/2010 17:00:00,        90.481956
04/25/2010 18:00:00,        89.389213
04/25/2010 19:00:00,        89.315522
04/25/2010 20:00:00,        88.838045
04/25/2010 21:00:00,        88.189486
04/25/2010 22:00:00,        87.654854
04/25/2010 23:00:00,        87.102150
04/26/2010 00:00:00,        86.746882
04/26/2010 01:00:00,        70.537004
04/26/2010 02:00:00,        72.569638
04/26/2010 03:00:00,        73.579512
04/26/2010 04:00:00,        74.551041
04/26/2010 05:00:00,        75.858685
04/26/2010 06:00:00,        76.455686
04/26/2010 07:00:00,        76.591214
04/26/2010 08:00:00,        80.292423
04/26/2010 09:00:00,        81.791922
04/26/2010 10:00:00,        84.246345
04/26/2010 11:00:00,        86.300627
04/26/2010 12:00:00,        87.357913
04/26/2010 13:00:00,        87.993819
04/26/2010 14:00:00,        88.073240
04/26/2010 15:00:00,        88.029180
04/26/2010 16:00:00,        88.209622
04/26/2010 17:00:00,        87.551980
04/26/2010 18:00:00,        87.214447
04/26/2010 19:00:00,        87.037127
04/26/2010 20:00:00,        87.193238
04/26/2010 21:00:00,        87.892001
04/26/2010 22:00:00,        88.481805
04/26/2010 23:00:00,        89.681298
04/27/2010 00:00:00,        90.213433
04/27/2010 01:00:00,        93.559673
04/27/2010 02:00:00,        93.435476
04/27/2010 03:00:00,        93.353158
04/27/2010 04:00:00,        93.482512
04/27/2010 05:00:00,        92.844920
04/27/2010 06:00:00,        92.515309
04/27/2010 07:00:00,        91.828983
04/27/2010 08:00:00,        90.366834
04/27/2010 09:00:00,        88.446891
04/27/2010 10:00:00,        86.301083
04/27/2010 11:00:00,        84.473990
04/27/2010 12:00:00,        82.941641
04/27/2010 13:00:00,        81.075727
04/27/2010 14:00:00,        78.515615
04/27/2010 15:00:00,        76.184957
04/27/2010 16:00:00,        75.075401
04/27/2010 17:00:00,        74.456088
04/27/2010 18:00:00,        74.108655
04/27/2010 19:00:00,        72.122179
04/27/2010 20:00:00,        70.561744
04/27/2010 21:00:00,        69.758405
04/27/2010 22:00:00,        69.137114
04/27/2010 23:00:00,        69.034334
04/28/2010 00:00:00,        68.771189
04/28/2010 01:00:00,        22.655954
04/28/2010 02:00:00,        24.137942
04/28/2010 03:00:00,        25.027351
04/28/2010 04:00:00,        25.390133
04/28/2010 05:00:00,        24.243051
04/28/2010 06:00:00,        22.990745
04/28/2010 07:00:00,        22.555835
04/28/2010 08:00:00,        21.097160
04/28/2010 09:00:00,        20.274523
04/28/2010 10:00:00,        20.899365
04/28/2010 11:00:00,        19.782977
04/28/2010 12:00:00,        21.137251
04/28/2010 13:00:00,        21.773958
04/28/2010 14:00:00,        21.394773
04/28/2010 15:00:00,        19.888536
04/28/2010 16:00:00,        17.745438
04/28/2010 17:00:00,        16.155345
04/28/2010 18:00:00,        15.601297
04/28/2010 19:00:00,        15.744812
04/28/2010 20:00:00,        16.038694
04/28/2010 21:00:00,        16.398222
04/28/2010 22:00:00,        16.877814
04/28/2010 23:00:00,        16.859773
04/29/2010 00:00:00,        17.176764
04/29/2010 01:00:00,        13.553993
04/29/2010 02:00:00,        14.869146
04/29/2010 03:00:00,        15.960963
04/29/2010 04:00:00,        16.052832
04/29/2010 05:00:00,        15.482388
04/29/2010 06:00:00,        14.627558
04/29/2010 07:00:00,        13.589940
04/29/2010 08:00:00,        12.598340
04/29/2010 09:00:00,        11.960147
04/29/2010 10:00:00,        10.788035
04/29/2010 11:00:00,         9.956546
04/29/2010 12:00:00,         8.773945
04/29/2010 13:00:00,         7.811060
04/29/2010 14:00:00,         6.766429
04/29/2010 15:00:00,         5.423710
04/29/2010 16:00:00,         3.870354
04/29/2010 17:00:00,         3.131768
04/29/2010 18:00:00,         2.953571
04/29/2010 19:00:00,         3.021577
04/29/2010 20:00:00,         3.416213
04/29/2010 21:00:00,         4.059442
04/29/2010 22:00:00,         5.112509
04/29/2010 23:00:00,         6.394716
04/30/2010 00:00:00,         7.636959
04/30/2010 01:00:00,        48.652246
04/30/2010 02:00:00,        53.204237
04/30/2010 03:00:00,        57.272525
04/30/2010 04:00:00,        60.592869
04/30/2010 05:00:00,        64.851379
04/30/2010 06:00:00,        67.618640
04/30/2010 07:00:00,        68.231868
04/30/2010 08:00:00,        71.223874
04/30/2010 09:00:00,        73.111072
04/30/2010 10:00:00,        75.624860
04/30/2010 11:00:00,        74.956029
04/30/2010 12:00:00,        73.298302
04/30/2010 13:00:00,        72.381022
04/30/2010 14:00:00,        70.945549
04/30/2010 15:00:00,        69.010344
04/30/2010 16:00:00,        67.996026
04/30/2010 17:00:00,        68.344687
04/30/2010 18:00:00,        66.864071
04/30/2010 19:00:00,        65.562312
04/30/2010 20:00:00,        66.578321
04/30/2010 21:00:00,        70.104314
04/30/2010 22:00:00,        74.575543
04/30/2010 23:00:00,        76.337111
05/01/2010 00:00:00,        86.273776
05/01/2010 01:00:00,        86.069193
05/01/2010 02:00:00,        88.398066
05/01/2010 03:00:00,        90.226336
05/01/2010 04:00:00,        90.641190
05/01/2010 05:00:00,        92.124547
05/01/2010 06:00:00,        92.459321
05/01/2010 07:00:00,        92.913372
05/01/2010 08:00:00,        93.922634
05/01/2010 09:00:00,        93.940712
05/01/2010 10:00:00,        93.633039
05/01/2010 11:00:00,        94.703459
05/01/2010 12:00:00,        94.915631
05/01/2010 13:00:00,        95.159329
05/01/2010 14:00:00,        95.385130
05/01/2010 15:00:00,        95.460136
05/01/2010 16:00:00,        95.201347
05/01/2010 17:00:00,        95.196376
05/01/2010 18:00:00,        95.080486
05/01/2010 19:00:00,        94.268085
05/01/2010 20:00:00,        93.772613
05/01/2010 21:00:00,        92.990201
05/01/2010 22:00:00,        92.534193
05/01/2010 23:00:00,        92.312357
05/02/2010 00:00:00,        91.903430
05/02/2010 01:00:00,        78.136411
05/02/2010 02:00:00,        76.897344
05/02/2010 03:00:00,        77.271371
05/02/2010 04:00:00,        76.225383
05/02/2010 05:00:00,        76.681025
05/02/2010 06:00:00,        77.189325
05/02/2010 07:00:00,        76.437133
05/02/2010 08:00:00,        77.872028
05/02/2010 09:00:00,        75.423578
05/02/2010 10:00:00,        75.569711
05/02/2010 11:00:00,        73.749614
05/02/2010 12:00:00,        69.721846
05/02/2010 13:00:00,        66.912374
05/02/2010 14:00:00,        63.907194
05/02/2010 15:00:00,        59.920377
05/02/2010 16:00:00,        56.709678
05/02/2010 17:00:00,        50.179579
05/02/2010 18:00:00,        43.920005
05/02/2010 19:00:00,        43.264370
05/02/2010 20:00:00,        39.330574
05/02/2010 21:00:00,        33.873168
05/02/2010 22:00:00,        27.161548
05/02/2010 23:00:00,        18.578996
05/03/2010 00:00:00,         9.447345
05/03/2010 01:00:00,         6.457191
05/03/2010 02:00:00,         5.921702
05/03/2010 03:00:00,         5.006053
05/03/2010 04:00:00,         3.461612
05/03/2010 05:00:00,         3.357812
05/03/2010 06:00:00,         4.162901
05/03/2010 07:00:00,         5.192982
05/03/2010 08:00:00,         7.411421
05/03/2010 09:00:00,         7.235572
05/03/2010 10:00:00,         7.827279
05/03/2010 11:00:00,         8.913058
05/03/2010 12:00:00,        11.468130
05/03/2010 13:00:00,        14.568054
05/03/2010 14:00:00,        18.032627
05/03/2010 15:00:00,        20.937204
05/03/2010 16:00:00,        25.693371
05/03/2010 17:00:00,        29.820466
05/03/2010 18:00:00,        34.055351
05/03/2010 19:00:00,        35.359358
05/03/2010 20:00:00,        39.353349
05/03/2010 21:00:00,        41.363522
05/03/2010 22:00:00,        44.257449
05/03/2010 23:00:00,        46.487912
05/04/2010 00:00:00,        49.396447
05/04/2010 01:00:00,        17.976411
05/04/2010 02:00:00,        16.003020
05/04/2010 03:00:00,        14.123836
05/04/2010 04:00:00,        12.483052
05/04/2010 05:00:00,        10.540094
05/04/2010 06:00:00,         9.913170
05/04/2010 07:00:00,         9.077695
05/04/2010 08:00:00,         6.388848
05/04/2010 09:00:00,         6.219325
05/04/2010 10:00:00,         6.312568
05/04/2010 11:00:00,         7.311272
05/04/2010 12:00:00,         9.522609
05/04/2010 13:00:00,        12.474682
05/04/2010 14:00:00,        14.424233
05/04/2010 15:00:00,        15.617253
05/04/2010 16:00:00,        16.203096
05/04/2010 17:00:00,        16.169962
05/04/2010 18:00:00,        16.631166
05/04/2010 19:00:00,        17.551638
05/04/2010 20:00:00,        18.657791
05/04/2010 21:00:00,        20.132160
05/04/2010 22:00:00,        21.483084
05/04/2010 23:00:00,        23.082737
05/05/2010 00:00:00,        24.830148
05/05/2010 01:00:00,        49.303998
05/05/2010 02:00:00,        53.838227
05/05/2010 03:00:00,        57.332442
05/05/2010 04:00:00,        62.053200
05/05/2010 05:00:00,        64.972108
05/05/2010 06:00:00,        67.174307
05/05/2010 07:00:00,        68.600782
05/05/2010 08:00:00,        75.679614
05/05/2010 09:00:00,        76.810936
05/05/2010 10:00:00,        78.021181
05/05/2010 11:00:00,        78.219249
05/05/2010 12:00:00,        76.358348
05/05/2010 13:00:00,        76.184597
05/05/2010 14:00:00,        74.944668
05/05/2010 15:00:00,        73.309279
05/05/2010 16:00:00,        70.383351
05/05/2010 17:00:00,        67.452594
05/05/2010 18:00:00,        65.409277
05/05/2010 19:00:00,        61.626626
05/05/2010 20:00:00,        57.223982
05/05/2010 21:00:00,        56.297078
05/05/2010 22:00:00,        59.300065
05/05/2010 23:00:00,        59.739913
05/06/2010 00:00:00,        62.814230
05/06/2010 01:00:00,        67.122812
05/06/2010 02:00:00,        66.441554
05/06/2010 03:00:00,        68.937776
05/06/2010 04:00:00,        68.892411
05/06/2010 05:00:00,        68.795877
05/06/2010 06:00:00,        68.215779
05/06/2010 07:00:00,        69.851388
05/06/2010 08:00:00,        70.133900
05/06/2010 09:00:00,        71.536712
05/06/2010 10:00:00,        73.447947
05/06/2010 11:00:00,        72.951735
05/06/2010 12:00:00,        72.534916
05/06/2010 13:00:00,        70.395232
05/06/2010 14:00:00,        68.276651
05/06/2010 15:00:00,        64.408389
05/06/2010 16:00:00,        58.759679
05/06/2010 17:00:00,        53.475919
05/06/2010 18:00:00,        48.452123
05/06/2010 19:00:00,        47.375693
05/06/2010 20:00:00,        46.500838
05/06/2010 21:00:00,        44.689143
05/06/2010 22:00:00,        41.463896
05/06/2010 23:00:00,        36.599589
05/07/2010 00:00:00,        31.583929
05/07/2010 01:00:00,        10.910809
05/07/2010 02:00:00,         9.119964
05/07/2010 03:00:00,         7.093383
05/07/2010 04:00:00,         5.704907
05/07/2010 05:00:00,         4.631648
05/07/2010 06:00:00,         3.911993
05/07/2010 07:00:00,         3.474591
05/07/2010 08:00:00,         2.844905
05/07/2010 09:00:00,         2.499877
05/07/2010 10:00:00,         1.809746
05/07/2010 11:00:00,         1.653085
05/07/2010 12:00:00,         1.478626
05/07/2010 13:00:00,         1.809489
05/07/2010 14:00:00,         3.046610
05/07/2010 15:00:00,         4.872384
05/07/2010 16:00:00,         5.805643
05/07/2010 17:00:00,         9.055346
05/07/2010 18:00:00,        16.065626
05/07/2010 19:00:00,        18.384856
05/07/2010 20:00:00,        20.783201
05/07/2010 21:00:00,        23.796035
05/07/2010 22:00:00,        26.192515
05/07/2010 23:00:00,        30.647524
05/08/2010 00:00:00,        34.703853
05/08/2010 01:00:00,        84.531959
05/08/2010 02:00:00,        83.131871
05/08/2010 03:00:00,        84.622972
05/08/2010 04:00:00,        85.963677
05/08/2010 05:00:00,        87.464339
05/08/2010 06:00:00,        86.647693
05/08/2010 07:00:00,        88.223210
05/08/2010 08:00:00,        88.695737
05/08/2010 09:00:00,        89.878218
05/08/2010 10:00:00,        89.111872
05/08/2010 11:00:00,        89.250160
05/08/2010 12:00:00,        91.392387
05/08/2010 13:00:00,        91.470942
05/08/2010 14:00:00,        92.789859
05/08/2010 15:00:00,        94.667344
05/08/2010 16:00:00,        95.122393
05/08/2010 17:00:00,        93.657051
05/08/2010 18:00:00,        95.145404
05/08/2010 19:00:00,        95.187458
05/08/2010 20:00:00,        95.202932
05/08/2010 21:00:00,        95.051174
05/08/2010 22:00:00,        95.059587
05/08/2010 23:00:00,        95.216134
05/09/2010 00:00:00,        94.952397
05/09/2010 01:00:00,        91.018270
05/09/2010 02:00:00,        90.645751
05/09/2010 03:00:00,        89.904306
05/09/2010 04:00:00,        89.158443
05/09/2010 05:00:00,        86.686873
05/09/2010 06:00:00,        84.471653
05/09/2010 07:00:00,        83.590199
05/09/2010 08:00:00,        82.343636
05/09/2010 09:00:00,        79.929955
05/09/2010 10:00:00,        77.662190
05/09/2010 11:00:00,        76.189386
05/09/2010 12:00:00,        74.029623
05/09/2010 13:00:00,        72.211778
05/09/2010 14:00:00,        72.747981
05/09/2010 15:00:00,        71.732331
05/09/2010 16:00:00,        71.380416
05/09/2010 17:00:00,        71.007097
05/09/2010 18:00:00,        72.205803
05/09/2010 19:00:00,        73.087907
05/09/2010 20:00:00,        72.876165
05/09/2010 21:00:00,        72.868326
05/09/2010 22:00:00,        74.135982
05/09/2010 23:00:00,        75.118773
05/10/2010 00:00:00,        75.885709
05/10/2010 01:00:00,        65.452337
05/10/2010 02:00:00,        60.936431
05/10/2010 03:00:00,        57.118830
05/10/2010 04:00:00,        53.089184
05/10/2010 05:00:00,        49.223187
05/10/2010 06:00:00,        45.466935
05/10/2010 07:00:00,        41.787821
05/10/2010 08:00:00,        34.905478
05/10/2010 09:00:00,        28.599018
05/10/2010 10:00:00,        22.539589
05/10/2010 11:00:00,        17.887857
05/10/2010 12:00:00,        13.882025
05/10/2010 13:00:00,        10.711545
05/10/2010 14:00:00,         8.196870
05/10/2010 15:00:00,         6.259319
05/10/2010 16:00:00,         4.774213
05/10/2010 17:00:00,         3.878347
05/10/2010 18:00:00,         3.392618
05/10/2010 19:00:00,         3.361676
05/10/2010 20:00:00,         3.481541
05/10/2010 21:00:00,         3.856281
05/10/2010 22:00:00,         4.110450
05/10/2010 23:00:00,         4.591549
05/11/2010 00:00:00,         5.167124
05/11/2010 01:00:00,        18.834074
05/11/2010 02:00:00,        23.853182
05/11/2010 03:00:00,        29.499444
05/11/2010 04:00:00,        33.839465
05/11/2010 05:00:00,        37.562484
05/11/2010 06:00:00,        42.844636
05/11/2010 07:00:00,        48.027721
05/11/2010 08:00:00,        54.596273
05/11/2010 09:00:00,        61.203929
05/11/2010 10:00:00,        67.472713
05/11/2010 11:00:00,        73.116754
05/11/2010 12:00:00,        77.425092
05/11/2010 13:00:00,        81.455169
05/11/2010 14:00:00,        82.982553
05/11/2010 15:00:00,        84.834296
05/11/2010 16:00:00,        86.834029
05/11/2010 17:00:00,        89.689332
05/11/2010 18:00:00,        91.890523
05/11/2010 19:00:00,        92.549487
05/11/2010 20:00:00,        93.317472
05/11/2010 21:00:00,        94.649370
05/11/2010 22:00:00,        95.102780
05/11/2010 23:00:00,        95.195539
05/12/2010 00:00:00,        94.701798
05/12/2010 01:00:00,        87.893712
05/12/2010 02:00:00,        86.724926
05/12/2010 03:00:00,        85.589547
05/12/2010 04:00:00,        84.502644
05/12/2010 05:00:00,        82.586209
05/12/2010 06:00:00,        80.837509
05/12/2010 07:00:00,        79.082217
05/12/2010 08:00:00,        77.294869
05/12/2010 09:00:00,        73.555725
05/12/2010 10:00:00,        68.797358
05/12/2010 11:00:00,        65.314561
05/12/2010 12:00:00,        62.820546
05/12/2010 13:00:00,        59.404432
05/12/2010 14:00:00,        56.498154
05/12/2010 15:00:00,        51.632615
05/12/2010 16:00:00,        46.040434
05/12/2010 17:00:00,        41.428785
05/12/2010 18:00:00,        38.113187
05/12/2010 19:00:00,        35.194489
05/12/2010 20:00:00,        31.706576
05/12/2010 21:00:00,        27.600437
05/12/2010 22:00:00,        24.893097
05/12/2010 23:00:00,        22.584697
05/13/2010 00:00:00,        20.070930
05/13/2010 01:00:00,        37.873608
05/13/2010 02:00:00,        40.869593
05/13/2010 03:00:00,        44.663177
05/13/2010 04:00:00,        47.063077
05/13/2010 05:00:00,        49.716879
05/13/2010 06:00:00,        51.952513
05/13/2010 07:00:00,        54.047828
05/13/2010 08:00:00,        56.064240
05/13/2010 09:00:00,        56.279522
05/13/2010 10:00:00,        60.802753
05/13/2010 11:00:00,        63.648832
05/13/2010 12:00:00,        67.217541
05/13/2010 13:00:00,        71.876033
05/13/2010 14:00:00,        72.366517
05/13/2010 15:00:00,        73.654072
05/13/2010 16:00:00,        72.426205
05/13/2010 17:00:00,        71.419731
05/13/2010 18:00:00,        69.256741
05/13/2010 19:00:00,        68.974381
05/13/2010 20:00:00,        68.598300
05/13/2010 21:00:00,        67.474688
05/13/2010 22:00:00,        67.892594
05/13/2010 23:00:00,        64.231823
05/14/2010 00:00:00,        62.845315
05/14/2010 01:00:00,        57.110253
05/14/2010 02:00:00,        59.493576
05/14/2010 03:00:00,        61.213341
05/14/2010 04:00:00,        62.128248
05/14/2010 05:00:00,        63.354331
05/14/2010 06:00:00,        65.137236
05/14/2010 07:00:00,        66.668392
05/14/2010 08:00:00,        70.651123
05/14/2010 09:00:00,        74.634831
05/14/2010 10:00:00,        76.022578
05/14/2010 11:00:00,        79.667613
05/14/2010 12:00:00,        83.668518
05/14/2010 13:00:00,        86.527077
05/14/2010 14:00:00,        88.244252
05/14/2010 15:00:00,        89.366375
05/14/2010 16:00:00,        89.834014
05/14/2010 17:00:00,        90.869650
05/14/2010 18:00:00,        90.391006
05/14/2010 19:00:00,        90.102635
05/14/2010 20:00:00,        88.741273
05/14/2010 21:00:00,        88.036928
05/14/2010 22:00:00,        88.068548
05/14/2010 23:00:00,        88.446803
05/15/2010 00:00:00,        87.644548
05/15/2010 01:00:00,        85.056891
05/15/2010 02:00:00,        83.458744
05/15/2010 03:00:00,        79.309842
05/15/2010 04:00:00,        78.057007
05/15/2010 05:00:00,        79.427572
05/15/2010 06:00:00,        75.304632
05/15/2010 07:00:00,        70.467047
05/15/2010 08:00:00,        65.192069
05/15/2010 09:00:00,        60.817461
05/15/2010 10:00:00,        54.666799
05/15/2010 11:00:00,        48.340725
05/15/2010 12:00:00,        43.263356
05/15/2010 13:00:00,        37.789197
05/15/2010 14:00:00,        31.926604
05/15/2010 15:00:00,        27.004615
05/15/2010 16:00:00,        21.537940
05/15/2010 17:00:00,        16.016301
05/15/2010 18:00:00,        10.907075
05/15/2010 19:00:00,         7.440764
05/15/2010 20:00:00,         5.291826
05/15/2010 21:00:00,         4.282486
05/15/2010 22:00:00,         4.273854
05/15/2010 23:00:00,         4.456683
05/16/2010 00:00:00,         4.412585
05/16/2010 01:00:00,         0.318741
05/16/2010 02:00:00,         0.353281
05/16/2010 03:00:00,         0.412486
05/16/2010 04:00:00,         0.572576
05/16/2010 05:00:00,         0.574477
05/16/2010 06:00:00,         0.554432
05/16/2010 07:00:00,         0.525321
05/16/2010 08:00:00,         0.630951
05/16/2010 09:00:00,         0.646279
05/16/2010 10:00:00,         0.625589
05/16/2010 11:00:00,         0.678173
05/16/2010 12:00:00,         1.138022
05/16/2010 13:00:00,         1.850757
05/16/2010 14:00:00,         3.059012
05/16/2010 15:00:00,         4.272796
05/16/2010 16:00:00,         5.316449
05/16/2010 17:00:00,         6.377604
05/16/2010 18:00:00,         7.360785
05/16/2010 19:00:00,         8.743199
05/16/2010 20:00:00,         9.327991
05/16/2010 21:00:00,        11.720759
05/16/2010 22:00:00,        12.479633
05/16/2010 23:00:00,        12.937840
05/17/2010 00:00:00,        13.322384
05/17/2010 01:00:00,        23.048454
05/17/2010 02:00:00,        21.720651
05/17/2010 03:00:00,        20.702627
05/17/2010 04:00:00,        20.124173
05/17/2010 05:00:00,        19.023368
05/17/2010 06:00:00,        18.135493
05/17/2010 07:00:00,        17.073703
05/17/2010 08:00:00,        16.128551
05/17/2010 09:00:00,        15.540183
05/17/2010 10:00:00,        14.689217
05/17/2010 11:00:00,        13.922033
05/17/2010 12:00:00,        13.045389
05/17/2010 13:00:00,        12.497989
05/17/2010 14:00:00,        12.484160
05/17/2010 15:00:00,        12.772656
05/17/2010 16:00:00,        12.865132
05/17/2010 17:00:00,        13.789336
05/17/2010 18:00:00,        15.646038
05/17/2010 19:00:00,        16.329618
05/17/2010 20:00:00,        16.615351
05/17/2010 21:00:00,        17.756015
05/17/2010 22:00:00,        18.784513
05/17/2010 23:00:00,        19.417340
05/18/2010 00:00:00,        21.478585
05/18/2010 01:00:00,        53.619868
05/18/2010 02:00:00,        53.456778
05/18/2010 03:00:00,        51.585783
05/18/2010 04:00:00,        49.803719
05/18/2010 05:00:00,        47.867681
05/18/2010 06:00:00,        45.010658
05/18/2010 07:00:00,        42.525409
05/18/2010 08:00:00,        40.498557
05/18/2010 09:00:00,        35.077574
05/18/2010 10:00:00,        31.589066
05/18/2010 11:00:00,        26.200295
05/18/2010 12:00:00,        21.499192
05/18/2010 13:00:00,        16.958567
05/18/2010 14:00:00,        12.665985
05/18/2010 15:00:00,         9.179603
05/18/2010 16:00:00,         6.718757
05/18/2010 17:00:00,         4.422817
05/18/2010 18:00:00,         2.672159
05/18/2010 19:00:00,         2.683513
05/18/2010 20:00:00,         3.218797
05/18/2010 21:00:00,         2.983952
05/18/2010 22:00:00,         3.153118
05/18/2010 23:00:00,         3.366381
05/19/2010 00:00:00,         3.059128
05/19/2010 01:00:00,        14.803596
05/19/2010 02:00:00,        13.627956
05/19/2010 03:00:00,        14.085561
05/19/2010 04:00:00,        13.291483
05/19/2010 05:00:00,        12.923700
05/19/2010 06:00:00,        12.634375
05/19/2010 07:00:00,        12.821921
05/19/2010 08:00:00,        11.158722
05/19/2010 09:00:00,         9.396899
05/19/2010 10:00:00,         7.824507
05/19/2010 11:00:00,         7.447430
05/19/2010 12:00:00,         7.112230
05/19/2010 13:00:00,         7.659713
05/19/2010 14:00:00,         7.161071
05/19/2010 15:00:00,         6.968931
05/19/2010 16:00:00,         5.072317
05/19/2010 17:00:00,         5.653106
05/19/2010 18:00:00,         4.527225
05/19/2010 19:00:00,         3.691737
05/19/2010 20:00:00,         3.274376
05/19/2010 21:00:00,         2.759610
05/19/2010 22:00:00,         2.347501
05/19/2010 23:00:00,         2.242318
05/20/2010 00:00:00,         2.129153
05/20/2010 01:00:00,        10.861699
05/20/2010 02:00:00,        10.737028
05/20/2010 03:00:00,        10.707061
05/20/2010 04:00:00,        10.425321
05/20/2010 05:00:00,         9.809948
05/20/2010 06:00:00,         9.224778
05/20/2010 07:00:00,         8.739595
05/20/2010 08:00:00,         8.190125
05/20/2010 09:00:00,         8.668663
05/20/2010 10:00:00,         7.372840
05/20/2010 11:00:00,         5.698437
05/20/2010 12:00:00,         3.965378
05/20/2010 13:00:00,         3.560869
05/20/2010 14:00:00,         3.032578
05/20/2010 15:00:00,         2.294678
05/20/2010 16:00:00,         1.239528
05/20/2010 17:00:00,         0.842461
05/20/2010 18:00:00,         0.695640
05/20/2010 19:00:00,         0.779786
05/20/2010 20:00:00,         0.807556
05/20/2010 21:00:00,         0.803041
05/20/2010 22:00:00,         0.775714
05/20/2010 23:00:00,         0.753179
05/21/2010 00:00:00,         1.052687
05/21/2010 01:00:00,         2.176145
05/21/2010 02:00:00,         3.219633
05/21/2010 03:00:00,         3.994340
05/21/2010 04:00:00,         4.645713
05/21/2010 05:00:00,         4.738563
05/21/2010 06:00:00,         4.962775
05/21/2010 07:00:00,         4.828309
05/21/2010 08:00:00,         4.739122
05/21/2010 09:00:00,         4.718752
05/21/2010 10:00:00,         5.018773
05/21/2010 11:00:00,         5.302569
05/21/2010 12:00:00,         6.187387
05/21/2010 13:00:00,         6.518158
05/21/2010 14:00:00,         6.764347
05/21/2010 15:00:00,         5.571423
05/21/2010 16:00:00,         4.754305
05/21/2010 17:00:00,         4.240160
05/21/2010 18:00:00,         4.326021
05/21/2010 19:00:00,         5.291946
05/21/2010 20:00:00,         3.078414
05/21/2010 21:00:00,         3.203758
05/21/2010 22:00:00,         3.362492
05/21/2010 23:00:00,         4.188665
05/22/2010 00:00:00,         4.591157
05/22/2010 01:00:00,        48.144570
05/22/2010 02:00:00,        51.011199
05/22/2010 03:00:00,        53.535291
05/22/2010 04:00:00,        54.147827
05/22/2010 05:00:00,        53.561183
05/22/2010 06:00:00,        53.841938
05/22/2010 07:00:00,        53.601175
05/22/2010 08:00:00,        51.537116
05/22/2010 09:00:00,        53.284904
05/22/2010 10:00:00,        48.648627
05/22/2010 11:00:00,        46.632727
05/22/2010 12:00:00,        41.779664
05/22/2010 13:00:00,        38.393479
05/22/2010 14:00:00,        34.933613
05/22/2010 15:00:00,        28.933806
05/22/2010 16:00:00,        23.394050
05/22/2010 17:00:00,        19.655527
05/22/2010 18:00:00,        17.213738
05/22/2010 19:00:00,        16.112245
05/22/2010 20:00:00,        15.884649
05/22/2010 21:00:00,        16.018591
05/22/2010 22:00:00,        15.614425
05/22/2010 23:00:00,        15.693958
05/23/2010 00:00:00,        15.591844
05/23/2010 01:00:00,        27.264858
05/23/2010 02:00:00,        24.745973
05/23/2010 03:00:00,        23.294974
05/23/2010 04:00:00,        21.378824
05/23/2010 05:00:00,        19.626384
05/23/2010 06:00:00,        18.086912
05/23/2010 07:00:00,        16.577990
05/23/2010 08:00:00,        14.565243
05/23/2010 09:00:00,        11.533640
05/23/2010 10:00:00,         9.170379
05/23/2010 11:00:00,         6.978507
05/23/2010 12:00:00,         4.627901
05/23/2010 13:00:00,         3.214452
05/23/2010 14:00:00,         1.935837
05/23/2010 15:00:00,         1.915369
05/23/2010 16:00:00,         1.891857
05/23/2010 17:00:00,         1.470549
05/23/2010 18:00:00,         1.779305
05/23/2010 19:00:00,         1.848953
05/23/2010 20:00:00,         2.337070
05/23/2010 21:00:00,         2.445757
05/23/2010 22:00:00,         2.782749
05/23/2010 23:00:00,         4.246851
05/24/2010 00:00:00,         4.770776
05/24/2010 01:00:00,        13.678653
05/24/2010 02:00:00,        14.759221
05/24/2010 03:00:00,        16.360836
05/24/2010 04:00:00,        17.154480
05/24/2010 05:00:00,        18.401644
05/24/2010 06:00:00,        20.457015
05/24/2010 07:00:00,        19.655270
05/24/2010 08:00:00,        19.567703
05/24/2010 09:00:00,        20.069388
05/24/2010 10:00:00,        19.703479
05/24/2010 11:00:00,        19.000315
05/24/2010 12:00:00,        17.553658
05/24/2010 13:00:00,        16.185204
05/24/2010 14:00:00,        14.170765
05/24/2010 15:00:00,        12.010305
05/24/2010 16:00:00,        10.071652
05/24/2010 17:00:00,         9.043242
05/24/2010 18:00:00,         7.233702
05/24/2010 19:00:00,         5.029308
05/24/2010 20:00:00,         4.395824
05/24/2010 21:00:00,         3.447496
05/24/2010 22:00:00,         3.086101
05/24/2010 23:00:00,         2.263544
05/25/2010 00:00:00,         1.655460
05/25/2010 01:00:00,        11.596489
05/25/2010 02:00:00,        12.611108
05/25/2010 03:00:00,        12.177987
05/25/2010 04:00:00,        12.757132
05/25/2010 05:00:00,        13.510699
05/25/2010 06:00:00,        12.712942
05/25/2010 07:00:00,        11.817877
05/25/2010 08:00:00,        11.322554
05/25/2010 09:00:00,        10.899438
05/25/2010 10:00:00,        10.823420
05/25/2010 11:00:00,        11.056394
05/25/2010 12:00:00,        10.178083
05/25/2010 13:00:00,         9.235300
05/25/2010 14:00:00,         7.202384
05/25/2010 15:00:00,         5.492949
05/25/2010 16:00:00,         4.997139
05/25/2010 17:00:00,         4.309454
05/25/2010 18:00:00,         1.773018
05/25/2010 19:00:00,         1.654029
05/25/2010 20:00:00,         1.734856
05/25/2010 21:00:00,         1.414707
05/25/2010 22:00:00,         1.435660
05/25/2010 23:00:00,         0.983569
05/26/2010 00:00:00,         0.785231
05/26/2010 01:00:00,         2.639107
05/26/2010 02:00:00,         2.345071
05/26/2010 03:00:00,         2.239699
05/26/2010 04:00:00,         2.135629
05/26/2010 05:00:00,         2.106659
05/26/2010 06:00:00,         1.924261
05/26/2010 07:00:00,         1.826227
05/26/2010 08:00:00,         1.312034
05/26/2010 09:00:00,         1.088827
05/26/2010 10:00:00,         0.903370
05/26/2010 11:00:00,         0.798860
05/26/2010 12:00:00,         1.349420
05/26/2010 13:00:00,         1.411277
05/26/2010 14:00:00,         1.568482
05/26/2010 15:00:00,         1.644264
05/26/2010 16:00:00,         1.800348
05/26/2010 17:00:00,         2.033387
05/26/2010 18:00:00,         2.176688
05/26/2010 19:00:00,         2.154372
05/26/2010 20:00:00,         2.073952
05/26/2010 21:00:00,         2.541138
05/26/2010 22:00:00,         2.065741
05/26/2010 23:00:00,         1.979476
05/27/2010 00:00:00,         2.502845
05/27/2010 01:00:00,         3.152130
05/27/2010 02:00:00,         3.392577
05/27/2010 03:00:00,         2.934699
05/27/2010 04:00:00,         2.821514
05/27/2010 05:00:00,         2.854178
05/27/2010 06:00:00,         2.344250
05/27/2010 07:00:00,         2.159904
05/27/2010 08:00:00,         2.468903
05/27/2010 09:00:00,         2.692679
05/27/2010 10:00:00,         3.374702
05/27/2010 11:00:00,         3.307254
05/27/2010 12:00:00,         3.863610
05/27/2010 13:00:00,         4.247683
05/27/2010 14:00:00,         4.331851
05/27/2010 15:00:00,         4.426862
05/27/2010 16:00:00,         4.898636
05/27/2010 17:00:00,         5.545834
05/27/2010 18:00:00,         6.016164
05/27/2010 19:00:00,         6.512092
05/27/2010 20:00:00,         7.406102
05/27/2010 21:00:00,         7.746904
05/27/2010 22:00:00,         8.285209
05/27/2010 23:00:00,         8.403477
05/28/2010 00:00:00,         8.938853
05/28/2010 01:00:00,         5.054172
05/28/2010 02:00:00,         5.073347
05/28/2010 03:00:00,         6.448677
05/28/2010 04:00:00,         4.609806
05/28/2010 05:00:00,         4.620580
05/28/2010 06:00:00,         4.153749
05/28/2010 07:00:00,         3.799550
05/28/2010 08:00:00,         4.078987
05/28/2010 09:00:00,         3.655873
05/28/2010 10:00:00,         3.523387
05/28/2010 11:00:00,         3.007394
05/28/2010 12:00:00,         5.087325
05/28/2010 13:00:00,         5.248622
05/28/2010 14:00:00,         7.495010
05/28/2010 15:00:00,         9.008840
05/28/2010 16:00:00,        10.536498
05/28/2010 17:00:00,        11.696386
05/28/2010 18:00:00,        13.020145
05/28/2010 19:00:00,        13.875476
05/28/2010 20:00:00,        15.398387
05/28/2010 21:00:00,        17.375059
05/28/2010 22:00:00,        19.537466
05/28/2010 23:00:00,        21.374386
05/29/2010 00:00:00,        22.818057
05/29/2010 01:00:00,        24.582660
05/29/2010 02:00:00,        27.473013
05/29/2010 03:00:00,        28.452346
05/29/2010 04:00:00,        29.530564
05/29/2010 05:00:00,        28.046707
05/29/2010 06:00:00,        27.010381
05/29/2010 07:00:00,        25.194252
05/29/2010 08:00:00,        24.478726
05/29/2010 09:00:00,        24.047472
05/29/2010 10:00:00,        23.167099
05/29/2010 11:00:00,        23.242725
05/29/2010 12:00:00,        22.403139
05/29/2010 13:00:00,        21.874123
05/29/2010 14:00:00,        20.250496
05/29/2010 15:00:00,        18.034548
05/29/2010 16:00:00,        15.506204
05/29/2010 17:00:00,        13.004854
05/29/2010 18:00:00,        11.730622
05/29/2010 19:00:00,        11.875731
05/29/2010 20:00:00,        11.926216
05/29/2010 21:00:00,        11.930793
05/29/2010 22:00:00,        11.203185
05/29/2010 23:00:00,        10.828262
05/30/2010 00:00:00,         9.866297
05/30/2010 01:00:00,         2.644258
05/30/2010 02:00:00,         3.972021
05/30/2010 03:00:00,         4.985983
05/30/2010 04:00:00,         6.310299
05/30/2010 05:00:00,         7.304690
05/30/2010 06:00:00,         7.697696
05/30/2010 07:00:00,         7.609869
05/30/2010 08:00:00,         7.796871
05/30/2010 09:00:00,         7.932341
05/30/2010 10:00:00,         8.301328
05/30/2010 11:00:00,         9.180388
05/30/2010 12:00:00,        10.088387
05/30/2010 13:00:00,        11.138284
05/30/2010 14:00:00,        11.156894
05/30/2010 15:00:00,        10.624488
05/30/2010 16:00:00,        10.333183
05/30/2010 17:00:00,         9.510678
05/30/2010 18:00:00,         8.775823
05/30/2010 19:00:00,         8.577991
05/30/2010 20:00:00,         9.916223
05/30/2010 21:00:00,        11.787246
05/30/2010 22:00:00,        13.468170
05/30/2010 23:00:00,        14.902394
05/31/2010 00:00:00,        16.419770
05/31/2010 01:00:00,        34.754011
05/31/2010 02:00:00,        38.443467
05/31/2010 03:00:00,        43.409557
05/31/2010 04:00:00,        45.539224
05/31/2010 05:00:00,        49.641719
05/31/2010 06:00:00,        51.224254
05/31/2010 07:00:00,        49.989989
05/31/2010 08:00:00,        50.879766
05/31/2010 09:00:00,        51.599972
05/31/2010 10:00:00,        52.110665
05/31/2010 11:00:00,        51.420919
05/31/2010 12:00:00,        47.982875
05/31/2010 13:00:00,        44.519892
05/31/2010 14:00:00,        46.124959
05/31/2010 15:00:00,        40.751040
05/31/2010 16:00:00,        38.520758
05/31/2010 17:00:00,        35.591833
05/31/2010 18:00:00,        32.700778
05/31/2010 19:00:00,        29.092119
05/31/2010 20:00:00,        30.179210
05/31/2010 21:00:00,        30.558141
05/31/2010 22:00:00,        28.750991
05/31/2010 23:00:00,        25.771285
06/01/2010 00:00:00,        32.352997
06/01/2010 01:00:00,        29.927211
06/01/2010 02:00:00,        28.098294
06/01/2010 03:00:00,        26.472129
06/01/2010 04:00:00,        25.308131
06/01/2010 05:00:00,        24.535822
06/01/2010 06:00:00,        22.979309
06/01/2010 07:00:00,        20.667165
06/01/2010 08:00:00,        17.166228
06/01/2010 09:00:00,        14.213923
06/01/2010 10:00:00,        11.523232
06/01/2010 11:00:00,         9.502364
06/01/2010 12:00:00,         9.111077
06/01/2010 13:00:00,         8.346771
06/01/2010 14:00:00,         7.451122
06/01/2010 15:00:00,         6.165257
06/01/2010 16:00:00,         5.223519
06/01/2010 17:00:00,         4.399169
06/01/2010 18:00:00,         4.222669
06/01/2010 19:00:00,         4.082678
06/01/2010 20:00:00,         4.509633
06/01/2010 21:00:00,         5.100607
06/01/2010 22:00:00,         6.216627
06/01/2010 23:00:00,         7.610121
06/02/2010 00:00:00,         8.700502
06/02/2010 01:00:00,        52.967872
06/02/2010 02:00:00,        57.733166
06/02/2010 03:00:00,        61.067105
06/02/2010 04:00:00,        63.729550
06/02/2010 05:00:00,        66.644690
06/02/2010 06:00:00,        66.881813
06/02/2010 07:00:00,        64.883007
06/02/2010 08:00:00,        66.989849
06/02/2010 09:00:00,        66.931770
06/02/2010 10:00:00,        65.057466
06/02/2010 11:00:00,        60.771768
06/02/2010 12:00:00,        55.698827
06/02/2010 13:00:00,        49.429331
06/02/2010 14:00:00,        42.696929
06/02/2010 15:00:00,        35.996622
06/02/2010 16:00:00,        28.851772
06/02/2010 17:00:00,        22.071908
06/02/2010 18:00:00,        15.659418
06/02/2010 19:00:00,        11.251317
06/02/2010 20:00:00,         8.652946
06/02/2010 21:00:00,         6.412495
06/02/2010 22:00:00,         4.461146
06/02/2010 23:00:00,         3.382962
06/03/2010 00:00:00,         3.197464
06/03/2010 01:00:00,         9.727030
06/03/2010 02:00:00,         8.582316
06/03/2010 03:00:00,         7.554539
06/03/2010 04:00:00,         6.733295
06/03/2010 05:00:00,         6.371745
06/03/2010 06:00:00,         6.317303
06/03/2010 07:00:00,         5.827412
06/03/2010 08:00:00,         4.780702
06/03/2010 09:00:00,         2.762031
06/03/2010 10:00:00,         1.361052
06/03/2010 11:00:00,         1.007473
06/03/2010 12:00:00,         0.948161
06/03/2010 13:00:00,         1.118690
06/03/2010 14:00:00,         1.495036
06/03/2010 15:00:00,         1.949951
06/03/2010 16:00:00,         2.030137
06/03/2010 17:00:00,         2.379367
06/03/2010 18:00:00,         2.543842
06/03/2010 19:00:00,         2.557924
06/03/2010 20:00:00,         2.420996
06/03/2010 21:00:00,         2.638853
06/03/2010 22:00:00,         2.916574
06/03/2010 23:00:00,         3.297462
06/04/2010 00:00:00,         3.748456
06/04/2010 01:00:00,         0.974616
06/04/2010 02:00:00,         0.984820
06/04/2010 03:00:00,         1.019342
06/04/2010 04:00:00,         0.918320
06/04/2010 05:00:00,         0.901800
06/04/2010 06:00:00,         0.818546
06/04/2010 07:00:00,         0.687483
06/04/2010 08:00:00,         0.601106
06/04/2010 09:00:00,         0.426860
06/04/2010 10:00:00,         0.336393
06/04/2010 11:00:00,         0.260641
06/04/2010 12:00:00,         0.390948
06/04/2010 13:00:00,         0.431117
06/04/2010 14:00:00,         0.603863
06/04/2010 15:00:00,         1.002289
06/04/2010 16:00:00,         1.161719
06/04/2010 17:00:00,         1.268362
06/04/2010 18:00:00,         1.269696
06/04/2010 19:00:00,         1.392248
06/04/2010 20:00:00,         1.529237
06/04/2010 21:00:00,         1.652491
06/04/2010 22:00:00,         1.786244
06/04/2010 23:00:00,         2.080092
06/05/2010 00:00:00,         3.869897
06/05/2010 01:00:00,        33.721920
06/05/2010 02:00:00,        30.505695
06/05/2010 03:00:00,        28.090138
06/05/2010 04:00:00,        26.200511
06/05/2010 05:00:00,        24.941076
06/05/2010 06:00:00,        24.159338
06/05/2010 07:00:00,        24.021566
06/05/2010 08:00:00,        22.749976
06/05/2010 09:00:00,        21.594016
06/05/2010 10:00:00,        19.350058
06/05/2010 11:00:00,        15.673620
06/05/2010 12:00:00,        13.648438
06/05/2010 13:00:00,        11.541203
06/05/2010 14:00:00,        10.696795
06/05/2010 15:00:00,         9.987590
06/05/2010 16:00:00,         9.562402
06/05/2010 17:00:00,         8.926427
06/05/2010 18:00:00,         8.189435
06/05/2010 19:00:00,         7.722030
06/05/2010 20:00:00,         7.199110
06/05/2010 21:00:00,         6.976751
06/05/2010 22:00:00,         6.335176
06/05/2010 23:00:00,         5.359741
06/06/2010 00:00:00,         4.613634
06/06/2010 01:00:00,         8.905763
06/06/2010 02:00:00,        10.683618
06/06/2010 03:00:00,        13.301235
06/06/2010 04:00:00,        18.687118
06/06/2010 05:00:00,        23.817840
06/06/2010 06:00:00,        26.514584
06/06/2010 07:00:00,        29.403821
06/06/2010 08:00:00,        37.076177
06/06/2010 09:00:00,        40.535886
06/06/2010 10:00:00,        45.484743
06/06/2010 11:00:00,        49.707695
06/06/2010 12:00:00,        53.359235
06/06/2010 13:00:00,        55.340824
06/06/2010 14:00:00,        58.168566
06/06/2010 15:00:00,        60.011769
06/06/2010 16:00:00,        57.550006
06/06/2010 17:00:00,        52.724462
06/06/2010 18:00:00,        47.544992
06/06/2010 19:00:00,        48.062962
06/06/2010 20:00:00,        48.411819
06/06/2010 21:00:00,        45.204028
06/06/2010 22:00:00,        44.297066
06/06/2010 23:00:00,        40.739668
06/07/2010 00:00:00,        38.565473
06/07/2010 01:00:00,         9.123103
06/07/2010 02:00:00,         8.905825
06/07/2010 03:00:00,         9.055427
06/07/2010 04:00:00,        10.221759
06/07/2010 05:00:00,        10.235490
06/07/2010 06:00:00,        10.216466
06/07/2010 07:00:00,        10.104735
06/07/2010 08:00:00,         9.829512
06/07/2010 09:00:00,         9.881976
06/07/2010 10:00:00,        10.075489
06/07/2010 11:00:00,        10.704899
06/07/2010 12:00:00,        11.429467
06/07/2010 13:00:00,        11.904832
06/07/2010 14:00:00,        11.958184
06/07/2010 15:00:00,        12.567194
06/07/2010 16:00:00,        12.378882
06/07/2010 17:00:00,        10.860731
06/07/2010 18:00:00,        10.121883
06/07/2010 19:00:00,        10.379083
06/07/2010 20:00:00,        10.644518
06/07/2010 21:00:00,        10.462665
06/07/2010 22:00:00,        10.006803
06/07/2010 23:00:00,         9.727303
06/08/2010 00:00:00,         9.128373
06/08/2010 01:00:00,         1.496878
06/08/2010 02:00:00,         1.394486
06/08/2010 03:00:00,         1.102245
06/08/2010 04:00:00,         0.895066
06/08/2010 05:00:00,         0.743185
06/08/2010 06:00:00,         0.650709
06/08/2010 07:00:00,         0.615137
06/08/2010 08:00:00,         0.785353
06/08/2010 09:00:00,         0.931367
06/08/2010 10:00:00,         0.698721
06/08/2010 11:00:00,         0.748148
06/08/2010 12:00:00,         0.995291
06/08/2010 13:00:00,         1.240765
06/08/2010 14:00:00,         1.421347
06/08/2010 15:00:00,         1.380764
06/08/2010 16:00:00,         1.496099
06/08/2010 17:00:00,         1.542356
06/08/2010 18:00:00,         1.898511
06/08/2010 19:00:00,         2.146229
06/08/2010 20:00:00,         2.476268
06/08/2010 21:00:00,         2.808608
06/08/2010 22:00:00,         2.509295
06/08/2010 23:00:00,         2.746865
06/09/2010 00:00:00,         3.196496
06/09/2010 01:00:00,        23.847430
06/09/2010 02:00:00,        29.601992
06/09/2010 03:00:00,        36.147556
06/09/2010 04:00:00,        41.241610
06/09/2010 05:00:00,        45.858067
06/09/2010 06:00:00,        50.384409
06/09/2010 07:00:00,        54.924204
06/09/2010 08:00:00,        63.460775
06/09/2010 09:00:00,        70.193899
06/09/2010 10:00:00,        76.022681
06/09/2010 11:00:00,        79.478747
06/09/2010 12:00:00,        79.588697
06/09/2010 13:00:00,        78.471675
06/09/2010 14:00:00,        77.655046
06/09/2010 15:00:00,        72.907270
06/09/2010 16:00:00,        65.507681
06/09/2010 17:00:00,        57.783309
06/09/2010 18:00:00,        50.001634
06/09/2010 19:00:00,        46.008363
06/09/2010 20:00:00,        42.009835
06/09/2010 21:00:00,        38.429402
06/09/2010 22:00:00,        33.339138
06/09/2010 23:00:00,        28.113712
06/10/2010 00:00:00,        24.531616
06/10/2010 01:00:00,        43.780259
06/10/2010 02:00:00,        48.023675
06/10/2010 03:00:00,        52.195921
06/10/2010 04:00:00,        54.354811
06/10/2010 05:00:00,        56.771398
06/10/2010 06:00:00,        59.076981
06/10/2010 07:00:00,        61.370279
06/10/2010 08:00:00,        64.093273
06/10/2010 09:00:00,        63.931129
06/10/2010 10:00:00,        66.641200
06/10/2010 11:00:00,        69.446111
06/10/2010 12:00:00,        66.842560
06/10/2010 13:00:00,        64.255066
06/10/2010 14:00:00,        60.115689
06/10/2010 15:00:00,        54.574323
06/10/2010 16:00:00,        48.827416
06/10/2010 17:00:00,        42.741629
06/10/2010 18:00:00,        36.466395
06/10/2010 19:00:00,        32.752734
06/10/2010 20:00:00,        29.038929
06/10/2010 21:00:00,        25.813830
06/10/2010 22:00:00,        22.018446
06/10/2010 23:00:00,        17.091912
06/11/2010 00:00:00,        12.401773
06/11/2010 01:00:00,         0.991637
06/11/2010 02:00:00,         0.900649
06/11/2010 03:00:00,         0.832732
06/11/2010 04:00:00,         0.768755
06/11/2010 05:00:00,         0.794525
06/11/2010 06:00:00,         0.949253
06/11/2010 07:00:00,         0.916278
06/11/2010 08:00:00,         1.106151
06/11/2010 09:00:00,         1.178469
06/11/2010 10:00:00,         1.577791
06/11/2010 11:00:00,         1.930420
06/11/2010 12:00:00,         2.674629
06/11/2010 13:00:00,         3.324433
06/11/2010 14:00:00,         3.647829
06/11/2010 15:00:00,         3.714879
06/11/2010 16:00:00,         4.356967
06/11/2010 17:00:00,         6.130813
06/11/2010 18:00:00,         8.608947
06/11/2010 19:00:00,         9.011532
06/11/2010 20:00:00,         9.804400
06/11/2010 21:00:00,        10.598121
06/11/2010 22:00:00,        11.786205
06/11/2010 23:00:00,        12.880076
06/12/2010 00:00:00,        15.407684
06/12/2010 01:00:00,        25.637998
06/12/2010 02:00:00,        23.691602
06/12/2010 03:00:00,        23.636096
06/12/2010 04:00:00,        24.495656
06/12/2010 05:00:00,        23.889516
06/12/2010 06:00:00,        23.654727
06/12/2010 07:00:00,        25.750868
06/12/2010 08:00:00,        27.192638
06/12/2010 09:00:00,        24.344827
06/12/2010 10:00:00,        24.561656
06/12/2010 11:00:00,        19.388659
06/12/2010 12:00:00,        19.752935
06/12/2010 13:00:00,        14.999364
06/12/2010 14:00:00,        10.983465
06/12/2010 15:00:00,         9.678301
06/12/2010 16:00:00,         7.634681
06/12/2010 17:00:00,         5.728709
06/12/2010 18:00:00,         5.517128
06/12/2010 19:00:00,         5.120344
06/12/2010 20:00:00,         5.127342
06/12/2010 21:00:00,         5.350681
06/12/2010 22:00:00,         6.025387
06/12/2010 23:00:00,         6.993846
06/13/2010 00:00:00,         8.443636
06/13/2010 01:00:00,         6.103941
06/13/2010 02:00:00,         6.520280
06/13/2010 03:00:00,         7.515424
06/13/2010 04:00:00,         8.759581
06/13/2010 05:00:00,         9.576262
06/13/2010 06:00:00,        10.629621
06/13/2010 07:00:00,        11.286261
06/13/2010 08:00:00,        10.923260
06/13/2010 09:00:00,        10.685135
06/13/2010 10:00:00,         9.756252
06/13/2010 11:00:00,         9.466184
06/13/2010 12:00:00,         8.896556
06/13/2010 13:00:00,         8.210132
06/13/2010 14:00:00,         7.985881
06/13/2010 15:00:00,         8.006836
06/13/2010 16:00:00,         7.472284
06/13/2010 17:00:00,         6.960407
06/13/2010 18:00:00,         6.098380
06/13/2010 19:00:00,         5.734094
06/13/2010 20:00:00,         5.475530
06/13/2010 21:00:00,         5.351853
06/13/2010 22:00:00,         5.500229
06/13/2010 23:00:00,         5.416276
06/14/2010 00:00:00,         5.182845
06/14/2010 01:00:00,         1.104757
06/14/2010 02:00:00,         1.279380
06/14/2010 03:00:00,         0.881538
06/14/2010 04:00:00,         0.781454
06/14/2010 05:00:00,         0.630624
06/14/2010 06:00:00,         0.681045
06/14/2010 07:00:00,         0.513335
06/14/2010 08:00:00,         0.436942
06/14/2010 09:00:00,         0.432954
06/14/2010 10:00:00,         0.471063
06/14/2010 11:00:00,         0.686838
06/14/2010 12:00:00,         1.135182
06/14/2010 13:00:00,         1.851861
06/14/2010 14:00:00,         2.848361
06/14/2010 15:00:00,         3.902956
06/14/2010 16:00:00,         5.034025
06/14/2010 17:00:00,         5.796985
06/14/2010 18:00:00,         6.753035
06/14/2010 19:00:00,         7.393041
06/14/2010 20:00:00,         8.364262
06/14/2010 21:00:00,        10.008304
06/14/2010 22:00:00,        11.159977
06/14/2010 23:00:00,        12.908405
06/15/2010 00:00:00,        14.539023
06/15/2010 01:00:00,        26.658999
06/15/2010 02:00:00,        32.309396
06/15/2010 03:00:00,        37.536957
06/15/2010 04:00:00,        42.137600
06/15/2010 05:00:00,        45.057950
06/15/2010 06:00:00,        45.667076
06/15/2010 07:00:00,        44.812321
06/15/2010 08:00:00,        45.435762
06/15/2010 09:00:00,        44.863918
06/15/2010 10:00:00,        45.026037
06/15/2010 11:00:00,        43.642021
06/15/2010 12:00:00,        41.249271
06/15/2010 13:00:00,        39.355106
06/15/2010 14:00:00,        36.947086
06/15/2010 15:00:00,        33.146653
06/15/2010 16:00:00,        29.239488
06/15/2010 17:00:00,        25.597570
06/15/2010 18:00:00,        23.325735
06/15/2010 19:00:00,        22.053121
06/15/2010 20:00:00,        22.702266
06/15/2010 21:00:00,        23.450465
06/15/2010 22:00:00,        24.866385
06/15/2010 23:00:00,        26.803950
06/16/2010 00:00:00,        29.656764
06/16/2010 01:00:00,        51.072323
06/16/2010 02:00:00,        47.955489
06/16/2010 03:00:00,        45.381778
06/16/2010 04:00:00,        45.305287
06/16/2010 05:00:00,        44.945601
06/16/2010 06:00:00,        44.970751
06/16/2010 07:00:00,        44.718308
06/16/2010 08:00:00,        41.856563
06/16/2010 09:00:00,        39.014642
06/16/2010 10:00:00,        35.236413
06/16/2010 11:00:00,        30.864236
06/16/2010 12:00:00,        29.558995
06/16/2010 13:00:00,        25.254285
06/16/2010 14:00:00,        24.162896
06/16/2010 15:00:00,        22.205788
06/16/2010 16:00:00,        21.875846
06/16/2010 17:00:00,        17.898511
06/16/2010 18:00:00,        17.153227
06/16/2010 19:00:00,        19.369185
06/16/2010 20:00:00,        18.884560
06/16/2010 21:00:00,        21.111187
06/16/2010 22:00:00,        20.212437
06/16/2010 23:00:00,        20.980929
06/17/2010 00:00:00,        21.546409
06/17/2010 01:00:00,        26.879899
06/17/2010 02:00:00,        25.959916
06/17/2010 03:00:00,        24.533457
06/17/2010 04:00:00,        23.070959
06/17/2010 05:00:00,        21.083158
06/17/2010 06:00:00,        18.863202
06/17/2010 07:00:00,        16.749676
06/17/2010 08:00:00,        13.935139
06/17/2010 09:00:00,        11.482263
06/17/2010 10:00:00,         9.346821
06/17/2010 11:00:00,         7.111318
06/17/2010 12:00:00,         5.725797
06/17/2010 13:00:00,         4.279875
06/17/2010 14:00:00,         3.346283
06/17/2010 15:00:00,         2.454272
06/17/2010 16:00:00,         1.797597
06/17/2010 17:00:00,         1.378598
06/17/2010 18:00:00,         1.097622
06/17/2010 19:00:00,         1.107325
06/17/2010 20:00:00,         1.036722
06/17/2010 21:00:00,         0.865909
06/17/2010 22:00:00,         0.775060
06/17/2010 23:00:00,         0.671997
06/18/2010 00:00:00,         0.523410
06/18/2010 01:00:00,         3.234976
06/18/2010 02:00:00,         4.470833
06/18/2010 03:00:00,         6.496442
06/18/2010 04:00:00,        10.841857
06/18/2010 05:00:00,        15.485563
06/18/2010 06:00:00,        18.157958
06/18/2010 07:00:00,        19.962712
06/18/2010 08:00:00,        24.006708
06/18/2010 09:00:00,        28.354821
06/18/2010 10:00:00,        33.787584
06/18/2010 11:00:00,        39.801371
06/18/2010 12:00:00,        47.724683
06/18/2010 13:00:00,        50.963814
06/18/2010 14:00:00,        53.374356
06/18/2010 15:00:00,        57.074767
06/18/2010 16:00:00,        59.968513
06/18/2010 17:00:00,        62.124202
06/18/2010 18:00:00,        63.282247
06/18/2010 19:00:00,        64.604177
06/18/2010 20:00:00,        66.342534
06/18/2010 21:00:00,        68.049804
06/18/2010 22:00:00,        69.086121
06/18/2010 23:00:00,        69.680929
06/19/2010 00:00:00,        68.554629
06/19/2010 01:00:00,        84.117332
06/19/2010 02:00:00,        86.201633
06/19/2010 03:00:00,        86.932117
06/19/2010 04:00:00,        83.055609
06/19/2010 05:00:00,        85.976773
06/19/2010 06:00:00,        87.750005
06/19/2010 07:00:00,        88.395391
06/19/2010 08:00:00,        89.021037
06/19/2010 09:00:00,        89.822722
06/19/2010 10:00:00,        90.022960
06/19/2010 11:00:00,        88.239483
06/19/2010 12:00:00,        85.801247
06/19/2010 13:00:00,        83.697408
06/19/2010 14:00:00,        82.598549
06/19/2010 15:00:00,        81.421705
06/19/2010 16:00:00,        79.638994
06/19/2010 17:00:00,        80.232736
06/19/2010 18:00:00,        73.028760
06/19/2010 19:00:00,        72.356394
06/19/2010 20:00:00,        69.743355
06/19/2010 21:00:00,        68.131996
06/19/2010 22:00:00,        65.642678
06/19/2010 23:00:00,        63.964507
06/20/2010 00:00:00,        63.220737
06/20/2010 01:00:00,         8.046261
06/20/2010 02:00:00,         8.266854
06/20/2010 03:00:00,         7.552435
06/20/2010 04:00:00,         8.716551
06/20/2010 05:00:00,         8.573067
06/20/2010 06:00:00,         8.231556
06/20/2010 07:00:00,         8.605318
06/20/2010 08:00:00,         9.690946
06/20/2010 09:00:00,         8.827343
06/20/2010 10:00:00,         7.528628
06/20/2010 11:00:00,         6.575757
06/20/2010 12:00:00,         6.564843
06/20/2010 13:00:00,         6.453474
06/20/2010 14:00:00,         5.956100
06/20/2010 15:00:00,         5.515698
06/20/2010 16:00:00,         4.874424
06/20/2010 17:00:00,         4.105401
06/20/2010 18:00:00,         3.480565
06/20/2010 19:00:00,         2.739492
06/20/2010 20:00:00,         1.883219
06/20/2010 21:00:00,         1.546652
06/20/2010 22:00:00,         1.299034
06/20/2010 23:00:00,         1.037587
06/21/2010 00:00:00,         0.974556
06/21/2010 01:00:00,         0.765238
06/21/2010 02:00:00,         0.695834
06/21/2010 03:00:00,         0.689700
06/21/2010 04:00:00,         0.671993
06/21/2010 05:00:00,         0.804525
06/21/2010 06:00:00,         0.845010
06/21/2010 07:00:00,         0.924213
06/21/2010 08:00:00,         0.961981
06/21/2010 09:00:00,         0.954079
06/21/2010 10:00:00,         1.009513
06/21/2010 11:00:00,         1.104713
06/21/2010 12:00:00,         1.046722
06/21/2010 13:00:00,         0.997887
06/21/2010 14:00:00,         0.818395
06/21/2010 15:00:00,         0.763203
06/21/2010 16:00:00,         0.710414
06/21/2010 17:00:00,         0.687230
06/21/2010 18:00:00,         0.523449
06/21/2010 19:00:00,         0.459219
06/21/2010 20:00:00,         0.385668
06/21/2010 21:00:00,         0.496557
06/21/2010 22:00:00,         0.696920
06/21/2010 23:00:00,         0.905636
06/22/2010 00:00:00,         1.493844
06/22/2010 01:00:00,        15.820431
06/22/2010 02:00:00,        19.106500
06/22/2010 03:00:00,        23.021388
06/22/2010 04:00:00,        27.840848
06/22/2010 05:00:00,        30.572681
06/22/2010 06:00:00,        34.240843
06/22/2010 07:00:00,        36.126535
06/22/2010 08:00:00,        41.394514
06/22/2010 09:00:00,        44.742019
06/22/2010 10:00:00,        47.566962
06/22/2010 11:00:00,        50.332707
06/22/2010 12:00:00,        53.728600
06/22/2010 13:00:00,        55.605850
06/22/2010 14:00:00,        55.985620
06/22/2010 15:00:00,        58.526379
06/22/2010 16:00:00,        56.118451
06/22/2010 17:00:00,        54.482275
06/22/2010 18:00:00,        54.549430
06/22/2010 19:00:00,        53.162642
06/22/2010 20:00:00,        55.609796
06/22/2010 21:00:00,        55.035951
06/22/2010 22:00:00,        55.310278
06/22/2010 23:00:00,        54.612509
06/23/2010 00:00:00,        54.783391
06/23/2010 01:00:00,         5.406653
06/23/2010 02:00:00,         5.582857
06/23/2010 03:00:00,         5.478776
06/23/2010 04:00:00,         5.730356
06/23/2010 05:00:00,         8.335187
06/23/2010 06:00:00,         9.797035
06/23/2010 07:00:00,        11.024984
06/23/2010 08:00:00,        12.748699
06/23/2010 09:00:00,        15.050313
06/23/2010 10:00:00,        16.850070
06/23/2010 11:00:00,        20.311021
06/23/2010 12:00:00,        23.265574
06/23/2010 13:00:00,        28.580945
06/23/2010 14:00:00,        35.848582
06/23/2010 15:00:00,        43.019665
06/23/2010 16:00:00,        46.110369
06/23/2010 17:00:00,        50.842569
06/23/2010 18:00:00,        53.837620
06/23/2010 19:00:00,        55.480658
06/23/2010 20:00:00,        59.919664
06/23/2010 21:00:00,        61.666940
06/23/2010 22:00:00,        63.851787
06/23/2010 23:00:00,        67.092171
06/24/2010 00:00:00,        69.967119
06/24/2010 01:00:00,        44.006804
06/24/2010 02:00:00,        40.902107
06/24/2010 03:00:00,        38.244855
06/24/2010 04:00:00,        32.224421
06/24/2010 05:00:00,        29.628015
06/24/2010 06:00:00,        27.805249
06/24/2010 07:00:00,        27.206263
06/24/2010 08:00:00,        28.100358
06/24/2010 09:00:00,        28.081461
06/24/2010 10:00:00,        29.436666
06/24/2010 11:00:00,        26.924066
06/24/2010 12:00:00,        26.668109
06/24/2010 13:00:00,        29.183381
06/24/2010 14:00:00,        31.764203
06/24/2010 15:00:00,        33.670279
06/24/2010 16:00:00,        37.323993
06/24/2010 17:00:00,        42.573793
06/24/2010 18:00:00,        46.881132
06/24/2010 19:00:00,        47.230387
06/24/2010 20:00:00,        46.328105
06/24/2010 21:00:00,        46.604399
06/24/2010 22:00:00,        47.471811
06/24/2010 23:00:00,        48.681367
06/25/2010 00:00:00,        49.464019
06/25/2010 01:00:00,        28.006036
06/25/2010 02:00:00,        25.514941
06/25/2010 03:00:00,        23.589083
06/25/2010 04:00:00,        22.232698
06/25/2010 05:00:00,        20.632388
06/25/2010 06:00:00,        19.090145
06/25/2010 07:00:00,        17.671816
06/25/2010 08:00:00,        17.395651
06/25/2010 09:00:00,        16.777832
06/25/2010 10:00:00,        15.021880
06/25/2010 11:00:00,        11.649215
06/25/2010 12:00:00,         8.327267
06/25/2010 13:00:00,         6.059430
06/25/2010 14:00:00,         4.926233
06/25/2010 15:00:00,         4.552301
06/25/2010 16:00:00,         4.255236
06/25/2010 17:00:00,         4.112141
06/25/2010 18:00:00,         4.499669
06/25/2010 19:00:00,         5.080847
06/25/2010 20:00:00,         5.911097
06/25/2010 21:00:00,         6.916835
06/25/2010 22:00:00,         8.536462
06/25/2010 23:00:00,        10.041328
06/26/2010 00:00:00,        11.663561
06/26/2010 01:00:00,        55.732689
06/26/2010 02:00:00,        59.087364
06/26/2010 03:00:00,        60.753344
06/26/2010 04:00:00,        62.670438
06/26/2010 05:00:00,        64.139567
06/26/2010 06:00:00,        64.585548
06/26/2010 07:00:00,        65.822644
06/26/2010 08:00:00,        71.421101
06/26/2010 09:00:00,        70.929257
06/26/2010 10:00:00,        70.185115
06/26/2010 11:00:00,        65.638977
06/26/2010 12:00:00,        63.612485
06/26/2010 13:00:00,        59.004758
06/26/2010 14:00:00,        53.475968
06/26/2010 15:00:00,        48.496878
06/26/2010 16:00:00,        43.364039
06/26/2010 17:00:00,        37.888245
06/26/2010 18:00:00,        33.178748
06/26/2010 19:00:00,        30.680228
06/26/2010 20:00:00,        26.854634
06/26/2010 21:00:00,        22.433980
06/26/2010 22:00:00,        20.099811
06/26/2010 23:00:00,        16.745178
06/27/2010 00:00:00,        13.772933
06/27/2010 01:00:00,         0.755463
06/27/2010 02:00:00,         0.670136
06/27/2010 03:00:00,         0.711559
06/27/2010 04:00:00,         0.939470
06/27/2010 05:00:00,         1.019323
06/27/2010 06:00:00,         0.973765
06/27/2010 07:00:00,         1.270936
06/27/2010 08:00:00,         2.077581
06/27/2010 09:00:00,         3.377152
06/27/2010 10:00:00,         4.533678
06/27/2010 11:00:00,         7.209470
06/27/2010 12:00:00,        12.234553
06/27/2010 13:00:00,        17.339657
06/27/2010 14:00:00,        22.798546
06/27/2010 15:00:00,        28.416379
06/27/2010 16:00:00,        33.898043
06/27/2010 17:00:00,        39.318697
06/27/2010 18:00:00,        44.940674
06/27/2010 19:00:00,        48.676611
06/27/2010 20:00:00,        52.834820
06/27/2010 21:00:00,        57.096971
06/27/2010 22:00:00,        61.603502
06/27/2010 23:00:00,        67.606165
06/28/2010 00:00:00,        72.403188
06/28/2010 01:00:00,        64.488285
06/28/2010 02:00:00,        64.523547
06/28/2010 03:00:00,        63.841175
06/28/2010 04:00:00,        61.937089
06/28/2010 05:00:00,        60.982753
06/28/2010 06:00:00,        59.035186
06/28/2010 07:00:00,        56.493517
06/28/2010 08:00:00,        51.906991
06/28/2010 09:00:00,        46.828431
06/28/2010 10:00:00,        45.503120
06/28/2010 11:00:00,        42.337423
06/28/2010 12:00:00,        38.860044
06/28/2010 13:00:00,        33.381073
06/28/2010 14:00:00,        28.457749
06/28/2010 15:00:00,        26.114941
06/28/2010 16:00:00,        25.034548
06/28/2010 17:00:00,        24.054459
06/28/2010 18:00:00,        23.568879
06/28/2010 19:00:00,        23.285747
06/28/2010 20:00:00,        24.984249
06/28/2010 21:00:00,        27.196730
06/28/2010 22:00:00,        30.671016
06/28/2010 23:00:00,        31.824058
06/29/2010 00:00:00,        33.665200
06/29/2010 01:00:00,        86.016697
06/29/2010 02:00:00,        86.285245
06/29/2010 03:00:00,        86.621181
06/29/2010 04:00:00,        86.058658
06/29/2010 05:00:00,        85.443184
06/29/2010 06:00:00,        84.570261
06/29/2010 07:00:00,        83.134939
06/29/2010 08:00:00,        81.518562
06/29/2010 09:00:00,        78.621710
06/29/2010 10:00:00,        76.889788
06/29/2010 11:00:00,        74.026494
06/29/2010 12:00:00,        73.026264
06/29/2010 13:00:00,        71.231829
06/29/2010 14:00:00,        68.264109
06/29/2010 15:00:00,        63.478858
06/29/2010 16:00:00,        58.825669
06/29/2010 17:00:00,        54.069559
06/29/2010 18:00:00,        50.017448
06/29/2010 19:00:00,        47.806920
06/29/2010 20:00:00,        45.364745
06/29/2010 21:00:00,        43.620668
06/29/2010 22:00:00,        42.789603
06/29/2010 23:00:00,        39.231311
06/30/2010 00:00:00,        37.242704
06/30/2010 01:00:00,        65.419887
06/30/2010 02:00:00,        61.713080
06/30/2010 03:00:00,        58.664241
06/30/2010 04:00:00,        57.155849
06/30/2010 05:00:00,        57.159017
06/30/2010 06:00:00,        57.035111
06/30/2010 07:00:00,        56.927281
06/30/2010 08:00:00,        56.298655
06/30/2010 09:00:00,        52.797221
06/30/2010 10:00:00,        48.835719
06/30/2010 11:00:00,        46.400362
06/30/2010 12:00:00,        42.925042
06/30/2010 13:00:00,        38.231039
06/30/2010 14:00:00,        35.956330
06/30/2010 15:00:00,        33.736679
06/30/2010 16:00:00,        31.153364
06/30/2010 17:00:00,        28.804527
06/30/2010 18:00:00,        26.671762
06/30/2010 19:00:00,        24.261830
06/30/2010 20:00:00,        23.047917
06/30/2010 21:00:00,        21.082544
06/30/2010 22:00:00,        19.598859
06/30/2010 23:00:00,        18.775046
07/01/2010 00:00:00,        16.860597
07/01/2010 01:00:00,        15.398272
07/01/2010 02:00:00,        13.485919
07/01/2010 03:00:00,        12.345171
07/01/2010 04:00:00,        11.320853
07/01/2010 05:00:00,        10.147689
07/01/2010 06:00:00,         9.040277
07/01/2010 07:00:00,         8.231266
07/01/2010 08:00:00,         7.784461
07/01/2010 09:00:00,         7.443831
07/01/2010 10:00:00,         5.674753
07/01/2010 11:00:00,         4.523715
07/01/2010 12:00:00,         3.992326
07/01/2010 13:00:00,         3.797391
07/01/2010 14:00:00,         4.249162
07/01/2010 15:00:00,         4.526676
07/01/2010 16:00:00,         4.630781
07/01/2010 17:00:00,         4.409967
07/01/2010 18:00:00,         4.576643
07/01/2010 19:00:00,         4.656627
07/01/2010 20:00:00,         4.822299
07/01/2010 21:00:00,         4.937598
07/01/2010 22:00:00,         4.822504
07/01/2010 23:00:00,         4.355444
07/02/2010 00:00:00,         3.755395
07/02/2010 01:00:00,         2.874675
07/02/2010 02:00:00,         2.939459
07/02/2010 03:00:00,         3.728044
07/02/2010 04:00:00,         4.864602
07/02/2010 05:00:00,         6.692741
07/02/2010 06:00:00,         7.454808
07/02/2010 07:00:00,         7.882409
07/02/2010 08:00:00,         9.084048
07/02/2010 09:00:00,        10.361938
07/02/2010 10:00:00,        11.633072
07/02/2010 11:00:00,        13.170445
07/02/2010 12:00:00,        15.424094
07/02/2010 13:00:00,        17.713771
07/02/2010 14:00:00,        19.786586
07/02/2010 15:00:00,        21.634851
07/02/2010 16:00:00,        22.997105
07/02/2010 17:00:00,        24.087950
07/02/2010 18:00:00,        25.261929
07/02/2010 19:00:00,        26.109101
07/02/2010 20:00:00,        27.924643
07/02/2010 21:00:00,        29.439004
07/02/2010 22:00:00,        30.458165
07/02/2010 23:00:00,        31.942048
07/03/2010 00:00:00,        33.003767
07/03/2010 01:00:00,        56.486063
07/03/2010 02:00:00,        56.692560
07/03/2010 03:00:00,        57.868612
07/03/2010 04:00:00,        57.166492
07/03/2010 05:00:00,        55.732395
07/03/2010 06:00:00,        53.041837
07/03/2010 07:00:00,        52.916087
07/03/2010 08:00:00,        52.206451
07/03/2010 09:00:00,        50.668343
07/03/2010 10:00:00,        48.642264
07/03/2010 11:00:00,        48.165892
07/03/2010 12:00:00,        46.477574
07/03/2010 13:00:00,        44.941376
07/03/2010 14:00:00,        45.076922
07/03/2010 15:00:00,        44.210754
07/03/2010 16:00:00,        42.939728
07/03/2010 17:00:00,        42.292474
07/03/2010 18:00:00,        41.984474
07/03/2010 19:00:00,        41.502468
07/03/2010 20:00:00,        41.981246
07/03/2010 21:00:00,        42.265312
07/03/2010 22:00:00,        43.332892
07/03/2010 23:00:00,        44.916293
07/04/2010 00:00:00,        43.629717
07/04/2010 01:00:00,        60.779584
07/04/2010 02:00:00,        60.207779
07/04/2010 03:00:00,        59.784414
07/04/2010 04:00:00,        58.356046
07/04/2010 05:00:00,        57.089471
07/04/2010 06:00:00,        56.960285
07/04/2010 07:00:00,        55.627175
07/04/2010 08:00:00,        52.116852
07/04/2010 09:00:00,        48.411263
07/04/2010 10:00:00,        45.233532
07/04/2010 11:00:00,        41.877430
07/04/2010 12:00:00,        39.643999
07/04/2010 13:00:00,        37.393824
07/04/2010 14:00:00,        34.927520
07/04/2010 15:00:00,        31.921870
07/04/2010 16:00:00,        29.251812
07/04/2010 17:00:00,        27.572868
07/04/2010 18:00:00,        26.443359
07/04/2010 19:00:00,        26.107182
07/04/2010 20:00:00,        27.869795
07/04/2010 21:00:00,        27.997900
07/04/2010 22:00:00,        28.730823
07/04/2010 23:00:00,        27.932783
07/05/2010 00:00:00,        30.872778
07/05/2010 01:00:00,        68.334233
07/05/2010 02:00:00,        68.251549
07/05/2010 03:00:00,        71.688884
07/05/2010 04:00:00,        71.810846
07/05/2010 05:00:00,        74.341686
07/05/2010 06:00:00,        74.117386
07/05/2010 07:00:00,        72.070324
07/05/2010 08:00:00,        72.500397
07/05/2010 09:00:00,        70.288449
07/05/2010 10:00:00,        69.581456
07/05/2010 11:00:00,        66.840807
07/05/2010 12:00:00,        63.517405
07/05/2010 13:00:00,        62.862977
07/05/2010 14:00:00,        59.563876
07/05/2010 15:00:00,        54.829714
07/05/2010 16:00:00,        50.925997
07/05/2010 17:00:00,        44.953520
07/05/2010 18:00:00,        38.856646
07/05/2010 19:00:00,        36.413640
07/05/2010 20:00:00,        37.655732
07/05/2010 21:00:00,        35.369184
07/05/2010 22:00:00,        31.121602
07/05/2010 23:00:00,        28.957784
07/06/2010 00:00:00,        24.098700
07/06/2010 01:00:00,         6.911491
07/06/2010 02:00:00,        11.053995
07/06/2010 03:00:00,        14.045103
07/06/2010 04:00:00,        18.152612
07/06/2010 05:00:00,        20.888247
07/06/2010 06:00:00,        23.150531
07/06/2010 07:00:00,        23.461529
07/06/2010 08:00:00,        25.964616
07/06/2010 09:00:00,        29.264236
07/06/2010 10:00:00,        34.583280
07/06/2010 11:00:00,        35.649539
07/06/2010 12:00:00,        41.994667
07/06/2010 13:00:00,        40.580599
07/06/2010 14:00:00,        42.302259
07/06/2010 15:00:00,        41.575336
07/06/2010 16:00:00,        40.359254
07/06/2010 17:00:00,        39.374578
07/06/2010 18:00:00,        35.947503
07/06/2010 19:00:00,        36.878430
07/06/2010 20:00:00,        37.474112
07/06/2010 21:00:00,        38.211511
07/06/2010 22:00:00,        36.330704
07/06/2010 23:00:00,        34.408997
07/07/2010 00:00:00,        34.266015
07/07/2010 01:00:00,        48.940134
07/07/2010 02:00:00,        45.201995
07/07/2010 03:00:00,        42.030683
07/07/2010 04:00:00,        40.534174
07/07/2010 05:00:00,        37.833823
07/07/2010 06:00:00,        32.071284
07/07/2010 07:00:00,        30.291634
07/07/2010 08:00:00,        24.002671
07/07/2010 09:00:00,        19.443465
07/07/2010 10:00:00,        14.792414
07/07/2010 11:00:00,        10.427056
07/07/2010 12:00:00,         8.336761
07/07/2010 13:00:00,         6.983796
07/07/2010 14:00:00,         5.616389
07/07/2010 15:00:00,         4.455616
07/07/2010 16:00:00,         3.533493
07/07/2010 17:00:00,         2.947305
07/07/2010 18:00:00,         2.614420
07/07/2010 19:00:00,         2.553132
07/07/2010 20:00:00,         2.329931
07/07/2010 21:00:00,         1.898027
07/07/2010 22:00:00,         1.236341
07/07/2010 23:00:00,         0.814219
07/08/2010 00:00:00,         0.623315
07/08/2010 01:00:00,         0.527746
07/08/2010 02:00:00,         1.423381
07/08/2010 03:00:00,         3.742775
07/08/2010 04:00:00,         6.540624
07/08/2010 05:00:00,         9.592030
07/08/2010 06:00:00,        11.375888
07/08/2010 07:00:00,        12.188651
07/08/2010 08:00:00,        14.189261
07/08/2010 09:00:00,        16.817539
07/08/2010 10:00:00,        18.982262
07/08/2010 11:00:00,        20.056682
07/08/2010 12:00:00,        23.407628
07/08/2010 13:00:00,        22.187541
07/08/2010 14:00:00,        23.992400
07/08/2010 15:00:00,        26.096315
07/08/2010 16:00:00,        22.325684
07/08/2010 17:00:00,        18.907007
07/08/2010 18:00:00,        16.412372
07/08/2010 19:00:00,        15.047957
07/08/2010 20:00:00,        14.104621
07/08/2010 21:00:00,        12.877821
07/08/2010 22:00:00,        11.608962
07/08/2010 23:00:00,        10.950064
07/09/2010 00:00:00,         9.541608
07/09/2010 01:00:00,         2.249174
07/09/2010 02:00:00,         2.643862
07/09/2010 03:00:00,         2.946667
07/09/2010 04:00:00,         3.983682
07/09/2010 05:00:00,         4.281895
07/09/2010 06:00:00,         4.958913
07/09/2010 07:00:00,         5.559917
07/09/2010 08:00:00,         6.852317
07/09/2010 09:00:00,         7.472068
07/09/2010 10:00:00,         8.426899
07/09/2010 11:00:00,         9.305705
07/09/2010 12:00:00,         9.848990
07/09/2010 13:00:00,        10.058321
07/09/2010 14:00:00,        10.211623
07/09/2010 15:00:00,        10.186810
07/09/2010 16:00:00,         9.942459
07/09/2010 17:00:00,         9.268871
07/09/2010 18:00:00,         8.627777
07/09/2010 19:00:00,         8.365892
07/09/2010 20:00:00,         8.104644
07/09/2010 21:00:00,         7.619674
07/09/2010 22:00:00,         7.782836
07/09/2010 23:00:00,         7.821623
07/10/2010 00:00:00,         7.813390
07/10/2010 01:00:00,        18.825028
07/10/2010 02:00:00,        19.257155
07/10/2010 03:00:00,        19.839162
07/10/2010 04:00:00,        21.424722
07/10/2010 05:00:00,        22.608752
07/10/2010 06:00:00,        23.200775
07/10/2010 07:00:00,        22.821681
07/10/2010 08:00:00,        22.938343
07/10/2010 09:00:00,        20.979132
07/10/2010 10:00:00,        19.384779
07/10/2010 11:00:00,        18.552966
07/10/2010 12:00:00,        15.773319
07/10/2010 13:00:00,        13.459904
07/10/2010 14:00:00,        10.909964
07/10/2010 15:00:00,         9.509781
07/10/2010 16:00:00,         7.854618
07/10/2010 17:00:00,         6.225777
07/10/2010 18:00:00,         4.579272
07/10/2010 19:00:00,         3.819799
07/10/2010 20:00:00,         3.683306
07/10/2010 21:00:00,         3.521568
07/10/2010 22:00:00,         3.510740
07/10/2010 23:00:00,         3.612239
07/11/2010 00:00:00,         3.581446
07/11/2010 01:00:00,         2.228473
07/11/2010 02:00:00,         2.288399
07/11/2010 03:00:00,         2.820735
07/11/2010 04:00:00,         3.312308
07/11/2010 05:00:00,         3.649393
07/11/2010 06:00:00,         4.017841
07/11/2010 07:00:00,         4.288111
07/11/2010 08:00:00,         4.813391
07/11/2010 09:00:00,         5.092387
07/11/2010 10:00:00,         6.062303
07/11/2010 11:00:00,         7.814366
07/11/2010 12:00:00,         7.553593
07/11/2010 13:00:00,         8.069439
07/11/2010 14:00:00,         8.015339
07/11/2010 15:00:00,         8.033835
07/11/2010 16:00:00,         7.616796
07/11/2010 17:00:00,         7.602548
07/11/2010 18:00:00,         7.842166
07/11/2010 19:00:00,         7.923625
07/11/2010 20:00:00,         8.457653
07/11/2010 21:00:00,         9.207968
07/11/2010 22:00:00,        10.047337
07/11/2010 23:00:00,        10.586736
07/12/2010 00:00:00,        10.717924
07/12/2010 01:00:00,        37.123405
07/12/2010 02:00:00,        35.157755
07/12/2010 03:00:00,        36.499414
07/12/2010 04:00:00,        35.312482
07/12/2010 05:00:00,        34.615155
07/12/2010 06:00:00,        33.999185
07/12/2010 07:00:00,        32.202862
07/12/2010 08:00:00,        30.068182
07/12/2010 09:00:00,        26.822873
07/12/2010 10:00:00,        25.240624
07/12/2010 11:00:00,        22.131676
07/12/2010 12:00:00,        21.984515
07/12/2010 13:00:00,        16.627165
07/12/2010 14:00:00,        14.553084
07/12/2010 15:00:00,        14.445198
07/12/2010 16:00:00,        11.143762
07/12/2010 17:00:00,         7.889185
07/12/2010 18:00:00,         6.553239
07/12/2010 19:00:00,         6.185748
07/12/2010 20:00:00,         5.633871
07/12/2010 21:00:00,         5.437283
07/12/2010 22:00:00,         5.198659
07/12/2010 23:00:00,         4.827410
07/13/2010 00:00:00,         4.607276
07/13/2010 01:00:00,         2.690978
07/13/2010 02:00:00,         2.649175
07/13/2010 03:00:00,         2.624849
07/13/2010 04:00:00,         2.667134
07/13/2010 05:00:00,         3.346421
07/13/2010 06:00:00,         2.382913
07/13/2010 07:00:00,         2.195567
07/13/2010 08:00:00,         2.592482
07/13/2010 09:00:00,         2.818486
07/13/2010 10:00:00,         2.770670
07/13/2010 11:00:00,         3.075548
07/13/2010 12:00:00,         3.675113
07/13/2010 13:00:00,         4.379816
07/13/2010 14:00:00,         5.267501
07/13/2010 15:00:00,         6.056915
07/13/2010 16:00:00,         6.672254
07/13/2010 17:00:00,         7.005784
07/13/2010 18:00:00,         7.325598
07/13/2010 19:00:00,         8.017330
07/13/2010 20:00:00,         8.693891
07/13/2010 21:00:00,         8.842766
07/13/2010 22:00:00,         9.177357
07/13/2010 23:00:00,         9.534272
07/14/2010 00:00:00,         9.431992
07/14/2010 01:00:00,         1.513672
07/14/2010 02:00:00,         1.626018
07/14/2010 03:00:00,         1.808606
07/14/2010 04:00:00,         1.813858
07/14/2010 05:00:00,         1.828313
07/14/2010 06:00:00,         2.105143
07/14/2010 07:00:00,         1.684961
07/14/2010 08:00:00,         1.548910
07/14/2010 09:00:00,         1.677181
07/14/2010 10:00:00,         1.713846
07/14/2010 11:00:00,         1.584485
07/14/2010 12:00:00,         1.717064
07/14/2010 13:00:00,         2.222781
07/14/2010 14:00:00,         2.467808
07/14/2010 15:00:00,         2.460171
07/14/2010 16:00:00,         2.597959
07/14/2010 17:00:00,         2.631705
07/14/2010 18:00:00,         2.844503
07/14/2010 19:00:00,         3.178229
07/14/2010 20:00:00,         3.247828
07/14/2010 21:00:00,         3.701700
07/14/2010 22:00:00,         3.324320
07/14/2010 23:00:00,         3.582454
07/15/2010 00:00:00,         3.953540
07/15/2010 01:00:00,         8.857312
07/15/2010 02:00:00,        11.543376
07/15/2010 03:00:00,        13.694116
07/15/2010 04:00:00,        15.530683
07/15/2010 05:00:00,        17.758090
07/15/2010 06:00:00,        19.647331
07/15/2010 07:00:00,        22.628996
07/15/2010 08:00:00,        27.978710
07/15/2010 09:00:00,        33.973845
07/15/2010 10:00:00,        40.450188
07/15/2010 11:00:00,        45.462156
07/15/2010 12:00:00,        50.325438
07/15/2010 13:00:00,        53.722993
07/15/2010 14:00:00,        54.773615
07/15/2010 15:00:00,        58.504535
07/15/2010 16:00:00,        61.582355
07/15/2010 17:00:00,        64.646710
07/15/2010 18:00:00,        67.350204
07/15/2010 19:00:00,        70.020860
07/15/2010 20:00:00,        71.592929
07/15/2010 21:00:00,        71.836467
07/15/2010 22:00:00,        71.303595
07/15/2010 23:00:00,        71.907639
07/16/2010 00:00:00,        73.761428
07/16/2010 01:00:00,        61.425969
07/16/2010 02:00:00,        56.182553
07/16/2010 03:00:00,        52.049105
07/16/2010 04:00:00,        47.969835
07/16/2010 05:00:00,        44.070751
07/16/2010 06:00:00,        43.212146
07/16/2010 07:00:00,        40.750943
07/16/2010 08:00:00,        35.694058
07/16/2010 09:00:00,        30.096066
07/16/2010 10:00:00,        26.362451
07/16/2010 11:00:00,        24.625963
07/16/2010 12:00:00,        25.710579
07/16/2010 13:00:00,        29.314589
07/16/2010 14:00:00,        32.538833
07/16/2010 15:00:00,        35.689050
07/16/2010 16:00:00,        38.925418
07/16/2010 17:00:00,        42.524631
07/16/2010 18:00:00,        47.831584
07/16/2010 19:00:00,        50.298688
07/16/2010 20:00:00,        53.615848
07/16/2010 21:00:00,        57.081763
07/16/2010 22:00:00,        60.522528
07/16/2010 23:00:00,        63.135029
07/17/2010 00:00:00,        63.073278
07/17/2010 01:00:00,        82.465741
07/17/2010 02:00:00,        76.548130
07/17/2010 03:00:00,        71.011113
07/17/2010 04:00:00,        67.828500
07/17/2010 05:00:00,        63.604079
07/17/2010 06:00:00,        65.186320
07/17/2010 07:00:00,        62.543416
07/17/2010 08:00:00,        58.476041
07/17/2010 09:00:00,        54.058932
07/17/2010 10:00:00,        48.195374
07/17/2010 11:00:00,        45.346324
07/17/2010 12:00:00,        39.975564
07/17/2010 13:00:00,        33.606119
07/17/2010 14:00:00,        31.362455
07/17/2010 15:00:00,        29.049867
07/17/2010 16:00:00,        25.185516
07/17/2010 17:00:00,        22.474001
07/17/2010 18:00:00,        20.484794
07/17/2010 19:00:00,        18.069129
07/17/2010 20:00:00,        16.181756
07/17/2010 21:00:00,        17.905628
07/17/2010 22:00:00,        13.646515
07/17/2010 23:00:00,        12.138058
07/18/2010 00:00:00,         9.976409
07/18/2010 01:00:00,        13.312769
07/18/2010 02:00:00,        12.440928
07/18/2010 03:00:00,        11.633749
07/18/2010 04:00:00,        11.243957
07/18/2010 05:00:00,        10.216424
07/18/2010 06:00:00,         9.428190
07/18/2010 07:00:00,         8.561671
07/18/2010 08:00:00,         8.280636
07/18/2010 09:00:00,         8.132140
07/18/2010 10:00:00,         9.221726
07/18/2010 11:00:00,         9.459536
07/18/2010 12:00:00,        10.121953
07/18/2010 13:00:00,        14.738729
07/18/2010 14:00:00,        20.034072
07/18/2010 15:00:00,        26.077092
07/18/2010 16:00:00,        32.159255
07/18/2010 17:00:00,        38.175525
07/18/2010 18:00:00,        43.594799
07/18/2010 19:00:00,        47.394576
07/18/2010 20:00:00,        51.117513
07/18/2010 21:00:00,        57.616686
07/18/2010 22:00:00,        63.190881
07/18/2010 23:00:00,        66.241265
07/19/2010 00:00:00,        73.286056
07/19/2010 01:00:00,        19.273067
07/19/2010 02:00:00,        21.132580
07/19/2010 03:00:00,        21.404035
07/19/2010 04:00:00,        21.443263
07/19/2010 05:00:00,        18.273587
07/19/2010 06:00:00,        17.092357
07/19/2010 07:00:00,        17.977268
07/19/2010 08:00:00,        15.651576
07/19/2010 09:00:00,        12.706983
07/19/2010 10:00:00,        10.237291
07/19/2010 11:00:00,        11.337036
07/19/2010 12:00:00,        10.509853
07/19/2010 13:00:00,         8.328465
07/19/2010 14:00:00,         7.265186
07/19/2010 15:00:00,         5.726931
07/19/2010 16:00:00,         5.022927
07/19/2010 17:00:00,         3.454211
07/19/2010 18:00:00,         2.669212
07/19/2010 19:00:00,         2.672079
07/19/2010 20:00:00,         2.601446
07/19/2010 21:00:00,         2.558452
07/19/2010 22:00:00,         2.237752
07/19/2010 23:00:00,         2.169941
07/20/2010 00:00:00,         1.935229
07/20/2010 01:00:00,         2.032751
07/20/2010 02:00:00,         2.274478
07/20/2010 03:00:00,         1.979685
07/20/2010 04:00:00,         2.571336
07/20/2010 05:00:00,         2.697486
07/20/2010 06:00:00,         2.690514
07/20/2010 07:00:00,         2.534974
07/20/2010 08:00:00,         2.598243
07/20/2010 09:00:00,         2.728527
07/20/2010 10:00:00,         2.909139
07/20/2010 11:00:00,         3.340271
07/20/2010 12:00:00,         3.432044
07/20/2010 13:00:00,         3.270645
07/20/2010 14:00:00,         3.194062
07/20/2010 15:00:00,         2.692728
07/20/2010 16:00:00,         2.696696
07/20/2010 17:00:00,         2.110205
07/20/2010 18:00:00,         1.900019
07/20/2010 19:00:00,         1.938044
07/20/2010 20:00:00,         2.225470
07/20/2010 21:00:00,         2.171738
07/20/2010 22:00:00,         2.281439
07/20/2010 23:00:00,         1.753810
07/21/2010 00:00:00,         1.421873
07/21/2010 01:00:00,         7.840471
07/21/2010 02:00:00,         8.840225
07/21/2010 03:00:00,         9.072846
07/21/2010 04:00:00,         9.229505
07/21/2010 05:00:00,         9.478281
07/21/2010 06:00:00,         9.449262
07/21/2010 07:00:00,         9.698267
07/21/2010 08:00:00,        10.592182
07/21/2010 09:00:00,        14.695611
07/21/2010 10:00:00,        14.111706
07/21/2010 11:00:00,        14.188413
07/21/2010 12:00:00,        14.369301
07/21/2010 13:00:00,        13.059149
07/21/2010 14:00:00,        12.787127
07/21/2010 15:00:00,        12.662809
07/21/2010 16:00:00,        11.473661
07/21/2010 17:00:00,        11.298470
07/21/2010 18:00:00,        10.395576
07/21/2010 19:00:00,        10.721881
07/21/2010 20:00:00,        10.961140
07/21/2010 21:00:00,        10.911866
07/21/2010 22:00:00,        10.727548
07/21/2010 23:00:00,        10.465691
07/22/2010 00:00:00,         9.914007
07/22/2010 01:00:00,        38.217742
07/22/2010 02:00:00,        35.733800
07/22/2010 03:00:00,        33.217246
07/22/2010 04:00:00,        31.748982
07/22/2010 05:00:00,        30.405354
07/22/2010 06:00:00,        28.426408
07/22/2010 07:00:00,        27.127314
07/22/2010 08:00:00,        24.276659
07/22/2010 09:00:00,        23.133525
07/22/2010 10:00:00,        20.731595
07/22/2010 11:00:00,        16.701591
07/22/2010 12:00:00,        14.027055
07/22/2010 13:00:00,        11.398806
07/22/2010 14:00:00,         9.837851
07/22/2010 15:00:00,         8.556777
07/22/2010 16:00:00,         7.162979
07/22/2010 17:00:00,         5.841328
07/22/2010 18:00:00,         4.762025
07/22/2010 19:00:00,         4.557450
07/22/2010 20:00:00,         4.442304
07/22/2010 21:00:00,         4.429709
07/22/2010 22:00:00,         4.674419
07/22/2010 23:00:00,         5.515404
07/23/2010 00:00:00,         6.786253
07/23/2010 01:00:00,        11.117961
07/23/2010 02:00:00,        17.581284
07/23/2010 03:00:00,        21.567809
07/23/2010 04:00:00,        24.633276
07/23/2010 05:00:00,        28.135259
07/23/2010 06:00:00,        34.357526
07/23/2010 07:00:00,        39.687706
07/23/2010 08:00:00,        46.100961
07/23/2010 09:00:00,        47.218793
07/23/2010 10:00:00,        49.195720
07/23/2010 11:00:00,        52.952158
07/23/2010 12:00:00,        56.128060
07/23/2010 13:00:00,        59.589796
07/23/2010 14:00:00,        62.227750
07/23/2010 15:00:00,        63.531745
07/23/2010 16:00:00,        63.379166
07/23/2010 17:00:00,        60.267591
07/23/2010 18:00:00,        56.533984
07/23/2010 19:00:00,        54.563415
07/23/2010 20:00:00,        53.108248
07/23/2010 21:00:00,        50.411459
07/23/2010 22:00:00,        54.534749
07/23/2010 23:00:00,        58.958198
07/24/2010 00:00:00,        58.525342
07/24/2010 01:00:00,        31.778888
07/24/2010 02:00:00,        29.468836
07/24/2010 03:00:00,        28.910673
07/24/2010 04:00:00,        29.672588
07/24/2010 05:00:00,        27.754926
07/24/2010 06:00:00,        26.479343
07/24/2010 07:00:00,        22.872593
07/24/2010 08:00:00,        20.345472
07/24/2010 09:00:00,        15.132122
07/24/2010 10:00:00,        11.294144
07/24/2010 11:00:00,         9.279342
07/24/2010 12:00:00,         7.815268
07/24/2010 13:00:00,         6.355624
07/24/2010 14:00:00,         5.627601
07/24/2010 15:00:00,         6.379305
07/24/2010 16:00:00,         7.353752
07/24/2010 17:00:00,         7.015280
07/24/2010 18:00:00,         7.754327
07/24/2010 19:00:00,         8.106257
07/24/2010 20:00:00,         8.855866
07/24/2010 21:00:00,         9.406477
07/24/2010 22:00:00,        10.437438
07/24/2010 23:00:00,        11.870970
07/25/2010 00:00:00,        13.434532
07/25/2010 01:00:00,         2.001699
07/25/2010 02:00:00,         2.892390
07/25/2010 03:00:00,         4.900295
07/25/2010 04:00:00,         5.868602
07/25/2010 05:00:00,         7.132416
07/25/2010 06:00:00,         9.302567
07/25/2010 07:00:00,        11.008528
07/25/2010 08:00:00,        13.200932
07/25/2010 09:00:00,        15.410272
07/25/2010 10:00:00,        16.887415
07/25/2010 11:00:00,        19.447812
07/25/2010 12:00:00,        21.737983
07/25/2010 13:00:00,        22.931493
07/25/2010 14:00:00,        24.235167
07/25/2010 15:00:00,        24.405108
07/25/2010 16:00:00,        23.683860
07/25/2010 17:00:00,        23.534806
07/25/2010 18:00:00,        21.946960
07/25/2010 19:00:00,        21.055554
07/25/2010 20:00:00,        19.970262
07/25/2010 21:00:00,        18.733895
07/25/2010 22:00:00,        18.266956
07/25/2010 23:00:00,        17.788221
07/26/2010 00:00:00,        15.965924
07/26/2010 01:00:00,        10.257023
07/26/2010 02:00:00,         9.730775
07/26/2010 03:00:00,         8.905802
07/26/2010 04:00:00,         8.434139
07/26/2010 05:00:00,         8.068616
07/26/2010 06:00:00,         7.600829
07/26/2010 07:00:00,         7.035692
07/26/2010 08:00:00,         7.004409
07/26/2010 09:00:00,         6.686879
07/26/2010 10:00:00,         6.105581
07/26/2010 11:00:00,         5.340087
07/26/2010 12:00:00,         4.491866
07/26/2010 13:00:00,         3.099523
07/26/2010 14:00:00,         2.371564
07/26/2010 15:00:00,         2.155238
07/26/2010 16:00:00,         2.261636
07/26/2010 17:00:00,         2.209647
07/26/2010 18:00:00,         2.135115
07/26/2010 19:00:00,         2.178561
07/26/2010 20:00:00,         2.444436
07/26/2010 21:00:00,         2.788906
07/26/2010 22:00:00,         3.217639
07/26/2010 23:00:00,         3.744920
07/27/2010 00:00:00,         4.171384
07/27/2010 01:00:00,        13.334637
07/27/2010 02:00:00,        14.446450
07/27/2010 03:00:00,        15.854547
07/27/2010 04:00:00,        17.113896
07/27/2010 05:00:00,        18.042548
07/27/2010 06:00:00,        18.710336
07/27/2010 07:00:00,        18.454453
07/27/2010 08:00:00,        18.914568
07/27/2010 09:00:00,        19.015951
07/27/2010 10:00:00,        19.650535
07/27/2010 11:00:00,        17.369533
07/27/2010 12:00:00,        16.391778
07/27/2010 13:00:00,        15.766467
07/27/2010 14:00:00,        16.026852
07/27/2010 15:00:00,        14.517555
07/27/2010 16:00:00,        12.856246
07/27/2010 17:00:00,        11.712460
07/27/2010 18:00:00,        11.047472
07/27/2010 19:00:00,        10.123693
07/27/2010 20:00:00,        11.168079
07/27/2010 21:00:00,        10.941616
07/27/2010 22:00:00,        12.042486
07/27/2010 23:00:00,        12.352986
07/28/2010 00:00:00,        12.884519
07/28/2010 01:00:00,        57.245605
07/28/2010 02:00:00,        60.117266
07/28/2010 03:00:00,        64.470186
07/28/2010 04:00:00,        66.767199
07/28/2010 05:00:00,        70.851186
07/28/2010 06:00:00,        74.862334
07/28/2010 07:00:00,        77.314241
07/28/2010 08:00:00,        82.651421
07/28/2010 09:00:00,        86.260491
07/28/2010 10:00:00,        87.469975
07/28/2010 11:00:00,        85.372028
07/28/2010 12:00:00,        82.034657
07/28/2010 13:00:00,        79.560220
07/28/2010 14:00:00,        78.425170
07/28/2010 15:00:00,        74.872495
07/28/2010 16:00:00,        71.046379
07/28/2010 17:00:00,        65.594272
07/28/2010 18:00:00,        60.041611
07/28/2010 19:00:00,        56.518189
07/28/2010 20:00:00,        51.864611
07/28/2010 21:00:00,        48.155591
07/28/2010 22:00:00,        44.559587
07/28/2010 23:00:00,        41.190486
07/29/2010 00:00:00,        42.163490
07/29/2010 01:00:00,        42.101033
07/29/2010 02:00:00,        41.393910
07/29/2010 03:00:00,        40.838981
07/29/2010 04:00:00,        39.735431
07/29/2010 05:00:00,        38.412168
07/29/2010 06:00:00,        36.997539
07/29/2010 07:00:00,        35.110309
07/29/2010 08:00:00,        32.089033
07/29/2010 09:00:00,        28.628104
07/29/2010 10:00:00,        25.856144
07/29/2010 11:00:00,        23.147124
07/29/2010 12:00:00,        20.871663
07/29/2010 13:00:00,        18.350683
07/29/2010 14:00:00,        15.895934
07/29/2010 15:00:00,        14.423952
07/29/2010 16:00:00,        12.596503
07/29/2010 17:00:00,        11.367589
07/29/2010 18:00:00,        10.380194
07/29/2010 19:00:00,        10.134640
07/29/2010 20:00:00,        10.907523
07/29/2010 21:00:00,        11.304098
07/29/2010 22:00:00,        11.222490
07/29/2010 23:00:00,        11.176740
07/30/2010 00:00:00,        11.266162
07/30/2010 01:00:00,        12.804353
07/30/2010 02:00:00,        13.048809
07/30/2010 03:00:00,        13.445085
07/30/2010 04:00:00,        13.203903
07/30/2010 05:00:00,        12.212521
07/30/2010 06:00:00,        12.703861
07/30/2010 07:00:00,        11.854775
07/30/2010 08:00:00,        11.337094
07/30/2010 09:00:00,        11.198199
07/30/2010 10:00:00,        10.396075
07/30/2010 11:00:00,         9.023393
07/30/2010 12:00:00,         8.114120
07/30/2010 13:00:00,         7.065406
07/30/2010 14:00:00,         5.514113
07/30/2010 15:00:00,         4.652254
07/30/2010 16:00:00,         4.283387
07/30/2010 17:00:00,         4.211184
07/30/2010 18:00:00,         4.219468
07/30/2010 19:00:00,         4.449011
07/30/2010 20:00:00,         4.734749
07/30/2010 21:00:00,         4.950290
07/30/2010 22:00:00,         5.177224
07/30/2010 23:00:00,         5.596044
07/31/2010 00:00:00,         5.416693
07/31/2010 01:00:00,         2.404956
07/31/2010 02:00:00,         2.358017
07/31/2010 03:00:00,         2.436443
07/31/2010 04:00:00,         2.518902
07/31/2010 05:00:00,         2.818445
07/31/2010 06:00:00,         2.795941
07/31/2010 07:00:00,         2.780269
07/31/2010 08:00:00,         2.738084
07/31/2010 09:00:00,         2.749467
07/31/2010 10:00:00,         2.891124
07/31/2010 11:00:00,         3.229840
07/31/2010 12:00:00,         3.007673
07/31/2010 13:00:00,         2.779083
07/31/2010 14:00:00,         2.215263
07/31/2010 15:00:00,         1.719892
07/31/2010 16:00:00,         1.419858
07/31/2010 17:00:00,         1.085001
07/31/2010 18:00:00,         0.696665
07/31/2010 19:00:00,         0.561144
07/31/2010 20:00:00,         0.474274
07/31/2010 21:00:00,         0.363775
07/31/2010 22:00:00,         0.426852
07/31/2010 23:00:00,         0.487930
08/01/2010 00:00:00,        17.387441
08/01/2010 01:00:00,        16.879089
08/01/2010 02:00:00,        15.329652
08/01/2010 03:00:00,        14.020747
08/01/2010 04:00:00,        12.886172
08/01/2010 05:00:00,        11.887002
08/01/2010 06:00:00,        11.252090
08/01/2010 07:00:00,        10.155950
08/01/2010 08:00:00,         8.364364
08/01/2010 09:00:00,         6.784225
08/01/2010 10:00:00,         4.685709
08/01/2010 11:00:00,         3.272337
08/01/2010 12:00:00,         2.519064
08/01/2010 13:00:00,         1.815431
08/01/2010 14:00:00,         0.979366
08/01/2010 15:00:00,         0.967328
08/01/2010 16:00:00,         1.086243
08/01/2010 17:00:00,         1.212864
08/01/2010 18:00:00,         1.363573
08/01/2010 19:00:00,         1.388459
08/01/2010 20:00:00,         1.494648
08/01/2010 21:00:00,         2.223047
08/01/2010 22:00:00,         2.530091
08/01/2010 23:00:00,         2.515237
08/02/2010 00:00:00,         2.805369
08/02/2010 01:00:00,         7.231893
08/02/2010 02:00:00,         8.797072
08/02/2010 03:00:00,        10.258575
08/02/2010 04:00:00,        12.121304
08/02/2010 05:00:00,        14.123112
08/02/2010 06:00:00,        15.422632
08/02/2010 07:00:00,        17.174238
08/02/2010 08:00:00,        19.711582
08/02/2010 09:00:00,        22.156940
08/02/2010 10:00:00,        23.419663
08/02/2010 11:00:00,        24.427032
08/02/2010 12:00:00,        25.920558
08/02/2010 13:00:00,        28.310703
08/02/2010 14:00:00,        28.433174
08/02/2010 15:00:00,        28.395043
08/02/2010 16:00:00,        29.424232
08/02/2010 17:00:00,        28.365582
08/02/2010 18:00:00,        27.129504
08/02/2010 19:00:00,        26.589487
08/02/2010 20:00:00,        26.157604
08/02/2010 21:00:00,        25.517172
08/02/2010 22:00:00,        25.560399
08/02/2010 23:00:00,        27.158229
08/03/2010 00:00:00,        27.893071
08/03/2010 01:00:00,        56.527574
08/03/2010 02:00:00,        53.040703
08/03/2010 03:00:00,        53.460392
08/03/2010 04:00:00,        51.502739
08/03/2010 05:00:00,        51.367393
08/03/2010 06:00:00,        53.052080
08/03/2010 07:00:00,        51.018900
08/03/2010 08:00:00,        51.021459
08/03/2010 09:00:00,        51.309225
08/03/2010 10:00:00,        47.839847
08/03/2010 11:00:00,        45.349837
08/03/2010 12:00:00,        42.248839
08/03/2010 13:00:00,        38.920703
08/03/2010 14:00:00,        36.562166
08/03/2010 15:00:00,        34.489089
08/03/2010 16:00:00,        34.220975
08/03/2010 17:00:00,        31.232363
08/03/2010 18:00:00,        28.517332
08/03/2010 19:00:00,        27.781879
08/03/2010 20:00:00,        27.130309
08/03/2010 21:00:00,        27.504019
08/03/2010 22:00:00,        27.739692
08/03/2010 23:00:00,        27.699156
08/04/2010 00:00:00,        26.352432
08/04/2010 01:00:00,        40.650023
08/04/2010 02:00:00,        38.526081
08/04/2010 03:00:00,        36.231488
08/04/2010 04:00:00,        34.239666
08/04/2010 05:00:00,        33.042663
08/04/2010 06:00:00,        32.650442
08/04/2010 07:00:00,        31.802384
08/04/2010 08:00:00,        31.035521
08/04/2010 09:00:00,        30.729496
08/04/2010 10:00:00,        29.492740
08/04/2010 11:00:00,        25.461392
08/04/2010 12:00:00,        21.462960
08/04/2010 13:00:00,        20.738412
08/04/2010 14:00:00,        17.840940
08/04/2010 15:00:00,        15.857158
08/04/2010 16:00:00,        14.844364
08/04/2010 17:00:00,        14.792859
08/04/2010 18:00:00,        15.045192
08/04/2010 19:00:00,        14.515621
08/04/2010 20:00:00,        14.225440
08/04/2010 21:00:00,        13.878649
08/04/2010 22:00:00,        12.252499
08/04/2010 23:00:00,        10.271883
08/05/2010 00:00:00,         9.224948
08/05/2010 01:00:00,        29.286289
08/05/2010 02:00:00,        28.212064
08/05/2010 03:00:00,        28.861109
08/05/2010 04:00:00,        29.632661
08/05/2010 05:00:00,        29.936359
08/05/2010 06:00:00,        29.758625
08/05/2010 07:00:00,        30.102112
08/05/2010 08:00:00,        30.594750
08/05/2010 09:00:00,        29.395255
08/05/2010 10:00:00,        29.531987
08/05/2010 11:00:00,        28.397156
08/05/2010 12:00:00,        28.639709
08/05/2010 13:00:00,        28.516496
08/05/2010 14:00:00,        26.703027
08/05/2010 15:00:00,        25.835509
08/05/2010 16:00:00,        23.219948
08/05/2010 17:00:00,        21.176934
08/05/2010 18:00:00,        20.402329
08/05/2010 19:00:00,        20.373752
08/05/2010 20:00:00,        20.130259
08/05/2010 21:00:00,        20.018590
08/05/2010 22:00:00,        20.550752
08/05/2010 23:00:00,        20.893083
08/06/2010 00:00:00,        20.187862
08/06/2010 01:00:00,        73.109042
08/06/2010 02:00:00,        72.390871
08/06/2010 03:00:00,        73.470996
08/06/2010 04:00:00,        72.583173
08/06/2010 05:00:00,        71.343266
08/06/2010 06:00:00,        67.051976
08/06/2010 07:00:00,        64.965889
08/06/2010 08:00:00,        62.178309
08/06/2010 09:00:00,        58.538658
08/06/2010 10:00:00,        53.592913
08/06/2010 11:00:00,        49.043827
08/06/2010 12:00:00,        46.044962
08/06/2010 13:00:00,        41.991868
08/06/2010 14:00:00,        37.041724
08/06/2010 15:00:00,        32.693098
08/06/2010 16:00:00,        30.780213
08/06/2010 17:00:00,        25.820415
08/06/2010 18:00:00,        22.152290
08/06/2010 19:00:00,        21.611754
08/06/2010 20:00:00,        23.174554
08/06/2010 21:00:00,        22.134650
08/06/2010 22:00:00,        22.623495
08/06/2010 23:00:00,        23.221133
08/07/2010 00:00:00,        22.063341
08/07/2010 01:00:00,         6.889863
08/07/2010 02:00:00,         6.673731
08/07/2010 03:00:00,         6.915285
08/07/2010 04:00:00,         6.436752
08/07/2010 05:00:00,         5.769939
08/07/2010 06:00:00,         5.218030
08/07/2010 07:00:00,         4.877154
08/07/2010 08:00:00,         4.918825
08/07/2010 09:00:00,         5.092120
08/07/2010 10:00:00,         5.670648
08/07/2010 11:00:00,         7.344443
08/07/2010 12:00:00,         9.894085
08/07/2010 13:00:00,        12.226513
08/07/2010 14:00:00,        15.341210
08/07/2010 15:00:00,        17.871470
08/07/2010 16:00:00,        20.404296
08/07/2010 17:00:00,        22.613816
08/07/2010 18:00:00,        25.279279
08/07/2010 19:00:00,        28.107785
08/07/2010 20:00:00,        30.871916
08/07/2010 21:00:00,        33.551502
08/07/2010 22:00:00,        36.601027
08/07/2010 23:00:00,        40.679854
08/08/2010 00:00:00,        40.147206
08/08/2010 01:00:00,        71.115767
08/08/2010 02:00:00,        70.786292
08/08/2010 03:00:00,        68.959216
08/08/2010 04:00:00,        63.491060
08/08/2010 05:00:00,        65.541573
08/08/2010 06:00:00,        59.369743
08/08/2010 07:00:00,        58.717429
08/08/2010 08:00:00,        58.564091
08/08/2010 09:00:00,        56.575680
08/08/2010 10:00:00,        55.015869
08/08/2010 11:00:00,        54.494435
08/08/2010 12:00:00,        53.162044
08/08/2010 13:00:00,        51.327925
08/08/2010 14:00:00,        48.668770
08/08/2010 15:00:00,        46.025530
08/08/2010 16:00:00,        44.920543
08/08/2010 17:00:00,        44.449506
08/08/2010 18:00:00,        44.197654
08/08/2010 19:00:00,        43.956683
08/08/2010 20:00:00,        41.012950
08/08/2010 21:00:00,        42.597862
08/08/2010 22:00:00,        39.171418
08/08/2010 23:00:00,        36.718937
08/09/2010 00:00:00,        35.554533
08/09/2010 01:00:00,        15.562160
08/09/2010 02:00:00,        14.590173
08/09/2010 03:00:00,        13.661462
08/09/2010 04:00:00,        12.129246
08/09/2010 05:00:00,        11.923952
08/09/2010 06:00:00,        12.153802
08/09/2010 07:00:00,        11.457368
08/09/2010 08:00:00,        11.104685
08/09/2010 09:00:00,        10.100583
08/09/2010 10:00:00,        10.585144
08/09/2010 11:00:00,         9.413484
08/09/2010 12:00:00,         7.729607
08/09/2010 13:00:00,         7.170382
08/09/2010 14:00:00,         7.087645
08/09/2010 15:00:00,         6.203182
08/09/2010 16:00:00,         4.027669
08/09/2010 17:00:00,         4.589649
08/09/2010 18:00:00,         3.431378
08/09/2010 19:00:00,         3.570861
08/09/2010 20:00:00,         2.764966
08/09/2010 21:00:00,         3.205982
08/09/2010 22:00:00,         2.312050
08/09/2010 23:00:00,         1.839947
08/10/2010 00:00:00,         1.566278
08/10/2010 01:00:00,         6.389390
08/10/2010 02:00:00,         6.133304
08/10/2010 03:00:00,         5.683324
08/10/2010 04:00:00,         5.214930
08/10/2010 05:00:00,         4.585247
08/10/2010 06:00:00,         4.196751
08/10/2010 07:00:00,         3.908200
08/10/2010 08:00:00,         3.548792
08/10/2010 09:00:00,         2.632757
08/10/2010 10:00:00,         2.165485
08/10/2010 11:00:00,         1.907889
08/10/2010 12:00:00,         1.466621
08/10/2010 13:00:00,         1.087986
08/10/2010 14:00:00,         0.893530
08/10/2010 15:00:00,         0.812991
08/10/2010 16:00:00,         0.963528
08/10/2010 17:00:00,         1.003971
08/10/2010 18:00:00,         1.001053
08/10/2010 19:00:00,         1.097908
08/10/2010 20:00:00,         1.302570
08/10/2010 21:00:00,         1.396120
08/10/2010 22:00:00,         1.457873
08/10/2010 23:00:00,         1.544641
08/11/2010 00:00:00,         1.696986
08/11/2010 01:00:00,         0.386654
08/11/2010 02:00:00,         0.355250
08/11/2010 03:00:00,         0.317931
08/11/2010 04:00:00,         0.372951
08/11/2010 05:00:00,         0.262070
08/11/2010 06:00:00,         0.299469
08/11/2010 07:00:00,         0.361237
08/11/2010 08:00:00,         0.402324
08/11/2010 09:00:00,         0.399908
08/11/2010 10:00:00,         0.392718
08/11/2010 11:00:00,         0.549743
08/11/2010 12:00:00,         0.530169
08/11/2010 13:00:00,         0.759083
08/11/2010 14:00:00,         1.432489
08/11/2010 15:00:00,         1.919918
08/11/2010 16:00:00,         2.289555
08/11/2010 17:00:00,         2.889762
08/11/2010 18:00:00,         3.620359
08/11/2010 19:00:00,         4.065505
08/11/2010 20:00:00,         4.298840
08/11/2010 21:00:00,         4.527445
08/11/2010 22:00:00,         5.146574
08/11/2010 23:00:00,         5.939306
08/12/2010 00:00:00,         7.074860
08/12/2010 01:00:00,        18.792706
08/12/2010 02:00:00,        18.815356
08/12/2010 03:00:00,        18.522212
08/12/2010 04:00:00,        18.700614
08/12/2010 05:00:00,        20.531345
08/12/2010 06:00:00,        22.833802
08/12/2010 07:00:00,        24.166398
08/12/2010 08:00:00,        26.781074
08/12/2010 09:00:00,        27.602791
08/12/2010 10:00:00,        29.149288
08/12/2010 11:00:00,        29.786547
08/12/2010 12:00:00,        25.962774
08/12/2010 13:00:00,        21.968228
08/12/2010 14:00:00,        20.153846
08/12/2010 15:00:00,        18.607874
08/12/2010 16:00:00,        17.345389
08/12/2010 17:00:00,        15.642855
08/12/2010 18:00:00,        13.550368
08/12/2010 19:00:00,        10.923457
08/12/2010 20:00:00,         8.537497
08/12/2010 21:00:00,         5.911752
08/12/2010 22:00:00,         4.709155
08/12/2010 23:00:00,         4.932333
08/13/2010 00:00:00,         3.030639
08/13/2010 01:00:00,        44.720190
08/13/2010 02:00:00,        41.560605
08/13/2010 03:00:00,        39.160917
08/13/2010 04:00:00,        37.139656
08/13/2010 05:00:00,        36.973529
08/13/2010 06:00:00,        36.257980
08/13/2010 07:00:00,        35.327527
08/13/2010 08:00:00,        34.027885
08/13/2010 09:00:00,        31.205836
08/13/2010 10:00:00,        27.519095
08/13/2010 11:00:00,        23.053524
08/13/2010 12:00:00,        18.278476
08/13/2010 13:00:00,        13.419636
08/13/2010 14:00:00,        10.619954
08/13/2010 15:00:00,         8.392483
08/13/2010 16:00:00,         6.690818
08/13/2010 17:00:00,         5.275143
08/13/2010 18:00:00,         3.399096
08/13/2010 19:00:00,         2.247153
08/13/2010 20:00:00,         2.444221
08/13/2010 21:00:00,         3.225093
08/13/2010 22:00:00,         4.438624
08/13/2010 23:00:00,         5.820258
08/14/2010 00:00:00,         7.254993
08/14/2010 01:00:00,        66.317887
08/14/2010 02:00:00,        68.497978
08/14/2010 03:00:00,        71.362387
08/14/2010 04:00:00,        73.217126
08/14/2010 05:00:00,        75.879712
08/14/2010 06:00:00,        75.017405
08/14/2010 07:00:00,        73.644831
08/14/2010 08:00:00,        75.461190
08/14/2010 09:00:00,        71.996628
08/14/2010 10:00:00,        67.730868
08/14/2010 11:00:00,        62.983796
08/14/2010 12:00:00,        58.528975
08/14/2010 13:00:00,        53.676816
08/14/2010 14:00:00,        50.027628
08/14/2010 15:00:00,        44.573106
08/14/2010 16:00:00,        41.361576
08/14/2010 17:00:00,        37.608810
08/14/2010 18:00:00,        32.032960
08/14/2010 19:00:00,        30.345953
08/14/2010 20:00:00,        29.550674
08/14/2010 21:00:00,        29.359921
08/14/2010 22:00:00,        29.425276
08/14/2010 23:00:00,        29.523360
08/15/2010 00:00:00,        31.296237
08/15/2010 01:00:00,        23.097954
08/15/2010 02:00:00,        22.413299
08/15/2010 03:00:00,        23.675440
08/15/2010 04:00:00,        30.338986
08/15/2010 05:00:00,        32.263409
08/15/2010 06:00:00,        35.933351
08/15/2010 07:00:00,        35.966423
08/15/2010 08:00:00,        36.256129
08/15/2010 09:00:00,        36.499546
08/15/2010 10:00:00,        37.607598
08/15/2010 11:00:00,        38.276210
08/15/2010 12:00:00,        42.372646
08/15/2010 13:00:00,        47.116261
08/15/2010 14:00:00,        45.049114
08/15/2010 15:00:00,        45.665988
08/15/2010 16:00:00,        48.893368
08/15/2010 17:00:00,        43.282673
08/15/2010 18:00:00,        40.015475
08/15/2010 19:00:00,        37.308104
08/15/2010 20:00:00,        38.857162
08/15/2010 21:00:00,        41.883327
08/15/2010 22:00:00,        44.855898
08/15/2010 23:00:00,        47.751922
08/16/2010 00:00:00,        44.647926
08/16/2010 01:00:00,        59.262609
08/16/2010 02:00:00,        61.736614
08/16/2010 03:00:00,        64.772261
08/16/2010 04:00:00,        67.802716
08/16/2010 05:00:00,        69.678448
08/16/2010 06:00:00,        71.634790
08/16/2010 07:00:00,        73.059266
08/16/2010 08:00:00,        74.438818
08/16/2010 09:00:00,        74.939849
08/16/2010 10:00:00,        74.701412
08/16/2010 11:00:00,        81.281843
08/16/2010 12:00:00,        83.941601
08/16/2010 13:00:00,        85.536173
08/16/2010 14:00:00,        87.770375
08/16/2010 15:00:00,        88.896716
08/16/2010 16:00:00,        89.475801
08/16/2010 17:00:00,        89.085987
08/16/2010 18:00:00,        89.140144
08/16/2010 19:00:00,        89.324318
08/16/2010 20:00:00,        89.765833
08/16/2010 21:00:00,        89.431353
08/16/2010 22:00:00,        90.560854
08/16/2010 23:00:00,        90.939226
08/17/2010 00:00:00,        91.301568
08/17/2010 01:00:00,        67.936970
08/17/2010 02:00:00,        69.906569
08/17/2010 03:00:00,        70.684061
08/17/2010 04:00:00,        71.918011
08/17/2010 05:00:00,        70.671896
08/17/2010 06:00:00,        69.017568
08/17/2010 07:00:00,        66.656693
08/17/2010 08:00:00,        66.016145
08/17/2010 09:00:00,        64.649842
08/17/2010 10:00:00,        62.613430
08/17/2010 11:00:00,        59.011441
08/17/2010 12:00:00,        53.719383
08/17/2010 13:00:00,        47.553594
08/17/2010 14:00:00,        43.318687
08/17/2010 15:00:00,        37.509619
08/17/2010 16:00:00,        33.184546
08/17/2010 17:00:00,        28.571816
08/17/2010 18:00:00,        24.479506
08/17/2010 19:00:00,        22.537541
08/17/2010 20:00:00,        20.161385
08/17/2010 21:00:00,        17.506244
08/17/2010 22:00:00,        15.832342
08/17/2010 23:00:00,        13.836943
08/18/2010 00:00:00,        11.935650
08/18/2010 01:00:00,         6.823744
08/18/2010 02:00:00,         5.951029
08/18/2010 03:00:00,         4.788857
08/18/2010 04:00:00,         3.837490
08/18/2010 05:00:00,         2.984826
08/18/2010 06:00:00,         2.499709
08/18/2010 07:00:00,         2.394433
08/18/2010 08:00:00,         1.835426
08/18/2010 09:00:00,         1.581011
08/18/2010 10:00:00,         2.117731
08/18/2010 11:00:00,         2.772177
08/18/2010 12:00:00,         4.273437
08/18/2010 13:00:00,         5.128246
08/18/2010 14:00:00,         6.263744
08/18/2010 15:00:00,         7.172587
08/18/2010 16:00:00,         8.021644
08/18/2010 17:00:00,         8.835960
08/18/2010 18:00:00,        10.067472
08/18/2010 19:00:00,        11.532546
08/18/2010 20:00:00,        12.523948
08/18/2010 21:00:00,        13.340530
08/18/2010 22:00:00,        14.408479
08/18/2010 23:00:00,        14.831728
08/19/2010 00:00:00,        14.926977
08/19/2010 01:00:00,        40.650977
08/19/2010 02:00:00,        43.088807
08/19/2010 03:00:00,        44.479516
08/19/2010 04:00:00,        46.315776
08/19/2010 05:00:00,        47.428173
08/19/2010 06:00:00,        47.229424
08/19/2010 07:00:00,        46.612219
08/19/2010 08:00:00,        47.321249
08/19/2010 09:00:00,        49.007831
08/19/2010 10:00:00,        50.243705
08/19/2010 11:00:00,        49.851027
08/19/2010 12:00:00,        48.196463
08/19/2010 13:00:00,        46.668428
08/19/2010 14:00:00,        41.927419
08/19/2010 15:00:00,        39.395309
08/19/2010 16:00:00,        34.512392
08/19/2010 17:00:00,        30.304235
08/19/2010 18:00:00,        26.234803
08/19/2010 19:00:00,        24.480147
08/19/2010 20:00:00,        22.593970
08/19/2010 21:00:00,        21.571839
08/19/2010 22:00:00,        18.949111
08/19/2010 23:00:00,        15.989490
08/20/2010 00:00:00,        12.058581
08/20/2010 01:00:00,         2.660672
08/20/2010 02:00:00,         2.469237
08/20/2010 03:00:00,         1.730635
08/20/2010 04:00:00,         1.596739
08/20/2010 05:00:00,         1.350850
08/20/2010 06:00:00,         1.675760
08/20/2010 07:00:00,         1.889180
08/20/2010 08:00:00,         2.059691
08/20/2010 09:00:00,         2.090328
08/20/2010 10:00:00,         2.050584
08/20/2010 11:00:00,         2.013714
08/20/2010 12:00:00,         1.921709
08/20/2010 13:00:00,         2.689987
08/20/2010 14:00:00,         3.840856
08/20/2010 15:00:00,         3.338572
08/20/2010 16:00:00,         2.520777
08/20/2010 17:00:00,         2.786146
08/20/2010 18:00:00,         2.963863
08/20/2010 19:00:00,         3.068100
08/20/2010 20:00:00,         3.102288
08/20/2010 21:00:00,         3.730210
08/20/2010 22:00:00,         5.058455
08/20/2010 23:00:00,         6.632278
08/21/2010 00:00:00,         8.574162
08/21/2010 01:00:00,        56.765301
08/21/2010 02:00:00,        59.767910
08/21/2010 03:00:00,        55.915786
08/21/2010 04:00:00,        54.155827
08/21/2010 05:00:00,        53.589649
08/21/2010 06:00:00,        51.975864
08/21/2010 07:00:00,        50.755368
08/21/2010 08:00:00,        52.063000
08/21/2010 09:00:00,        50.957577
08/21/2010 10:00:00,        48.520198
08/21/2010 11:00:00,        44.422019
08/21/2010 12:00:00,        49.191646
08/21/2010 13:00:00,        47.820932
08/21/2010 14:00:00,        43.148221
08/21/2010 15:00:00,        38.729573
08/21/2010 16:00:00,        38.154668
08/21/2010 17:00:00,        36.292266
08/21/2010 18:00:00,        35.942539
08/21/2010 19:00:00,        37.332751
08/21/2010 20:00:00,        38.398931
08/21/2010 21:00:00,        35.750801
08/21/2010 22:00:00,        35.006129
08/21/2010 23:00:00,        33.285858
08/22/2010 00:00:00,        26.795327
08/22/2010 01:00:00,        10.163704
08/22/2010 02:00:00,        10.087188
08/22/2010 03:00:00,         9.477375
08/22/2010 04:00:00,         8.474828
08/22/2010 05:00:00,         8.683166
08/22/2010 06:00:00,        10.944037
08/22/2010 07:00:00,        13.005241
08/22/2010 08:00:00,        15.764475
08/22/2010 09:00:00,        18.664910
08/22/2010 10:00:00,        21.723866
08/22/2010 11:00:00,        25.626764
08/22/2010 12:00:00,        28.829274
08/22/2010 13:00:00,        30.484428
08/22/2010 14:00:00,        32.495838
08/22/2010 15:00:00,        35.568320
08/22/2010 16:00:00,        38.116632
08/22/2010 17:00:00,        40.789149
08/22/2010 18:00:00,        43.493690
08/22/2010 19:00:00,        44.334228
08/22/2010 20:00:00,        44.758988
08/22/2010 21:00:00,        45.279078
08/22/2010 22:00:00,        45.587524
08/22/2010 23:00:00,        45.418385
08/23/2010 00:00:00,        41.997217
08/23/2010 01:00:00,        32.153239
08/23/2010 02:00:00,        33.228098
08/23/2010 03:00:00,        34.211176
08/23/2010 04:00:00,        33.815037
08/23/2010 05:00:00,        33.605617
08/23/2010 06:00:00,        32.566830
08/23/2010 07:00:00,        31.402319
08/23/2010 08:00:00,        31.148036
08/23/2010 09:00:00,        29.356257
08/23/2010 10:00:00,        27.737431
08/23/2010 11:00:00,        27.229586
08/23/2010 12:00:00,        26.264955
08/23/2010 13:00:00,        24.316503
08/23/2010 14:00:00,        22.887402
08/23/2010 15:00:00,        22.084552
08/23/2010 16:00:00,        20.826184
08/23/2010 17:00:00,        19.675838
08/23/2010 18:00:00,        19.060327
08/23/2010 19:00:00,        18.682961
08/23/2010 20:00:00,        18.733110
08/23/2010 21:00:00,        18.916812
08/23/2010 22:00:00,        19.637870
08/23/2010 23:00:00,        20.788136
08/24/2010 00:00:00,        20.980496
08/24/2010 01:00:00,        11.104964
08/24/2010 02:00:00,        10.013734
08/24/2010 03:00:00,        11.139536
08/24/2010 04:00:00,        11.223287
08/24/2010 05:00:00,        11.010241
08/24/2010 06:00:00,        10.787803
08/24/2010 07:00:00,        10.329657
08/24/2010 08:00:00,         7.901373
08/24/2010 09:00:00,         6.443190
08/24/2010 10:00:00,         5.843737
08/24/2010 11:00:00,         5.538076
08/24/2010 12:00:00,         5.497496
08/24/2010 13:00:00,         5.641450
08/24/2010 14:00:00,         6.037044
08/24/2010 15:00:00,         5.973336
08/24/2010 16:00:00,         4.865276
08/24/2010 17:00:00,         4.028773
08/24/2010 18:00:00,         3.715252
08/24/2010 19:00:00,         3.280541
08/24/2010 20:00:00,         3.009165
08/24/2010 21:00:00,         3.098406
08/24/2010 22:00:00,         3.425752
08/24/2010 23:00:00,         4.223896
08/25/2010 00:00:00,         5.236167
08/25/2010 01:00:00,        14.744580
08/25/2010 02:00:00,        16.369114
08/25/2010 03:00:00,        16.898818
08/25/2010 04:00:00,        16.937061
08/25/2010 05:00:00,        17.277494
08/25/2010 06:00:00,        18.568230
08/25/2010 07:00:00,        19.165286
08/25/2010 08:00:00,        20.661349
08/25/2010 09:00:00,        21.477078
08/25/2010 10:00:00,        22.634832
08/25/2010 11:00:00,        22.391469
08/25/2010 12:00:00,        22.840343
08/25/2010 13:00:00,        23.861794
08/25/2010 14:00:00,        25.113668
08/25/2010 15:00:00,        26.329102
08/25/2010 16:00:00,        29.766782
08/25/2010 17:00:00,        34.357045
08/25/2010 18:00:00,        38.687531
08/25/2010 19:00:00,        40.009965
08/25/2010 20:00:00,        43.335295
08/25/2010 21:00:00,        46.354682
08/25/2010 22:00:00,        50.337129
08/25/2010 23:00:00,        54.123475
08/26/2010 00:00:00,        58.827585
08/26/2010 01:00:00,        70.264931
08/26/2010 02:00:00,        68.905819
08/26/2010 03:00:00,        70.369556
08/26/2010 04:00:00,        68.439548
08/26/2010 05:00:00,        67.669657
08/26/2010 06:00:00,        69.556739
08/26/2010 07:00:00,        68.283994
08/26/2010 08:00:00,        66.681868
08/26/2010 09:00:00,        64.433859
08/26/2010 10:00:00,        60.360732
08/26/2010 11:00:00,        59.583795
08/26/2010 12:00:00,        55.127864
08/26/2010 13:00:00,        51.416111
08/26/2010 14:00:00,        48.392996
08/26/2010 15:00:00,        44.014018
08/26/2010 16:00:00,        40.040061
08/26/2010 17:00:00,        35.452438
08/26/2010 18:00:00,        30.841338
08/26/2010 19:00:00,        28.846950
08/26/2010 20:00:00,        26.277577
08/26/2010 21:00:00,        23.764698
08/26/2010 22:00:00,        20.563506
08/26/2010 23:00:00,        18.243338
08/27/2010 00:00:00,        16.815050
08/27/2010 01:00:00,         4.584329
08/27/2010 02:00:00,         4.731800
08/27/2010 03:00:00,         4.867346
08/27/2010 04:00:00,         5.397095
08/27/2010 05:00:00,         6.491146
08/27/2010 06:00:00,         7.577363
08/27/2010 07:00:00,         8.308872
08/27/2010 08:00:00,         9.121352
08/27/2010 09:00:00,        10.324364
08/27/2010 10:00:00,        11.216821
08/27/2010 11:00:00,        12.339387
08/27/2010 12:00:00,        13.880743
08/27/2010 13:00:00,        15.058868
08/27/2010 14:00:00,        16.268323
08/27/2010 15:00:00,        15.590456
08/27/2010 16:00:00,        15.194478
08/27/2010 17:00:00,        15.360233
08/27/2010 18:00:00,        15.318618
08/27/2010 19:00:00,        14.385195
08/27/2010 20:00:00,        14.023499
08/27/2010 21:00:00,        14.502520
08/27/2010 22:00:00,        14.417958
08/27/2010 23:00:00,        14.666489
08/28/2010 00:00:00,        14.779744
08/28/2010 01:00:00,        34.212344
08/28/2010 02:00:00,        38.591854
08/28/2010 03:00:00,        41.040332
08/28/2010 04:00:00,        42.423460
08/28/2010 05:00:00,        43.368979
08/28/2010 06:00:00,        43.960896
08/28/2010 07:00:00,        44.741638
08/28/2010 08:00:00,        47.855002
08/28/2010 09:00:00,        50.095575
08/28/2010 10:00:00,        52.167129
08/28/2010 11:00:00,        53.959360
08/28/2010 12:00:00,        54.020504
08/28/2010 13:00:00,        52.441845
08/28/2010 14:00:00,        51.435273
08/28/2010 15:00:00,        47.951599
08/28/2010 16:00:00,        45.965228
08/28/2010 17:00:00,        43.857991
08/28/2010 18:00:00,        44.417952
08/28/2010 19:00:00,        44.708726
08/28/2010 20:00:00,        45.092658
08/28/2010 21:00:00,        44.753093
08/28/2010 22:00:00,        44.940078
08/28/2010 23:00:00,        44.986041
08/29/2010 00:00:00,        43.718548
08/29/2010 01:00:00,        47.801210
08/29/2010 02:00:00,        46.131767
08/29/2010 03:00:00,        46.851623
08/29/2010 04:00:00,        46.371684
08/29/2010 05:00:00,        45.477347
08/29/2010 06:00:00,        44.372695
08/29/2010 07:00:00,        44.363677
08/29/2010 08:00:00,        42.885437
08/29/2010 09:00:00,        40.155475
08/29/2010 10:00:00,        37.464008
08/29/2010 11:00:00,        34.737943
08/29/2010 12:00:00,        32.981228
08/29/2010 13:00:00,        30.015188
08/29/2010 14:00:00,        27.325476
08/29/2010 15:00:00,        24.485254
08/29/2010 16:00:00,        20.235326
08/29/2010 17:00:00,        17.922915
08/29/2010 18:00:00,        14.970027
08/29/2010 19:00:00,        13.340378
08/29/2010 20:00:00,        11.636728
08/29/2010 21:00:00,        10.895491
08/29/2010 22:00:00,        10.664018
08/29/2010 23:00:00,        10.188544
08/30/2010 00:00:00,        10.275774
08/30/2010 01:00:00,        46.382580
08/30/2010 02:00:00,        45.332267
08/30/2010 03:00:00,        44.188449
08/30/2010 04:00:00,        43.273094
08/30/2010 05:00:00,        43.156175
08/30/2010 06:00:00,        42.759047
08/30/2010 07:00:00,        41.810072
08/30/2010 08:00:00,        41.788958
08/30/2010 09:00:00,        39.702685
08/30/2010 10:00:00,        37.625296
08/30/2010 11:00:00,        33.587733
08/30/2010 12:00:00,        29.072235
08/30/2010 13:00:00,        25.130019
08/30/2010 14:00:00,        23.334178
08/30/2010 15:00:00,        20.697012
08/30/2010 16:00:00,        18.576831
08/30/2010 17:00:00,        16.478102
08/30/2010 18:00:00,        15.387496
08/30/2010 19:00:00,        14.579025
08/30/2010 20:00:00,        14.306549
08/30/2010 21:00:00,        14.332475
08/30/2010 22:00:00,        15.135612
08/30/2010 23:00:00,        15.635652
08/31/2010 00:00:00,        15.534494
08/31/2010 01:00:00,        18.472366
08/31/2010 02:00:00,        19.225282
08/31/2010 03:00:00,        20.136410
08/31/2010 04:00:00,        22.158415
08/31/2010 05:00:00,        24.774747
08/31/2010 06:00:00,        27.026059
08/31/2010 07:00:00,        26.029537
08/31/2010 08:00:00,        26.981530
08/31/2010 09:00:00,        27.884216
08/31/2010 10:00:00,        27.498731
08/31/2010 11:00:00,        28.764621
08/31/2010 12:00:00,        29.614399
08/31/2010 13:00:00,        31.418877
08/31/2010 14:00:00,        33.722082
08/31/2010 15:00:00,        35.621970
08/31/2010 16:00:00,        36.499599
08/31/2010 17:00:00,        37.123403
08/31/2010 18:00:00,        36.701617
08/31/2010 19:00:00,        36.659835
08/31/2010 20:00:00,        38.727208
08/31/2010 21:00:00,        39.067374
08/31/2010 22:00:00,        40.771688
08/31/2010 23:00:00,        44.346666
09/01/2010 00:00:00,        78.514215
09/01/2010 01:00:00,        78.634189
09/01/2010 02:00:00,        79.307848
09/01/2010 03:00:00,        79.650331
09/01/2010 04:00:00,        78.635531
09/01/2010 05:00:00,        78.529392
09/01/2010 06:00:00,        78.520117
09/01/2010 07:00:00,        81.906868
09/01/2010 08:00:00,        82.239886
09/01/2010 09:00:00,        80.432141
09/01/2010 10:00:00,        80.505932
09/01/2010 11:00:00,        80.942553
09/01/2010 12:00:00,        81.388572
09/01/2010 13:00:00,        81.272315
09/01/2010 14:00:00,        79.151313
09/01/2010 15:00:00,        76.409814
09/01/2010 16:00:00,        71.348127
09/01/2010 17:00:00,        66.045891
09/01/2010 18:00:00,        60.329256
09/01/2010 19:00:00,        58.285404
09/01/2010 20:00:00,        54.043834
09/01/2010 21:00:00,        51.656523
09/01/2010 22:00:00,        47.318903
09/01/2010 23:00:00,        42.612336
09/02/2010 00:00:00,        37.413268
09/02/2010 01:00:00,        10.276424
09/02/2010 02:00:00,         8.781255
09/02/2010 03:00:00,         7.275475
09/02/2010 04:00:00,         7.064400
09/02/2010 05:00:00,         7.003906
09/02/2010 06:00:00,         5.921389
09/02/2010 07:00:00,         5.892711
09/02/2010 08:00:00,         5.439353
09/02/2010 09:00:00,         4.488232
09/02/2010 10:00:00,         4.299423
09/02/2010 11:00:00,         3.372703
09/02/2010 12:00:00,         2.849046
09/02/2010 13:00:00,         2.368278
09/02/2010 14:00:00,         1.796597
09/02/2010 15:00:00,         2.100336
09/02/2010 16:00:00,         3.588734
09/02/2010 17:00:00,         4.432368
09/02/2010 18:00:00,         5.684852
09/02/2010 19:00:00,         6.362007
09/02/2010 20:00:00,         7.274547
09/02/2010 21:00:00,         8.329291
09/02/2010 22:00:00,         9.691725
09/02/2010 23:00:00,        10.588117
09/03/2010 00:00:00,        13.176636
09/03/2010 01:00:00,        53.229160
09/03/2010 02:00:00,        56.710356
09/03/2010 03:00:00,        59.975082
09/03/2010 04:00:00,        65.110084
09/03/2010 05:00:00,        67.814316
09/03/2010 06:00:00,        71.728824
09/03/2010 07:00:00,        73.881450
09/03/2010 08:00:00,        77.078324
09/03/2010 09:00:00,        80.058259
09/03/2010 10:00:00,        79.600910
09/03/2010 11:00:00,        78.224448
09/03/2010 12:00:00,        77.170746
09/03/2010 13:00:00,        73.907659
09/03/2010 14:00:00,        71.629548
09/03/2010 15:00:00,        71.228477
09/03/2010 16:00:00,        71.441694
09/03/2010 17:00:00,        71.388354
09/03/2010 18:00:00,        71.643467
09/03/2010 19:00:00,        69.750073
09/03/2010 20:00:00,        68.479420
09/03/2010 21:00:00,        69.411109
09/03/2010 22:00:00,        68.636330
09/03/2010 23:00:00,        70.576955
09/04/2010 00:00:00,        74.692369
09/04/2010 01:00:00,        94.302709
09/04/2010 02:00:00,        94.510996
09/04/2010 03:00:00,        94.740074
09/04/2010 04:00:00,        94.964034
09/04/2010 05:00:00,        95.089578
09/04/2010 06:00:00,        95.101366
09/04/2010 07:00:00,        95.238458
09/04/2010 08:00:00,        95.261024
09/04/2010 09:00:00,        95.276503
09/04/2010 10:00:00,        95.410948
09/04/2010 11:00:00,        95.543741
09/04/2010 12:00:00,        95.555693
09/04/2010 13:00:00,        95.991838
09/04/2010 14:00:00,        95.993895
09/04/2010 15:00:00,        95.995299
09/04/2010 16:00:00,        95.992363
09/04/2010 17:00:00,        95.953863
09/04/2010 18:00:00,        95.953242
09/04/2010 19:00:00,        95.949306
09/04/2010 20:00:00,        95.944561
09/04/2010 21:00:00,        95.937093
09/04/2010 22:00:00,        95.923625
09/04/2010 23:00:00,        95.923672
09/05/2010 00:00:00,        95.912824
09/05/2010 01:00:00,        95.794770
09/05/2010 02:00:00,        95.745396
09/05/2010 03:00:00,        95.745373
09/05/2010 04:00:00,        95.749228
09/05/2010 05:00:00,        95.765112
09/05/2010 06:00:00,        95.772277
09/05/2010 07:00:00,        95.717016
09/05/2010 08:00:00,        95.661762
09/05/2010 09:00:00,        95.304287
09/05/2010 10:00:00,        94.201232
09/05/2010 11:00:00,        92.048163
09/05/2010 12:00:00,        90.036308
09/05/2010 13:00:00,        87.244107
09/05/2010 14:00:00,        84.592024
09/05/2010 15:00:00,        80.513647
09/05/2010 16:00:00,        76.712676
09/05/2010 17:00:00,        73.269015
09/05/2010 18:00:00,        70.324645
09/05/2010 19:00:00,        67.294840
09/05/2010 20:00:00,        63.750891
09/05/2010 21:00:00,        59.391840
09/05/2010 22:00:00,        56.172430
09/05/2010 23:00:00,        51.638119
09/06/2010 00:00:00,        50.787955
09/06/2010 01:00:00,        36.339854
09/06/2010 02:00:00,        34.154202
09/06/2010 03:00:00,        34.719267
09/06/2010 04:00:00,        36.596507
09/06/2010 05:00:00,        39.448815
09/06/2010 06:00:00,        42.229977
09/06/2010 07:00:00,        43.857025
09/06/2010 08:00:00,        46.874045
09/06/2010 09:00:00,        50.957901
09/06/2010 10:00:00,        53.875379
09/06/2010 11:00:00,        57.429145
09/06/2010 12:00:00,        61.126896
09/06/2010 13:00:00,        67.034984
09/06/2010 14:00:00,        71.758508
09/06/2010 15:00:00,        76.061345
09/06/2010 16:00:00,        82.363542
09/06/2010 17:00:00,        82.816018
09/06/2010 18:00:00,        83.695789
09/06/2010 19:00:00,        85.520883
09/06/2010 20:00:00,        88.615000
09/06/2010 21:00:00,        90.153194
09/06/2010 22:00:00,        89.178844
09/06/2010 23:00:00,        89.387080
09/07/2010 00:00:00,        90.437083
09/07/2010 01:00:00,        78.170725
09/07/2010 02:00:00,        81.390908
09/07/2010 03:00:00,        83.336701
09/07/2010 04:00:00,        84.795387
09/07/2010 05:00:00,        86.184027
09/07/2010 06:00:00,        86.844617
09/07/2010 07:00:00,        88.063675
09/07/2010 08:00:00,        88.362735
09/07/2010 09:00:00,        89.547836
09/07/2010 10:00:00,        93.079906
09/07/2010 11:00:00,        94.640521
09/07/2010 12:00:00,        95.525030
09/07/2010 13:00:00,        95.644782
09/07/2010 14:00:00,        95.779090
09/07/2010 15:00:00,        95.789610
09/07/2010 16:00:00,        95.488900
09/07/2010 17:00:00,        95.351970
09/07/2010 18:00:00,        95.047089
09/07/2010 19:00:00,        94.923261
09/07/2010 20:00:00,        94.832370
09/07/2010 21:00:00,        94.628638
09/07/2010 22:00:00,        94.296895
09/07/2010 23:00:00,        93.473529
09/08/2010 00:00:00,        94.447117
09/08/2010 01:00:00,        91.229964
09/08/2010 02:00:00,        91.377051
09/08/2010 03:00:00,        92.465167
09/08/2010 04:00:00,        92.743161
09/08/2010 05:00:00,        92.397861
09/08/2010 06:00:00,        93.256754
09/08/2010 07:00:00,        93.338423
09/08/2010 08:00:00,        93.414443
09/08/2010 09:00:00,        93.911983
09/08/2010 10:00:00,        95.299268
09/08/2010 11:00:00,        95.330948
09/08/2010 12:00:00,        95.353993
09/08/2010 13:00:00,        95.399801
09/08/2010 14:00:00,        95.426528
09/08/2010 15:00:00,        95.391637
09/08/2010 16:00:00,        95.331336
09/08/2010 17:00:00,        95.196768
09/08/2010 18:00:00,        95.124958
09/08/2010 19:00:00,        95.117669
09/08/2010 20:00:00,        95.095679
09/08/2010 21:00:00,        94.839801
09/08/2010 22:00:00,        94.679106
09/08/2010 23:00:00,        94.697575
09/09/2010 00:00:00,        94.331918
09/09/2010 01:00:00,        90.276091
09/09/2010 02:00:00,        89.593943
09/09/2010 03:00:00,        88.506548
09/09/2010 04:00:00,        85.671967
09/09/2010 05:00:00,        85.490386
09/09/2010 06:00:00,        83.842206
09/09/2010 07:00:00,        82.445540
09/09/2010 08:00:00,        79.136571
09/09/2010 09:00:00,        77.034377
09/09/2010 10:00:00,        77.326156
09/09/2010 11:00:00,        74.193893
09/09/2010 12:00:00,        73.188057
09/09/2010 13:00:00,        71.981407
09/09/2010 14:00:00,        70.893020
09/09/2010 15:00:00,        68.996068
09/09/2010 16:00:00,        66.932161
09/09/2010 17:00:00,        64.887181
09/09/2010 18:00:00,        63.252561
09/09/2010 19:00:00,        61.950068
09/09/2010 20:00:00,        60.900389
09/09/2010 21:00:00,        59.837846
09/09/2010 22:00:00,        58.616285
09/09/2010 23:00:00,        56.697584
09/10/2010 00:00:00,        55.431971
09/10/2010 01:00:00,        37.753441
09/10/2010 02:00:00,        36.282731
09/10/2010 03:00:00,        34.183015
09/10/2010 04:00:00,        32.095104
09/10/2010 05:00:00,        30.807887
09/10/2010 06:00:00,        28.884104
09/10/2010 07:00:00,        27.526768
09/10/2010 08:00:00,        25.643047
09/10/2010 09:00:00,        23.629800
09/10/2010 10:00:00,        20.953259
09/10/2010 11:00:00,        18.552304
09/10/2010 12:00:00,        16.248256
09/10/2010 13:00:00,        14.430274
09/10/2010 14:00:00,        13.527007
09/10/2010 15:00:00,        11.976785
09/10/2010 16:00:00,        10.772497
09/10/2010 17:00:00,         9.984249
09/10/2010 18:00:00,         9.099953
09/10/2010 19:00:00,         8.494723
09/10/2010 20:00:00,         7.881498
09/10/2010 21:00:00,         7.659460
09/10/2010 22:00:00,         8.003598
09/10/2010 23:00:00,         8.158976
09/11/2010 00:00:00,         8.635579
09/11/2010 01:00:00,        15.518736
09/11/2010 02:00:00,        16.921814
09/11/2010 03:00:00,        19.035175
09/11/2010 04:00:00,        21.293055
09/11/2010 05:00:00,        23.549302
09/11/2010 06:00:00,        25.411070
09/11/2010 07:00:00,        25.991760
09/11/2010 08:00:00,        26.543012
09/11/2010 09:00:00,        25.988262
09/11/2010 10:00:00,        26.261660
09/11/2010 11:00:00,        25.217727
09/11/2010 12:00:00,        24.046107
09/11/2010 13:00:00,        22.486435
09/11/2010 14:00:00,        20.700892
09/11/2010 15:00:00,        18.068357
09/11/2010 16:00:00,        14.972347
09/11/2010 17:00:00,        11.716306
09/11/2010 18:00:00,         8.265717
09/11/2010 19:00:00,         5.202954
09/11/2010 20:00:00,         3.331227
09/11/2010 21:00:00,         2.860881
09/11/2010 22:00:00,         2.265514
09/11/2010 23:00:00,         1.500373
09/12/2010 00:00:00,         0.958886
09/12/2010 01:00:00,         0.869318
09/12/2010 02:00:00,         0.802263
09/12/2010 03:00:00,         0.890435
09/12/2010 04:00:00,         1.686856
09/12/2010 05:00:00,         1.677510
09/12/2010 06:00:00,         1.435260
09/12/2010 07:00:00,         2.068668
09/12/2010 08:00:00,         3.083109
09/12/2010 09:00:00,         4.002146
09/12/2010 10:00:00,         5.163145
09/12/2010 11:00:00,         6.706877
09/12/2010 12:00:00,         8.695999
09/12/2010 13:00:00,         9.745051
09/12/2010 14:00:00,        10.320387
09/12/2010 15:00:00,        11.257946
09/12/2010 16:00:00,        11.711893
09/12/2010 17:00:00,        12.776533
09/12/2010 18:00:00,        14.572809
09/12/2010 19:00:00,        15.903826
09/12/2010 20:00:00,        17.389098
09/12/2010 21:00:00,        18.521720
09/12/2010 22:00:00,        19.408149
09/12/2010 23:00:00,        19.783260
09/13/2010 00:00:00,        20.168678
09/13/2010 01:00:00,        47.203049
09/13/2010 02:00:00,        42.814806
09/13/2010 03:00:00,        42.893848
09/13/2010 04:00:00,        43.327614
09/13/2010 05:00:00,        42.225339
09/13/2010 06:00:00,        38.861387
09/13/2010 07:00:00,        36.557817
09/13/2010 08:00:00,        33.839206
09/13/2010 09:00:00,        25.807242
09/13/2010 10:00:00,        22.508568
09/13/2010 11:00:00,        19.865600
09/13/2010 12:00:00,        21.653005
09/13/2010 13:00:00,        20.863192
09/13/2010 14:00:00,        24.414732
09/13/2010 15:00:00,        27.071638
09/13/2010 16:00:00,        29.194819
09/13/2010 17:00:00,        30.542418
09/13/2010 18:00:00,        33.279933
09/13/2010 19:00:00,        35.264261
09/13/2010 20:00:00,        36.988133
09/13/2010 21:00:00,        39.059728
09/13/2010 22:00:00,        41.388517
09/13/2010 23:00:00,        45.027704
09/14/2010 00:00:00,        48.639938
09/14/2010 01:00:00,        68.397008
09/14/2010 02:00:00,        66.189262
09/14/2010 03:00:00,        65.333455
09/14/2010 04:00:00,        62.870604
09/14/2010 05:00:00,        62.124953
09/14/2010 06:00:00,        60.280272
09/14/2010 07:00:00,        61.470738
09/14/2010 08:00:00,        60.693577
09/14/2010 09:00:00,        57.416163
09/14/2010 10:00:00,        52.439425
09/14/2010 11:00:00,        51.022594
09/14/2010 12:00:00,        50.069905
09/14/2010 13:00:00,        48.340976
09/14/2010 14:00:00,        46.428416
09/14/2010 15:00:00,        44.191211
09/14/2010 16:00:00,        42.601709
09/14/2010 17:00:00,        41.907459
09/14/2010 18:00:00,        41.267378
09/14/2010 19:00:00,        42.367627
09/14/2010 20:00:00,        40.913720
09/14/2010 21:00:00,        38.839745
09/14/2010 22:00:00,        39.123493
09/14/2010 23:00:00,        40.315276
09/15/2010 00:00:00,        39.655235
09/15/2010 01:00:00,        56.298879
09/15/2010 02:00:00,        54.867443
09/15/2010 03:00:00,        51.782142
09/15/2010 04:00:00,        48.230152
09/15/2010 05:00:00,        46.332386
09/15/2010 06:00:00,        44.311653
09/15/2010 07:00:00,        43.213264
09/15/2010 08:00:00,        40.967465
09/15/2010 09:00:00,        36.130094
09/15/2010 10:00:00,        30.803985
09/15/2010 11:00:00,        25.570253
09/15/2010 12:00:00,        21.538123
09/15/2010 13:00:00,        17.700652
09/15/2010 14:00:00,        13.686189
09/15/2010 15:00:00,        11.145504
09/15/2010 16:00:00,         9.250463
09/15/2010 17:00:00,         8.041075
09/15/2010 18:00:00,         6.528339
09/15/2010 19:00:00,         5.543586
09/15/2010 20:00:00,         4.125186
09/15/2010 21:00:00,         3.055250
09/15/2010 22:00:00,         1.714121
09/15/2010 23:00:00,         1.387017
09/16/2010 00:00:00,         1.286880
09/16/2010 01:00:00,        14.095846
09/16/2010 02:00:00,        17.940183
09/16/2010 03:00:00,        20.476373
09/16/2010 04:00:00,        26.535207
09/16/2010 05:00:00,        29.845861
09/16/2010 06:00:00,        33.201942
09/16/2010 07:00:00,        38.484999
09/16/2010 08:00:00,        45.753388
09/16/2010 09:00:00,        50.852749
09/16/2010 10:00:00,        56.157316
09/16/2010 11:00:00,        57.925140
09/16/2010 12:00:00,        60.972589
09/16/2010 13:00:00,        62.642905
09/16/2010 14:00:00,        62.692487
09/16/2010 15:00:00,        61.611919
09/16/2010 16:00:00,        63.760829
09/16/2010 17:00:00,        61.855637
09/16/2010 18:00:00,        63.323308
09/16/2010 19:00:00,        66.127403
09/16/2010 20:00:00,        65.209785
09/16/2010 21:00:00,        63.271331
09/16/2010 22:00:00,        62.027203
09/16/2010 23:00:00,        61.680053
09/17/2010 00:00:00,        62.417870
09/17/2010 01:00:00,        35.983037
09/17/2010 02:00:00,        35.506011
09/17/2010 03:00:00,        33.776795
09/17/2010 04:00:00,        31.163556
09/17/2010 05:00:00,        28.779433
09/17/2010 06:00:00,        26.785500
09/17/2010 07:00:00,        23.617325
09/17/2010 08:00:00,        19.620922
09/17/2010 09:00:00,        16.252039
09/17/2010 10:00:00,        13.257100
09/17/2010 11:00:00,        10.869922
09/17/2010 12:00:00,         8.561345
09/17/2010 13:00:00,         6.755549
09/17/2010 14:00:00,         5.412806
09/17/2010 15:00:00,         3.987316
09/17/2010 16:00:00,         2.418096
09/17/2010 17:00:00,         1.675563
09/17/2010 18:00:00,         1.682616
09/17/2010 19:00:00,         1.672199
09/17/2010 20:00:00,         1.895149
09/17/2010 21:00:00,         2.167810
09/17/2010 22:00:00,         2.531039
09/17/2010 23:00:00,         2.962890
09/18/2010 00:00:00,         3.531555
09/18/2010 01:00:00,        28.565401
09/18/2010 02:00:00,        30.783664
09/18/2010 03:00:00,        32.683760
09/18/2010 04:00:00,        34.597542
09/18/2010 05:00:00,        35.509078
09/18/2010 06:00:00,        36.337530
09/18/2010 07:00:00,        36.826866
09/18/2010 08:00:00,        39.356779
09/18/2010 09:00:00,        41.344593
09/18/2010 10:00:00,        41.733297
09/18/2010 11:00:00,        41.501980
09/18/2010 12:00:00,        39.996803
09/18/2010 13:00:00,        37.616698
09/18/2010 14:00:00,        34.786899
09/18/2010 15:00:00,        31.855179
09/18/2010 16:00:00,        27.887713
09/18/2010 17:00:00,        24.211677
09/18/2010 18:00:00,        20.203288
09/18/2010 19:00:00,        17.434390
09/18/2010 20:00:00,        14.806792
09/18/2010 21:00:00,        12.675053
09/18/2010 22:00:00,        10.403622
09/18/2010 23:00:00,         8.217935
09/19/2010 00:00:00,         7.258594
09/19/2010 01:00:00,        10.951462
09/19/2010 02:00:00,        10.660287
09/19/2010 03:00:00,         9.721953
09/19/2010 04:00:00,         8.795672
09/19/2010 05:00:00,         8.288058
09/19/2010 06:00:00,         7.730516
09/19/2010 07:00:00,         7.006348
09/19/2010 08:00:00,         6.170956
09/19/2010 09:00:00,         5.085189
09/19/2010 10:00:00,         4.331672
09/19/2010 11:00:00,         3.570080
09/19/2010 12:00:00,         2.835237
09/19/2010 13:00:00,         2.094360
09/19/2010 14:00:00,         1.257458
09/19/2010 15:00:00,         0.750857
09/19/2010 16:00:00,         0.371604
09/19/2010 17:00:00,         0.365355
09/19/2010 18:00:00,         0.379417
09/19/2010 19:00:00,         0.445200
09/19/2010 20:00:00,         0.505507
09/19/2010 21:00:00,         0.578362
09/19/2010 22:00:00,         0.687963
09/19/2010 23:00:00,         0.796648
09/20/2010 00:00:00,         0.855411
09/20/2010 01:00:00,         0.967864
09/20/2010 02:00:00,         1.152750
09/20/2010 03:00:00,         1.411869
09/20/2010 04:00:00,         1.537949
09/20/2010 05:00:00,         1.451610
09/20/2010 06:00:00,         1.547079
09/20/2010 07:00:00,         1.740534
09/20/2010 08:00:00,         2.023640
09/20/2010 09:00:00,         1.532636
09/20/2010 10:00:00,         1.246892
09/20/2010 11:00:00,         1.172847
09/20/2010 12:00:00,         1.156625
09/20/2010 13:00:00,         1.078401
09/20/2010 14:00:00,         0.873281
09/20/2010 15:00:00,         0.743116
09/20/2010 16:00:00,         0.707649
09/20/2010 17:00:00,         0.813815
09/20/2010 18:00:00,         0.710036
09/20/2010 19:00:00,         0.662184
09/20/2010 20:00:00,         0.654399
09/20/2010 21:00:00,         0.736231
09/20/2010 22:00:00,         0.893774
09/20/2010 23:00:00,         1.203933
09/21/2010 00:00:00,         1.926676
09/21/2010 01:00:00,        22.579089
09/21/2010 02:00:00,        27.834110
09/21/2010 03:00:00,        33.145626
09/21/2010 04:00:00,        38.393281
09/21/2010 05:00:00,        43.563399
09/21/2010 06:00:00,        48.344402
09/21/2010 07:00:00,        54.204672
09/21/2010 08:00:00,        62.376312
09/21/2010 09:00:00,        70.074714
09/21/2010 10:00:00,        76.765234
09/21/2010 11:00:00,        83.351158
09/21/2010 12:00:00,        88.539032
09/21/2010 13:00:00,        91.148740
09/21/2010 14:00:00,        92.268023
09/21/2010 15:00:00,        93.919773
09/21/2010 16:00:00,        94.749473
09/21/2010 17:00:00,        94.460683
09/21/2010 18:00:00,        93.790206
09/21/2010 19:00:00,        93.677590
09/21/2010 20:00:00,        93.492047
09/21/2010 21:00:00,        92.415887
09/21/2010 22:00:00,        91.267181
09/21/2010 23:00:00,        89.369548
09/22/2010 00:00:00,        88.577150
09/22/2010 01:00:00,        66.343026
09/22/2010 02:00:00,        61.550548
09/22/2010 03:00:00,        55.389688
09/22/2010 04:00:00,        47.141866
09/22/2010 05:00:00,        43.799850
09/22/2010 06:00:00,        40.469103
09/22/2010 07:00:00,        36.234969
09/22/2010 08:00:00,        32.905773
09/22/2010 09:00:00,        28.731931
09/22/2010 10:00:00,        25.459548
09/22/2010 11:00:00,        19.985567
09/22/2010 12:00:00,        14.732692
09/22/2010 13:00:00,        10.339125
09/22/2010 14:00:00,         8.014348
09/22/2010 15:00:00,         6.871731
09/22/2010 16:00:00,         7.025806
09/22/2010 17:00:00,         6.964087
09/22/2010 18:00:00,         6.166296
09/22/2010 19:00:00,         6.346610
09/22/2010 20:00:00,         6.032912
09/22/2010 21:00:00,         5.900249
09/22/2010 22:00:00,         5.598522
09/22/2010 23:00:00,         5.121599
09/23/2010 00:00:00,         4.547851
09/23/2010 01:00:00,         1.624564
09/23/2010 02:00:00,         2.289432
09/23/2010 03:00:00,         3.233642
09/23/2010 04:00:00,         5.615062
09/23/2010 05:00:00,         6.206439
09/23/2010 06:00:00,         8.504237
09/23/2010 07:00:00,         9.256180
09/23/2010 08:00:00,        11.687848
09/23/2010 09:00:00,        13.717836
09/23/2010 10:00:00,        15.892924
09/23/2010 11:00:00,        23.342583
09/23/2010 12:00:00,        27.233369
09/23/2010 13:00:00,        29.246179
09/23/2010 14:00:00,        32.002449
09/23/2010 15:00:00,        34.517848
09/23/2010 16:00:00,        36.098289
09/23/2010 17:00:00,        40.072975
09/23/2010 18:00:00,        46.092269
09/23/2010 19:00:00,        48.759387
09/23/2010 20:00:00,        52.325568
09/23/2010 21:00:00,        54.932281
09/23/2010 22:00:00,        58.733292
09/23/2010 23:00:00,        63.316444
09/24/2010 00:00:00,        62.881719
09/24/2010 01:00:00,        93.046369
09/24/2010 02:00:00,        93.297335
09/24/2010 03:00:00,        94.253313
09/24/2010 04:00:00,        94.991667
09/24/2010 05:00:00,        95.549466
09/24/2010 06:00:00,        95.615630
09/24/2010 07:00:00,        95.718131
09/24/2010 08:00:00,        95.923760
09/24/2010 09:00:00,        95.967401
09/24/2010 10:00:00,        95.984303
09/24/2010 11:00:00,        95.993608
09/24/2010 12:00:00,        95.996754
09/24/2010 13:00:00,        95.994056
09/24/2010 14:00:00,        95.973823
09/24/2010 15:00:00,        95.708691
09/24/2010 16:00:00,        95.688144
09/24/2010 17:00:00,        95.687490
09/24/2010 18:00:00,        95.687215
09/24/2010 19:00:00,        95.663255
09/24/2010 20:00:00,        95.623380
09/24/2010 21:00:00,        95.587610
09/24/2010 22:00:00,        95.550324
09/24/2010 23:00:00,        95.292174
09/25/2010 00:00:00,        95.349628
09/25/2010 01:00:00,        95.804547
09/25/2010 02:00:00,        95.790475
09/25/2010 03:00:00,        95.763851
09/25/2010 04:00:00,        95.724225
09/25/2010 05:00:00,        95.711631
09/25/2010 06:00:00,        95.641868
09/25/2010 07:00:00,        95.394180
09/25/2010 08:00:00,        95.453605
09/25/2010 09:00:00,        95.179376
09/25/2010 10:00:00,        94.632890
09/25/2010 11:00:00,        93.389310
09/25/2010 12:00:00,        91.726018
09/25/2010 13:00:00,        90.011377
09/25/2010 14:00:00,        88.594528
09/25/2010 15:00:00,        86.273275
09/25/2010 16:00:00,        84.749968
09/25/2010 17:00:00,        83.274895
09/25/2010 18:00:00,        81.702195
09/25/2010 19:00:00,        80.527200
09/25/2010 20:00:00,        79.147810
09/25/2010 21:00:00,        76.374397
09/25/2010 22:00:00,        73.562341
09/25/2010 23:00:00,        71.526523
09/26/2010 00:00:00,        69.275894
09/26/2010 01:00:00,        59.193702
09/26/2010 02:00:00,        57.217158
09/26/2010 03:00:00,        56.116407
09/26/2010 04:00:00,        53.633569
09/26/2010 05:00:00,        53.348408
09/26/2010 06:00:00,        52.210391
09/26/2010 07:00:00,        51.799664
09/26/2010 08:00:00,        49.227507
09/26/2010 09:00:00,        46.253869
09/26/2010 10:00:00,        42.729248
09/26/2010 11:00:00,        39.338022
09/26/2010 12:00:00,        35.305156
09/26/2010 13:00:00,        31.772743
09/26/2010 14:00:00,        29.523033
09/26/2010 15:00:00,        27.084001
09/26/2010 16:00:00,        23.843036
09/26/2010 17:00:00,        21.195534
09/26/2010 18:00:00,        17.151747
09/26/2010 19:00:00,        14.345684
09/26/2010 20:00:00,        11.445192
09/26/2010 21:00:00,         9.886793
09/26/2010 22:00:00,         8.470898
09/26/2010 23:00:00,         7.699289
09/27/2010 00:00:00,         6.593597
09/27/2010 01:00:00,         1.620841
09/27/2010 02:00:00,         1.562680
09/27/2010 03:00:00,         1.402252
09/27/2010 04:00:00,         1.295704
09/27/2010 05:00:00,         1.430287
09/27/2010 06:00:00,         1.696766
09/27/2010 07:00:00,         1.931904
09/27/2010 08:00:00,         1.912854
09/27/2010 09:00:00,         1.631559
09/27/2010 10:00:00,         1.578962
09/27/2010 11:00:00,         1.651030
09/27/2010 12:00:00,         2.660956
09/27/2010 13:00:00,         3.274332
09/27/2010 14:00:00,         3.661442
09/27/2010 15:00:00,         3.635587
09/27/2010 16:00:00,         4.016868
09/27/2010 17:00:00,         5.170031
09/27/2010 18:00:00,         6.351942
09/27/2010 19:00:00,         6.451620
09/27/2010 20:00:00,         6.688080
09/27/2010 21:00:00,         7.235806
09/27/2010 22:00:00,         8.206123
09/27/2010 23:00:00,         9.417870
09/28/2010 00:00:00,        10.822744
09/28/2010 01:00:00,        12.953817
09/28/2010 02:00:00,        15.413002
09/28/2010 03:00:00,        17.061407
09/28/2010 04:00:00,        18.507628
09/28/2010 05:00:00,        21.158047
09/28/2010 06:00:00,        24.725083
09/28/2010 07:00:00,        28.671953
09/28/2010 08:00:00,        34.227506
09/28/2010 09:00:00,        39.270027
09/28/2010 10:00:00,        44.903993
09/28/2010 11:00:00,        50.429286
09/28/2010 12:00:00,        56.473557
09/28/2010 13:00:00,        62.010103
09/28/2010 14:00:00,        67.048308
09/28/2010 15:00:00,        69.668556
09/28/2010 16:00:00,        73.583007
09/28/2010 17:00:00,        77.595572
09/28/2010 18:00:00,        80.690243
09/28/2010 19:00:00,        81.801650
09/28/2010 20:00:00,        82.135343
09/28/2010 21:00:00,        81.478772
09/28/2010 22:00:00,        80.467935
09/28/2010 23:00:00,        79.209779
09/29/2010 00:00:00,        79.394926
09/29/2010 01:00:00,        15.172087
09/29/2010 02:00:00,        15.641450
09/29/2010 03:00:00,        14.637617
09/29/2010 04:00:00,        13.298353
09/29/2010 05:00:00,        12.556026
09/29/2010 06:00:00,        11.506650
09/29/2010 07:00:00,        10.426231
09/29/2010 08:00:00,         9.615405
09/29/2010 09:00:00,         9.804082
09/29/2010 10:00:00,        10.930920
09/29/2010 11:00:00,        13.144908
09/29/2010 12:00:00,        15.484554
09/29/2010 13:00:00,        18.286295
09/29/2010 14:00:00,        20.106273
09/29/2010 15:00:00,        22.439017
09/29/2010 16:00:00,        25.466490
09/29/2010 17:00:00,        28.127414
09/29/2010 18:00:00,        31.145739
09/29/2010 19:00:00,        33.543317
09/29/2010 20:00:00,        36.645095
09/29/2010 21:00:00,        40.095938
09/29/2010 22:00:00,        43.232392
09/29/2010 23:00:00,        46.422603
09/30/2010 00:00:00,        50.080715
09/30/2010 01:00:00,        69.674583
09/30/2010 02:00:00,        69.788367
09/30/2010 03:00:00,        69.970976
09/30/2010 04:00:00,        68.856206
09/30/2010 05:00:00,        66.100739
09/30/2010 06:00:00,        64.527347
09/30/2010 07:00:00,        61.682001
09/30/2010 08:00:00,        57.903617
09/30/2010 09:00:00,        51.602965
09/30/2010 10:00:00,        44.136691
09/30/2010 11:00:00,        39.810967
09/30/2010 12:00:00,        34.410549
09/30/2010 13:00:00,        29.516824
09/30/2010 14:00:00,        26.958690
09/30/2010 15:00:00,        25.633659
09/30/2010 16:00:00,        26.479019
09/30/2010 17:00:00,        29.297244
09/30/2010 18:00:00,        29.568486
09/30/2010 19:00:00,        30.917711
09/30/2010 20:00:00,        33.508262
09/30/2010 21:00:00,        36.878749
09/30/2010 22:00:00,        41.819725
09/30/2010 23:00:00,        48.041876
10/01/2010 00:00:00,        86.618125
10/01/2010 01:00:00,        86.988051
10/01/2010 02:00:00,        87.649187
10/01/2010 03:00:00,        87.330297
10/01/2010 04:00:00,        85.720645
10/01/2010 05:00:00,        83.493712
10/01/2010 06:00:00,        80.381168
10/01/2010 07:00:00,        76.287258
10/01/2010 08:00:00,        72.101071
10/01/2010 09:00:00,        67.322737
10/01/2010 10:00:00,        62.124406
10/01/2010 11:00:00,        56.878505
10/01/2010 12:00:00,        52.101844
10/01/2010 13:00:00,        47.170580
10/01/2010 14:00:00,        43.189575
10/01/2010 15:00:00,        39.006407
10/01/2010 16:00:00,        35.080575
10/01/2010 17:00:00,        31.852950
10/01/2010 18:00:00,        29.659520
10/01/2010 19:00:00,        29.499282
10/01/2010 20:00:00,        28.346443
10/01/2010 21:00:00,        26.702391
10/01/2010 22:00:00,        26.238396
10/01/2010 23:00:00,        25.892052
10/02/2010 00:00:00,        25.184208
10/02/2010 01:00:00,        16.592957
10/02/2010 02:00:00,        16.847559
10/02/2010 03:00:00,        16.389769
10/02/2010 04:00:00,        16.629150
10/02/2010 05:00:00,        16.408554
10/02/2010 06:00:00,        16.240197
10/02/2010 07:00:00,        16.612711
10/02/2010 08:00:00,        16.505756
10/02/2010 09:00:00,        16.892134
10/02/2010 10:00:00,        17.841604
10/02/2010 11:00:00,        20.203227
10/02/2010 12:00:00,        25.349457
10/02/2010 13:00:00,        28.526612
10/02/2010 14:00:00,        31.484274
10/02/2010 15:00:00,        34.574983
10/02/2010 16:00:00,        36.924839
10/02/2010 17:00:00,        38.875117
10/02/2010 18:00:00,        39.639445
10/02/2010 19:00:00,        40.992022
10/02/2010 20:00:00,        42.198492
10/02/2010 21:00:00,        44.438818
10/02/2010 22:00:00,        46.501839
10/02/2010 23:00:00,        48.699182
10/03/2010 00:00:00,        49.018085
10/03/2010 01:00:00,        48.310729
10/03/2010 02:00:00,        49.846630
10/03/2010 03:00:00,        50.576499
10/03/2010 04:00:00,        49.802499
10/03/2010 05:00:00,        49.532699
10/03/2010 06:00:00,        48.189799
10/03/2010 07:00:00,        46.656729
10/03/2010 08:00:00,        44.244582
10/03/2010 09:00:00,        41.899963
10/03/2010 10:00:00,        38.821491
10/03/2010 11:00:00,        36.777641
10/03/2010 12:00:00,        34.691218
10/03/2010 13:00:00,        32.334510
10/03/2010 14:00:00,        29.975760
10/03/2010 15:00:00,        27.600823
10/03/2010 16:00:00,        25.175703
10/03/2010 17:00:00,        23.696255
10/03/2010 18:00:00,        24.085969
10/03/2010 19:00:00,        23.389906
10/03/2010 20:00:00,        23.894668
10/03/2010 21:00:00,        25.375795
10/03/2010 22:00:00,        26.283171
10/03/2010 23:00:00,        27.396514
10/04/2010 00:00:00,        27.772409
10/04/2010 01:00:00,        23.609538
10/04/2010 02:00:00,        21.396065
10/04/2010 03:00:00,        19.458985
10/04/2010 04:00:00,        17.619325
10/04/2010 05:00:00,        16.100475
10/04/2010 06:00:00,        15.035513
10/04/2010 07:00:00,        14.226278
10/04/2010 08:00:00,        12.718922
10/04/2010 09:00:00,        11.491393
10/04/2010 10:00:00,        10.636698
10/04/2010 11:00:00,         9.161032
10/04/2010 12:00:00,         7.353446
10/04/2010 13:00:00,         7.040045
10/04/2010 14:00:00,         7.929873
10/04/2010 15:00:00,         9.408955
10/04/2010 16:00:00,        10.688987
10/04/2010 17:00:00,        11.600827
10/04/2010 18:00:00,        12.905015
10/04/2010 19:00:00,        13.726346
10/04/2010 20:00:00,        15.330002
10/04/2010 21:00:00,        16.263088
10/04/2010 22:00:00,        17.343633
10/04/2010 23:00:00,        18.547288
10/05/2010 00:00:00,        19.790542
10/05/2010 01:00:00,        13.946793
10/05/2010 02:00:00,        14.132911
10/05/2010 03:00:00,        15.908284
10/05/2010 04:00:00,        16.693074
10/05/2010 05:00:00,        17.821246
10/05/2010 06:00:00,        18.860946
10/05/2010 07:00:00,        19.067908
10/05/2010 08:00:00,        19.370075
10/05/2010 09:00:00,        19.377883
10/05/2010 10:00:00,        19.976207
10/05/2010 11:00:00,        20.565042
10/05/2010 12:00:00,        20.369462
10/05/2010 13:00:00,        20.752588
10/05/2010 14:00:00,        22.283594
10/05/2010 15:00:00,        23.377183
10/05/2010 16:00:00,        23.236991
10/05/2010 17:00:00,        23.478258
10/05/2010 18:00:00,        23.394195
10/05/2010 19:00:00,        23.411340
10/05/2010 20:00:00,        24.121258
10/05/2010 21:00:00,        25.188981
10/05/2010 22:00:00,        26.607573
10/05/2010 23:00:00,        27.659612
10/06/2010 00:00:00,        28.394847
10/06/2010 01:00:00,        30.551654
10/06/2010 02:00:00,        30.927938
10/06/2010 03:00:00,        29.046656
10/06/2010 04:00:00,        28.320652
10/06/2010 05:00:00,        26.798858
10/06/2010 06:00:00,        25.679181
10/06/2010 07:00:00,        23.984633
10/06/2010 08:00:00,        21.597392
10/06/2010 09:00:00,        19.401913
10/06/2010 10:00:00,        17.392730
10/06/2010 11:00:00,        14.789847
10/06/2010 12:00:00,        12.887846
10/06/2010 13:00:00,        11.337823
10/06/2010 14:00:00,         9.699023
10/06/2010 15:00:00,         8.427804
10/06/2010 16:00:00,         7.829368
10/06/2010 17:00:00,         7.387214
10/06/2010 18:00:00,         5.977766
10/06/2010 19:00:00,         5.196307
10/06/2010 20:00:00,         5.071252
10/06/2010 21:00:00,         5.518025
10/06/2010 22:00:00,         6.179703
10/06/2010 23:00:00,         7.077461
10/07/2010 00:00:00,         8.848780
10/07/2010 01:00:00,        15.585139
10/07/2010 02:00:00,        22.866075
10/07/2010 03:00:00,        29.979071
10/07/2010 04:00:00,        35.859539
10/07/2010 05:00:00,        41.617258
10/07/2010 06:00:00,        46.865619
10/07/2010 07:00:00,        53.144065
10/07/2010 08:00:00,        59.647575
10/07/2010 09:00:00,        66.249950
10/07/2010 10:00:00,        72.531890
10/07/2010 11:00:00,        78.130744
10/07/2010 12:00:00,        83.464263
10/07/2010 13:00:00,        86.031147
10/07/2010 14:00:00,        88.620825
10/07/2010 15:00:00,        89.016048
10/07/2010 16:00:00,        88.677736
10/07/2010 17:00:00,        88.646112
10/07/2010 18:00:00,        88.349105
10/07/2010 19:00:00,        88.463625
10/07/2010 20:00:00,        88.277052
10/07/2010 21:00:00,        87.793901
10/07/2010 22:00:00,        87.630997
10/07/2010 23:00:00,        87.716921
10/08/2010 00:00:00,        87.873378
10/08/2010 01:00:00,        48.475945
10/08/2010 02:00:00,        48.513954
10/08/2010 03:00:00,        49.403225
10/08/2010 04:00:00,        50.311701
10/08/2010 05:00:00,        51.039504
10/08/2010 06:00:00,        51.262977
10/08/2010 07:00:00,        51.090384
10/08/2010 08:00:00,        50.768159
10/08/2010 09:00:00,        50.522837
10/08/2010 10:00:00,        50.794227
10/08/2010 11:00:00,        50.484504
10/08/2010 12:00:00,        50.418408
10/08/2010 13:00:00,        50.196393
10/08/2010 14:00:00,        49.249099
10/08/2010 15:00:00,        47.719177
10/08/2010 16:00:00,        44.994567
10/08/2010 17:00:00,        41.678841
10/08/2010 18:00:00,        38.084804
10/08/2010 19:00:00,        35.795976
10/08/2010 20:00:00,        33.557444
10/08/2010 21:00:00,        30.507480
10/08/2010 22:00:00,        28.402983
10/08/2010 23:00:00,        26.899815
10/09/2010 00:00:00,        25.588588
10/09/2010 01:00:00,        24.165199
10/09/2010 02:00:00,        24.828119
10/09/2010 03:00:00,        30.340134
10/09/2010 04:00:00,        34.000673
10/09/2010 05:00:00,        35.393609
10/09/2010 06:00:00,        35.805227
10/09/2010 07:00:00,        36.768379
10/09/2010 08:00:00,        38.666465
10/09/2010 09:00:00,        41.962792
10/09/2010 10:00:00,        41.400184
10/09/2010 11:00:00,        41.190187
10/09/2010 12:00:00,        40.583385
10/09/2010 13:00:00,        38.706531
10/09/2010 14:00:00,        34.749238
10/09/2010 15:00:00,        30.356148
10/09/2010 16:00:00,        25.047505
10/09/2010 17:00:00,        20.588959
10/09/2010 18:00:00,        16.965470
10/09/2010 19:00:00,        13.928951
10/09/2010 20:00:00,        11.690862
10/09/2010 21:00:00,        10.648038
10/09/2010 22:00:00,        10.026359
10/09/2010 23:00:00,         9.975754
10/10/2010 00:00:00,        10.198081
10/10/2010 01:00:00,         6.702732
10/10/2010 02:00:00,         8.101902
10/10/2010 03:00:00,        10.090309
10/10/2010 04:00:00,        11.500161
10/10/2010 05:00:00,        12.312595
10/10/2010 06:00:00,        13.304594
10/10/2010 07:00:00,        13.821041
10/10/2010 08:00:00,        14.929338
10/10/2010 09:00:00,        16.665729
10/10/2010 10:00:00,        17.861161
10/10/2010 11:00:00,        18.414436
10/10/2010 12:00:00,        18.957438
10/10/2010 13:00:00,        19.341210
10/10/2010 14:00:00,        18.427871
10/10/2010 15:00:00,        17.489964
10/10/2010 16:00:00,        15.224314
10/10/2010 17:00:00,        12.887897
10/10/2010 18:00:00,        11.268573
10/10/2010 19:00:00,         9.962698
10/10/2010 20:00:00,         9.128791
10/10/2010 21:00:00,         8.157078
10/10/2010 22:00:00,         7.126773
10/10/2010 23:00:00,         6.542389
10/11/2010 00:00:00,         6.029723
10/11/2010 01:00:00,         1.554019
10/11/2010 02:00:00,         3.575507
10/11/2010 03:00:00,         4.908818
10/11/2010 04:00:00,         6.352732
10/11/2010 05:00:00,         7.382954
10/11/2010 06:00:00,         8.582107
10/11/2010 07:00:00,         9.212475
10/11/2010 08:00:00,         9.482822
10/11/2010 09:00:00,         9.834350
10/11/2010 10:00:00,         9.756947
10/11/2010 11:00:00,         9.904862
10/11/2010 12:00:00,        10.049591
10/11/2010 13:00:00,        10.015951
10/11/2010 14:00:00,        10.643893
10/11/2010 15:00:00,         9.835826
10/11/2010 16:00:00,         8.778576
10/11/2010 17:00:00,         8.381160
10/11/2010 18:00:00,         7.934919
10/11/2010 19:00:00,         7.055943
10/11/2010 20:00:00,         6.581778
10/11/2010 21:00:00,         6.864394
10/11/2010 22:00:00,         7.057927
10/11/2010 23:00:00,         7.863696
10/12/2010 00:00:00,         8.759402
10/12/2010 01:00:00,        12.542349
10/12/2010 02:00:00,        11.656102
10/12/2010 03:00:00,        11.486975
10/12/2010 04:00:00,        11.569210
10/12/2010 05:00:00,        11.163388
10/12/2010 06:00:00,        10.608505
10/12/2010 07:00:00,        10.061662
10/12/2010 08:00:00,         9.027623
10/12/2010 09:00:00,         8.042909
10/12/2010 10:00:00,         6.822103
10/12/2010 11:00:00,         6.713925
10/12/2010 12:00:00,         5.616251
10/12/2010 13:00:00,         5.146216
10/12/2010 14:00:00,         4.890754
10/12/2010 15:00:00,         4.586582
10/12/2010 16:00:00,         4.185722
10/12/2010 17:00:00,         3.623837
10/12/2010 18:00:00,         3.411887
10/12/2010 19:00:00,         3.121071
10/12/2010 20:00:00,         2.732060
10/12/2010 21:00:00,         2.648852
10/12/2010 22:00:00,         2.539369
10/12/2010 23:00:00,         2.323250
10/13/2010 00:00:00,         2.334564
10/13/2010 01:00:00,         2.260966
10/13/2010 02:00:00,         4.114433
10/13/2010 03:00:00,         5.989648
10/13/2010 04:00:00,         8.813573
10/13/2010 05:00:00,        11.477591
10/13/2010 06:00:00,        14.018449
10/13/2010 07:00:00,        16.903996
10/13/2010 08:00:00,        21.039760
10/13/2010 09:00:00,        24.766554
10/13/2010 10:00:00,        28.186350
10/13/2010 11:00:00,        30.801610
10/13/2010 12:00:00,        32.968514
10/13/2010 13:00:00,        34.562030
10/13/2010 14:00:00,        35.682142
10/13/2010 15:00:00,        35.742421
10/13/2010 16:00:00,        35.654179
10/13/2010 17:00:00,        34.682096
10/13/2010 18:00:00,        33.366648
10/13/2010 19:00:00,        31.945354
10/13/2010 20:00:00,        30.166950
10/13/2010 21:00:00,        27.915339
10/13/2010 22:00:00,        26.208652
10/13/2010 23:00:00,        26.446645
10/14/2010 00:00:00,        26.069490
10/14/2010 01:00:00,        14.463523
10/14/2010 02:00:00,        16.624878
10/14/2010 03:00:00,        18.443635
10/14/2010 04:00:00,        19.747010
10/14/2010 05:00:00,        20.257392
10/14/2010 06:00:00,        21.613158
10/14/2010 07:00:00,        22.963871
10/14/2010 08:00:00,        23.803137
10/14/2010 09:00:00,        25.014021
10/14/2010 10:00:00,        26.108341
10/14/2010 11:00:00,        26.316871
10/14/2010 12:00:00,        25.634789
10/14/2010 13:00:00,        24.644046
10/14/2010 14:00:00,        23.746032
10/14/2010 15:00:00,        21.870603
10/14/2010 16:00:00,        20.128757
10/14/2010 17:00:00,        18.114281
10/14/2010 18:00:00,        16.089040
10/14/2010 19:00:00,        14.792133
10/14/2010 20:00:00,        13.445189
10/14/2010 21:00:00,        11.982160
10/14/2010 22:00:00,        10.205104
10/14/2010 23:00:00,         8.109202
10/15/2010 00:00:00,         7.134474
10/15/2010 01:00:00,         0.831152
10/15/2010 02:00:00,         0.768060
10/15/2010 03:00:00,         0.806215
10/15/2010 04:00:00,         1.482390
10/15/2010 05:00:00,         2.442297
10/15/2010 06:00:00,         3.027944
10/15/2010 07:00:00,         4.805812
10/15/2010 08:00:00,         7.982672
10/15/2010 09:00:00,        12.641754
10/15/2010 10:00:00,        18.061163
10/15/2010 11:00:00,        23.999647
10/15/2010 12:00:00,        30.146279
10/15/2010 13:00:00,        36.795118
10/15/2010 14:00:00,        43.573736
10/15/2010 15:00:00,        50.674404
10/15/2010 16:00:00,        56.816504
10/15/2010 17:00:00,        62.428380
10/15/2010 18:00:00,        67.760013
10/15/2010 19:00:00,        72.813892
10/15/2010 20:00:00,        77.742447
10/15/2010 21:00:00,        80.989133
10/15/2010 22:00:00,        81.767677
10/15/2010 23:00:00,        82.465965
10/16/2010 00:00:00,        82.731495
10/16/2010 01:00:00,        50.000443
10/16/2010 02:00:00,        46.773815
10/16/2010 03:00:00,        43.613238
10/16/2010 04:00:00,        40.865957
10/16/2010 05:00:00,        37.406554
10/16/2010 06:00:00,        36.093529
10/16/2010 07:00:00,        33.200957
10/16/2010 08:00:00,        28.267191
10/16/2010 09:00:00,        23.618736
10/16/2010 10:00:00,        18.316365
10/16/2010 11:00:00,        15.158920
10/16/2010 12:00:00,        11.938937
10/16/2010 13:00:00,        10.190677
10/16/2010 14:00:00,         9.943902
10/16/2010 15:00:00,        10.092748
10/16/2010 16:00:00,        10.513790
10/16/2010 17:00:00,        11.543955
10/16/2010 18:00:00,        14.247252
10/16/2010 19:00:00,        14.733453
10/16/2010 20:00:00,        15.510553
10/16/2010 21:00:00,        16.775851
10/16/2010 22:00:00,        18.983920
10/16/2010 23:00:00,        21.674292
10/17/2010 00:00:00,        24.981410
10/17/2010 01:00:00,        55.190064
10/17/2010 02:00:00,        57.486535
10/17/2010 03:00:00,        58.536628
10/17/2010 04:00:00,        58.542267
10/17/2010 05:00:00,        60.731910
10/17/2010 06:00:00,        63.423440
10/17/2010 07:00:00,        62.299974
10/17/2010 08:00:00,        62.863072
10/17/2010 09:00:00,        67.175379
10/17/2010 10:00:00,        66.948052
10/17/2010 11:00:00,        68.825221
10/17/2010 12:00:00,        69.094081
10/17/2010 13:00:00,        69.299544
10/17/2010 14:00:00,        68.549160
10/17/2010 15:00:00,        68.147024
10/17/2010 16:00:00,        68.903127
10/17/2010 17:00:00,        69.875191
10/17/2010 18:00:00,        69.722342
10/17/2010 19:00:00,        69.671988
10/17/2010 20:00:00,        69.914404
10/17/2010 21:00:00,        72.000896
10/17/2010 22:00:00,        70.387999
10/17/2010 23:00:00,        69.307652
10/18/2010 00:00:00,        68.039599
10/18/2010 01:00:00,        67.547786
10/18/2010 02:00:00,        67.070230
10/18/2010 03:00:00,        63.887708
10/18/2010 04:00:00,        59.532071
10/18/2010 05:00:00,        56.852140
10/18/2010 06:00:00,        54.412277
10/18/2010 07:00:00,        50.593503
10/18/2010 08:00:00,        50.918452
10/18/2010 09:00:00,        44.521335
10/18/2010 10:00:00,        39.919551
10/18/2010 11:00:00,        38.209489
10/18/2010 12:00:00,        33.388056
10/18/2010 13:00:00,        30.153934
10/18/2010 14:00:00,        26.708932
10/18/2010 15:00:00,        24.100333
10/18/2010 16:00:00,        22.395916
10/18/2010 17:00:00,        20.000450
10/18/2010 18:00:00,        18.388781
10/18/2010 19:00:00,        19.208559
10/18/2010 20:00:00,        20.242787
10/18/2010 21:00:00,        20.565282
10/18/2010 22:00:00,        22.055194
10/18/2010 23:00:00,        23.183301
10/19/2010 00:00:00,        20.927460
10/19/2010 01:00:00,         3.493714
10/19/2010 02:00:00,         5.988049
10/19/2010 03:00:00,         7.834845
10/19/2010 04:00:00,         8.826349
10/19/2010 05:00:00,        11.262112
10/19/2010 06:00:00,        17.128925
10/19/2010 07:00:00,        19.614148
10/19/2010 08:00:00,        25.140451
10/19/2010 09:00:00,        30.770010
10/19/2010 10:00:00,        37.135944
10/19/2010 11:00:00,        43.191256
10/19/2010 12:00:00,        50.306949
10/19/2010 13:00:00,        58.464637
10/19/2010 14:00:00,        61.522016
10/19/2010 15:00:00,        64.290813
10/19/2010 16:00:00,        67.194560
10/19/2010 17:00:00,        71.708365
10/19/2010 18:00:00,        74.761326
10/19/2010 19:00:00,        75.834284
10/19/2010 20:00:00,        76.177691
10/19/2010 21:00:00,        76.632854
10/19/2010 22:00:00,        75.868203
10/19/2010 23:00:00,        74.644811
10/20/2010 00:00:00,        72.382592
10/20/2010 01:00:00,        63.246181
10/20/2010 02:00:00,        62.247201
10/20/2010 03:00:00,        62.309928
10/20/2010 04:00:00,        63.645065
10/20/2010 05:00:00,        67.186283
10/20/2010 06:00:00,        67.364599
10/20/2010 07:00:00,        67.938256
10/20/2010 08:00:00,        71.017099
10/20/2010 09:00:00,        72.606757
10/20/2010 10:00:00,        77.017547
10/20/2010 11:00:00,        81.895702
10/20/2010 12:00:00,        85.049529
10/20/2010 13:00:00,        87.821187
10/20/2010 14:00:00,        89.403832
10/20/2010 15:00:00,        91.537467
10/20/2010 16:00:00,        93.036151
10/20/2010 17:00:00,        94.045918
10/20/2010 18:00:00,        94.618077
10/20/2010 19:00:00,        94.929729
10/20/2010 20:00:00,        95.172343
10/20/2010 21:00:00,        94.831385
10/20/2010 22:00:00,        94.161212
10/20/2010 23:00:00,        93.553463
10/21/2010 00:00:00,        93.394202
10/21/2010 01:00:00,        76.608228
10/21/2010 02:00:00,        75.302908
10/21/2010 03:00:00,        75.125115
10/21/2010 04:00:00,        75.778399
10/21/2010 05:00:00,        76.876038
10/21/2010 06:00:00,        75.875002
10/21/2010 07:00:00,        78.202839
10/21/2010 08:00:00,        77.014153
10/21/2010 09:00:00,        76.925384
10/21/2010 10:00:00,        79.158813
10/21/2010 11:00:00,        80.668842
10/21/2010 12:00:00,        80.460069
10/21/2010 13:00:00,        81.114863
10/21/2010 14:00:00,        82.085217
10/21/2010 15:00:00,        83.346291
10/21/2010 16:00:00,        84.241755
10/21/2010 17:00:00,        82.284989
10/21/2010 18:00:00,        82.318995
10/21/2010 19:00:00,        80.588484
10/21/2010 20:00:00,        81.265940
10/21/2010 21:00:00,        82.776658
10/21/2010 22:00:00,        83.237437
10/21/2010 23:00:00,        83.347960
10/22/2010 00:00:00,        81.962336
10/22/2010 01:00:00,        67.380289
10/22/2010 02:00:00,        66.043775
10/22/2010 03:00:00,        65.562325
10/22/2010 04:00:00,        67.282990
10/22/2010 05:00:00,        65.534786
10/22/2010 06:00:00,        65.533800
10/22/2010 07:00:00,        58.670292
10/22/2010 08:00:00,        55.296821
10/22/2010 09:00:00,        55.123265
10/22/2010 10:00:00,        52.425972
10/22/2010 11:00:00,        49.035092
10/22/2010 12:00:00,        45.082374
10/22/2010 13:00:00,        44.194417
10/22/2010 14:00:00,        42.602307
10/22/2010 15:00:00,        41.637290
10/22/2010 16:00:00,        41.325918
10/22/2010 17:00:00,        42.777652
10/22/2010 18:00:00,        41.740952
10/22/2010 19:00:00,        42.339054
10/22/2010 20:00:00,        44.317105
10/22/2010 21:00:00,        46.163426
10/22/2010 22:00:00,        48.256412
10/22/2010 23:00:00,        50.865971
10/23/2010 00:00:00,        52.536793
10/23/2010 01:00:00,        62.196244
10/23/2010 02:00:00,        62.375400
10/23/2010 03:00:00,        59.880671
10/23/2010 04:00:00,        57.008786
10/23/2010 05:00:00,        54.244946
10/23/2010 06:00:00,        51.381364
10/23/2010 07:00:00,        47.911623
10/23/2010 08:00:00,        42.412317
10/23/2010 09:00:00,        37.840385
10/23/2010 10:00:00,        33.234130
10/23/2010 11:00:00,        28.578492
10/23/2010 12:00:00,        24.281939
10/23/2010 13:00:00,        20.408470
10/23/2010 14:00:00,        17.148194
10/23/2010 15:00:00,        12.881359
10/23/2010 16:00:00,        10.463330
10/23/2010 17:00:00,         7.347753
10/23/2010 18:00:00,         5.262304
10/23/2010 19:00:00,         3.262968
10/23/2010 20:00:00,         2.298335
10/23/2010 21:00:00,         2.393239
10/23/2010 22:00:00,         2.923507
10/23/2010 23:00:00,         3.914291
10/24/2010 00:00:00,         5.132147
10/24/2010 01:00:00,        29.702995
10/24/2010 02:00:00,        28.888932
10/24/2010 03:00:00,        29.853959
10/24/2010 04:00:00,        32.341619
10/24/2010 05:00:00,        35.185207
10/24/2010 06:00:00,        36.862348
10/24/2010 07:00:00,        37.991822
10/24/2010 08:00:00,        41.704764
10/24/2010 09:00:00,        42.614469
10/24/2010 10:00:00,        44.246740
10/24/2010 11:00:00,        42.171444
10/24/2010 12:00:00,        40.945683
10/24/2010 13:00:00,        42.371957
10/24/2010 14:00:00,        44.639031
10/24/2010 15:00:00,        48.647151
10/24/2010 16:00:00,        50.970679
10/24/2010 17:00:00,        55.208206
10/24/2010 18:00:00,        57.595872
10/24/2010 19:00:00,        59.260862
10/24/2010 20:00:00,        59.624748
10/24/2010 21:00:00,        62.952495
10/24/2010 22:00:00,        67.133763
10/24/2010 23:00:00,        69.940598
10/25/2010 00:00:00,        74.919612
10/25/2010 01:00:00,        59.561036
10/25/2010 02:00:00,        64.089924
10/25/2010 03:00:00,        64.765899
10/25/2010 04:00:00,        70.264074
10/25/2010 05:00:00,        71.453529
10/25/2010 06:00:00,        73.193086
10/25/2010 07:00:00,        74.179420
10/25/2010 08:00:00,        75.551400
10/25/2010 09:00:00,        82.506366
10/25/2010 10:00:00,        87.126258
10/25/2010 11:00:00,        86.905559
10/25/2010 12:00:00,        86.391022
10/25/2010 13:00:00,        86.014614
10/25/2010 14:00:00,        84.861572
10/25/2010 15:00:00,        84.047058
10/25/2010 16:00:00,        83.220060
10/25/2010 17:00:00,        80.968484
10/25/2010 18:00:00,        78.915937
10/25/2010 19:00:00,        77.603775
10/25/2010 20:00:00,        76.922026
10/25/2010 21:00:00,        75.145480
10/25/2010 22:00:00,        72.734377
10/25/2010 23:00:00,        70.716571
10/26/2010 00:00:00,        70.354691
10/26/2010 01:00:00,        58.210238
10/26/2010 02:00:00,        60.669406
10/26/2010 03:00:00,        64.308095
10/26/2010 04:00:00,        67.299694
10/26/2010 05:00:00,        69.856687
10/26/2010 06:00:00,        72.119905
10/26/2010 07:00:00,        74.478388
10/26/2010 08:00:00,        76.925833
10/26/2010 09:00:00,        80.817199
10/26/2010 10:00:00,        85.560992
10/26/2010 11:00:00,        90.299950
10/26/2010 12:00:00,        92.378913
10/26/2010 13:00:00,        93.565190
10/26/2010 14:00:00,        94.436488
10/26/2010 15:00:00,        95.290663
10/26/2010 16:00:00,        95.666903
10/26/2010 17:00:00,        95.746453
10/26/2010 18:00:00,        95.282761
10/26/2010 19:00:00,        95.277533
10/26/2010 20:00:00,        95.230441
10/26/2010 21:00:00,        95.163057
10/26/2010 22:00:00,        95.077285
10/26/2010 23:00:00,        94.962214
10/27/2010 00:00:00,        94.817765
10/27/2010 01:00:00,        95.962481
10/27/2010 02:00:00,        95.967638
10/27/2010 03:00:00,        95.969372
10/27/2010 04:00:00,        95.964268
10/27/2010 05:00:00,        95.967811
10/27/2010 06:00:00,        95.970776
10/27/2010 07:00:00,        95.973273
10/27/2010 08:00:00,        95.973353
10/27/2010 09:00:00,        95.973891
10/27/2010 10:00:00,        95.975331
10/27/2010 11:00:00,        95.986028
10/27/2010 12:00:00,        95.990796
10/27/2010 13:00:00,        95.991076
10/27/2010 14:00:00,        95.992018
10/27/2010 15:00:00,        95.992834
10/27/2010 16:00:00,        95.993707
10/27/2010 17:00:00,        95.999679
10/27/2010 18:00:00,        95.999888
10/27/2010 19:00:00,        95.996808
10/27/2010 20:00:00,        95.996649
10/27/2010 21:00:00,        95.996519
10/27/2010 22:00:00,        95.996518
10/27/2010 23:00:00,        95.996515
10/28/2010 00:00:00,        95.957540
10/28/2010 01:00:00,        95.953926
10/28/2010 02:00:00,        95.955710
10/28/2010 03:00:00,        95.893113
10/28/2010 04:00:00,        95.953691
10/28/2010 05:00:00,        95.953212
10/28/2010 06:00:00,        95.952731
10/28/2010 07:00:00,        95.150298
10/28/2010 08:00:00,        95.950846
10/28/2010 09:00:00,        95.943764
10/28/2010 10:00:00,        95.921842
10/28/2010 11:00:00,        95.879157
10/28/2010 12:00:00,        95.728605
10/28/2010 13:00:00,        95.625124
10/28/2010 14:00:00,        95.499015
10/28/2010 15:00:00,        95.170416
10/28/2010 16:00:00,        94.926914
10/28/2010 17:00:00,        94.679909
10/28/2010 18:00:00,        94.511989
10/28/2010 19:00:00,        94.041533
10/28/2010 20:00:00,        93.537066
10/28/2010 21:00:00,        93.815727
10/28/2010 22:00:00,        93.541629
10/28/2010 23:00:00,        93.487932
10/29/2010 00:00:00,        93.668755
10/29/2010 01:00:00,        93.828484
10/29/2010 02:00:00,        90.579911
10/29/2010 03:00:00,        89.689284
10/29/2010 04:00:00,        87.185336
10/29/2010 05:00:00,        84.878432
10/29/2010 06:00:00,        81.668992
10/29/2010 07:00:00,        80.198410
10/29/2010 08:00:00,        80.165535
10/29/2010 09:00:00,        80.151117
10/29/2010 10:00:00,        79.990144
10/29/2010 11:00:00,        79.663470
10/29/2010 12:00:00,        79.055625
10/29/2010 13:00:00,        78.010086
10/29/2010 14:00:00,        76.572363
10/29/2010 15:00:00,        77.424452
10/29/2010 16:00:00,        78.424105
10/29/2010 17:00:00,        80.435817
10/29/2010 18:00:00,        82.914791
10/29/2010 19:00:00,        86.026328
10/29/2010 20:00:00,        87.612156
10/29/2010 21:00:00,        86.958057
10/29/2010 22:00:00,        86.663096
10/29/2010 23:00:00,        86.798426
10/30/2010 00:00:00,        87.795227
10/30/2010 01:00:00,        74.394946
10/30/2010 02:00:00,        70.820203
10/30/2010 03:00:00,        68.158312
10/30/2010 04:00:00,        66.012159
10/30/2010 05:00:00,        64.754776
10/30/2010 06:00:00,        64.438050
10/30/2010 07:00:00,        64.828011
10/30/2010 08:00:00,        63.929647
10/30/2010 09:00:00,        63.272804
10/30/2010 10:00:00,        62.625740
10/30/2010 11:00:00,        61.375234
10/30/2010 12:00:00,        60.249015
10/30/2010 13:00:00,        59.769906
10/30/2010 14:00:00,        59.285178
10/30/2010 15:00:00,        58.753271
10/30/2010 16:00:00,        57.229733
10/30/2010 17:00:00,        56.010748
10/30/2010 18:00:00,        54.832269
10/30/2010 19:00:00,        54.043211
10/30/2010 20:00:00,        52.202748
10/30/2010 21:00:00,        49.949944
10/30/2010 22:00:00,        44.637104
10/30/2010 23:00:00,        40.533558
10/31/2010 00:00:00,        37.199118
10/31/2010 01:00:00,        67.457928
10/31/2010 02:00:00,        65.071855
10/31/2010 03:00:00,        63.385861
10/31/2010 04:00:00,        63.248930
10/31/2010 05:00:00,        61.348826
10/31/2010 06:00:00,        60.059161
10/31/2010 07:00:00,        59.876107
10/31/2010 08:00:00,        57.709306
10/31/2010 09:00:00,        56.011345
10/31/2010 10:00:00,        54.870843
10/31/2010 11:00:00,        51.545066
10/31/2010 12:00:00,        49.975178
10/31/2010 13:00:00,        48.099355
10/31/2010 14:00:00,        46.232609
10/31/2010 15:00:00,        43.574405
10/31/2010 16:00:00,        42.313131
10/31/2010 17:00:00,        39.656324
10/31/2010 18:00:00,        38.692090
10/31/2010 19:00:00,        36.121127
10/31/2010 20:00:00,        33.795321
10/31/2010 21:00:00,        31.024134
10/31/2010 22:00:00,        28.219779
10/31/2010 23:00:00,        25.166376
11/01/2010 00:00:00,         9.457512
11/01/2010 01:00:00,         8.106841
11/01/2010 02:00:00,         7.066938
11/01/2010 03:00:00,         5.692044
11/01/2010 04:00:00,         4.870719
11/01/2010 05:00:00,         3.955112
11/01/2010 06:00:00,         3.325960
11/01/2010 07:00:00,         2.197223
11/01/2010 08:00:00,         0.944980
11/01/2010 09:00:00,         0.421795
11/01/2010 10:00:00,         0.169095
11/01/2010 11:00:00,         0.143906
11/01/2010 12:00:00,         0.197274
11/01/2010 13:00:00,         0.327541
11/01/2010 14:00:00,         0.540069
11/01/2010 15:00:00,         0.766075
11/01/2010 16:00:00,         1.188864
11/01/2010 17:00:00,         1.976378
11/01/2010 18:00:00,         2.868969
11/01/2010 19:00:00,         3.172864
11/01/2010 20:00:00,         3.567716
11/01/2010 21:00:00,         4.032710
11/01/2010 22:00:00,         4.603256
11/01/2010 23:00:00,         5.203150
11/02/2010 00:00:00,         5.823536
11/02/2010 01:00:00,         1.714807
11/02/2010 02:00:00,         1.806516
11/02/2010 03:00:00,         1.939771
11/02/2010 04:00:00,         1.980427
11/02/2010 05:00:00,         2.054322
11/02/2010 06:00:00,         1.927627
11/02/2010 07:00:00,         1.741138
11/02/2010 08:00:00,         1.518676
11/02/2010 09:00:00,         1.249989
11/02/2010 10:00:00,         0.869766
11/02/2010 11:00:00,         0.596446
11/02/2010 12:00:00,         0.442678
11/02/2010 13:00:00,         0.347678
11/02/2010 14:00:00,         0.284892
11/02/2010 15:00:00,         0.236092
11/02/2010 16:00:00,         0.188490
11/02/2010 17:00:00,         0.143625
11/02/2010 18:00:00,         0.112376
11/02/2010 19:00:00,         0.072528
11/02/2010 20:00:00,         0.049813
11/02/2010 21:00:00,         0.027001
11/02/2010 22:00:00,         0.026040
11/02/2010 23:00:00,         0.029294
11/03/2010 00:00:00,         0.035469
11/03/2010 01:00:00,        13.128411
11/03/2010 02:00:00,        17.559417
11/03/2010 03:00:00,        20.783787
11/03/2010 04:00:00,        23.200841
11/03/2010 05:00:00,        25.539119
11/03/2010 06:00:00,        27.240537
11/03/2010 07:00:00,        29.539549
11/03/2010 08:00:00,        34.649649
11/03/2010 09:00:00,        39.440178
11/03/2010 10:00:00,        43.532252
11/03/2010 11:00:00,        48.381862
11/03/2010 12:00:00,        52.774780
11/03/2010 13:00:00,        56.752209
11/03/2010 14:00:00,        60.939568
11/03/2010 15:00:00,        63.424400
11/03/2010 16:00:00,        65.270087
11/03/2010 17:00:00,        66.855788
11/03/2010 18:00:00,        68.845299
11/03/2010 19:00:00,        70.992326
11/03/2010 20:00:00,        72.864369
11/03/2010 21:00:00,        73.310701
11/03/2010 22:00:00,        75.217186
11/03/2010 23:00:00,        77.166892
11/04/2010 00:00:00,        76.863528
11/04/2010 01:00:00,        49.928102
11/04/2010 02:00:00,        48.307034
11/04/2010 03:00:00,        48.084023
11/04/2010 04:00:00,        46.444887
11/04/2010 05:00:00,        45.816407
11/04/2010 06:00:00,        46.538358
11/04/2010 07:00:00,        42.964085
11/04/2010 08:00:00,        38.495196
11/04/2010 09:00:00,        34.913326
11/04/2010 10:00:00,        32.023777
11/04/2010 11:00:00,        29.570426
11/04/2010 12:00:00,        28.876307
11/04/2010 13:00:00,        28.158014
11/04/2010 14:00:00,        29.313461
11/04/2010 15:00:00,        29.909532
11/04/2010 16:00:00,        29.461599
11/04/2010 17:00:00,        29.929108
11/04/2010 18:00:00,        29.158722
11/04/2010 19:00:00,        29.337632
11/04/2010 20:00:00,        30.747492
11/04/2010 21:00:00,        32.057093
11/04/2010 22:00:00,        35.921988
11/04/2010 23:00:00,        37.563853
11/05/2010 00:00:00,        38.591211
11/05/2010 01:00:00,        87.451737
11/05/2010 02:00:00,        88.374388
11/05/2010 03:00:00,        89.484205
11/05/2010 04:00:00,        90.569007
11/05/2010 05:00:00,        91.433200
11/05/2010 06:00:00,        91.855608
11/05/2010 07:00:00,        92.021338
11/05/2010 08:00:00,        92.762051
11/05/2010 09:00:00,        92.950781
11/05/2010 10:00:00,        92.991285
11/05/2010 11:00:00,        92.914803
11/05/2010 12:00:00,        92.545491
11/05/2010 13:00:00,        92.171614
11/05/2010 14:00:00,        91.583917
11/05/2010 15:00:00,        90.676965
11/05/2010 16:00:00,        90.060616
11/05/2010 17:00:00,        89.354383
11/05/2010 18:00:00,        88.134976
11/05/2010 19:00:00,        87.106648
11/05/2010 20:00:00,        86.128221
11/05/2010 21:00:00,        85.065460
11/05/2010 22:00:00,        83.834747
11/05/2010 23:00:00,        82.300220
11/06/2010 00:00:00,        80.949833
11/06/2010 01:00:00,        35.175157
11/06/2010 02:00:00,        34.095852
11/06/2010 03:00:00,        29.763313
11/06/2010 04:00:00,        27.636555
11/06/2010 05:00:00,        25.410591
11/06/2010 06:00:00,        23.770357
11/06/2010 07:00:00,        22.298149
11/06/2010 08:00:00,        19.686739
11/06/2010 09:00:00,        16.327622
11/06/2010 10:00:00,        13.532614
11/06/2010 11:00:00,        10.708997
11/06/2010 12:00:00,         8.144911
11/06/2010 13:00:00,         5.789931
11/06/2010 14:00:00,         1.339869
11/06/2010 15:00:00,         2.898948
11/06/2010 16:00:00,         2.127798
11/06/2010 17:00:00,         1.607060
11/06/2010 18:00:00,         1.666171
11/06/2010 19:00:00,         1.178856
11/06/2010 20:00:00,         1.051841
11/06/2010 21:00:00,         1.385375
11/06/2010 22:00:00,         1.982125
11/06/2010 23:00:00,         2.674808
11/07/2010 00:00:00,         3.740137
11/07/2010 01:00:00,        29.365080
11/07/2010 02:00:00,        34.231893
11/07/2010 03:00:00,        38.504450
11/07/2010 04:00:00,        43.118667
11/07/2010 05:00:00,        48.079541
11/07/2010 06:00:00,        51.152402
11/07/2010 07:00:00,        53.536758
11/07/2010 08:00:00,        58.782866
11/07/2010 09:00:00,        63.514360
11/07/2010 10:00:00,        66.206538
11/07/2010 11:00:00,        66.776028
11/07/2010 12:00:00,        67.145455
11/07/2010 13:00:00,        67.238064
11/07/2010 14:00:00,        65.138709
11/07/2010 15:00:00,        61.856606
11/07/2010 16:00:00,        57.461983
11/07/2010 17:00:00,        52.341467
11/07/2010 18:00:00,        47.180251
11/07/2010 19:00:00,        43.886432
11/07/2010 20:00:00,        41.059812
11/07/2010 21:00:00,        38.110825
11/07/2010 22:00:00,        33.953383
11/07/2010 23:00:00,        30.047890
11/08/2010 00:00:00,        27.012177
11/08/2010 01:00:00,        20.818224
11/08/2010 02:00:00,        19.376065
11/08/2010 03:00:00,        17.717404
11/08/2010 04:00:00,        15.973643
11/08/2010 05:00:00,        13.427912
11/08/2010 06:00:00,        11.246804
11/08/2010 07:00:00,         9.927530
11/08/2010 08:00:00,         6.948245
11/08/2010 09:00:00,         3.998036
11/08/2010 10:00:00,         2.194210
11/08/2010 11:00:00,         1.136256
11/08/2010 12:00:00,         0.756056
11/08/2010 13:00:00,         0.458053
11/08/2010 14:00:00,         0.438320
11/08/2010 15:00:00,         0.199119
11/08/2010 16:00:00,         0.279651
11/08/2010 17:00:00,         0.534600
11/08/2010 18:00:00,         1.031065
11/08/2010 19:00:00,         1.354231
11/08/2010 20:00:00,         1.642954
11/08/2010 21:00:00,         1.893580
11/08/2010 22:00:00,         2.149599
11/08/2010 23:00:00,         2.527558
11/09/2010 00:00:00,         2.947553
11/09/2010 01:00:00,        10.563425
11/09/2010 02:00:00,        10.171869
11/09/2010 03:00:00,        10.045334
11/09/2010 04:00:00,         9.969832
11/09/2010 05:00:00,         9.694743
11/09/2010 06:00:00,         9.647078
11/09/2010 07:00:00,         9.441535
11/09/2010 08:00:00,         9.183733
11/09/2010 09:00:00,         8.320871
11/09/2010 10:00:00,         7.251529
11/09/2010 11:00:00,         6.589183
11/09/2010 12:00:00,         6.104351
11/09/2010 13:00:00,         5.680320
11/09/2010 14:00:00,         4.212711
11/09/2010 15:00:00,         3.999206
11/09/2010 16:00:00,         4.360173
11/09/2010 17:00:00,         5.762682
11/09/2010 18:00:00,         7.835694
11/09/2010 19:00:00,         7.994099
11/09/2010 20:00:00,         8.688177
11/09/2010 21:00:00,         9.941541
11/09/2010 22:00:00,        11.318396
11/09/2010 23:00:00,        13.101640
11/10/2010 00:00:00,        15.050945
11/10/2010 01:00:00,        33.648876
11/10/2010 02:00:00,        32.206426
11/10/2010 03:00:00,        31.356779
11/10/2010 04:00:00,        30.377437
11/10/2010 05:00:00,        29.478214
11/10/2010 06:00:00,        28.583608
11/10/2010 07:00:00,        27.780159
11/10/2010 08:00:00,        26.491580
11/10/2010 09:00:00,        24.378325
11/10/2010 10:00:00,        21.366961
11/10/2010 11:00:00,        18.137563
11/10/2010 12:00:00,        15.367524
11/10/2010 13:00:00,        13.301640
11/10/2010 14:00:00,        11.320773
11/10/2010 15:00:00,         9.797533
11/10/2010 16:00:00,         8.483463
11/10/2010 17:00:00,         8.673243
11/10/2010 18:00:00,        10.548541
11/10/2010 19:00:00,        10.715853
11/10/2010 20:00:00,        10.647992
11/10/2010 21:00:00,        10.552914
11/10/2010 22:00:00,        11.815353
11/10/2010 23:00:00,        13.817290
11/11/2010 00:00:00,        16.335501
11/11/2010 01:00:00,        50.814211
11/11/2010 02:00:00,        46.760846
11/11/2010 03:00:00,        43.336810
11/11/2010 04:00:00,        40.859100
11/11/2010 05:00:00,        40.039696
11/11/2010 06:00:00,        39.518280
11/11/2010 07:00:00,        39.130262
11/11/2010 08:00:00,        36.063757
11/11/2010 09:00:00,        30.481839
11/11/2010 10:00:00,        24.481411
11/11/2010 11:00:00,        19.765996
11/11/2010 12:00:00,        16.257104
11/11/2010 13:00:00,        12.968591
11/11/2010 14:00:00,        10.899024
11/11/2010 15:00:00,        10.795292
11/11/2010 16:00:00,        11.790656
11/11/2010 17:00:00,        12.062587
11/11/2010 18:00:00,        13.498197
11/11/2010 19:00:00,        12.823407
11/11/2010 20:00:00,        12.591806
11/11/2010 21:00:00,        12.925490
11/11/2010 22:00:00,        13.780665
11/11/2010 23:00:00,        15.152330
11/12/2010 00:00:00,        16.671808
11/12/2010 01:00:00,        35.731279
11/12/2010 02:00:00,        34.739555
11/12/2010 03:00:00,        35.110943
11/12/2010 04:00:00,        32.935359
11/12/2010 05:00:00,        31.542022
11/12/2010 06:00:00,        29.337444
11/12/2010 07:00:00,        27.021431
11/12/2010 08:00:00,        23.313724
11/12/2010 09:00:00,        18.862638
11/12/2010 10:00:00,        14.611004
11/12/2010 11:00:00,        11.028414
11/12/2010 12:00:00,         8.472231
11/12/2010 13:00:00,         6.259040
11/12/2010 14:00:00,         4.787455
11/12/2010 15:00:00,         3.468469
11/12/2010 16:00:00,         2.613287
11/12/2010 17:00:00,         2.075049
11/12/2010 18:00:00,         1.824761
11/12/2010 19:00:00,         1.510170
11/12/2010 20:00:00,         1.424419
11/12/2010 21:00:00,         1.316542
11/12/2010 22:00:00,         1.291626
11/12/2010 23:00:00,         1.393589
11/13/2010 00:00:00,         1.579934
11/13/2010 01:00:00,         6.248965
11/13/2010 02:00:00,         7.050511
11/13/2010 03:00:00,         7.801255
11/13/2010 04:00:00,         8.787133
11/13/2010 05:00:00,         9.547234
11/13/2010 06:00:00,        10.214643
11/13/2010 07:00:00,        11.742375
11/13/2010 08:00:00,        14.178899
11/13/2010 09:00:00,        15.730539
11/13/2010 10:00:00,        15.946109
11/13/2010 11:00:00,        16.211384
11/13/2010 12:00:00,        15.672622
11/13/2010 13:00:00,        14.732657
11/13/2010 14:00:00,        13.802113
11/13/2010 15:00:00,        13.120485
11/13/2010 16:00:00,        12.591167
11/13/2010 17:00:00,        13.679195
11/13/2010 18:00:00,        15.379004
11/13/2010 19:00:00,        16.206912
11/13/2010 20:00:00,        16.103891
11/13/2010 21:00:00,        15.523901
11/13/2010 22:00:00,        16.664834
11/13/2010 23:00:00,        17.957131
11/14/2010 00:00:00,        19.848937
11/14/2010 01:00:00,        80.566093
11/14/2010 02:00:00,        82.046335
11/14/2010 03:00:00,        83.964887
11/14/2010 04:00:00,        86.172147
11/14/2010 05:00:00,        86.964606
11/14/2010 06:00:00,        87.878619
11/14/2010 07:00:00,        87.875823
11/14/2010 08:00:00,        87.404020
11/14/2010 09:00:00,        85.323154
11/14/2010 10:00:00,        83.860929
11/14/2010 11:00:00,        83.247628
11/14/2010 12:00:00,        82.437797
11/14/2010 13:00:00,        80.895324
11/14/2010 14:00:00,        81.257593
11/14/2010 15:00:00,        81.845539
11/14/2010 16:00:00,        81.209754
11/14/2010 17:00:00,        81.181783
11/14/2010 18:00:00,        82.015145
11/14/2010 19:00:00,        82.192700
11/14/2010 20:00:00,        81.945611
11/14/2010 21:00:00,        83.929226
11/14/2010 22:00:00,        88.488672
11/14/2010 23:00:00,        91.047907
11/15/2010 00:00:00,        91.821523
11/15/2010 01:00:00,        94.981366
11/15/2010 02:00:00,        94.881867
11/15/2010 03:00:00,        95.042958
11/15/2010 04:00:00,        94.807698
11/15/2010 05:00:00,        94.775472
11/15/2010 06:00:00,        93.884959
11/15/2010 07:00:00,        91.855655
11/15/2010 08:00:00,        91.347089
11/15/2010 09:00:00,        91.219649
11/15/2010 10:00:00,        91.034065
11/15/2010 11:00:00,        89.219192
11/15/2010 12:00:00,        86.548839
11/15/2010 13:00:00,        83.330726
11/15/2010 14:00:00,        80.160166
11/15/2010 15:00:00,        77.574858
11/15/2010 16:00:00,        75.084755
11/15/2010 17:00:00,        71.448861
11/15/2010 18:00:00,        68.166083
11/15/2010 19:00:00,        65.896364
11/15/2010 20:00:00,        64.695247
11/15/2010 21:00:00,        62.053900
11/15/2010 22:00:00,        57.973220
11/15/2010 23:00:00,        54.419756
11/16/2010 00:00:00,        48.757666
11/16/2010 01:00:00,        13.553572
11/16/2010 02:00:00,        14.499781
11/16/2010 03:00:00,        15.026078
11/16/2010 04:00:00,        15.643584
11/16/2010 05:00:00,        15.974511
11/16/2010 06:00:00,        17.029541
11/16/2010 07:00:00,        19.071970
11/16/2010 08:00:00,        20.647715
11/16/2010 09:00:00,        20.927843
11/16/2010 10:00:00,        21.849169
11/16/2010 11:00:00,        21.895819
11/16/2010 12:00:00,        21.453995
11/16/2010 13:00:00,        20.108188
11/16/2010 14:00:00,        19.215822
11/16/2010 15:00:00,        18.847103
11/16/2010 16:00:00,        20.046329
11/16/2010 17:00:00,        22.345978
11/16/2010 18:00:00,        24.897354
11/16/2010 19:00:00,        25.477930
11/16/2010 20:00:00,        25.493641
11/16/2010 21:00:00,        26.796167
11/16/2010 22:00:00,        29.391181
11/16/2010 23:00:00,        32.662905
11/17/2010 00:00:00,        36.595538
11/17/2010 01:00:00,        88.177135
11/17/2010 02:00:00,        89.084082
11/17/2010 03:00:00,        90.236668
11/17/2010 04:00:00,        91.334367
11/17/2010 05:00:00,        92.010670
11/17/2010 06:00:00,        92.404184
11/17/2010 07:00:00,        93.154437
11/17/2010 08:00:00,        93.757896
11/17/2010 09:00:00,        94.271250
11/17/2010 10:00:00,        93.882760
11/17/2010 11:00:00,        94.595789
11/17/2010 12:00:00,        94.993935
11/17/2010 13:00:00,        95.250751
11/17/2010 14:00:00,        95.416672
11/17/2010 15:00:00,        95.153201
11/17/2010 16:00:00,        94.788095
11/17/2010 17:00:00,        94.435207
11/17/2010 18:00:00,        93.702463
11/17/2010 19:00:00,        93.348693
11/17/2010 20:00:00,        92.897079
11/17/2010 21:00:00,        92.217035
11/17/2010 22:00:00,        91.283086
11/17/2010 23:00:00,        90.208770
11/18/2010 00:00:00,        88.944738
11/18/2010 01:00:00,        59.396533
11/18/2010 02:00:00,        58.250308
11/18/2010 03:00:00,        56.356257
11/18/2010 04:00:00,        53.605524
11/18/2010 05:00:00,        48.650075
11/18/2010 06:00:00,        45.122784
11/18/2010 07:00:00,        43.109703
11/18/2010 08:00:00,        38.194860
11/18/2010 09:00:00,        33.219929
11/18/2010 10:00:00,        30.669005
11/18/2010 11:00:00,        28.994015
11/18/2010 12:00:00,        30.280982
11/18/2010 13:00:00,        27.994834
11/18/2010 14:00:00,        29.398535
11/18/2010 15:00:00,        26.510861
11/18/2010 16:00:00,        29.146673
11/18/2010 17:00:00,        29.483076
11/18/2010 18:00:00,        31.679207
11/18/2010 19:00:00,        32.666264
11/18/2010 20:00:00,        34.314012
11/18/2010 21:00:00,        35.623988
11/18/2010 22:00:00,        36.541313
11/18/2010 23:00:00,        37.022792
11/19/2010 00:00:00,        36.225963
11/19/2010 01:00:00,        36.253922
11/19/2010 02:00:00,        32.769485
11/19/2010 03:00:00,        29.722471
11/19/2010 04:00:00,        25.853038
11/19/2010 05:00:00,        23.964111
11/19/2010 06:00:00,        21.106113
11/19/2010 07:00:00,        21.815426
11/19/2010 08:00:00,        20.401920
11/19/2010 09:00:00,        21.122100
11/19/2010 10:00:00,        22.622458
11/19/2010 11:00:00,        26.721566
11/19/2010 12:00:00,        31.926330
11/19/2010 13:00:00,        37.339408
11/19/2010 14:00:00,        43.723543
11/19/2010 15:00:00,        50.570066
11/19/2010 16:00:00,        57.579931
11/19/2010 17:00:00,        64.481392
11/19/2010 18:00:00,        71.164262
11/19/2010 19:00:00,        76.816532
11/19/2010 20:00:00,        82.530574
11/19/2010 21:00:00,        87.455612
11/19/2010 22:00:00,        89.911106
11/19/2010 23:00:00,        91.968577
11/20/2010 00:00:00,        93.312929
11/20/2010 01:00:00,        95.101480
11/20/2010 02:00:00,        95.033346
11/20/2010 03:00:00,        95.467607
11/20/2010 04:00:00,        95.349230
11/20/2010 05:00:00,        94.999963
11/20/2010 06:00:00,        94.704280
11/20/2010 07:00:00,        94.080800
11/20/2010 08:00:00,        93.102099
11/20/2010 09:00:00,        92.024132
11/20/2010 10:00:00,        90.741449
11/20/2010 11:00:00,        88.378568
11/20/2010 12:00:00,        84.440205
11/20/2010 13:00:00,        81.027967
11/20/2010 14:00:00,        77.549570
11/20/2010 15:00:00,        72.606411
11/20/2010 16:00:00,        67.043413
11/20/2010 17:00:00,        62.168348
11/20/2010 18:00:00,        55.842225
11/20/2010 19:00:00,        52.329299
11/20/2010 20:00:00,        48.741326
11/20/2010 21:00:00,        44.485940
11/20/2010 22:00:00,        39.348003
11/20/2010 23:00:00,        35.044555
11/21/2010 00:00:00,        31.539424
11/21/2010 01:00:00,        19.567294
11/21/2010 02:00:00,        20.138844
11/21/2010 03:00:00,        21.863538
11/21/2010 04:00:00,        23.424882
11/21/2010 05:00:00,        25.529136
11/21/2010 06:00:00,        28.918756
11/21/2010 07:00:00,        33.650303
11/21/2010 08:00:00,        39.621594
11/21/2010 09:00:00,        45.186323
11/21/2010 10:00:00,        51.062965
11/21/2010 11:00:00,        56.814749
11/21/2010 12:00:00,        62.296554
11/21/2010 13:00:00,        67.058381
11/21/2010 14:00:00,        71.907422
11/21/2010 15:00:00,        76.490638
11/21/2010 16:00:00,        80.435805
11/21/2010 17:00:00,        83.691833
11/21/2010 18:00:00,        86.730389
11/21/2010 19:00:00,        88.625699
11/21/2010 20:00:00,        89.603617
11/21/2010 21:00:00,        89.486599
11/21/2010 22:00:00,        89.480467
11/21/2010 23:00:00,        90.914525
11/22/2010 00:00:00,        92.348741
11/22/2010 01:00:00,        93.463726
11/22/2010 02:00:00,        93.721902
11/22/2010 03:00:00,        94.287015
11/22/2010 04:00:00,        94.645085
11/22/2010 05:00:00,        94.764366
11/22/2010 06:00:00,        94.593989
11/22/2010 07:00:00,        95.020022
11/22/2010 08:00:00,        95.221686
11/22/2010 09:00:00,        95.298570
11/22/2010 10:00:00,        95.326168
11/22/2010 11:00:00,        95.346306
11/22/2010 12:00:00,        95.388938
11/22/2010 13:00:00,        95.119048
11/22/2010 14:00:00,        94.856531
11/22/2010 15:00:00,        94.612787
11/22/2010 16:00:00,        94.538291
11/22/2010 17:00:00,        94.514088
11/22/2010 18:00:00,        94.345952
11/22/2010 19:00:00,        94.053778
11/22/2010 20:00:00,        93.246540
11/22/2010 21:00:00,        93.251208
11/22/2010 22:00:00,        93.556560
11/22/2010 23:00:00,        93.824392
11/23/2010 00:00:00,        94.636553
11/23/2010 01:00:00,        95.229857
11/23/2010 02:00:00,        95.243912
11/23/2010 03:00:00,        95.527802
11/23/2010 04:00:00,        95.656667
11/23/2010 05:00:00,        95.559249
11/23/2010 06:00:00,        95.578945
11/23/2010 07:00:00,        95.572184
11/23/2010 08:00:00,        95.489868
11/23/2010 09:00:00,        95.513011
11/23/2010 10:00:00,        95.409355
11/23/2010 11:00:00,        95.474466
11/23/2010 12:00:00,        95.253264
11/23/2010 13:00:00,        95.385574
11/23/2010 14:00:00,        95.368657
11/23/2010 15:00:00,        95.366867
11/23/2010 16:00:00,        95.388382
11/23/2010 17:00:00,        95.486003
11/23/2010 18:00:00,        95.658198
11/23/2010 19:00:00,        95.651750
11/23/2010 20:00:00,        95.642270
11/23/2010 21:00:00,        95.557462
11/23/2010 22:00:00,        95.367056
11/23/2010 23:00:00,        95.266712
11/24/2010 00:00:00,        95.154972
11/24/2010 01:00:00,        93.681623
11/24/2010 02:00:00,        90.871202
11/24/2010 03:00:00,        87.163439
11/24/2010 04:00:00,        82.864182
11/24/2010 05:00:00,        78.754961
11/24/2010 06:00:00,        73.571036
11/24/2010 07:00:00,        68.952284
11/24/2010 08:00:00,        61.875086
11/24/2010 09:00:00,        55.544495
11/24/2010 10:00:00,        47.788610
11/24/2010 11:00:00,        39.760079
11/24/2010 12:00:00,        31.976745
11/24/2010 13:00:00,        24.921109
11/24/2010 14:00:00,        19.427753
11/24/2010 15:00:00,        14.641460
11/24/2010 16:00:00,        10.832211
11/24/2010 17:00:00,         8.590529
11/24/2010 18:00:00,         7.807146
11/24/2010 19:00:00,         6.915684
11/24/2010 20:00:00,         6.528614
11/24/2010 21:00:00,         6.908228
11/24/2010 22:00:00,         7.882769
11/24/2010 23:00:00,         9.471480
11/25/2010 00:00:00,        11.506891
11/25/2010 01:00:00,        44.594027
11/25/2010 02:00:00,        47.681045
11/25/2010 03:00:00,        52.024357
11/25/2010 04:00:00,        56.651100
11/25/2010 05:00:00,        60.416518
11/25/2010 06:00:00,        63.727975
11/25/2010 07:00:00,        67.349464
11/25/2010 08:00:00,        73.813831
11/25/2010 09:00:00,        78.697657
11/25/2010 10:00:00,        82.657137
11/25/2010 11:00:00,        85.612692
11/25/2010 12:00:00,        87.454496
11/25/2010 13:00:00,        88.280416
11/25/2010 14:00:00,        88.663507
11/25/2010 15:00:00,        87.769006
11/25/2010 16:00:00,        85.753989
11/25/2010 17:00:00,        82.709934
11/25/2010 18:00:00,        80.160620
11/25/2010 19:00:00,        78.855759
11/25/2010 20:00:00,        76.747869
11/25/2010 21:00:00,        74.709991
11/25/2010 22:00:00,        72.374804
11/25/2010 23:00:00,        69.965121
11/26/2010 00:00:00,        67.465297
11/26/2010 01:00:00,        74.447220
11/26/2010 02:00:00,        77.098060
11/26/2010 03:00:00,        78.135983
11/26/2010 04:00:00,        80.393137
11/26/2010 05:00:00,        82.239904
11/26/2010 06:00:00,        83.702406
11/26/2010 07:00:00,        84.774350
11/26/2010 08:00:00,        89.652954
11/26/2010 09:00:00,        94.371589
11/26/2010 10:00:00,        95.857424
11/26/2010 11:00:00,        95.960135
11/26/2010 12:00:00,        95.991853
11/26/2010 13:00:00,        95.997787
11/26/2010 14:00:00,        95.998409
11/26/2010 15:00:00,        95.995612
11/26/2010 16:00:00,        95.997918
11/26/2010 17:00:00,        95.998324
11/26/2010 18:00:00,        95.998729
11/26/2010 19:00:00,        95.998969
11/26/2010 20:00:00,        95.998970
11/26/2010 21:00:00,        95.999523
11/26/2010 22:00:00,        95.999759
11/26/2010 23:00:00,        95.999828
11/27/2010 00:00:00,        95.999820
11/27/2010 01:00:00,        95.999094
11/27/2010 02:00:00,        95.998771
11/27/2010 03:00:00,        95.998504
11/27/2010 04:00:00,        95.998105
11/27/2010 05:00:00,        95.997922
11/27/2010 06:00:00,        95.997678
11/27/2010 07:00:00,        95.988403
11/27/2010 08:00:00,        95.972008
11/27/2010 09:00:00,        95.929773
11/27/2010 10:00:00,        95.806417
11/27/2010 11:00:00,        95.498487
11/27/2010 12:00:00,        94.769771
11/27/2010 13:00:00,        94.001966
11/27/2010 14:00:00,        92.324526
11/27/2010 15:00:00,        91.088034
11/27/2010 16:00:00,        89.748065
11/27/2010 17:00:00,        87.895308
11/27/2010 18:00:00,        86.256431
11/27/2010 19:00:00,        84.000911
11/27/2010 20:00:00,        82.545285
11/27/2010 21:00:00,        80.887650
11/27/2010 22:00:00,        78.949182
11/27/2010 23:00:00,        77.181394
11/28/2010 00:00:00,        75.811144
11/28/2010 01:00:00,        60.694966
11/28/2010 02:00:00,        58.125836
11/28/2010 03:00:00,        54.482710
11/28/2010 04:00:00,        52.563642
11/28/2010 05:00:00,        50.826615
11/28/2010 06:00:00,        50.028296
11/28/2010 07:00:00,        48.540390
11/28/2010 08:00:00,        43.753779
11/28/2010 09:00:00,        41.143002
11/28/2010 10:00:00,        40.006856
11/28/2010 11:00:00,        38.604035
11/28/2010 12:00:00,        36.211128
11/28/2010 13:00:00,        34.562651
11/28/2010 14:00:00,        33.009751
11/28/2010 15:00:00,        31.971032
11/28/2010 16:00:00,        32.517245
11/28/2010 17:00:00,        33.714968
11/28/2010 18:00:00,        35.350567
11/28/2010 19:00:00,        36.253333
11/28/2010 20:00:00,        38.423092
11/28/2010 21:00:00,        39.902936
11/28/2010 22:00:00,        40.447291
11/28/2010 23:00:00,        40.371738
11/29/2010 00:00:00,        40.560910
11/29/2010 01:00:00,        61.271287
11/29/2010 02:00:00,        62.746762
11/29/2010 03:00:00,        63.994336
11/29/2010 04:00:00,        65.401136
11/29/2010 05:00:00,        67.223114
11/29/2010 06:00:00,        68.952244
11/29/2010 07:00:00,        70.339575
11/29/2010 08:00:00,        71.310502
11/29/2010 09:00:00,        71.250683
11/29/2010 10:00:00,        70.449238
11/29/2010 11:00:00,        69.071797
11/29/2010 12:00:00,        67.678483
11/29/2010 13:00:00,        67.024100
11/29/2010 14:00:00,        66.991772
11/29/2010 15:00:00,        67.771175
11/29/2010 16:00:00,        69.314655
11/29/2010 17:00:00,        70.561205
11/29/2010 18:00:00,        70.282675
11/29/2010 19:00:00,        68.441464
11/29/2010 20:00:00,        67.281734
11/29/2010 21:00:00,        66.589078
11/29/2010 22:00:00,        66.984864
11/29/2010 23:00:00,        70.256724
11/30/2010 00:00:00,        74.884415
11/30/2010 01:00:00,        93.556009
11/30/2010 02:00:00,        93.919547
11/30/2010 03:00:00,        94.752174
11/30/2010 04:00:00,        95.356245
11/30/2010 05:00:00,        95.700725
11/30/2010 06:00:00,        95.867940
11/30/2010 07:00:00,        95.929892
11/30/2010 08:00:00,        95.965775
11/30/2010 09:00:00,        95.979499
11/30/2010 10:00:00,        95.984660
11/30/2010 11:00:00,        95.989346
11/30/2010 12:00:00,        95.988018
11/30/2010 13:00:00,        95.988169
11/30/2010 14:00:00,        95.985015
11/30/2010 15:00:00,        95.954532
11/30/2010 16:00:00,        95.787880
11/30/2010 17:00:00,        95.493723
11/30/2010 18:00:00,        95.141375
11/30/2010 19:00:00,        94.458989
11/30/2010 20:00:00,        93.780801
11/30/2010 21:00:00,        92.881019
11/30/2010 22:00:00,        92.170788
11/30/2010 23:00:00,        91.382048
12/01/2010 00:00:00,        82.380651
12/01/2010 01:00:00,        82.357744
12/01/2010 02:00:00,        81.044382
12/01/2010 03:00:00,        80.250599
12/01/2010 04:00:00,        80.083270
12/01/2010 05:00:00,        79.336063
12/01/2010 06:00:00,        80.104020
12/01/2010 07:00:00,        81.479114
12/01/2010 08:00:00,        81.711320
12/01/2010 09:00:00,        83.533244
12/01/2010 10:00:00,        84.781066
12/01/2010 11:00:00,        85.962066
12/01/2010 12:00:00,        87.077280
12/01/2010 13:00:00,        88.137197
12/01/2010 14:00:00,        88.377014
12/01/2010 15:00:00,        89.979055
12/01/2010 16:00:00,        90.645650
12/01/2010 17:00:00,        91.798016
12/01/2010 18:00:00,        92.500974
12/01/2010 19:00:00,        93.321893
12/01/2010 20:00:00,        93.916762
12/01/2010 21:00:00,        94.231417
12/01/2010 22:00:00,        94.765513
12/01/2010 23:00:00,        94.774677
12/02/2010 00:00:00,        94.905189
12/02/2010 01:00:00,        92.935300
12/02/2010 02:00:00,        92.601150
12/02/2010 03:00:00,        92.590576
12/02/2010 04:00:00,        92.450514
12/02/2010 05:00:00,        92.180118
12/02/2010 06:00:00,        91.349232
12/02/2010 07:00:00,        89.984134
12/02/2010 08:00:00,        88.499516
12/02/2010 09:00:00,        87.508878
12/02/2010 10:00:00,        86.227917
12/02/2010 11:00:00,        84.286328
12/02/2010 12:00:00,        82.146280
12/02/2010 13:00:00,        80.546337
12/02/2010 14:00:00,        77.725351
12/02/2010 15:00:00,        75.152075
12/02/2010 16:00:00,        72.470085
12/02/2010 17:00:00,        68.493170
12/02/2010 18:00:00,        64.664914
12/02/2010 19:00:00,        62.493662
12/02/2010 20:00:00,        61.603712
12/02/2010 21:00:00,        59.810947
12/02/2010 22:00:00,        56.957582
12/02/2010 23:00:00,        54.849152
12/03/2010 00:00:00,        52.112041
12/03/2010 01:00:00,        22.049720
12/03/2010 02:00:00,        21.131182
12/03/2010 03:00:00,        21.179869
12/03/2010 04:00:00,        21.307400
12/03/2010 05:00:00,        21.379339
12/03/2010 06:00:00,        19.450336
12/03/2010 07:00:00,        18.783441
12/03/2010 08:00:00,        16.509578
12/03/2010 09:00:00,        15.191147
12/03/2010 10:00:00,        13.296811
12/03/2010 11:00:00,        12.825782
12/03/2010 12:00:00,        11.217595
12/03/2010 13:00:00,        10.125621
12/03/2010 14:00:00,         9.586020
12/03/2010 15:00:00,         8.846115
12/03/2010 16:00:00,         6.521132
12/03/2010 17:00:00,         4.872794
12/03/2010 18:00:00,         2.875899
12/03/2010 19:00:00,         2.839300
12/03/2010 20:00:00,         3.071273
12/03/2010 21:00:00,         2.593758
12/03/2010 22:00:00,         3.727769
12/03/2010 23:00:00,         3.260768
12/04/2010 00:00:00,         3.153971
12/04/2010 01:00:00,         5.676555
12/04/2010 02:00:00,         4.724580
12/04/2010 03:00:00,         5.539213
12/04/2010 04:00:00,         5.471731
12/04/2010 05:00:00,         6.331603
12/04/2010 06:00:00,         7.595740
12/04/2010 07:00:00,         9.071520
12/04/2010 08:00:00,        10.047481
12/04/2010 09:00:00,         9.367261
12/04/2010 10:00:00,         9.699284
12/04/2010 11:00:00,        11.579289
12/04/2010 12:00:00,        14.437095
12/04/2010 13:00:00,        15.579903
12/04/2010 14:00:00,        18.258873
12/04/2010 15:00:00,        21.222013
12/04/2010 16:00:00,        23.170282
12/04/2010 17:00:00,        26.641537
12/04/2010 18:00:00,        30.567604
12/04/2010 19:00:00,        31.647516
12/04/2010 20:00:00,        32.607846
12/04/2010 21:00:00,        34.391964
12/04/2010 22:00:00,        37.308356
12/04/2010 23:00:00,        40.502311
12/05/2010 00:00:00,        43.566896
12/05/2010 01:00:00,        64.256505
12/05/2010 02:00:00,        64.736078
12/05/2010 03:00:00,        64.820452
12/05/2010 04:00:00,        65.996980
12/05/2010 05:00:00,        67.559120
12/05/2010 06:00:00,        69.292121
12/05/2010 07:00:00,        71.010309
12/05/2010 08:00:00,        73.559850
12/05/2010 09:00:00,        76.147256
12/05/2010 10:00:00,        78.805048
12/05/2010 11:00:00,        81.423027
12/05/2010 12:00:00,        83.682561
12/05/2010 13:00:00,        86.049859
12/05/2010 14:00:00,        88.065174
12/05/2010 15:00:00,        90.062524
12/05/2010 16:00:00,        91.815701
12/05/2010 17:00:00,        93.211449
12/05/2010 18:00:00,        94.159269
12/05/2010 19:00:00,        94.731937
12/05/2010 20:00:00,        95.121287
12/05/2010 21:00:00,        95.411410
12/05/2010 22:00:00,        95.560692
12/05/2010 23:00:00,        95.670075
12/06/2010 00:00:00,        95.837536
12/06/2010 01:00:00,        95.221815
12/06/2010 02:00:00,        95.157814
12/06/2010 03:00:00,        95.287265
12/06/2010 04:00:00,        95.285890
12/06/2010 05:00:00,        95.215009
12/06/2010 06:00:00,        95.268528
12/06/2010 07:00:00,        95.295275
12/06/2010 08:00:00,        95.416611
12/06/2010 09:00:00,        95.407323
12/06/2010 10:00:00,        95.412840
12/06/2010 11:00:00,        95.439612
12/06/2010 12:00:00,        95.506133
12/06/2010 13:00:00,        95.622400
12/06/2010 14:00:00,        95.666019
12/06/2010 15:00:00,        95.738888
12/06/2010 16:00:00,        95.788437
12/06/2010 17:00:00,        95.814041
12/06/2010 18:00:00,        95.841738
12/06/2010 19:00:00,        95.849702
12/06/2010 20:00:00,        95.858928
12/06/2010 21:00:00,        95.891400
12/06/2010 22:00:00,        95.919600
12/06/2010 23:00:00,        95.934500
12/07/2010 00:00:00,        95.939011
12/07/2010 01:00:00,        95.857676
12/07/2010 02:00:00,        95.832217
12/07/2010 03:00:00,        95.839108
12/07/2010 04:00:00,        95.838927
12/07/2010 05:00:00,        95.836924
12/07/2010 06:00:00,        95.828194
12/07/2010 07:00:00,        95.811502
12/07/2010 08:00:00,        95.770418
12/07/2010 09:00:00,        95.730618
12/07/2010 10:00:00,        95.671434
12/07/2010 11:00:00,        95.621819
12/07/2010 12:00:00,        95.569955
12/07/2010 13:00:00,        95.542391
12/07/2010 14:00:00,        95.515009
12/07/2010 15:00:00,        95.464284
12/07/2010 16:00:00,        95.429807
12/07/2010 17:00:00,        95.374394
12/07/2010 18:00:00,        95.367541
12/07/2010 19:00:00,        95.386524
12/07/2010 20:00:00,        95.460875
12/07/2010 21:00:00,        95.573486
12/07/2010 22:00:00,        95.614722
12/07/2010 23:00:00,        95.645798
12/08/2010 00:00:00,        95.704172
12/08/2010 01:00:00,        95.701882
12/08/2010 02:00:00,        95.666580
12/08/2010 03:00:00,        95.624761
12/08/2010 04:00:00,        95.552123
12/08/2010 05:00:00,        95.411385
12/08/2010 06:00:00,        95.205487
12/08/2010 07:00:00,        95.096652
12/08/2010 08:00:00,        94.785551
12/08/2010 09:00:00,        94.237243
12/08/2010 10:00:00,        93.529484
12/08/2010 11:00:00,        92.730846
12/08/2010 12:00:00,        91.868179
12/08/2010 13:00:00,        91.257691
12/08/2010 14:00:00,        90.661363
12/08/2010 15:00:00,        90.075303
12/08/2010 16:00:00,        89.321679
12/08/2010 17:00:00,        88.758662
12/08/2010 18:00:00,        87.971540
12/08/2010 19:00:00,        87.095075
12/08/2010 20:00:00,        86.667194
12/08/2010 21:00:00,        86.266037
12/08/2010 22:00:00,        85.945499
12/08/2010 23:00:00,        85.799393
12/09/2010 00:00:00,        85.796531
12/09/2010 01:00:00,        63.917534
12/09/2010 02:00:00,        59.975251
12/09/2010 03:00:00,        55.695838
12/09/2010 04:00:00,        50.958220
12/09/2010 05:00:00,        45.962569
12/09/2010 06:00:00,        41.520171
12/09/2010 07:00:00,        37.665088
12/09/2010 08:00:00,        31.301816
12/09/2010 09:00:00,        25.294176
12/09/2010 10:00:00,        20.383250
12/09/2010 11:00:00,        15.778129
12/09/2010 12:00:00,        12.094703
12/09/2010 13:00:00,        10.289480
12/09/2010 14:00:00,         9.169805
12/09/2010 15:00:00,         8.195744
12/09/2010 16:00:00,         9.653883
12/09/2010 17:00:00,        11.773009
12/09/2010 18:00:00,        16.652844
12/09/2010 19:00:00,        18.674921
12/09/2010 20:00:00,        20.930087
12/09/2010 21:00:00,        23.299742
12/09/2010 22:00:00,        25.838270
12/09/2010 23:00:00,        28.690176
12/10/2010 00:00:00,        32.846511
12/10/2010 01:00:00,        83.776980
12/10/2010 02:00:00,        85.837869
12/10/2010 03:00:00,        87.643070
12/10/2010 04:00:00,        89.713981
12/10/2010 05:00:00,        91.233890
12/10/2010 06:00:00,        92.465488
12/10/2010 07:00:00,        93.246552
12/10/2010 08:00:00,        93.787357
12/10/2010 09:00:00,        92.795437
12/10/2010 10:00:00,        91.879091
12/10/2010 11:00:00,        91.749223
12/10/2010 12:00:00,        91.851089
12/10/2010 13:00:00,        92.478213
12/10/2010 14:00:00,        65.280101
12/10/2010 15:00:00,         4.792019
12/10/2010 16:00:00,        15.657545
12/10/2010 17:00:00,        89.661000
12/10/2010 18:00:00,        91.555700
12/10/2010 19:00:00,        93.511932
12/10/2010 20:00:00,        92.831476
12/10/2010 21:00:00,        90.065820
12/10/2010 22:00:00,        90.945621
12/10/2010 23:00:00,        91.583879
12/11/2010 00:00:00,        91.167071
12/11/2010 01:00:00,        70.222676
12/11/2010 02:00:00,        66.179873
12/11/2010 03:00:00,        61.516533
12/11/2010 04:00:00,        56.014880
12/11/2010 05:00:00,        51.242008
12/11/2010 06:00:00,        46.690984
12/11/2010 07:00:00,        42.973189
12/11/2010 08:00:00,        37.898489
12/11/2010 09:00:00,        32.569512
12/11/2010 10:00:00,        27.987349
12/11/2010 11:00:00,        25.095227
12/11/2010 12:00:00,        24.185710
12/11/2010 13:00:00,        23.854890
12/11/2010 14:00:00,        25.336500
12/11/2010 15:00:00,        27.408488
12/11/2010 16:00:00,        20.206055
12/11/2010 17:00:00,        36.759860
12/11/2010 18:00:00,        42.423945
12/11/2010 19:00:00,        45.402730
12/11/2010 20:00:00,        49.813065
12/11/2010 21:00:00,        54.595180
12/11/2010 22:00:00,        58.799060
12/11/2010 23:00:00,        62.117191
12/12/2010 00:00:00,        67.910347
12/12/2010 01:00:00,        80.212579
12/12/2010 02:00:00,        82.243800
12/12/2010 03:00:00,        83.141300
12/12/2010 04:00:00,        83.874407
12/12/2010 05:00:00,        84.381738
12/12/2010 06:00:00,        84.069839
12/12/2010 07:00:00,        83.532889
12/12/2010 08:00:00,        82.716073
12/12/2010 09:00:00,        81.487452
12/12/2010 10:00:00,        80.106058
12/12/2010 11:00:00,        78.867584
12/12/2010 12:00:00,        80.827600
12/12/2010 13:00:00,        80.978400
12/12/2010 14:00:00,        81.128500
12/12/2010 15:00:00,        67.055815
12/12/2010 16:00:00,        13.668857
12/12/2010 17:00:00,        13.634790
12/12/2010 18:00:00,        13.256000
12/12/2010 19:00:00,        13.661900
12/12/2010 20:00:00,        42.741200
12/12/2010 21:00:00,        86.181900
12/12/2010 22:00:00,        91.701000
12/12/2010 23:00:00,        93.105000
12/13/2010 00:00:00,        94.489500
12/13/2010 01:00:00,        94.804297
12/13/2010 02:00:00,        94.911219
12/13/2010 03:00:00,        95.935467
12/13/2010 04:00:00,        95.956631
12/13/2010 05:00:00,        95.976790
12/13/2010 06:00:00,        95.991002
12/13/2010 07:00:00,        95.995639
12/13/2010 08:00:00,        95.997135
12/13/2010 09:00:00,        95.997746
12/13/2010 10:00:00,        95.998138
12/13/2010 11:00:00,        95.998392
12/13/2010 12:00:00,        95.998430
12/13/2010 13:00:00,        95.998592
12/13/2010 14:00:00,        95.998656
12/13/2010 15:00:00,        95.998727
12/13/2010 16:00:00,        95.998825
12/13/2010 17:00:00,        95.998911
12/13/2010 18:00:00,        95.999129
12/13/2010 19:00:00,        95.999272
12/13/2010 20:00:00,        95.999391
12/13/2010 21:00:00,        95.999492
12/13/2010 22:00:00,        95.999566
12/13/2010 23:00:00,        95.999611
12/14/2010 00:00:00,        95.999581
12/14/2010 01:00:00,        95.999161
12/14/2010 02:00:00,        95.999054
12/14/2010 03:00:00,        95.998894
12/14/2010 04:00:00,        95.998588
12/14/2010 05:00:00,        95.998338
12/14/2010 06:00:00,        95.997882
12/14/2010 07:00:00,        95.997015
12/14/2010 08:00:00,        95.995757
12/14/2010 09:00:00,        95.994251
12/14/2010 10:00:00,        95.990231
12/14/2010 11:00:00,        95.982360
12/14/2010 12:00:00,        95.965377
12/14/2010 13:00:00,        95.956385
12/14/2010 14:00:00,        95.948199
12/14/2010 15:00:00,        95.938249
12/14/2010 16:00:00,        95.922556
12/14/2010 17:00:00,        95.897245
12/14/2010 18:00:00,        95.854172
12/14/2010 19:00:00,        95.801488
12/14/2010 20:00:00,        95.726824
12/14/2010 21:00:00,        95.624286
12/14/2010 22:00:00,        95.526478
12/14/2010 23:00:00,        95.397788
12/15/2010 00:00:00,        95.287026
12/15/2010 01:00:00,        92.413621
12/15/2010 02:00:00,        92.587650
12/15/2010 03:00:00,        92.679730
12/15/2010 04:00:00,        92.698291
12/15/2010 05:00:00,        92.870177
12/15/2010 06:00:00,        92.944151
12/15/2010 07:00:00,        93.061669
12/15/2010 08:00:00,        93.184566
12/15/2010 09:00:00,        93.215242
12/15/2010 10:00:00,        93.476710
12/15/2010 11:00:00,        93.940549
12/15/2010 12:00:00,        94.560352
12/15/2010 13:00:00,        94.954948
12/15/2010 14:00:00,        95.184503
12/15/2010 15:00:00,        95.341657
12/15/2010 16:00:00,        95.422710
12/15/2010 17:00:00,        95.479755
12/15/2010 18:00:00,        95.459563
12/15/2010 19:00:00,        95.473104
12/15/2010 20:00:00,        95.451316
12/15/2010 21:00:00,        95.440121
12/15/2010 22:00:00,        95.420486
12/15/2010 23:00:00,        95.417603
12/16/2010 00:00:00,        95.392622
12/16/2010 01:00:00,        95.363028
12/16/2010 02:00:00,        95.243241
12/16/2010 03:00:00,        95.182724
12/16/2010 04:00:00,        95.086720
12/16/2010 05:00:00,        94.973114
12/16/2010 06:00:00,        94.640408
12/16/2010 07:00:00,        94.136299
12/16/2010 08:00:00,        92.683300
12/16/2010 09:00:00,        90.592800
12/16/2010 10:00:00,        87.960499
12/16/2010 11:00:00,        83.174121
12/16/2010 12:00:00,        78.420074
12/16/2010 13:00:00,        74.043860
12/16/2010 14:00:00,        70.793800
12/16/2010 15:00:00,        65.091009
12/16/2010 16:00:00,        60.085884
12/16/2010 17:00:00,        57.126080
12/16/2010 18:00:00,        53.137574
12/16/2010 19:00:00,        48.586338
12/16/2010 20:00:00,        43.593154
12/16/2010 21:00:00,        40.148098
12/16/2010 22:00:00,        38.209321
12/16/2010 23:00:00,        36.377272
12/17/2010 00:00:00,        35.630760
12/17/2010 01:00:00,         5.401374
12/17/2010 02:00:00,         4.835619
12/17/2010 03:00:00,         4.015653
12/17/2010 04:00:00,         3.824292
12/17/2010 05:00:00,         4.070794
12/17/2010 06:00:00,         4.761097
12/17/2010 07:00:00,         4.879924
12/17/2010 08:00:00,         6.770852
12/17/2010 09:00:00,         8.689410
12/17/2010 10:00:00,        11.291297
12/17/2010 11:00:00,        14.669134
12/17/2010 12:00:00,        20.512511
12/17/2010 13:00:00,        26.409240
12/17/2010 14:00:00,        30.489122
12/17/2010 15:00:00,        32.581747
12/17/2010 16:00:00,        36.420259
12/17/2010 17:00:00,        41.706438
12/17/2010 18:00:00,        45.388710
12/17/2010 19:00:00,        48.390918
12/17/2010 20:00:00,        54.185083
12/17/2010 21:00:00,        55.333536
12/17/2010 22:00:00,        57.250807
12/17/2010 23:00:00,        62.458224
12/18/2010 00:00:00,        64.789846
12/18/2010 01:00:00,        87.390500
12/18/2010 02:00:00,        86.607266
12/18/2010 03:00:00,        86.912184
12/18/2010 04:00:00,        87.636118
12/18/2010 05:00:00,        88.015178
12/18/2010 06:00:00,        88.359969
12/18/2010 07:00:00,        88.676991
12/18/2010 08:00:00,        88.844810
12/18/2010 09:00:00,        89.025096
12/18/2010 10:00:00,        89.429860
12/18/2010 11:00:00,        89.968666
12/18/2010 12:00:00,        90.334983
12/18/2010 13:00:00,        90.493032
12/18/2010 14:00:00,        90.200871
12/18/2010 15:00:00,        89.780193
12/18/2010 16:00:00,        89.406199
12/18/2010 17:00:00,        89.291979
12/18/2010 18:00:00,        89.146365
12/18/2010 19:00:00,        88.976758
12/18/2010 20:00:00,        88.415619
12/18/2010 21:00:00,        87.541535
12/18/2010 22:00:00,        86.998610
12/18/2010 23:00:00,        85.524227
12/19/2010 00:00:00,        83.948967
12/19/2010 01:00:00,        50.366620
12/19/2010 02:00:00,        48.023595
12/19/2010 03:00:00,        45.283078
12/19/2010 04:00:00,        41.873720
12/19/2010 05:00:00,        38.495633
12/19/2010 06:00:00,        35.702108
12/19/2010 07:00:00,        33.462812
12/19/2010 08:00:00,        29.445163
12/19/2010 09:00:00,        26.522641
12/19/2010 10:00:00,        23.693183
12/19/2010 11:00:00,        21.087956
12/19/2010 12:00:00,        19.273059
12/19/2010 13:00:00,        17.582187
12/19/2010 14:00:00,        16.312231
12/19/2010 15:00:00,        14.821573
12/19/2010 16:00:00,        13.251519
12/19/2010 17:00:00,        12.402833
12/19/2010 18:00:00,        11.984496
12/19/2010 19:00:00,        11.324725
12/19/2010 20:00:00,        10.639761
12/19/2010 21:00:00,         9.561522
12/19/2010 22:00:00,         8.599638
12/19/2010 23:00:00,         7.823223
12/20/2010 00:00:00,         7.284316
12/20/2010 01:00:00,         0.178428
12/20/2010 02:00:00,         0.173007
12/20/2010 03:00:00,         0.100061
12/20/2010 04:00:00,         0.150874
12/20/2010 05:00:00,         0.201334
12/20/2010 06:00:00,         0.202673
12/20/2010 07:00:00,         0.498347
12/20/2010 08:00:00,         2.084268
12/20/2010 09:00:00,         4.445009
12/20/2010 10:00:00,         5.795000
12/20/2010 11:00:00,         5.918556
12/20/2010 12:00:00,         6.186531
12/20/2010 13:00:00,         6.533428
12/20/2010 14:00:00,         7.236592
12/20/2010 15:00:00,         7.666377
12/20/2010 16:00:00,         7.907479
12/20/2010 17:00:00,         8.116157
12/20/2010 18:00:00,         8.510365
12/20/2010 19:00:00,         9.603802
12/20/2010 20:00:00,        10.780569
12/20/2010 21:00:00,         9.895336
12/20/2010 22:00:00,         7.298152
12/20/2010 23:00:00,         5.330886
12/21/2010 00:00:00,         5.317710
12/21/2010 01:00:00,         4.270471
12/21/2010 02:00:00,         4.039232
12/21/2010 03:00:00,         3.868131
12/21/2010 04:00:00,         3.594709
12/21/2010 05:00:00,         3.406529
12/21/2010 06:00:00,         3.136694
12/21/2010 07:00:00,         3.054767
12/21/2010 08:00:00,         2.963275
12/21/2010 09:00:00,         2.583139
12/21/2010 10:00:00,         2.441284
12/21/2010 11:00:00,         2.428282
12/21/2010 12:00:00,         2.356753
12/21/2010 13:00:00,         2.205316
12/21/2010 14:00:00,         2.106869
12/21/2010 15:00:00,         2.297913
12/21/2010 16:00:00,         3.349350
12/21/2010 17:00:00,         4.767589
12/21/2010 18:00:00,         7.037807
12/21/2010 19:00:00,         7.461785
12/21/2010 20:00:00,         7.836341
12/21/2010 21:00:00,         8.347272
12/21/2010 22:00:00,         9.201343
12/21/2010 23:00:00,        10.483454
12/22/2010 00:00:00,        12.046170
12/22/2010 01:00:00,         5.316636
12/22/2010 02:00:00,         6.523947
12/22/2010 03:00:00,         7.797998
12/22/2010 04:00:00,         8.760454
12/22/2010 05:00:00,        10.314643
12/22/2010 06:00:00,        11.710110
12/22/2010 07:00:00,        13.415316
12/22/2010 08:00:00,        15.413155
12/22/2010 09:00:00,        17.699663
12/22/2010 10:00:00,        20.764126
12/22/2010 11:00:00,        24.198868
12/22/2010 12:00:00,        27.144590
12/22/2010 13:00:00,        29.498947
12/22/2010 14:00:00,        32.084864
12/22/2010 15:00:00,        33.560613
12/22/2010 16:00:00,        35.214353
12/22/2010 17:00:00,        38.018592
12/22/2010 18:00:00,        40.952988
12/22/2010 19:00:00,        42.026324
12/22/2010 20:00:00,        44.258763
12/22/2010 21:00:00,        45.636167
12/22/2010 22:00:00,        46.833171
12/22/2010 23:00:00,        47.263076
12/23/2010 00:00:00,        47.426380
12/23/2010 01:00:00,        59.520427
12/23/2010 02:00:00,        58.599225
12/23/2010 03:00:00,        59.285597
12/23/2010 04:00:00,        58.574075
12/23/2010 05:00:00,        57.758742
12/23/2010 06:00:00,        57.183131
12/23/2010 07:00:00,        56.858624
12/23/2010 08:00:00,        56.121899
12/23/2010 09:00:00,        55.096753
12/23/2010 10:00:00,        54.531384
12/23/2010 11:00:00,        54.170176
12/23/2010 12:00:00,        53.831124
12/23/2010 13:00:00,        53.054508
12/23/2010 14:00:00,        52.107248
12/23/2010 15:00:00,        50.272521
12/23/2010 16:00:00,        48.527808
12/23/2010 17:00:00,        47.134383
12/23/2010 18:00:00,        45.915239
12/23/2010 19:00:00,        45.314028
12/23/2010 20:00:00,        44.671031
12/23/2010 21:00:00,        44.098117
12/23/2010 22:00:00,        43.371585
12/23/2010 23:00:00,        42.313632
12/24/2010 00:00:00,        41.357925
12/24/2010 01:00:00,        28.592230
12/24/2010 02:00:00,        28.387533
12/24/2010 03:00:00,        28.381570
12/24/2010 04:00:00,        28.144630
12/24/2010 05:00:00,        27.567169
12/24/2010 06:00:00,        26.901989
12/24/2010 07:00:00,        26.067110
12/24/2010 08:00:00,        24.264662
12/24/2010 09:00:00,        22.922998
12/24/2010 10:00:00,        22.096501
12/24/2010 11:00:00,        20.863955
12/24/2010 12:00:00,        19.375457
12/24/2010 13:00:00,        18.302676
12/24/2010 14:00:00,        16.603981
12/24/2010 15:00:00,        15.660419
12/24/2010 16:00:00,        14.559116
12/24/2010 17:00:00,        13.722126
12/24/2010 18:00:00,        13.747891
12/24/2010 19:00:00,        13.392960
12/24/2010 20:00:00,        12.699111
12/24/2010 21:00:00,        12.379127
12/24/2010 22:00:00,        12.381662
12/24/2010 23:00:00,        12.808671
12/25/2010 00:00:00,        13.400262
12/25/2010 01:00:00,        15.928533
12/25/2010 02:00:00,        13.801616
12/25/2010 03:00:00,        15.776753
12/25/2010 04:00:00,        16.513542
12/25/2010 05:00:00,        18.336244
12/25/2010 06:00:00,        20.946080
12/25/2010 07:00:00,        21.850512
12/25/2010 08:00:00,        23.136153
12/25/2010 09:00:00,        24.511977
12/25/2010 10:00:00,        24.351602
12/25/2010 11:00:00,        25.100052
12/25/2010 12:00:00,        25.311708
12/25/2010 13:00:00,        26.320270
12/25/2010 14:00:00,        27.488185
12/25/2010 15:00:00,        28.188051
12/25/2010 16:00:00,        29.311912
12/25/2010 17:00:00,        30.018269
12/25/2010 18:00:00,        30.716096
12/25/2010 19:00:00,        30.817031
12/25/2010 20:00:00,        31.319855
12/25/2010 21:00:00,        31.751465
12/25/2010 22:00:00,        32.627369
12/25/2010 23:00:00,        34.262074
12/26/2010 00:00:00,        36.272102
12/26/2010 01:00:00,        66.392267
12/26/2010 02:00:00,        66.776916
12/26/2010 03:00:00,        67.020001
12/26/2010 04:00:00,        67.742429
12/26/2010 05:00:00,        69.127596
12/26/2010 06:00:00,        70.756053
12/26/2010 07:00:00,        72.118715
12/26/2010 08:00:00,        72.919713
12/26/2010 09:00:00,        73.579762
12/26/2010 10:00:00,        74.720980
12/26/2010 11:00:00,        75.979120
12/26/2010 12:00:00,        77.469223
12/26/2010 13:00:00,        78.927305
12/26/2010 14:00:00,        80.269566
12/26/2010 15:00:00,        81.613413
12/26/2010 16:00:00,        82.729656
12/26/2010 17:00:00,        83.500609
12/26/2010 18:00:00,        83.903251
12/26/2010 19:00:00,        84.033709
12/26/2010 20:00:00,        84.187093
12/26/2010 21:00:00,        84.115835
12/26/2010 22:00:00,        83.911602
12/26/2010 23:00:00,        83.518417
12/27/2010 00:00:00,        83.132264
12/27/2010 01:00:00,        78.095385
12/27/2010 02:00:00,        76.910341
12/27/2010 03:00:00,        76.310141
12/27/2010 04:00:00,        75.360239
12/27/2010 05:00:00,        74.149679
12/27/2010 06:00:00,        73.022242
12/27/2010 07:00:00,        72.350285
12/27/2010 08:00:00,        69.899194
12/27/2010 09:00:00,        67.531137
12/27/2010 10:00:00,        65.309278
12/27/2010 11:00:00,        62.952315
12/27/2010 12:00:00,        60.404934
12/27/2010 13:00:00,        58.420848
12/27/2010 14:00:00,        56.252732
12/27/2010 15:00:00,        53.702305
12/27/2010 16:00:00,        51.424231
12/27/2010 17:00:00,        50.803642
12/27/2010 18:00:00,        50.405804
12/27/2010 19:00:00,        49.117266
12/27/2010 20:00:00,        47.099608
12/27/2010 21:00:00,        45.527072
12/27/2010 22:00:00,        46.481640
12/27/2010 23:00:00,        44.721589
12/28/2010 00:00:00,        45.232585
12/28/2010 01:00:00,        76.541285
12/28/2010 02:00:00,        77.475232
12/28/2010 03:00:00,        78.347331
12/28/2010 04:00:00,        80.142602
12/28/2010 05:00:00,        81.299767
12/28/2010 06:00:00,        82.664945
12/28/2010 07:00:00,        84.021693
12/28/2010 08:00:00,        85.834957
12/28/2010 09:00:00,        86.971177
12/28/2010 10:00:00,        87.495239
12/28/2010 11:00:00,        86.941479
12/28/2010 12:00:00,        85.942180
12/28/2010 13:00:00,        84.449697
12/28/2010 14:00:00,        82.436366
12/28/2010 15:00:00,        80.374301
12/28/2010 16:00:00,        78.407888
12/28/2010 17:00:00,        76.594407
12/28/2010 18:00:00,        74.457364
12/28/2010 19:00:00,        72.417445
12/28/2010 20:00:00,        70.300284
12/28/2010 21:00:00,        67.704076
12/28/2010 22:00:00,        64.925934
12/28/2010 23:00:00,        63.909668
12/29/2010 00:00:00,        62.404760
12/29/2010 01:00:00,        42.177906
12/29/2010 02:00:00,        40.651810
12/29/2010 03:00:00,        38.782120
12/29/2010 04:00:00,        37.062060
12/29/2010 05:00:00,        35.494200
12/29/2010 06:00:00,        34.096330
12/29/2010 07:00:00,        33.330480
12/29/2010 08:00:00,        31.335770
12/29/2010 09:00:00,        29.286560
12/29/2010 10:00:00,        27.958700
12/29/2010 11:00:00,        27.097670
12/29/2010 12:00:00,        26.846660
12/29/2010 13:00:00,        27.181380
12/29/2010 14:00:00,        28.175250
12/29/2010 15:00:00,        29.942800
12/29/2010 16:00:00,        32.495860
12/29/2010 17:00:00,        35.720640
12/29/2010 18:00:00,        38.679480
12/29/2010 19:00:00,        40.329924
12/29/2010 20:00:00,        15.391341
12/29/2010 21:00:00,        44.262730
12/29/2010 22:00:00,        47.324080
12/29/2010 23:00:00,        49.837990
12/30/2010 00:00:00,        52.641700
12/30/2010 01:00:00,        84.524500
12/30/2010 02:00:00,        85.253400
12/30/2010 03:00:00,        18.983414
12/30/2010 04:00:00,         3.961464
12/30/2010 05:00:00,         0.000000
12/30/2010 06:00:00,        57.218500
12/30/2010 07:00:00,        70.332000
12/30/2010 08:00:00,        84.368000
12/30/2010 09:00:00,        73.619000
12/30/2010 10:00:00,        74.020998
12/30/2010 11:00:00,        32.357217
12/30/2010 12:00:00,         3.968389
12/30/2010 13:00:00,         0.000000
12/30/2010 14:00:00,         0.000000
12/30/2010 15:00:00,        73.519705
12/30/2010 16:00:00,        77.096574
12/30/2010 17:00:00,        78.288440
12/30/2010 18:00:00,        79.315446
12/30/2010 19:00:00,        80.396043
12/30/2010 20:00:00,        81.735643
12/30/2010 21:00:00,        82.790563
12/30/2010 22:00:00,        83.938891
12/30/2010 23:00:00,        84.643754
12/31/2010 00:00:00,        85.295589
12/31/2010 01:00:00,        94.289103
12/31/2010 02:00:00,        94.452041
12/31/2010 03:00:00,        94.800480
12/31/2010 04:00:00,        95.039659
12/31/2010 05:00:00,        95.158781
12/31/2010 06:00:00,        95.268540
12/31/2010 07:00:00,        95.349959
12/31/2010 08:00:00,        95.537971
12/31/2010 09:00:00,        95.605386
12/31/2010 10:00:00,        95.666127
12/31/2010 11:00:00,        95.748755
12/31/2010 12:00:00,        95.713696
12/31/2010 13:00:00,        95.525085
12/31/2010 14:00:00,        95.043362
12/31/2010 15:00:00,        93.344925
12/31/2010 16:00:00,        90.518954
12/31/2010 17:00:00,        87.771326
12/31/2010 18:00:00,        87.096528
12/31/2010 19:00:00,        86.294889
12/31/2010 20:00:00,        85.334742
12/31/2010 21:00:00,        84.159885
12/31/2010 22:00:00,        82.705349
12/31/2010 23:00:00,        80.752993
