PlantID = ,   733
Plant Cap = ,   224.000
Date/Time , Value
01/01/2008 00:00:00,       164.748679
01/01/2008 01:00:00,       118.200852
01/01/2008 02:00:00,       161.233678
01/01/2008 03:00:00,       154.238119
01/01/2008 04:00:00,       136.694738
01/01/2008 05:00:00,       111.676920
01/01/2008 06:00:00,        69.023433
01/01/2008 07:00:00,        46.665372
01/01/2008 08:00:00,        70.745237
01/01/2008 09:00:00,        66.880721
01/01/2008 10:00:00,        28.749599
01/01/2008 11:00:00,        15.316909
01/01/2008 12:00:00,        12.197384
01/01/2008 13:00:00,         3.512911
01/01/2008 14:00:00,         3.493813
01/01/2008 15:00:00,         5.681181
01/01/2008 16:00:00,         8.347406
01/01/2008 17:00:00,        10.732801
01/01/2008 18:00:00,        13.572725
01/01/2008 19:00:00,        13.823276
01/01/2008 20:00:00,        16.464070
01/01/2008 21:00:00,        14.116660
01/01/2008 22:00:00,        14.839025
01/01/2008 23:00:00,         4.248680
01/02/2008 00:00:00,         0.403689
01/02/2008 01:00:00,         0.000000
01/02/2008 02:00:00,         0.000000
01/02/2008 03:00:00,         0.000000
01/02/2008 04:00:00,        37.621564
01/02/2008 05:00:00,       153.372501
01/02/2008 06:00:00,       168.704754
01/02/2008 07:00:00,       178.356262
01/02/2008 08:00:00,       186.599786
01/02/2008 09:00:00,       191.044976
01/02/2008 10:00:00,       194.118930
01/02/2008 11:00:00,       193.525766
01/02/2008 12:00:00,       188.925857
01/02/2008 13:00:00,       181.344665
01/02/2008 14:00:00,       171.831759
01/02/2008 15:00:00,       161.084971
01/02/2008 16:00:00,       149.643476
01/02/2008 17:00:00,       136.805048
01/02/2008 18:00:00,       123.765698
01/02/2008 19:00:00,       119.200243
01/02/2008 20:00:00,       112.149508
01/02/2008 21:00:00,       105.272229
01/02/2008 22:00:00,        99.029958
01/02/2008 23:00:00,        91.711656
01/03/2008 00:00:00,        84.415320
01/03/2008 01:00:00,        81.821491
01/03/2008 02:00:00,        79.964635
01/03/2008 03:00:00,        76.857936
01/03/2008 04:00:00,        71.587389
01/03/2008 05:00:00,        67.075049
01/03/2008 06:00:00,        64.499269
01/03/2008 07:00:00,        63.125130
01/03/2008 08:00:00,        58.464969
01/03/2008 09:00:00,        52.211362
01/03/2008 10:00:00,        48.094692
01/03/2008 11:00:00,        45.395741
01/03/2008 12:00:00,        42.378682
01/03/2008 13:00:00,        40.035211
01/03/2008 14:00:00,        39.448317
01/03/2008 15:00:00,        42.561649
01/03/2008 16:00:00,        46.219754
01/03/2008 17:00:00,        53.436113
01/03/2008 18:00:00,        63.778786
01/03/2008 19:00:00,        66.869587
01/03/2008 20:00:00,        70.409773
01/03/2008 21:00:00,        75.207752
01/03/2008 22:00:00,        82.405983
01/03/2008 23:00:00,        92.569630
01/04/2008 00:00:00,       105.469617
01/04/2008 01:00:00,       144.127680
01/04/2008 02:00:00,       149.892085
01/04/2008 03:00:00,       155.182601
01/04/2008 04:00:00,       161.971002
01/04/2008 05:00:00,       166.653334
01/04/2008 06:00:00,       172.004875
01/04/2008 07:00:00,       176.852407
01/04/2008 08:00:00,       183.961511
01/04/2008 09:00:00,       189.519060
01/04/2008 10:00:00,       194.115961
01/04/2008 11:00:00,       200.500810
01/04/2008 12:00:00,       206.642346
01/04/2008 13:00:00,       208.869156
01/04/2008 14:00:00,       210.688144
01/04/2008 15:00:00,       213.832431
01/04/2008 16:00:00,       216.390218
01/04/2008 17:00:00,       217.690380
01/04/2008 18:00:00,       218.025390
01/04/2008 19:00:00,       218.279528
01/04/2008 20:00:00,       220.081746
01/04/2008 21:00:00,       221.246636
01/04/2008 22:00:00,       191.231098
01/04/2008 23:00:00,       189.776363
01/05/2008 00:00:00,       189.763144
01/05/2008 01:00:00,       189.865345
01/05/2008 02:00:00,       174.120624
01/05/2008 03:00:00,       127.804186
01/05/2008 04:00:00,       123.814095
01/05/2008 05:00:00,       115.555755
01/05/2008 06:00:00,       111.030989
01/05/2008 07:00:00,       109.531353
01/05/2008 08:00:00,        94.327134
01/05/2008 09:00:00,        53.499225
01/05/2008 10:00:00,        48.253401
01/05/2008 11:00:00,       102.485305
01/05/2008 12:00:00,       135.617800
01/05/2008 13:00:00,       132.508468
01/05/2008 14:00:00,        74.050570
01/05/2008 15:00:00,        33.550708
01/05/2008 16:00:00,       104.711986
01/05/2008 17:00:00,       100.281540
01/05/2008 18:00:00,        97.738948
01/05/2008 19:00:00,        85.781573
01/05/2008 20:00:00,        76.048464
01/05/2008 21:00:00,        57.150131
01/05/2008 22:00:00,        43.334945
01/05/2008 23:00:00,        20.847136
01/06/2008 00:00:00,        22.700598
01/06/2008 01:00:00,        11.535030
01/06/2008 02:00:00,         0.358195
01/06/2008 03:00:00,         0.461135
01/06/2008 04:00:00,         0.000000
01/06/2008 05:00:00,         0.000000
01/06/2008 06:00:00,         0.000000
01/06/2008 07:00:00,         0.000000
01/06/2008 08:00:00,         0.000000
01/06/2008 09:00:00,         0.000000
01/06/2008 10:00:00,         0.000000
01/06/2008 11:00:00,         0.000000
01/06/2008 12:00:00,         0.000000
01/06/2008 13:00:00,         0.000000
01/06/2008 14:00:00,         0.000000
01/06/2008 15:00:00,         0.000000
01/06/2008 16:00:00,         0.000000
01/06/2008 17:00:00,        15.922000
01/06/2008 18:00:00,       119.065015
01/06/2008 19:00:00,       119.428789
01/06/2008 20:00:00,       113.602562
01/06/2008 21:00:00,       114.039994
01/06/2008 22:00:00,       108.173000
01/06/2008 23:00:00,       111.533193
01/07/2008 00:00:00,       125.365999
01/07/2008 01:00:00,       175.385466
01/07/2008 02:00:00,       178.840633
01/07/2008 03:00:00,       178.306190
01/07/2008 04:00:00,       178.028955
01/07/2008 05:00:00,       177.874640
01/07/2008 06:00:00,       176.923355
01/07/2008 07:00:00,       176.095508
01/07/2008 08:00:00,       174.792557
01/07/2008 09:00:00,       174.696266
01/07/2008 10:00:00,       173.510531
01/07/2008 11:00:00,       173.305032
01/07/2008 12:00:00,       172.078241
01/07/2008 13:00:00,       171.360599
01/07/2008 14:00:00,       172.051647
01/07/2008 15:00:00,       171.784308
01/07/2008 16:00:00,       169.939376
01/07/2008 17:00:00,       166.391748
01/07/2008 18:00:00,       163.571778
01/07/2008 19:00:00,       162.568230
01/07/2008 20:00:00,       162.171869
01/07/2008 21:00:00,       164.589639
01/07/2008 22:00:00,       164.286135
01/07/2008 23:00:00,       163.285190
01/08/2008 00:00:00,       162.918007
01/08/2008 01:00:00,        81.854535
01/08/2008 02:00:00,        85.016976
01/08/2008 03:00:00,        92.339135
01/08/2008 04:00:00,       101.757606
01/08/2008 05:00:00,       111.023737
01/08/2008 06:00:00,       119.209338
01/08/2008 07:00:00,       127.217926
01/08/2008 08:00:00,       134.948672
01/08/2008 09:00:00,       144.600625
01/08/2008 10:00:00,       157.496012
01/08/2008 11:00:00,       167.994370
01/08/2008 12:00:00,       179.888256
01/08/2008 13:00:00,       191.169497
01/08/2008 14:00:00,       199.518881
01/08/2008 15:00:00,       200.137561
01/08/2008 16:00:00,       195.630938
01/08/2008 17:00:00,       186.502514
01/08/2008 18:00:00,       182.353296
01/08/2008 19:00:00,       178.566046
01/08/2008 20:00:00,       173.700657
01/08/2008 21:00:00,       169.247029
01/08/2008 22:00:00,       163.523717
01/08/2008 23:00:00,       156.800194
01/09/2008 00:00:00,       151.431778
01/09/2008 01:00:00,       139.057654
01/09/2008 02:00:00,       139.125553
01/09/2008 03:00:00,       134.688046
01/09/2008 04:00:00,       131.358299
01/09/2008 05:00:00,       129.092380
01/09/2008 06:00:00,       130.511852
01/09/2008 07:00:00,       133.031619
01/09/2008 08:00:00,       136.204103
01/09/2008 09:00:00,       139.027824
01/09/2008 10:00:00,       142.975720
01/09/2008 11:00:00,       148.882362
01/09/2008 12:00:00,       156.621416
01/09/2008 13:00:00,       163.172410
01/09/2008 14:00:00,       169.280519
01/09/2008 15:00:00,       177.536706
01/09/2008 16:00:00,       186.617334
01/09/2008 17:00:00,       197.450137
01/09/2008 18:00:00,       208.274937
01/09/2008 19:00:00,       213.429402
01/09/2008 20:00:00,       217.354023
01/09/2008 21:00:00,       218.784755
01/09/2008 22:00:00,       219.481266
01/09/2008 23:00:00,       220.528314
01/10/2008 00:00:00,       205.819119
01/10/2008 01:00:00,       223.873333
01/10/2008 02:00:00,       223.766153
01/10/2008 03:00:00,       224.000000
01/10/2008 04:00:00,       224.000000
01/10/2008 05:00:00,       223.883076
01/10/2008 06:00:00,       223.576845
01/10/2008 07:00:00,       223.666358
01/10/2008 08:00:00,       223.866525
01/10/2008 09:00:00,       223.849041
01/10/2008 10:00:00,       223.832527
01/10/2008 11:00:00,       223.818807
01/10/2008 12:00:00,       223.778348
01/10/2008 13:00:00,       223.667250
01/10/2008 14:00:00,       223.500242
01/10/2008 15:00:00,       223.260085
01/10/2008 16:00:00,       222.845317
01/10/2008 17:00:00,       222.237665
01/10/2008 18:00:00,       221.414424
01/10/2008 19:00:00,       220.361454
01/10/2008 20:00:00,       218.843122
01/10/2008 21:00:00,       217.116239
01/10/2008 22:00:00,       214.447499
01/10/2008 23:00:00,       211.385631
01/11/2008 00:00:00,       207.639489
01/11/2008 01:00:00,       103.921556
01/11/2008 02:00:00,        92.506132
01/11/2008 03:00:00,        82.385861
01/11/2008 04:00:00,        73.004618
01/11/2008 05:00:00,        65.554308
01/11/2008 06:00:00,        62.100792
01/11/2008 07:00:00,        56.458989
01/11/2008 08:00:00,        44.979304
01/11/2008 09:00:00,        41.363419
01/11/2008 10:00:00,        42.548820
01/11/2008 11:00:00,        43.339764
01/11/2008 12:00:00,        65.288640
01/11/2008 13:00:00,        38.413328
01/11/2008 14:00:00,         3.731962
01/11/2008 15:00:00,         0.473379
01/11/2008 16:00:00,         0.000000
01/11/2008 17:00:00,        12.663500
01/11/2008 18:00:00,         0.680750
01/11/2008 19:00:00,         0.000000
01/11/2008 20:00:00,         0.000000
01/11/2008 21:00:00,         0.000000
01/11/2008 22:00:00,         0.000000
01/11/2008 23:00:00,         0.000000
01/12/2008 00:00:00,         0.000000
01/12/2008 01:00:00,        84.208000
01/12/2008 02:00:00,       122.177070
01/12/2008 03:00:00,       136.934543
01/12/2008 04:00:00,       140.567628
01/12/2008 05:00:00,       124.623693
01/12/2008 06:00:00,        16.824786
01/12/2008 07:00:00,        23.279000
01/12/2008 08:00:00,       179.628000
01/12/2008 09:00:00,       191.729000
01/12/2008 10:00:00,        53.133000
01/12/2008 11:00:00,       217.527200
01/12/2008 12:00:00,       210.080800
01/12/2008 13:00:00,       218.707900
01/12/2008 14:00:00,       219.603500
01/12/2008 15:00:00,       220.756300
01/12/2008 16:00:00,       221.077500
01/12/2008 17:00:00,       220.146561
01/12/2008 18:00:00,       222.015948
01/12/2008 19:00:00,       221.700300
01/12/2008 20:00:00,       220.819759
01/12/2008 21:00:00,       219.904469
01/12/2008 22:00:00,       219.167770
01/12/2008 23:00:00,       218.505814
01/13/2008 00:00:00,       217.478517
01/13/2008 01:00:00,       207.569969
01/13/2008 02:00:00,       205.143643
01/13/2008 03:00:00,       202.086387
01/13/2008 04:00:00,       194.895770
01/13/2008 05:00:00,       185.862324
01/13/2008 06:00:00,       179.481544
01/13/2008 07:00:00,       173.690093
01/13/2008 08:00:00,       165.764582
01/13/2008 09:00:00,       154.519371
01/13/2008 10:00:00,       141.510866
01/13/2008 11:00:00,       128.825357
01/13/2008 12:00:00,       115.729989
01/13/2008 13:00:00,       101.981476
01/13/2008 14:00:00,        87.338574
01/13/2008 15:00:00,        72.435052
01/13/2008 16:00:00,        56.821818
01/13/2008 17:00:00,        43.138057
01/13/2008 18:00:00,        33.003133
01/13/2008 19:00:00,        26.063381
01/13/2008 20:00:00,        19.557757
01/13/2008 21:00:00,        14.729339
01/13/2008 22:00:00,        11.698175
01/13/2008 23:00:00,        10.629202
01/14/2008 00:00:00,        10.569171
01/14/2008 01:00:00,        36.357537
01/14/2008 02:00:00,        44.731886
01/14/2008 03:00:00,        52.389880
01/14/2008 04:00:00,        61.884013
01/14/2008 05:00:00,        68.351422
01/14/2008 06:00:00,        72.748722
01/14/2008 07:00:00,        79.897058
01/14/2008 08:00:00,        88.991557
01/14/2008 09:00:00,        96.527599
01/14/2008 10:00:00,       100.657355
01/14/2008 11:00:00,       104.399277
01/14/2008 12:00:00,       109.175616
01/14/2008 13:00:00,       114.101996
01/14/2008 14:00:00,       121.391832
01/14/2008 15:00:00,       127.244599
01/14/2008 16:00:00,       132.944436
01/14/2008 17:00:00,       136.472726
01/14/2008 18:00:00,       141.207179
01/14/2008 19:00:00,       143.202454
01/14/2008 20:00:00,       144.683177
01/14/2008 21:00:00,       148.657418
01/14/2008 22:00:00,       152.110169
01/14/2008 23:00:00,       160.350503
01/15/2008 00:00:00,       168.027783
01/15/2008 01:00:00,       114.211027
01/15/2008 02:00:00,       119.216215
01/15/2008 03:00:00,       123.597672
01/15/2008 04:00:00,       127.249933
01/15/2008 05:00:00,       132.019526
01/15/2008 06:00:00,       135.473167
01/15/2008 07:00:00,       137.210934
01/15/2008 08:00:00,       139.275195
01/15/2008 09:00:00,       138.963109
01/15/2008 10:00:00,       135.911789
01/15/2008 11:00:00,       132.715824
01/15/2008 12:00:00,       129.532794
01/15/2008 13:00:00,       124.348858
01/15/2008 14:00:00,       118.121976
01/15/2008 15:00:00,       111.131074
01/15/2008 16:00:00,       103.240747
01/15/2008 17:00:00,        93.139697
01/15/2008 18:00:00,        82.997665
01/15/2008 19:00:00,        76.617274
01/15/2008 20:00:00,        70.778635
01/15/2008 21:00:00,        64.878775
01/15/2008 22:00:00,        58.805730
01/15/2008 23:00:00,        56.231648
01/16/2008 00:00:00,        55.284504
01/16/2008 01:00:00,        15.473492
01/16/2008 02:00:00,        17.123781
01/16/2008 03:00:00,        18.705816
01/16/2008 04:00:00,        19.743129
01/16/2008 05:00:00,        19.821770
01/16/2008 06:00:00,        20.493314
01/16/2008 07:00:00,        21.544709
01/16/2008 08:00:00,        21.736046
01/16/2008 09:00:00,        22.044807
01/16/2008 10:00:00,        22.744574
01/16/2008 11:00:00,        22.800063
01/16/2008 12:00:00,        22.138288
01/16/2008 13:00:00,        20.950893
01/16/2008 14:00:00,        19.414694
01/16/2008 15:00:00,        17.820632
01/16/2008 16:00:00,        15.011317
01/16/2008 17:00:00,        13.390601
01/16/2008 18:00:00,        12.330249
01/16/2008 19:00:00,        12.006220
01/16/2008 20:00:00,        11.917154
01/16/2008 21:00:00,        12.697456
01/16/2008 22:00:00,        13.621472
01/16/2008 23:00:00,        14.895464
01/17/2008 00:00:00,        16.338696
01/17/2008 01:00:00,        35.955534
01/17/2008 02:00:00,        38.553723
01/17/2008 03:00:00,        40.372116
01/17/2008 04:00:00,        41.804177
01/17/2008 05:00:00,        43.552454
01/17/2008 06:00:00,        44.204143
01/17/2008 07:00:00,        44.799176
01/17/2008 08:00:00,        43.270093
01/17/2008 09:00:00,        43.414097
01/17/2008 10:00:00,        43.765174
01/17/2008 11:00:00,        44.300339
01/17/2008 12:00:00,        41.397840
01/17/2008 13:00:00,        36.770281
01/17/2008 14:00:00,        34.177442
01/17/2008 15:00:00,        33.364946
01/17/2008 16:00:00,        33.439617
01/17/2008 17:00:00,        31.455364
01/17/2008 18:00:00,        31.017868
01/17/2008 19:00:00,        29.395881
01/17/2008 20:00:00,        27.743307
01/17/2008 21:00:00,        28.718639
01/17/2008 22:00:00,        30.553849
01/17/2008 23:00:00,        34.191036
01/18/2008 00:00:00,        37.981127
01/18/2008 01:00:00,        63.465849
01/18/2008 02:00:00,        66.687572
01/18/2008 03:00:00,        70.117615
01/18/2008 04:00:00,        71.641683
01/18/2008 05:00:00,        71.108330
01/18/2008 06:00:00,        74.570668
01/18/2008 07:00:00,        78.334745
01/18/2008 08:00:00,        82.654012
01/18/2008 09:00:00,        14.655764
01/18/2008 10:00:00,         0.976115
01/18/2008 11:00:00,         0.801560
01/18/2008 12:00:00,         0.000000
01/18/2008 13:00:00,         0.000000
01/18/2008 14:00:00,         0.000000
01/18/2008 15:00:00,         0.000000
01/18/2008 16:00:00,         0.000000
01/18/2008 17:00:00,         9.899000
01/18/2008 18:00:00,        33.430500
01/18/2008 19:00:00,        83.358000
01/18/2008 20:00:00,       156.770467
01/18/2008 21:00:00,       173.490156
01/18/2008 22:00:00,       182.611503
01/18/2008 23:00:00,       189.105688
01/19/2008 00:00:00,       199.250351
01/19/2008 01:00:00,       223.501948
01/19/2008 02:00:00,       222.977349
01/19/2008 03:00:00,       222.975411
01/19/2008 04:00:00,       222.922494
01/19/2008 05:00:00,       222.624223
01/19/2008 06:00:00,       220.462308
01/19/2008 07:00:00,       217.080883
01/19/2008 08:00:00,       212.261448
01/19/2008 09:00:00,       204.986093
01/19/2008 10:00:00,       198.895564
01/19/2008 11:00:00,       191.389487
01/19/2008 12:00:00,       161.489772
01/19/2008 13:00:00,       169.018921
01/19/2008 14:00:00,       174.783485
01/19/2008 15:00:00,       167.540084
01/19/2008 16:00:00,       160.971809
01/19/2008 17:00:00,       157.697900
01/19/2008 18:00:00,       149.364965
01/19/2008 19:00:00,       145.868145
01/19/2008 20:00:00,       142.410940
01/19/2008 21:00:00,       140.598200
01/19/2008 22:00:00,       145.584112
01/19/2008 23:00:00,       148.000659
01/20/2008 00:00:00,       149.508335
01/20/2008 01:00:00,       102.525606
01/20/2008 02:00:00,       100.762836
01/20/2008 03:00:00,        99.144557
01/20/2008 04:00:00,        97.331408
01/20/2008 05:00:00,       100.165648
01/20/2008 06:00:00,       103.936293
01/20/2008 07:00:00,       108.387576
01/20/2008 08:00:00,       107.906907
01/20/2008 09:00:00,       107.685122
01/20/2008 10:00:00,       112.574327
01/20/2008 11:00:00,       117.874191
01/20/2008 12:00:00,       126.513796
01/20/2008 13:00:00,       133.211718
01/20/2008 14:00:00,       139.779656
01/20/2008 15:00:00,       146.471250
01/20/2008 16:00:00,       152.386970
01/20/2008 17:00:00,       158.384727
01/20/2008 18:00:00,       165.972050
01/20/2008 19:00:00,       171.251679
01/20/2008 20:00:00,       174.171481
01/20/2008 21:00:00,       180.193995
01/20/2008 22:00:00,       187.535098
01/20/2008 23:00:00,       190.681926
01/21/2008 00:00:00,       190.333915
01/21/2008 01:00:00,       178.928924
01/21/2008 02:00:00,       178.406273
01/21/2008 03:00:00,       178.363525
01/21/2008 04:00:00,       181.015716
01/21/2008 05:00:00,       184.995386
01/21/2008 06:00:00,       188.599648
01/21/2008 07:00:00,       191.681826
01/21/2008 08:00:00,       193.354676
01/21/2008 09:00:00,       195.805056
01/21/2008 10:00:00,       199.195840
01/21/2008 11:00:00,       202.917109
01/21/2008 12:00:00,       205.879480
01/21/2008 13:00:00,       206.542881
01/21/2008 14:00:00,       205.826894
01/21/2008 15:00:00,       205.128014
01/21/2008 16:00:00,       204.120299
01/21/2008 17:00:00,       203.575806
01/21/2008 18:00:00,       203.365181
01/21/2008 19:00:00,       202.121794
01/21/2008 20:00:00,       200.768982
01/21/2008 21:00:00,       199.257614
01/21/2008 22:00:00,       197.164650
01/21/2008 23:00:00,       194.631048
01/22/2008 00:00:00,       191.967815
01/22/2008 01:00:00,       200.985744
01/22/2008 02:00:00,       188.222125
01/22/2008 03:00:00,       178.149497
01/22/2008 04:00:00,       166.149712
01/22/2008 05:00:00,       155.816237
01/22/2008 06:00:00,       146.112689
01/22/2008 07:00:00,       138.310206
01/22/2008 08:00:00,       123.994808
01/22/2008 09:00:00,       112.410866
01/22/2008 10:00:00,        97.826862
01/22/2008 11:00:00,        87.068488
01/22/2008 12:00:00,        77.321091
01/22/2008 13:00:00,        67.524192
01/22/2008 14:00:00,        63.405229
01/22/2008 15:00:00,        63.426584
01/22/2008 16:00:00,        63.685955
01/22/2008 17:00:00,        64.307578
01/22/2008 18:00:00,        68.137012
01/22/2008 19:00:00,        70.754430
01/22/2008 20:00:00,        74.047460
01/22/2008 21:00:00,        69.051247
01/22/2008 22:00:00,        73.742827
01/22/2008 23:00:00,        60.900918
01/23/2008 00:00:00,        44.628051
01/23/2008 01:00:00,        41.594421
01/23/2008 02:00:00,        39.410870
01/23/2008 03:00:00,        18.256393
01/23/2008 04:00:00,        38.310740
01/23/2008 05:00:00,        72.191100
01/23/2008 06:00:00,       118.193810
01/23/2008 07:00:00,       141.306598
01/23/2008 08:00:00,       159.102706
01/23/2008 09:00:00,       164.596882
01/23/2008 10:00:00,       167.096164
01/23/2008 11:00:00,       167.769342
01/23/2008 12:00:00,       166.577129
01/23/2008 13:00:00,       161.908939
01/23/2008 14:00:00,       152.090038
01/23/2008 15:00:00,       140.404234
01/23/2008 16:00:00,       133.444633
01/23/2008 17:00:00,       133.082834
01/23/2008 18:00:00,       133.542299
01/23/2008 19:00:00,       129.501487
01/23/2008 20:00:00,       129.853916
01/23/2008 21:00:00,       126.551189
01/23/2008 22:00:00,       120.004921
01/23/2008 23:00:00,       119.774611
01/24/2008 00:00:00,       116.034029
01/24/2008 01:00:00,       202.043653
01/24/2008 02:00:00,       194.502838
01/24/2008 03:00:00,       186.728888
01/24/2008 04:00:00,       180.256029
01/24/2008 05:00:00,       172.334682
01/24/2008 06:00:00,       165.125166
01/24/2008 07:00:00,       157.510670
01/24/2008 08:00:00,       144.231418
01/24/2008 09:00:00,       133.284920
01/24/2008 10:00:00,       122.336062
01/24/2008 11:00:00,       111.269636
01/24/2008 12:00:00,       101.382170
01/24/2008 13:00:00,        93.964885
01/24/2008 14:00:00,        88.009702
01/24/2008 15:00:00,        84.406959
01/24/2008 16:00:00,        80.264138
01/24/2008 17:00:00,        78.239662
01/24/2008 18:00:00,        78.654224
01/24/2008 19:00:00,        76.946980
01/24/2008 20:00:00,        76.015110
01/24/2008 21:00:00,        78.853174
01/24/2008 22:00:00,        81.719750
01/24/2008 23:00:00,        85.766284
01/25/2008 00:00:00,        92.258557
01/25/2008 01:00:00,       133.141585
01/25/2008 02:00:00,       139.139469
01/25/2008 03:00:00,       143.688660
01/25/2008 04:00:00,       148.342688
01/25/2008 05:00:00,       151.908663
01/25/2008 06:00:00,       156.338848
01/25/2008 07:00:00,       159.801139
01/25/2008 08:00:00,       166.173266
01/25/2008 09:00:00,       170.513058
01/25/2008 10:00:00,       174.505279
01/25/2008 11:00:00,       177.965485
01/25/2008 12:00:00,       177.640647
01/25/2008 13:00:00,       175.672692
01/25/2008 14:00:00,       172.338250
01/25/2008 15:00:00,       168.238458
01/25/2008 16:00:00,       161.676435
01/25/2008 17:00:00,       151.547846
01/25/2008 18:00:00,       143.555126
01/25/2008 19:00:00,       142.255250
01/25/2008 20:00:00,       140.940224
01/25/2008 21:00:00,       139.859634
01/25/2008 22:00:00,       136.578867
01/25/2008 23:00:00,       132.657520
01/26/2008 00:00:00,       127.153481
01/26/2008 01:00:00,       193.660468
01/26/2008 02:00:00,       192.401701
01/26/2008 03:00:00,       191.453755
01/26/2008 04:00:00,       189.639838
01/26/2008 05:00:00,       186.380384
01/26/2008 06:00:00,       183.193396
01/26/2008 07:00:00,       178.554633
01/26/2008 08:00:00,       168.021302
01/26/2008 09:00:00,       154.519500
01/26/2008 10:00:00,       141.839815
01/26/2008 11:00:00,       130.563682
01/26/2008 12:00:00,       120.651064
01/26/2008 13:00:00,       110.691471
01/26/2008 14:00:00,       100.879114
01/26/2008 15:00:00,        88.878751
01/26/2008 16:00:00,        76.014817
01/26/2008 17:00:00,        63.777278
01/26/2008 18:00:00,        55.007512
01/26/2008 19:00:00,        46.275806
01/26/2008 20:00:00,        38.334955
01/26/2008 21:00:00,        35.434046
01/26/2008 22:00:00,        32.747385
01/26/2008 23:00:00,        31.644595
01/27/2008 00:00:00,        32.130311
01/27/2008 01:00:00,         2.173139
01/27/2008 02:00:00,         2.366126
01/27/2008 03:00:00,         2.566981
01/27/2008 04:00:00,         2.938281
01/27/2008 05:00:00,         3.090872
01/27/2008 06:00:00,         3.303827
01/27/2008 07:00:00,         4.013296
01/27/2008 08:00:00,         4.752781
01/27/2008 09:00:00,         5.036447
01/27/2008 10:00:00,         5.327401
01/27/2008 11:00:00,         5.616619
01/27/2008 12:00:00,         5.440456
01/27/2008 13:00:00,         5.866897
01/27/2008 14:00:00,         5.755712
01/27/2008 15:00:00,         5.309487
01/27/2008 16:00:00,         4.743094
01/27/2008 17:00:00,         4.828721
01/27/2008 18:00:00,         4.770323
01/27/2008 19:00:00,         4.690113
01/27/2008 20:00:00,         4.525767
01/27/2008 21:00:00,         4.121534
01/27/2008 22:00:00,         4.293098
01/27/2008 23:00:00,         4.480230
01/28/2008 00:00:00,         5.125141
01/28/2008 01:00:00,         6.993341
01/28/2008 02:00:00,         6.371183
01/28/2008 03:00:00,         6.408207
01/28/2008 04:00:00,         6.414952
01/28/2008 05:00:00,         6.464640
01/28/2008 06:00:00,         7.749519
01/28/2008 07:00:00,        10.174575
01/28/2008 08:00:00,        12.699405
01/28/2008 09:00:00,        16.224137
01/28/2008 10:00:00,        19.783058
01/28/2008 11:00:00,        22.305354
01/28/2008 12:00:00,        25.826444
01/28/2008 13:00:00,        31.035154
01/28/2008 14:00:00,        37.037115
01/28/2008 15:00:00,        45.121389
01/28/2008 16:00:00,        52.058646
01/28/2008 17:00:00,        57.841076
01/28/2008 18:00:00,        66.574134
01/28/2008 19:00:00,        71.870194
01/28/2008 20:00:00,        76.925885
01/28/2008 21:00:00,        81.685345
01/28/2008 22:00:00,        87.324070
01/28/2008 23:00:00,        94.233077
01/29/2008 00:00:00,       103.331732
01/29/2008 01:00:00,       115.625310
01/29/2008 02:00:00,       114.579089
01/29/2008 03:00:00,       113.021792
01/29/2008 04:00:00,       109.698777
01/29/2008 05:00:00,       106.172952
01/29/2008 06:00:00,       103.705233
01/29/2008 07:00:00,        99.946011
01/29/2008 08:00:00,        93.219737
01/29/2008 09:00:00,        83.745563
01/29/2008 10:00:00,        77.000076
01/29/2008 11:00:00,        65.549580
01/29/2008 12:00:00,        54.697902
01/29/2008 13:00:00,        39.398963
01/29/2008 14:00:00,        22.867367
01/29/2008 15:00:00,        15.871258
01/29/2008 16:00:00,        14.129262
01/29/2008 17:00:00,        14.159940
01/29/2008 18:00:00,        10.397037
01/29/2008 19:00:00,         7.931180
01/29/2008 20:00:00,         2.720318
01/29/2008 21:00:00,         0.023921
01/29/2008 22:00:00,         0.006901
01/29/2008 23:00:00,         0.000000
01/30/2008 00:00:00,         0.000000
01/30/2008 01:00:00,        29.506020
01/30/2008 02:00:00,        46.373718
01/30/2008 03:00:00,        54.742784
01/30/2008 04:00:00,        60.894635
01/30/2008 05:00:00,        62.388650
01/30/2008 06:00:00,        42.490662
01/30/2008 07:00:00,         0.000000
01/30/2008 08:00:00,        40.541336
01/30/2008 09:00:00,         0.000000
01/30/2008 10:00:00,         0.000000
01/30/2008 11:00:00,         0.000000
01/30/2008 12:00:00,         0.000000
01/30/2008 13:00:00,         0.000000
01/30/2008 14:00:00,         0.000000
01/30/2008 15:00:00,       141.065298
01/30/2008 16:00:00,       160.127612
01/30/2008 17:00:00,       167.552245
01/30/2008 18:00:00,       184.935817
01/30/2008 19:00:00,       190.195033
01/30/2008 20:00:00,       119.615763
01/30/2008 21:00:00,       160.020163
01/30/2008 22:00:00,       200.712952
01/30/2008 23:00:00,       204.288880
01/31/2008 00:00:00,       205.835920
01/31/2008 01:00:00,       222.256457
01/31/2008 02:00:00,       222.392717
01/31/2008 03:00:00,       223.439950
01/31/2008 04:00:00,       223.961135
01/31/2008 05:00:00,       223.968632
01/31/2008 06:00:00,       223.971972
01/31/2008 07:00:00,       223.974060
01/31/2008 08:00:00,       223.973907
01/31/2008 09:00:00,       223.998707
01/31/2008 10:00:00,       223.999648
01/31/2008 11:00:00,       223.999648
01/31/2008 12:00:00,       223.997879
01/31/2008 13:00:00,       223.954095
01/31/2008 14:00:00,       223.578715
01/31/2008 15:00:00,       222.859932
01/31/2008 16:00:00,       221.816166
01/31/2008 17:00:00,       220.567668
01/31/2008 18:00:00,       219.514262
01/31/2008 19:00:00,       218.111782
01/31/2008 20:00:00,       216.394786
01/31/2008 21:00:00,       214.507190
01/31/2008 22:00:00,       212.391742
01/31/2008 23:00:00,       209.254185
02/01/2008 00:00:00,       149.853951
02/01/2008 01:00:00,       138.317933
02/01/2008 02:00:00,       125.870318
02/01/2008 03:00:00,       114.773915
02/01/2008 04:00:00,       102.555063
02/01/2008 05:00:00,        92.985433
02/01/2008 06:00:00,        84.120847
02/01/2008 07:00:00,        68.498940
02/01/2008 08:00:00,        54.754905
02/01/2008 09:00:00,        41.237445
02/01/2008 10:00:00,        31.041402
02/01/2008 11:00:00,        24.869813
02/01/2008 12:00:00,        20.836993
02/01/2008 13:00:00,        21.402747
02/01/2008 14:00:00,        24.601642
02/01/2008 15:00:00,        29.968687
02/01/2008 16:00:00,        37.135373
02/01/2008 17:00:00,        47.849371
02/01/2008 18:00:00,        61.299396
02/01/2008 19:00:00,        67.132430
02/01/2008 20:00:00,        73.031311
02/01/2008 21:00:00,        80.434172
02/01/2008 22:00:00,        95.913330
02/01/2008 23:00:00,        85.254643
02/02/2008 00:00:00,        87.156051
02/02/2008 01:00:00,       137.925548
02/02/2008 02:00:00,       135.482890
02/02/2008 03:00:00,       105.030128
02/02/2008 04:00:00,        53.628253
02/02/2008 05:00:00,        24.103692
02/02/2008 06:00:00,        14.180062
02/02/2008 07:00:00,        12.337700
02/02/2008 08:00:00,        12.235800
02/02/2008 09:00:00,         0.770124
02/02/2008 10:00:00,        80.085000
02/02/2008 11:00:00,       129.780300
02/02/2008 12:00:00,       145.184671
02/02/2008 13:00:00,       110.813415
02/02/2008 14:00:00,       158.670040
02/02/2008 15:00:00,       134.925800
02/02/2008 16:00:00,       160.490278
02/02/2008 17:00:00,       173.363544
02/02/2008 18:00:00,       183.467465
02/02/2008 19:00:00,       192.454868
02/02/2008 20:00:00,       203.597901
02/02/2008 21:00:00,       203.935415
02/02/2008 22:00:00,       204.176939
02/02/2008 23:00:00,       202.984849
02/03/2008 00:00:00,       186.364682
02/03/2008 01:00:00,       151.914276
02/03/2008 02:00:00,       159.101251
02/03/2008 03:00:00,       139.920984
02/03/2008 04:00:00,       145.615178
02/03/2008 05:00:00,       141.369616
02/03/2008 06:00:00,       139.202022
02/03/2008 07:00:00,       138.286537
02/03/2008 08:00:00,       130.901594
02/03/2008 09:00:00,       122.995942
02/03/2008 10:00:00,       115.524196
02/03/2008 11:00:00,       109.607571
02/03/2008 12:00:00,       106.929588
02/03/2008 13:00:00,       103.378497
02/03/2008 14:00:00,       101.510827
02/03/2008 15:00:00,       100.916016
02/03/2008 16:00:00,       101.595641
02/03/2008 17:00:00,       103.720423
02/03/2008 18:00:00,       107.474418
02/03/2008 19:00:00,       107.361904
02/03/2008 20:00:00,       107.285991
02/03/2008 21:00:00,       108.281426
02/03/2008 22:00:00,       112.600124
02/03/2008 23:00:00,       120.484376
02/04/2008 00:00:00,       122.992514
02/04/2008 01:00:00,       101.075760
02/04/2008 02:00:00,        83.957051
02/04/2008 03:00:00,        83.343071
02/04/2008 04:00:00,        72.987487
02/04/2008 05:00:00,        61.081999
02/04/2008 06:00:00,        52.597281
02/04/2008 07:00:00,        46.685134
02/04/2008 08:00:00,        55.657202
02/04/2008 09:00:00,        74.193977
02/04/2008 10:00:00,        65.142803
02/04/2008 11:00:00,        63.045475
02/04/2008 12:00:00,        51.473942
02/04/2008 13:00:00,        48.763099
02/04/2008 14:00:00,        42.208377
02/04/2008 15:00:00,        33.601736
02/04/2008 16:00:00,        26.628595
02/04/2008 17:00:00,        22.041305
02/04/2008 18:00:00,        18.430685
02/04/2008 19:00:00,        15.576690
02/04/2008 20:00:00,        12.974712
02/04/2008 21:00:00,        10.340837
02/04/2008 22:00:00,         7.541593
02/04/2008 23:00:00,         3.925225
02/05/2008 00:00:00,         2.273880
02/05/2008 01:00:00,        30.833228
02/05/2008 02:00:00,        35.411526
02/05/2008 03:00:00,        38.088383
02/05/2008 04:00:00,        42.438856
02/05/2008 05:00:00,        44.713411
02/05/2008 06:00:00,        59.427100
02/05/2008 07:00:00,        66.779730
02/05/2008 08:00:00,        59.800287
02/05/2008 09:00:00,         4.817538
02/05/2008 10:00:00,         1.950700
02/05/2008 11:00:00,         0.000000
02/05/2008 12:00:00,         0.000000
02/05/2008 13:00:00,         0.000000
02/05/2008 14:00:00,         0.000000
02/05/2008 15:00:00,         0.000000
02/05/2008 16:00:00,         0.000000
02/05/2008 17:00:00,         0.000000
02/05/2008 18:00:00,         5.367500
02/05/2008 19:00:00,         0.571179
02/05/2008 20:00:00,         0.000000
02/05/2008 21:00:00,        23.179648
02/05/2008 22:00:00,        74.259538
02/05/2008 23:00:00,        76.467147
02/06/2008 00:00:00,        81.010737
02/06/2008 01:00:00,        22.633372
02/06/2008 02:00:00,        20.445222
02/06/2008 03:00:00,        18.822013
02/06/2008 04:00:00,         0.000000
02/06/2008 05:00:00,         0.000000
02/06/2008 06:00:00,        17.125065
02/06/2008 07:00:00,        29.757625
02/06/2008 08:00:00,        25.111042
02/06/2008 09:00:00,        16.143803
02/06/2008 10:00:00,        20.331929
02/06/2008 11:00:00,        14.719130
02/06/2008 12:00:00,        16.368559
02/06/2008 13:00:00,        10.703309
02/06/2008 14:00:00,        11.660332
02/06/2008 15:00:00,        12.827478
02/06/2008 16:00:00,         0.000000
02/06/2008 17:00:00,         0.000000
02/06/2008 18:00:00,         9.823000
02/06/2008 19:00:00,        14.354500
02/06/2008 20:00:00,        23.370000
02/06/2008 21:00:00,        30.945350
02/06/2008 22:00:00,        34.289270
02/06/2008 23:00:00,        33.827450
02/07/2008 00:00:00,        35.654829
02/07/2008 01:00:00,        64.138932
02/07/2008 02:00:00,        67.526563
02/07/2008 03:00:00,        67.897140
02/07/2008 04:00:00,        73.286403
02/07/2008 05:00:00,        79.386531
02/07/2008 06:00:00,        84.175541
02/07/2008 07:00:00,        89.257991
02/07/2008 08:00:00,        90.983644
02/07/2008 09:00:00,        95.248422
02/07/2008 10:00:00,        96.454246
02/07/2008 11:00:00,        95.863966
02/07/2008 12:00:00,        96.876676
02/07/2008 13:00:00,        92.132111
02/07/2008 14:00:00,        89.242001
02/07/2008 15:00:00,        83.991163
02/07/2008 16:00:00,        80.272902
02/07/2008 17:00:00,        70.349538
02/07/2008 18:00:00,        63.816984
02/07/2008 19:00:00,        59.062817
02/07/2008 20:00:00,        56.593762
02/07/2008 21:00:00,        53.410565
02/07/2008 22:00:00,        51.804130
02/07/2008 23:00:00,        51.440136
02/08/2008 00:00:00,        52.639850
02/08/2008 01:00:00,        34.477582
02/08/2008 02:00:00,        34.187794
02/08/2008 03:00:00,        34.105102
02/08/2008 04:00:00,        32.370627
02/08/2008 05:00:00,        32.410067
02/08/2008 06:00:00,        30.386208
02/08/2008 07:00:00,        28.395752
02/08/2008 08:00:00,        25.553782
02/08/2008 09:00:00,        22.641949
02/08/2008 10:00:00,        19.821698
02/08/2008 11:00:00,        17.090681
02/08/2008 12:00:00,        12.924286
02/08/2008 13:00:00,         4.313749
02/08/2008 14:00:00,         5.427757
02/08/2008 15:00:00,         8.607043
02/08/2008 16:00:00,         8.996345
02/08/2008 17:00:00,        10.366873
02/08/2008 18:00:00,        10.830737
02/08/2008 19:00:00,        11.334624
02/08/2008 20:00:00,        12.508270
02/08/2008 21:00:00,        14.066358
02/08/2008 22:00:00,        16.556497
02/08/2008 23:00:00,        18.844993
02/09/2008 00:00:00,        20.893310
02/09/2008 01:00:00,        46.446155
02/09/2008 02:00:00,        42.735027
02/09/2008 03:00:00,        52.053350
02/09/2008 04:00:00,        49.857543
02/09/2008 05:00:00,        46.426499
02/09/2008 06:00:00,        52.064405
02/09/2008 07:00:00,        48.480756
02/09/2008 08:00:00,        51.490663
02/09/2008 09:00:00,        48.959690
02/09/2008 10:00:00,        43.360667
02/09/2008 11:00:00,        37.604554
02/09/2008 12:00:00,        32.996849
02/09/2008 13:00:00,        29.517819
02/09/2008 14:00:00,        26.367087
02/09/2008 15:00:00,        22.808425
02/09/2008 16:00:00,        18.305342
02/09/2008 17:00:00,        17.162723
02/09/2008 18:00:00,        18.272016
02/09/2008 19:00:00,        16.479616
02/09/2008 20:00:00,        14.786379
02/09/2008 21:00:00,        15.159858
02/09/2008 22:00:00,        16.956028
02/09/2008 23:00:00,        19.529220
02/10/2008 00:00:00,        20.059626
02/10/2008 01:00:00,        14.353018
02/10/2008 02:00:00,        14.824307
02/10/2008 03:00:00,        34.741500
02/10/2008 04:00:00,         1.146435
02/10/2008 05:00:00,         1.648136
02/10/2008 06:00:00,         0.000000
02/10/2008 07:00:00,         0.000000
02/10/2008 08:00:00,         0.000000
02/10/2008 09:00:00,         0.000000
02/10/2008 10:00:00,         0.000000
02/10/2008 11:00:00,         0.000000
02/10/2008 12:00:00,         5.956500
02/10/2008 13:00:00,         0.000000
02/10/2008 14:00:00,        21.141910
02/10/2008 15:00:00,        48.212500
02/10/2008 16:00:00,        67.352850
02/10/2008 17:00:00,        65.807060
02/10/2008 18:00:00,        70.425550
02/10/2008 19:00:00,        73.007090
02/10/2008 20:00:00,        69.372220
02/10/2008 21:00:00,        68.029530
02/10/2008 22:00:00,        73.026660
02/10/2008 23:00:00,        79.345226
02/11/2008 00:00:00,        78.374788
02/11/2008 01:00:00,       145.511460
02/11/2008 02:00:00,       153.647064
02/11/2008 03:00:00,       166.392100
02/11/2008 04:00:00,       172.215805
02/11/2008 05:00:00,       177.730718
02/11/2008 06:00:00,       182.581903
02/11/2008 07:00:00,       187.811813
02/11/2008 08:00:00,       200.310238
02/11/2008 09:00:00,       209.508652
02/11/2008 10:00:00,       217.744412
02/11/2008 11:00:00,       218.926914
02/11/2008 12:00:00,       218.843774
02/11/2008 13:00:00,       218.827279
02/11/2008 14:00:00,       218.804621
02/11/2008 15:00:00,       218.683812
02/11/2008 16:00:00,       218.738572
02/11/2008 17:00:00,       220.238156
02/11/2008 18:00:00,       222.733345
02/11/2008 19:00:00,       223.731171
02/11/2008 20:00:00,       223.905257
02/11/2008 21:00:00,       223.936536
02/11/2008 22:00:00,       223.944317
02/11/2008 23:00:00,       223.907776
02/12/2008 00:00:00,       223.759279
02/12/2008 01:00:00,       222.272546
02/12/2008 02:00:00,       221.871321
02/12/2008 03:00:00,       221.541048
02/12/2008 04:00:00,       221.220140
02/12/2008 05:00:00,       220.859578
02/12/2008 06:00:00,       220.731959
02/12/2008 07:00:00,       220.180800
02/12/2008 08:00:00,       217.367803
02/12/2008 09:00:00,       213.411894
02/12/2008 10:00:00,       206.384452
02/12/2008 11:00:00,       195.519267
02/12/2008 12:00:00,       182.157409
02/12/2008 13:00:00,       166.707355
02/12/2008 14:00:00,       151.727681
02/12/2008 15:00:00,       137.048661
02/12/2008 16:00:00,       122.741296
02/12/2008 17:00:00,       105.228245
02/12/2008 18:00:00,        86.487597
02/12/2008 19:00:00,        75.043493
02/12/2008 20:00:00,        62.545892
02/12/2008 21:00:00,        51.630150
02/12/2008 22:00:00,        38.531678
02/12/2008 23:00:00,        29.622601
02/13/2008 00:00:00,        25.645068
02/13/2008 01:00:00,         9.402676
02/13/2008 02:00:00,        15.289746
02/13/2008 03:00:00,        22.621221
02/13/2008 04:00:00,        29.837969
02/13/2008 05:00:00,        37.381819
02/13/2008 06:00:00,        46.076943
02/13/2008 07:00:00,        54.862338
02/13/2008 08:00:00,        68.082179
02/13/2008 09:00:00,        84.199818
02/13/2008 10:00:00,        89.587396
02/13/2008 11:00:00,        95.532417
02/13/2008 12:00:00,        98.499866
02/13/2008 13:00:00,        99.358242
02/13/2008 14:00:00,       100.135782
02/13/2008 15:00:00,        79.308916
02/13/2008 16:00:00,        73.294850
02/13/2008 17:00:00,        62.670672
02/13/2008 18:00:00,        52.451692
02/13/2008 19:00:00,        17.999533
02/13/2008 20:00:00,         0.557958
02/13/2008 21:00:00,         0.086043
02/13/2008 22:00:00,         0.000000
02/13/2008 23:00:00,         0.000000
02/14/2008 00:00:00,         0.000000
02/14/2008 01:00:00,         0.000000
02/14/2008 02:00:00,        17.831500
02/14/2008 03:00:00,        34.200000
02/14/2008 04:00:00,        11.057296
02/14/2008 05:00:00,        45.389226
02/14/2008 06:00:00,         9.534213
02/14/2008 07:00:00,        10.136760
02/14/2008 08:00:00,        10.252680
02/14/2008 09:00:00,        25.479000
02/14/2008 10:00:00,        58.420872
02/14/2008 11:00:00,        99.511000
02/14/2008 12:00:00,        99.734710
02/14/2008 13:00:00,        95.427375
02/14/2008 14:00:00,        92.002927
02/14/2008 15:00:00,        94.716652
02/14/2008 16:00:00,       100.883299
02/14/2008 17:00:00,       107.587097
02/14/2008 18:00:00,       113.380020
02/14/2008 19:00:00,       118.808024
02/14/2008 20:00:00,       124.403844
02/14/2008 21:00:00,       130.238316
02/14/2008 22:00:00,       134.203218
02/14/2008 23:00:00,       136.774471
02/15/2008 00:00:00,       136.784321
02/15/2008 01:00:00,        61.320861
02/15/2008 02:00:00,        60.407849
02/15/2008 03:00:00,        57.695277
02/15/2008 04:00:00,        64.622380
02/15/2008 05:00:00,        68.318880
02/15/2008 06:00:00,        60.881927
02/15/2008 07:00:00,        43.293979
02/15/2008 08:00:00,        26.695067
02/15/2008 09:00:00,         8.868806
02/15/2008 10:00:00,         0.000000
02/15/2008 11:00:00,         0.000000
02/15/2008 12:00:00,         0.000000
02/15/2008 13:00:00,         0.000000
02/15/2008 14:00:00,         8.132000
02/15/2008 15:00:00,        52.373500
02/15/2008 16:00:00,       170.617200
02/15/2008 17:00:00,       183.573000
02/15/2008 18:00:00,       191.320575
02/15/2008 19:00:00,       197.414461
02/15/2008 20:00:00,       201.849538
02/15/2008 21:00:00,       204.348335
02/15/2008 22:00:00,       210.511628
02/15/2008 23:00:00,       214.217254
02/16/2008 00:00:00,       216.552696
02/16/2008 01:00:00,       197.935638
02/16/2008 02:00:00,       192.258595
02/16/2008 03:00:00,       187.845620
02/16/2008 04:00:00,       186.217061
02/16/2008 05:00:00,       185.932036
02/16/2008 06:00:00,       187.100796
02/16/2008 07:00:00,       190.079770
02/16/2008 08:00:00,       187.296042
02/16/2008 09:00:00,       180.784589
02/16/2008 10:00:00,       171.315585
02/16/2008 11:00:00,       165.528958
02/16/2008 12:00:00,       163.668952
02/16/2008 13:00:00,       160.397574
02/16/2008 14:00:00,       155.181295
02/16/2008 15:00:00,       148.560056
02/16/2008 16:00:00,       144.670980
02/16/2008 17:00:00,       142.164469
02/16/2008 18:00:00,       139.366655
02/16/2008 19:00:00,       134.639781
02/16/2008 20:00:00,       129.531473
02/16/2008 21:00:00,       127.114485
02/16/2008 22:00:00,       124.535270
02/16/2008 23:00:00,       126.898674
02/17/2008 00:00:00,       128.243409
02/17/2008 01:00:00,       134.497493
02/17/2008 02:00:00,       128.887687
02/17/2008 03:00:00,       123.930061
02/17/2008 04:00:00,       122.170024
02/17/2008 05:00:00,       118.608265
02/17/2008 06:00:00,       114.902555
02/17/2008 07:00:00,       111.447786
02/17/2008 08:00:00,       109.695997
02/17/2008 09:00:00,       103.068863
02/17/2008 10:00:00,        94.995103
02/17/2008 11:00:00,        88.132447
02/17/2008 12:00:00,        82.134860
02/17/2008 13:00:00,        79.498744
02/17/2008 14:00:00,        79.490075
02/17/2008 15:00:00,        82.442721
02/17/2008 16:00:00,        84.908480
02/17/2008 17:00:00,        87.449155
02/17/2008 18:00:00,        91.587280
02/17/2008 19:00:00,        91.792956
02/17/2008 20:00:00,        95.080920
02/17/2008 21:00:00,       100.253960
02/17/2008 22:00:00,       104.834770
02/17/2008 23:00:00,       111.146850
02/18/2008 00:00:00,        97.529342
02/18/2008 01:00:00,        97.213297
02/18/2008 02:00:00,        25.874063
02/18/2008 03:00:00,         3.555841
02/18/2008 04:00:00,         0.927835
02/18/2008 05:00:00,         0.000000
02/18/2008 06:00:00,         0.000000
02/18/2008 07:00:00,       168.871965
02/18/2008 08:00:00,       175.401462
02/18/2008 09:00:00,       189.714476
02/18/2008 10:00:00,       196.193842
02/18/2008 11:00:00,       200.718405
02/18/2008 12:00:00,       204.108881
02/18/2008 13:00:00,       207.923798
02/18/2008 14:00:00,       208.575257
02/18/2008 15:00:00,       208.726574
02/18/2008 16:00:00,       207.085909
02/18/2008 17:00:00,       205.586680
02/18/2008 18:00:00,       207.064426
02/18/2008 19:00:00,       205.878174
02/18/2008 20:00:00,       203.727706
02/18/2008 21:00:00,       200.709665
02/18/2008 22:00:00,       200.107504
02/18/2008 23:00:00,       197.416628
02/19/2008 00:00:00,       136.796162
02/19/2008 01:00:00,       210.466814
02/19/2008 02:00:00,       159.520180
02/19/2008 03:00:00,       141.678075
02/19/2008 04:00:00,       109.227892
02/19/2008 05:00:00,       104.545696
02/19/2008 06:00:00,       161.707515
02/19/2008 07:00:00,       179.951562
02/19/2008 08:00:00,       120.010026
02/19/2008 09:00:00,       198.523369
02/19/2008 10:00:00,       108.961958
02/19/2008 11:00:00,       108.221894
02/19/2008 12:00:00,       165.511262
02/19/2008 13:00:00,        83.040384
02/19/2008 14:00:00,       149.289287
02/19/2008 15:00:00,       139.432653
02/19/2008 16:00:00,       138.624679
02/19/2008 17:00:00,       138.955064
02/19/2008 18:00:00,       138.170830
02/19/2008 19:00:00,       135.877357
02/19/2008 20:00:00,       130.693676
02/19/2008 21:00:00,       128.735750
02/19/2008 22:00:00,       130.410258
02/19/2008 23:00:00,       133.469892
02/20/2008 00:00:00,       141.214884
02/20/2008 01:00:00,       188.129458
02/20/2008 02:00:00,       188.070719
02/20/2008 03:00:00,       189.746769
02/20/2008 04:00:00,       191.046760
02/20/2008 05:00:00,       192.241560
02/20/2008 06:00:00,       194.326189
02/20/2008 07:00:00,       193.976587
02/20/2008 08:00:00,       198.446123
02/20/2008 09:00:00,       201.079836
02/20/2008 10:00:00,       201.909301
02/20/2008 11:00:00,       204.458070
02/20/2008 12:00:00,       204.980009
02/20/2008 13:00:00,       207.827029
02/20/2008 14:00:00,       206.082687
02/20/2008 15:00:00,       202.445287
02/20/2008 16:00:00,       198.630530
02/20/2008 17:00:00,       195.686687
02/20/2008 18:00:00,       192.343776
02/20/2008 19:00:00,       190.175575
02/20/2008 20:00:00,       187.717999
02/20/2008 21:00:00,       185.002113
02/20/2008 22:00:00,       181.713374
02/20/2008 23:00:00,       178.736181
02/21/2008 00:00:00,       174.582438
02/21/2008 01:00:00,       150.689668
02/21/2008 02:00:00,       147.222301
02/21/2008 03:00:00,       143.910019
02/21/2008 04:00:00,       139.791484
02/21/2008 05:00:00,       137.731915
02/21/2008 06:00:00,       136.577812
02/21/2008 07:00:00,       135.084386
02/21/2008 08:00:00,       131.470021
02/21/2008 09:00:00,       128.107870
02/21/2008 10:00:00,       127.668984
02/21/2008 11:00:00,       128.793093
02/21/2008 12:00:00,       131.079162
02/21/2008 13:00:00,       135.104843
02/21/2008 14:00:00,       138.551682
02/21/2008 15:00:00,       139.446133
02/21/2008 16:00:00,       140.349354
02/21/2008 17:00:00,       145.971108
02/21/2008 18:00:00,       152.820070
02/21/2008 19:00:00,       156.316277
02/21/2008 20:00:00,       160.783149
02/21/2008 21:00:00,       165.807172
02/21/2008 22:00:00,       170.119417
02/21/2008 23:00:00,       174.158296
02/22/2008 00:00:00,       177.094207
02/22/2008 01:00:00,       196.300145
02/22/2008 02:00:00,       190.029744
02/22/2008 03:00:00,       181.309659
02/22/2008 04:00:00,       171.930772
02/22/2008 05:00:00,       162.926779
02/22/2008 06:00:00,       155.074001
02/22/2008 07:00:00,       147.735810
02/22/2008 08:00:00,       137.120683
02/22/2008 09:00:00,       125.097290
02/22/2008 10:00:00,       111.732640
02/22/2008 11:00:00,        97.803656
02/22/2008 12:00:00,        84.337317
02/22/2008 13:00:00,        71.541845
02/22/2008 14:00:00,        60.343420
02/22/2008 15:00:00,        49.872347
02/22/2008 16:00:00,        37.914176
02/22/2008 17:00:00,        30.927123
02/22/2008 18:00:00,        26.856948
02/22/2008 19:00:00,        23.734392
02/22/2008 20:00:00,        19.942094
02/22/2008 21:00:00,        17.577793
02/22/2008 22:00:00,        17.268484
02/22/2008 23:00:00,        16.258095
02/23/2008 00:00:00,        14.143947
02/23/2008 01:00:00,         1.312706
02/23/2008 02:00:00,         1.938545
02/23/2008 03:00:00,         2.713426
02/23/2008 04:00:00,         3.041756
02/23/2008 05:00:00,         3.454544
02/23/2008 06:00:00,         3.844503
02/23/2008 07:00:00,         4.065706
02/23/2008 08:00:00,         4.144671
02/23/2008 09:00:00,         5.678885
02/23/2008 10:00:00,         6.038607
02/23/2008 11:00:00,         6.366438
02/23/2008 12:00:00,         8.193123
02/23/2008 13:00:00,        12.010962
02/23/2008 14:00:00,        17.001331
02/23/2008 15:00:00,        22.632575
02/23/2008 16:00:00,        31.200014
02/23/2008 17:00:00,        42.380790
02/23/2008 18:00:00,        54.992296
02/23/2008 19:00:00,        61.271583
02/23/2008 20:00:00,        68.845736
02/23/2008 21:00:00,        77.026020
02/23/2008 22:00:00,        87.922215
02/23/2008 23:00:00,       100.571480
02/24/2008 00:00:00,       113.875718
02/24/2008 01:00:00,       184.926815
02/24/2008 02:00:00,       186.553246
02/24/2008 03:00:00,       188.224384
02/24/2008 04:00:00,       190.836187
02/24/2008 05:00:00,       193.019968
02/24/2008 06:00:00,       194.369345
02/24/2008 07:00:00,       194.157935
02/24/2008 08:00:00,       194.633623
02/24/2008 09:00:00,       192.897610
02/24/2008 10:00:00,       190.646472
02/24/2008 11:00:00,       187.406580
02/24/2008 12:00:00,       185.546881
02/24/2008 13:00:00,       185.622219
02/24/2008 14:00:00,       183.896128
02/24/2008 15:00:00,       183.679065
02/24/2008 16:00:00,       183.096631
02/24/2008 17:00:00,       186.099479
02/24/2008 18:00:00,       189.417648
02/24/2008 19:00:00,       192.570348
02/24/2008 20:00:00,       194.575961
02/24/2008 21:00:00,       196.470559
02/24/2008 22:00:00,       200.082354
02/24/2008 23:00:00,       202.946977
02/25/2008 00:00:00,       203.440480
02/25/2008 01:00:00,       175.385692
02/25/2008 02:00:00,       142.859790
02/25/2008 03:00:00,        86.328021
02/25/2008 04:00:00,        64.127677
02/25/2008 05:00:00,        49.187640
02/25/2008 06:00:00,        46.560735
02/25/2008 07:00:00,        42.736858
02/25/2008 08:00:00,        39.382479
02/25/2008 09:00:00,        36.016548
02/25/2008 10:00:00,        32.602074
02/25/2008 11:00:00,        29.165774
02/25/2008 12:00:00,        31.480270
02/25/2008 13:00:00,        18.189862
02/25/2008 14:00:00,        26.594487
02/25/2008 15:00:00,        63.696521
02/25/2008 16:00:00,        54.979630
02/25/2008 17:00:00,        51.413004
02/25/2008 18:00:00,        49.520533
02/25/2008 19:00:00,        49.948726
02/25/2008 20:00:00,        50.450409
02/25/2008 21:00:00,        50.498922
02/25/2008 22:00:00,        47.925917
02/25/2008 23:00:00,        46.534758
02/26/2008 00:00:00,        40.737713
02/26/2008 01:00:00,        81.514798
02/26/2008 02:00:00,        61.661237
02/26/2008 03:00:00,        31.059659
02/26/2008 04:00:00,        19.480054
02/26/2008 05:00:00,        29.621510
02/26/2008 06:00:00,        67.080882
02/26/2008 07:00:00,        73.761161
02/26/2008 08:00:00,        69.112537
02/26/2008 09:00:00,        60.073420
02/26/2008 10:00:00,        50.523422
02/26/2008 11:00:00,        38.145468
02/26/2008 12:00:00,        37.120770
02/26/2008 13:00:00,        30.322515
02/26/2008 14:00:00,         4.347137
02/26/2008 15:00:00,         9.035996
02/26/2008 16:00:00,        11.466500
02/26/2008 17:00:00,         9.330915
02/26/2008 18:00:00,         7.819395
02/26/2008 19:00:00,         6.700857
02/26/2008 20:00:00,         6.295198
02/26/2008 21:00:00,         7.303100
02/26/2008 22:00:00,         8.494709
02/26/2008 23:00:00,         8.425913
02/27/2008 00:00:00,         7.318601
02/27/2008 01:00:00,         0.141078
02/27/2008 02:00:00,         0.090050
02/27/2008 03:00:00,         0.000000
02/27/2008 04:00:00,         0.000000
02/27/2008 05:00:00,         0.000000
02/27/2008 06:00:00,         0.000000
02/27/2008 07:00:00,         0.000000
02/27/2008 08:00:00,         0.000000
02/27/2008 09:00:00,         0.000000
02/27/2008 10:00:00,        66.614000
02/27/2008 11:00:00,       106.647000
02/27/2008 12:00:00,       142.046250
02/27/2008 13:00:00,       152.236355
02/27/2008 14:00:00,       158.961856
02/27/2008 15:00:00,       166.885864
02/27/2008 16:00:00,       176.018980
02/27/2008 17:00:00,       182.068249
02/27/2008 18:00:00,       184.096601
02/27/2008 19:00:00,       183.133813
02/27/2008 20:00:00,       180.593745
02/27/2008 21:00:00,       180.017623
02/27/2008 22:00:00,       180.494027
02/27/2008 23:00:00,       181.057981
02/28/2008 00:00:00,       180.628131
02/28/2008 01:00:00,        50.803640
02/28/2008 02:00:00,        44.113054
02/28/2008 03:00:00,        38.435987
02/28/2008 04:00:00,        34.801872
02/28/2008 05:00:00,        32.130361
02/28/2008 06:00:00,        30.053486
02/28/2008 07:00:00,        28.101428
02/28/2008 08:00:00,        24.295123
02/28/2008 09:00:00,        20.848549
02/28/2008 10:00:00,        19.119427
02/28/2008 11:00:00,        18.276681
02/28/2008 12:00:00,        19.230613
02/28/2008 13:00:00,        23.122566
02/28/2008 14:00:00,        28.831873
02/28/2008 15:00:00,        35.457305
02/28/2008 16:00:00,        45.004540
02/28/2008 17:00:00,        57.336063
02/28/2008 18:00:00,        68.888977
02/28/2008 19:00:00,        74.218385
02/28/2008 20:00:00,        79.794626
02/28/2008 21:00:00,        86.056613
02/28/2008 22:00:00,        93.032249
02/28/2008 23:00:00,       100.299416
02/29/2008 00:00:00,       108.544706
02/29/2008 01:00:00,        17.813627
02/29/2008 02:00:00,        17.066360
02/29/2008 03:00:00,        15.827549
02/29/2008 04:00:00,        16.563733
02/29/2008 05:00:00,        19.543152
02/29/2008 06:00:00,        21.072755
02/29/2008 07:00:00,        20.365570
02/29/2008 08:00:00,        19.183070
02/29/2008 09:00:00,        18.118047
02/29/2008 10:00:00,        17.751247
02/29/2008 11:00:00,        17.521668
02/29/2008 12:00:00,        17.197371
02/29/2008 13:00:00,        17.173365
02/29/2008 14:00:00,        17.567005
02/29/2008 15:00:00,        18.250132
02/29/2008 16:00:00,        18.060544
02/29/2008 17:00:00,        17.326044
02/29/2008 18:00:00,        14.908755
02/29/2008 19:00:00,        12.517964
02/29/2008 20:00:00,        11.128361
02/29/2008 21:00:00,        10.984549
02/29/2008 22:00:00,        12.607284
02/29/2008 23:00:00,        13.567451
03/01/2008 00:00:00,        63.167170
03/01/2008 01:00:00,        60.802759
03/01/2008 02:00:00,        66.929770
03/01/2008 03:00:00,        71.767650
03/01/2008 04:00:00,        73.637460
03/01/2008 05:00:00,        71.866494
03/01/2008 06:00:00,        73.782153
03/01/2008 07:00:00,        76.857312
03/01/2008 08:00:00,        77.925367
03/01/2008 09:00:00,        74.454595
03/01/2008 10:00:00,        77.582262
03/01/2008 11:00:00,        79.295449
03/01/2008 12:00:00,        82.765542
03/01/2008 13:00:00,        60.220436
03/01/2008 14:00:00,        56.701650
03/01/2008 15:00:00,        72.719770
03/01/2008 16:00:00,        85.422430
03/01/2008 17:00:00,       100.138290
03/01/2008 18:00:00,       106.769820
03/01/2008 19:00:00,        99.154157
03/01/2008 20:00:00,       101.690071
03/01/2008 21:00:00,       103.945020
03/01/2008 22:00:00,        97.211055
03/01/2008 23:00:00,        73.487211
03/02/2008 00:00:00,        40.688967
03/02/2008 01:00:00,        46.413184
03/02/2008 02:00:00,       145.053620
03/02/2008 03:00:00,       159.687599
03/02/2008 04:00:00,       164.460683
03/02/2008 05:00:00,       147.748145
03/02/2008 06:00:00,       179.325731
03/02/2008 07:00:00,       184.015531
03/02/2008 08:00:00,       176.464290
03/02/2008 09:00:00,       192.436640
03/02/2008 10:00:00,       190.960628
03/02/2008 11:00:00,       191.913901
03/02/2008 12:00:00,       192.639648
03/02/2008 13:00:00,       192.368706
03/02/2008 14:00:00,       187.190331
03/02/2008 15:00:00,       178.933938
03/02/2008 16:00:00,       170.492663
03/02/2008 17:00:00,       163.335108
03/02/2008 18:00:00,       153.127992
03/02/2008 19:00:00,       146.660957
03/02/2008 20:00:00,       140.290604
03/02/2008 21:00:00,       136.267858
03/02/2008 22:00:00,       138.190061
03/02/2008 23:00:00,       140.516198
03/03/2008 00:00:00,       141.104362
03/03/2008 01:00:00,        52.898609
03/03/2008 02:00:00,        50.545424
03/03/2008 03:00:00,        48.522165
03/03/2008 04:00:00,        47.468380
03/03/2008 05:00:00,        46.770552
03/03/2008 06:00:00,        44.615135
03/03/2008 07:00:00,        43.266919
03/03/2008 08:00:00,        37.951202
03/03/2008 09:00:00,        34.520494
03/03/2008 10:00:00,        34.092374
03/03/2008 11:00:00,        35.038804
03/03/2008 12:00:00,        40.201906
03/03/2008 13:00:00,        47.858651
03/03/2008 14:00:00,        57.504698
03/03/2008 15:00:00,        65.312381
03/03/2008 16:00:00,        78.378584
03/03/2008 17:00:00,        94.420154
03/03/2008 18:00:00,       113.371108
03/03/2008 19:00:00,        16.383581
03/03/2008 20:00:00,       136.003920
03/03/2008 21:00:00,       150.570410
03/03/2008 22:00:00,       158.984267
03/03/2008 23:00:00,       171.836600
03/04/2008 00:00:00,       183.211634
03/04/2008 01:00:00,       222.968615
03/04/2008 02:00:00,       223.139083
03/04/2008 03:00:00,       223.856760
03/04/2008 04:00:00,       223.696314
03/04/2008 05:00:00,       223.724068
03/04/2008 06:00:00,       223.771941
03/04/2008 07:00:00,       223.796059
03/04/2008 08:00:00,       223.481584
03/04/2008 09:00:00,       223.844628
03/04/2008 10:00:00,       223.856300
03/04/2008 11:00:00,       222.837191
03/04/2008 12:00:00,       221.612492
03/04/2008 13:00:00,       218.183567
03/04/2008 14:00:00,       212.965574
03/04/2008 15:00:00,       203.972252
03/04/2008 16:00:00,       195.009832
03/04/2008 17:00:00,       186.063854
03/04/2008 18:00:00,       174.150286
03/04/2008 19:00:00,       167.719695
03/04/2008 20:00:00,       160.256990
03/04/2008 21:00:00,       152.162657
03/04/2008 22:00:00,       142.873518
03/04/2008 23:00:00,       131.263470
03/05/2008 00:00:00,       119.966951
03/05/2008 01:00:00,        45.588546
03/05/2008 02:00:00,        53.105315
03/05/2008 03:00:00,        61.181937
03/05/2008 04:00:00,        71.492979
03/05/2008 05:00:00,        82.754747
03/05/2008 06:00:00,        93.635386
03/05/2008 07:00:00,       104.149969
03/05/2008 08:00:00,       120.175470
03/05/2008 09:00:00,       135.107552
03/05/2008 10:00:00,       148.767504
03/05/2008 11:00:00,       158.364115
03/05/2008 12:00:00,       165.812555
03/05/2008 13:00:00,       170.004160
03/05/2008 14:00:00,       169.082451
03/05/2008 15:00:00,       167.456314
03/05/2008 16:00:00,       157.188083
03/05/2008 17:00:00,       125.072271
03/05/2008 18:00:00,       131.369150
03/05/2008 19:00:00,       113.894090
03/05/2008 20:00:00,        89.714880
03/05/2008 21:00:00,       109.939064
03/05/2008 22:00:00,       111.990311
03/05/2008 23:00:00,       104.747590
03/06/2008 00:00:00,        89.413406
03/06/2008 01:00:00,       196.461124
03/06/2008 02:00:00,       211.459183
03/06/2008 03:00:00,       213.261884
03/06/2008 04:00:00,       217.119661
03/06/2008 05:00:00,       218.300070
03/06/2008 06:00:00,       217.850692
03/06/2008 07:00:00,       213.619878
03/06/2008 08:00:00,       203.046106
03/06/2008 09:00:00,       190.349034
03/06/2008 10:00:00,       175.843920
03/06/2008 11:00:00,       160.145817
03/06/2008 12:00:00,       143.096436
03/06/2008 13:00:00,       126.066759
03/06/2008 14:00:00,       108.498402
03/06/2008 15:00:00,        91.290634
03/06/2008 16:00:00,        75.847140
03/06/2008 17:00:00,        63.269330
03/06/2008 18:00:00,        51.488004
03/06/2008 19:00:00,        40.385689
03/06/2008 20:00:00,        31.599779
03/06/2008 21:00:00,        29.426087
03/06/2008 22:00:00,        29.051733
03/06/2008 23:00:00,        29.552533
03/07/2008 00:00:00,        31.741240
03/07/2008 01:00:00,        96.593155
03/07/2008 02:00:00,       103.459808
03/07/2008 03:00:00,       106.669543
03/07/2008 04:00:00,       107.802001
03/07/2008 05:00:00,       107.209454
03/07/2008 06:00:00,       108.818307
03/07/2008 07:00:00,       105.484929
03/07/2008 08:00:00,       101.380836
03/07/2008 09:00:00,        98.095078
03/07/2008 10:00:00,        94.922524
03/07/2008 11:00:00,        90.172668
03/07/2008 12:00:00,        85.054999
03/07/2008 13:00:00,        77.105140
03/07/2008 14:00:00,        66.632030
03/07/2008 15:00:00,        55.593450
03/07/2008 16:00:00,        45.039977
03/07/2008 17:00:00,        37.060471
03/07/2008 18:00:00,        29.878048
03/07/2008 19:00:00,        25.639982
03/07/2008 20:00:00,        23.910924
03/07/2008 21:00:00,        22.558261
03/07/2008 22:00:00,        22.750805
03/07/2008 23:00:00,        19.748520
03/08/2008 00:00:00,        14.817175
03/08/2008 01:00:00,        43.626840
03/08/2008 02:00:00,         4.518347
03/08/2008 03:00:00,         3.082181
03/08/2008 04:00:00,         0.000000
03/08/2008 05:00:00,         0.000000
03/08/2008 06:00:00,         0.000000
03/08/2008 07:00:00,         0.000000
03/08/2008 08:00:00,         0.000000
03/08/2008 09:00:00,         0.000000
03/08/2008 10:00:00,         0.000000
03/08/2008 11:00:00,         0.000000
03/08/2008 12:00:00,         0.000000
03/08/2008 13:00:00,         0.000000
03/08/2008 14:00:00,        82.122686
03/08/2008 15:00:00,        97.676385
03/08/2008 16:00:00,       116.766440
03/08/2008 17:00:00,       132.627344
03/08/2008 18:00:00,       146.492861
03/08/2008 19:00:00,       153.141319
03/08/2008 20:00:00,       160.961985
03/08/2008 21:00:00,       169.023561
03/08/2008 22:00:00,       176.889281
03/08/2008 23:00:00,       182.497687
03/09/2008 00:00:00,       190.197345
03/09/2008 01:00:00,       190.104065
03/09/2008 02:00:00,       207.950556
03/09/2008 03:00:00,       205.038809
03/09/2008 04:00:00,       199.941384
03/09/2008 05:00:00,       157.251789
03/09/2008 06:00:00,       100.928755
03/09/2008 07:00:00,        46.779516
03/09/2008 08:00:00,        70.585163
03/09/2008 09:00:00,       176.682594
03/09/2008 10:00:00,       177.018278
03/09/2008 11:00:00,       175.597340
03/09/2008 12:00:00,       175.037345
03/09/2008 13:00:00,       164.334302
03/09/2008 14:00:00,       153.844905
03/09/2008 15:00:00,       142.884151
03/09/2008 16:00:00,       132.509419
03/09/2008 17:00:00,       122.050559
03/09/2008 18:00:00,       110.805934
03/09/2008 19:00:00,       102.848427
03/09/2008 20:00:00,        95.317562
03/09/2008 21:00:00,        89.359114
03/09/2008 22:00:00,        82.965154
03/09/2008 23:00:00,        76.036143
03/10/2008 00:00:00,        62.715601
03/10/2008 01:00:00,        11.887379
03/10/2008 02:00:00,        12.746948
03/10/2008 03:00:00,        14.622018
03/10/2008 04:00:00,        15.052671
03/10/2008 05:00:00,        14.244748
03/10/2008 06:00:00,        13.725785
03/10/2008 07:00:00,        13.242549
03/10/2008 08:00:00,        11.637912
03/10/2008 09:00:00,        10.989930
03/10/2008 10:00:00,        11.214375
03/10/2008 11:00:00,        11.827066
03/10/2008 12:00:00,        12.851176
03/10/2008 13:00:00,        14.596413
03/10/2008 14:00:00,        17.726036
03/10/2008 15:00:00,        21.952431
03/10/2008 16:00:00,        29.828940
03/10/2008 17:00:00,        40.992998
03/10/2008 18:00:00,        53.086430
03/10/2008 19:00:00,        58.433252
03/10/2008 20:00:00,        65.008188
03/10/2008 21:00:00,        72.988374
03/10/2008 22:00:00,        82.365584
03/10/2008 23:00:00,        93.007812
03/11/2008 00:00:00,       106.123454
03/11/2008 01:00:00,       186.354796
03/11/2008 02:00:00,       190.413996
03/11/2008 03:00:00,       194.462005
03/11/2008 04:00:00,       197.958429
03/11/2008 05:00:00,       200.648487
03/11/2008 06:00:00,       201.403968
03/11/2008 07:00:00,       202.166628
03/11/2008 08:00:00,       201.850663
03/11/2008 09:00:00,       199.593096
03/11/2008 10:00:00,       195.683277
03/11/2008 11:00:00,       189.214282
03/11/2008 12:00:00,       183.096867
03/11/2008 13:00:00,       176.004068
03/11/2008 14:00:00,       169.751456
03/11/2008 15:00:00,       161.539460
03/11/2008 16:00:00,       152.638028
03/11/2008 17:00:00,       146.115910
03/11/2008 18:00:00,       142.730792
03/11/2008 19:00:00,       138.438124
03/11/2008 20:00:00,       134.104804
03/11/2008 21:00:00,       129.781306
03/11/2008 22:00:00,       126.238693
03/11/2008 23:00:00,       124.096394
03/12/2008 00:00:00,       120.862543
03/12/2008 01:00:00,       120.657367
03/12/2008 02:00:00,       113.720383
03/12/2008 03:00:00,       107.393250
03/12/2008 04:00:00,       100.081169
03/12/2008 05:00:00,        96.734900
03/12/2008 06:00:00,        89.985280
03/12/2008 07:00:00,        84.099900
03/12/2008 08:00:00,        74.523660
03/12/2008 09:00:00,        64.377070
03/12/2008 10:00:00,        23.895623
03/12/2008 11:00:00,         5.467155
03/12/2008 12:00:00,         0.417914
03/12/2008 13:00:00,         0.000000
03/12/2008 14:00:00,         1.529500
03/12/2008 15:00:00,        12.606500
03/12/2008 16:00:00,        35.602491
03/12/2008 17:00:00,        43.570055
03/12/2008 18:00:00,        55.476032
03/12/2008 19:00:00,        61.446849
03/12/2008 20:00:00,        68.633221
03/12/2008 21:00:00,        75.860237
03/12/2008 22:00:00,        86.175700
03/12/2008 23:00:00,        98.356356
03/13/2008 00:00:00,       109.002755
03/13/2008 01:00:00,       157.246654
03/13/2008 02:00:00,       156.149667
03/13/2008 03:00:00,       150.867931
03/13/2008 04:00:00,       142.825699
03/13/2008 05:00:00,       134.520514
03/13/2008 06:00:00,       127.412378
03/13/2008 07:00:00,       120.114277
03/13/2008 08:00:00,       109.742120
03/13/2008 09:00:00,        97.358758
03/13/2008 10:00:00,        81.492567
03/13/2008 11:00:00,        64.133065
03/13/2008 12:00:00,        49.522913
03/13/2008 13:00:00,        36.232253
03/13/2008 14:00:00,        23.858124
03/13/2008 15:00:00,        13.677286
03/13/2008 16:00:00,         7.424165
03/13/2008 17:00:00,         4.045432
03/13/2008 18:00:00,         2.542333
03/13/2008 19:00:00,         2.200841
03/13/2008 20:00:00,         2.114213
03/13/2008 21:00:00,         2.353792
03/13/2008 22:00:00,         2.635918
03/13/2008 23:00:00,         3.152236
03/14/2008 00:00:00,         4.037543
03/14/2008 01:00:00,        14.024449
03/14/2008 02:00:00,        15.890085
03/14/2008 03:00:00,        18.291308
03/14/2008 04:00:00,        20.262335
03/14/2008 05:00:00,        22.299355
03/14/2008 06:00:00,        23.957867
03/14/2008 07:00:00,        24.944977
03/14/2008 08:00:00,        25.846658
03/14/2008 09:00:00,        25.695379
03/14/2008 10:00:00,        24.638759
03/14/2008 11:00:00,        23.218963
03/14/2008 12:00:00,        21.382450
03/14/2008 13:00:00,        19.123082
03/14/2008 14:00:00,        16.576151
03/14/2008 15:00:00,        14.124390
03/14/2008 16:00:00,        12.173872
03/14/2008 17:00:00,         9.481361
03/14/2008 18:00:00,         7.354443
03/14/2008 19:00:00,         5.614500
03/14/2008 20:00:00,         4.113500
03/14/2008 21:00:00,         3.211000
03/14/2008 22:00:00,         2.555500
03/14/2008 23:00:00,         2.061500
03/15/2008 00:00:00,         1.292000
03/15/2008 01:00:00,         6.251237
03/15/2008 02:00:00,         6.454337
03/15/2008 03:00:00,         0.000000
03/15/2008 04:00:00,         0.000000
03/15/2008 05:00:00,         0.000000
03/15/2008 06:00:00,         0.000000
03/15/2008 07:00:00,         0.000000
03/15/2008 08:00:00,         0.000000
03/15/2008 09:00:00,         0.000000
03/15/2008 10:00:00,         0.000000
03/15/2008 11:00:00,         0.000000
03/15/2008 12:00:00,         0.000000
03/15/2008 13:00:00,         0.000000
03/15/2008 14:00:00,         0.000000
03/15/2008 15:00:00,         7.590500
03/15/2008 16:00:00,        14.611000
03/15/2008 17:00:00,        19.554242
03/15/2008 18:00:00,        22.892493
03/15/2008 19:00:00,        24.392408
03/15/2008 20:00:00,        26.621030
03/15/2008 21:00:00,        29.138200
03/15/2008 22:00:00,        27.656869
03/15/2008 23:00:00,        26.738095
03/16/2008 00:00:00,        22.900373
03/16/2008 01:00:00,         2.998610
03/16/2008 02:00:00,         0.952695
03/16/2008 03:00:00,         0.128986
03/16/2008 04:00:00,         0.000000
03/16/2008 05:00:00,         4.272050
03/16/2008 06:00:00,         0.000000
03/16/2008 07:00:00,         0.000000
03/16/2008 08:00:00,         0.000000
03/16/2008 09:00:00,         6.422155
03/16/2008 10:00:00,         7.077357
03/16/2008 11:00:00,         6.703177
03/16/2008 12:00:00,         0.000000
03/16/2008 13:00:00,         0.000000
03/16/2008 14:00:00,         6.778955
03/16/2008 15:00:00,         9.313995
03/16/2008 16:00:00,        13.117844
03/16/2008 17:00:00,        18.139792
03/16/2008 18:00:00,        26.053745
03/16/2008 19:00:00,        30.435809
03/16/2008 20:00:00,        34.623157
03/16/2008 21:00:00,        41.499520
03/16/2008 22:00:00,        47.066350
03/16/2008 23:00:00,        54.758270
03/17/2008 00:00:00,        62.191880
03/17/2008 01:00:00,       178.188682
03/17/2008 02:00:00,       185.386256
03/17/2008 03:00:00,       191.434420
03/17/2008 04:00:00,       195.872910
03/17/2008 05:00:00,       199.365250
03/17/2008 06:00:00,       201.778439
03/17/2008 07:00:00,       201.949033
03/17/2008 08:00:00,       202.122954
03/17/2008 09:00:00,       198.315670
03/17/2008 10:00:00,       195.540364
03/17/2008 11:00:00,       190.634895
03/17/2008 12:00:00,       184.554207
03/17/2008 13:00:00,       177.837214
03/17/2008 14:00:00,       167.065911
03/17/2008 15:00:00,       156.757559
03/17/2008 16:00:00,       147.285436
03/17/2008 17:00:00,       139.806432
03/17/2008 18:00:00,       130.398374
03/17/2008 19:00:00,       122.715173
03/17/2008 20:00:00,       116.122984
03/17/2008 21:00:00,       111.373455
03/17/2008 22:00:00,       106.850163
03/17/2008 23:00:00,       101.174820
03/18/2008 00:00:00,        94.990379
03/18/2008 01:00:00,        68.571739
03/18/2008 02:00:00,        63.836728
03/18/2008 03:00:00,        59.062020
03/18/2008 04:00:00,        54.025364
03/18/2008 05:00:00,        50.474698
03/18/2008 06:00:00,        47.856328
03/18/2008 07:00:00,        44.603038
03/18/2008 08:00:00,        37.542219
03/18/2008 09:00:00,        31.483265
03/18/2008 10:00:00,        26.455916
03/18/2008 11:00:00,        21.000883
03/18/2008 12:00:00,        16.266286
03/18/2008 13:00:00,        11.783522
03/18/2008 14:00:00,         8.307560
03/18/2008 15:00:00,         5.653839
03/18/2008 16:00:00,         3.095316
03/18/2008 17:00:00,         2.095388
03/18/2008 18:00:00,         1.306369
03/18/2008 19:00:00,         0.911133
03/18/2008 20:00:00,         0.881546
03/18/2008 21:00:00,         1.150752
03/18/2008 22:00:00,         1.560450
03/18/2008 23:00:00,         2.001015
03/19/2008 00:00:00,         2.524629
03/19/2008 01:00:00,        13.644835
03/19/2008 02:00:00,        18.008426
03/19/2008 03:00:00,        22.083454
03/19/2008 04:00:00,        27.832557
03/19/2008 05:00:00,        34.468318
03/19/2008 06:00:00,        38.411252
03/19/2008 07:00:00,        39.969018
03/19/2008 08:00:00,        44.634623
03/19/2008 09:00:00,        51.923981
03/19/2008 10:00:00,        60.190481
03/19/2008 11:00:00,        71.939798
03/19/2008 12:00:00,        82.798864
03/19/2008 13:00:00,        90.094772
03/19/2008 14:00:00,        97.639120
03/19/2008 15:00:00,       109.531330
03/19/2008 16:00:00,       119.496910
03/19/2008 17:00:00,       127.748400
03/19/2008 18:00:00,       134.998920
03/19/2008 19:00:00,       140.173030
03/19/2008 20:00:00,       147.032570
03/19/2008 21:00:00,       142.055694
03/19/2008 22:00:00,       146.357557
03/19/2008 23:00:00,       133.599297
03/20/2008 00:00:00,       122.610115
03/20/2008 01:00:00,        93.215756
03/20/2008 02:00:00,         4.431519
03/20/2008 03:00:00,         1.429822
03/20/2008 04:00:00,         0.000000
03/20/2008 05:00:00,         0.000000
03/20/2008 06:00:00,         0.000000
03/20/2008 07:00:00,         0.000000
03/20/2008 08:00:00,         0.000000
03/20/2008 09:00:00,         0.000000
03/20/2008 10:00:00,         0.000000
03/20/2008 11:00:00,         0.000000
03/20/2008 12:00:00,         0.000000
03/20/2008 13:00:00,         0.000000
03/20/2008 14:00:00,         0.000000
03/20/2008 15:00:00,        40.071000
03/20/2008 16:00:00,        65.001410
03/20/2008 17:00:00,        70.037510
03/20/2008 18:00:00,        80.633890
03/20/2008 19:00:00,        85.805340
03/20/2008 20:00:00,        93.278596
03/20/2008 21:00:00,       104.766279
03/20/2008 22:00:00,       120.934288
03/20/2008 23:00:00,       125.105285
03/21/2008 00:00:00,       137.061904
03/21/2008 01:00:00,       165.954648
03/21/2008 02:00:00,       167.738768
03/21/2008 03:00:00,       169.094943
03/21/2008 04:00:00,       186.095615
03/21/2008 05:00:00,       206.743412
03/21/2008 06:00:00,       209.327229
03/21/2008 07:00:00,       212.922819
03/21/2008 08:00:00,       215.013732
03/21/2008 09:00:00,       218.187081
03/21/2008 10:00:00,       220.679916
03/21/2008 11:00:00,       223.452065
03/21/2008 12:00:00,       223.960376
03/21/2008 13:00:00,       223.984932
03/21/2008 14:00:00,       223.994140
03/21/2008 15:00:00,       223.999039
03/21/2008 16:00:00,       223.999550
03/21/2008 17:00:00,       223.999811
03/21/2008 18:00:00,       223.999934
03/21/2008 19:00:00,       223.999979
03/21/2008 20:00:00,       223.999990
03/21/2008 21:00:00,       224.000000
03/21/2008 22:00:00,       224.000000
03/21/2008 23:00:00,       224.000000
03/22/2008 00:00:00,       224.000000
03/22/2008 01:00:00,       223.991230
03/22/2008 02:00:00,       223.941772
03/22/2008 03:00:00,       223.853411
03/22/2008 04:00:00,       223.691594
03/22/2008 05:00:00,       223.497062
03/22/2008 06:00:00,       223.288119
03/22/2008 07:00:00,       223.102247
03/22/2008 08:00:00,       222.935578
03/22/2008 09:00:00,       222.728929
03/22/2008 10:00:00,       222.510733
03/22/2008 11:00:00,       222.238165
03/22/2008 12:00:00,       222.035268
03/22/2008 13:00:00,       221.930397
03/22/2008 14:00:00,       221.968786
03/22/2008 15:00:00,       222.129881
03/22/2008 16:00:00,       222.295255
03/22/2008 17:00:00,       222.433114
03/22/2008 18:00:00,       222.575950
03/22/2008 19:00:00,       222.796277
03/22/2008 20:00:00,       223.005393
03/22/2008 21:00:00,       223.023977
03/22/2008 22:00:00,       222.834047
03/22/2008 23:00:00,       222.746927
03/23/2008 00:00:00,       222.616481
03/23/2008 01:00:00,       222.238476
03/23/2008 02:00:00,       222.587279
03/23/2008 03:00:00,       222.666192
03/23/2008 04:00:00,       222.552281
03/23/2008 05:00:00,       222.319024
03/23/2008 06:00:00,       222.271382
03/23/2008 07:00:00,       222.719045
03/23/2008 08:00:00,       222.823742
03/23/2008 09:00:00,       222.803405
03/23/2008 10:00:00,       222.633554
03/23/2008 11:00:00,       222.428442
03/23/2008 12:00:00,       222.272605
03/23/2008 13:00:00,       221.938957
03/23/2008 14:00:00,       221.483325
03/23/2008 15:00:00,       220.679982
03/23/2008 16:00:00,       219.876759
03/23/2008 17:00:00,       218.915868
03/23/2008 18:00:00,       217.810103
03/23/2008 19:00:00,       216.504403
03/23/2008 20:00:00,       214.938457
03/23/2008 21:00:00,       213.106825
03/23/2008 22:00:00,       211.442343
03/23/2008 23:00:00,       209.758322
03/24/2008 00:00:00,       207.477908
03/24/2008 01:00:00,       154.139950
03/24/2008 02:00:00,       146.999252
03/24/2008 03:00:00,       140.369964
03/24/2008 04:00:00,       133.125030
03/24/2008 05:00:00,       126.683483
03/24/2008 06:00:00,       118.564196
03/24/2008 07:00:00,       111.052033
03/24/2008 08:00:00,        98.518951
03/24/2008 09:00:00,        88.823754
03/24/2008 10:00:00,        82.584229
03/24/2008 11:00:00,        79.380951
03/24/2008 12:00:00,        78.066380
03/24/2008 13:00:00,        78.601630
03/24/2008 14:00:00,        80.077153
03/24/2008 15:00:00,        77.693377
03/24/2008 16:00:00,        74.248750
03/24/2008 17:00:00,        73.465992
03/24/2008 18:00:00,        78.707010
03/24/2008 19:00:00,        81.555002
03/24/2008 20:00:00,        83.175773
03/24/2008 21:00:00,        86.688589
03/24/2008 22:00:00,        88.870999
03/24/2008 23:00:00,        86.862624
03/25/2008 00:00:00,        86.145608
03/25/2008 01:00:00,        65.057762
03/25/2008 02:00:00,        65.408811
03/25/2008 03:00:00,        64.124297
03/25/2008 04:00:00,        62.462093
03/25/2008 05:00:00,        59.673304
03/25/2008 06:00:00,        55.061446
03/25/2008 07:00:00,        51.162092
03/25/2008 08:00:00,        46.094901
03/25/2008 09:00:00,        39.939049
03/25/2008 10:00:00,        35.977793
03/25/2008 11:00:00,        32.873653
03/25/2008 12:00:00,        29.890625
03/25/2008 13:00:00,        27.215461
03/25/2008 14:00:00,        25.454043
03/25/2008 15:00:00,        24.178876
03/25/2008 16:00:00,        24.189021
03/25/2008 17:00:00,        32.146606
03/25/2008 18:00:00,        41.070610
03/25/2008 19:00:00,        43.359882
03/25/2008 20:00:00,        46.795021
03/25/2008 21:00:00,        51.869568
03/25/2008 22:00:00,        59.855379
03/25/2008 23:00:00,        66.615205
03/26/2008 00:00:00,        73.894548
03/26/2008 01:00:00,       137.006584
03/26/2008 02:00:00,       141.845842
03/26/2008 03:00:00,       147.534927
03/26/2008 04:00:00,       156.721000
03/26/2008 05:00:00,       160.229220
03/26/2008 06:00:00,       161.817100
03/26/2008 07:00:00,       162.014860
03/26/2008 08:00:00,       137.647146
03/26/2008 09:00:00,       115.773993
03/26/2008 10:00:00,        93.601383
03/26/2008 11:00:00,        58.646446
03/26/2008 12:00:00,        25.260126
03/26/2008 13:00:00,        33.812600
03/26/2008 14:00:00,        33.824600
03/26/2008 15:00:00,        96.205800
03/26/2008 16:00:00,       151.070500
03/26/2008 17:00:00,       157.695400
03/26/2008 18:00:00,       187.153400
03/26/2008 19:00:00,       190.273200
03/26/2008 20:00:00,       193.561500
03/26/2008 21:00:00,       198.203200
03/26/2008 22:00:00,       198.649958
03/26/2008 23:00:00,       204.502030
03/27/2008 00:00:00,       209.466903
03/27/2008 01:00:00,       203.807025
03/27/2008 02:00:00,       193.691262
03/27/2008 03:00:00,       179.915129
03/27/2008 04:00:00,       166.778571
03/27/2008 05:00:00,       154.759549
03/27/2008 06:00:00,       145.823288
03/27/2008 07:00:00,       138.260873
03/27/2008 08:00:00,       123.922616
03/27/2008 09:00:00,       113.295881
03/27/2008 10:00:00,       104.011953
03/27/2008 11:00:00,        96.898480
03/27/2008 12:00:00,        91.611050
03/27/2008 13:00:00,        91.125200
03/27/2008 14:00:00,        89.526030
03/27/2008 15:00:00,        87.664840
03/27/2008 16:00:00,        86.706263
03/27/2008 17:00:00,        92.394682
03/27/2008 18:00:00,        96.548442
03/27/2008 19:00:00,       107.036221
03/27/2008 20:00:00,       108.054782
03/27/2008 21:00:00,       112.744107
03/27/2008 22:00:00,       107.675272
03/27/2008 23:00:00,       110.616231
03/28/2008 00:00:00,       109.955493
03/28/2008 01:00:00,        18.171510
03/28/2008 02:00:00,        19.249464
03/28/2008 03:00:00,        16.838619
03/28/2008 04:00:00,        15.777946
03/28/2008 05:00:00,        15.242959
03/28/2008 06:00:00,        13.424821
03/28/2008 07:00:00,        12.111565
03/28/2008 08:00:00,         9.750674
03/28/2008 09:00:00,         8.908364
03/28/2008 10:00:00,         8.345190
03/28/2008 11:00:00,         7.900323
03/28/2008 12:00:00,         8.364592
03/28/2008 13:00:00,         9.328651
03/28/2008 14:00:00,         9.572074
03/28/2008 15:00:00,         7.889991
03/28/2008 16:00:00,         7.383045
03/28/2008 17:00:00,         7.053598
03/28/2008 18:00:00,         7.006193
03/28/2008 19:00:00,         6.648310
03/28/2008 20:00:00,         6.573819
03/28/2008 21:00:00,         7.055184
03/28/2008 22:00:00,         7.710844
03/28/2008 23:00:00,         9.167076
03/29/2008 00:00:00,        10.099457
03/29/2008 01:00:00,        27.097626
03/29/2008 02:00:00,        27.789608
03/29/2008 03:00:00,        28.761329
03/29/2008 04:00:00,        29.267176
03/29/2008 05:00:00,        27.866024
03/29/2008 06:00:00,        26.741486
03/29/2008 07:00:00,        27.682932
03/29/2008 08:00:00,        31.520250
03/29/2008 09:00:00,        35.137198
03/29/2008 10:00:00,        42.141113
03/29/2008 11:00:00,        50.667041
03/29/2008 12:00:00,        61.698602
03/29/2008 13:00:00,        75.427273
03/29/2008 14:00:00,        88.305850
03/29/2008 15:00:00,       100.976318
03/29/2008 16:00:00,       114.066743
03/29/2008 17:00:00,       127.164370
03/29/2008 18:00:00,       139.172361
03/29/2008 19:00:00,       150.179174
03/29/2008 20:00:00,       160.690874
03/29/2008 21:00:00,       171.374456
03/29/2008 22:00:00,       180.547986
03/29/2008 23:00:00,       187.924067
03/30/2008 00:00:00,       193.951317
03/30/2008 01:00:00,        99.341415
03/30/2008 02:00:00,        95.368050
03/30/2008 03:00:00,        91.116085
03/30/2008 04:00:00,        87.030213
03/30/2008 05:00:00,        83.364050
03/30/2008 06:00:00,        79.939775
03/30/2008 07:00:00,        75.341622
03/30/2008 08:00:00,        65.879540
03/30/2008 09:00:00,        57.867262
03/30/2008 10:00:00,        50.886310
03/30/2008 11:00:00,        44.323910
03/30/2008 12:00:00,        38.192303
03/30/2008 13:00:00,        32.524791
03/30/2008 14:00:00,        24.141132
03/30/2008 15:00:00,        17.676015
03/30/2008 16:00:00,        13.379763
03/30/2008 17:00:00,         9.593501
03/30/2008 18:00:00,         5.754492
03/30/2008 19:00:00,         3.113642
03/30/2008 20:00:00,         2.012012
03/30/2008 21:00:00,         1.642093
03/30/2008 22:00:00,         1.441333
03/30/2008 23:00:00,         1.488698
03/31/2008 00:00:00,         1.960169
03/31/2008 01:00:00,        17.097096
03/31/2008 02:00:00,        26.694780
03/31/2008 03:00:00,        34.250900
03/31/2008 04:00:00,        39.520970
03/31/2008 05:00:00,        44.618640
03/31/2008 06:00:00,        48.723190
03/31/2008 07:00:00,        50.893820
03/31/2008 08:00:00,        54.603137
03/31/2008 09:00:00,        57.483913
03/31/2008 10:00:00,        61.524952
03/31/2008 11:00:00,        66.400460
03/31/2008 12:00:00,        71.136978
03/31/2008 13:00:00,        75.690013
03/31/2008 14:00:00,        75.955103
03/31/2008 15:00:00,        73.018010
03/31/2008 16:00:00,        72.497071
03/31/2008 17:00:00,        73.751906
03/31/2008 18:00:00,        75.244860
03/31/2008 19:00:00,        74.564250
03/31/2008 20:00:00,        75.780440
03/31/2008 21:00:00,        75.149070
03/31/2008 22:00:00,        63.370623
03/31/2008 23:00:00,        41.960465
04/01/2008 00:00:00,         3.550152
04/01/2008 01:00:00,         1.376625
04/01/2008 02:00:00,        11.511086
04/01/2008 03:00:00,        10.441196
04/01/2008 04:00:00,         0.000000
04/01/2008 05:00:00,         0.000000
04/01/2008 06:00:00,         4.185116
04/01/2008 07:00:00,        32.925823
04/01/2008 08:00:00,        36.746791
04/01/2008 09:00:00,        44.984939
04/01/2008 10:00:00,        55.612307
04/01/2008 11:00:00,        66.723137
04/01/2008 12:00:00,        77.954268
04/01/2008 13:00:00,        93.334733
04/01/2008 14:00:00,       113.694618
04/01/2008 15:00:00,       128.394515
04/01/2008 16:00:00,       143.082547
04/01/2008 17:00:00,       158.640600
04/01/2008 18:00:00,       173.692492
04/01/2008 19:00:00,       183.251659
04/01/2008 20:00:00,       191.734278
04/01/2008 21:00:00,       200.293658
04/01/2008 22:00:00,       202.037841
04/01/2008 23:00:00,       209.250240
04/02/2008 00:00:00,       214.496650
04/02/2008 01:00:00,       219.945842
04/02/2008 02:00:00,       220.371005
04/02/2008 03:00:00,       220.829964
04/02/2008 04:00:00,       221.518531
04/02/2008 05:00:00,       221.750966
04/02/2008 06:00:00,       222.017430
04/02/2008 07:00:00,       222.489500
04/02/2008 08:00:00,       222.907500
04/02/2008 09:00:00,       223.326116
04/02/2008 10:00:00,       223.364324
04/02/2008 11:00:00,       223.329618
04/02/2008 12:00:00,       223.986937
04/02/2008 13:00:00,       223.985973
04/02/2008 14:00:00,       223.985994
04/02/2008 15:00:00,       224.000000
04/02/2008 16:00:00,       224.000000
04/02/2008 17:00:00,       224.000000
04/02/2008 18:00:00,       223.999972
04/02/2008 19:00:00,       223.999349
04/02/2008 20:00:00,       223.999208
04/02/2008 21:00:00,       223.999208
04/02/2008 22:00:00,       223.999208
04/02/2008 23:00:00,       223.999208
04/03/2008 00:00:00,       223.999208
04/03/2008 01:00:00,       223.999145
04/03/2008 02:00:00,       223.997558
04/03/2008 03:00:00,       223.981610
04/03/2008 04:00:00,       223.587907
04/03/2008 05:00:00,       221.778185
04/03/2008 06:00:00,       217.740704
04/03/2008 07:00:00,       209.695439
04/03/2008 08:00:00,       200.597078
04/03/2008 09:00:00,       194.782499
04/03/2008 10:00:00,       192.250540
04/03/2008 11:00:00,       191.308926
04/03/2008 12:00:00,       191.376846
04/03/2008 13:00:00,       191.840790
04/03/2008 14:00:00,       191.279600
04/03/2008 15:00:00,       190.206700
04/03/2008 16:00:00,       189.900204
04/03/2008 17:00:00,       190.038933
04/03/2008 18:00:00,       191.466171
04/03/2008 19:00:00,       192.765505
04/03/2008 20:00:00,       199.710262
04/03/2008 21:00:00,       209.295688
04/03/2008 22:00:00,       215.814204
04/03/2008 23:00:00,       219.064104
04/04/2008 00:00:00,       220.200843
04/04/2008 01:00:00,       219.490912
04/04/2008 02:00:00,       216.631606
04/04/2008 03:00:00,       207.989037
04/04/2008 04:00:00,       195.038185
04/04/2008 05:00:00,       181.580829
04/04/2008 06:00:00,       169.402601
04/04/2008 07:00:00,       158.105391
04/04/2008 08:00:00,       142.940562
04/04/2008 09:00:00,       127.154400
04/04/2008 10:00:00,       110.606676
04/04/2008 11:00:00,        92.231234
04/04/2008 12:00:00,        73.902179
04/04/2008 13:00:00,        57.750104
04/04/2008 14:00:00,        43.025122
04/04/2008 15:00:00,        30.855393
04/04/2008 16:00:00,        22.929848
04/04/2008 17:00:00,        21.683219
04/04/2008 18:00:00,        22.571326
04/04/2008 19:00:00,        21.789090
04/04/2008 20:00:00,        22.791639
04/04/2008 21:00:00,        22.782819
04/04/2008 22:00:00,        25.855441
04/04/2008 23:00:00,        18.219056
04/05/2008 00:00:00,         2.956720
04/05/2008 01:00:00,         0.559694
04/05/2008 02:00:00,         0.000000
04/05/2008 03:00:00,         0.000000
04/05/2008 04:00:00,         0.000000
04/05/2008 05:00:00,         0.000000
04/05/2008 06:00:00,         0.000000
04/05/2008 07:00:00,         0.000000
04/05/2008 08:00:00,         0.000000
04/05/2008 09:00:00,         0.000000
04/05/2008 10:00:00,         0.000000
04/05/2008 11:00:00,         0.000000
04/05/2008 12:00:00,         0.000000
04/05/2008 13:00:00,         0.000000
04/05/2008 14:00:00,         0.000000
04/05/2008 15:00:00,         1.966500
04/05/2008 16:00:00,         5.174664
04/05/2008 17:00:00,         3.677801
04/05/2008 18:00:00,         2.652137
04/05/2008 19:00:00,         2.237782
04/05/2008 20:00:00,         2.243735
04/05/2008 21:00:00,         2.243165
04/05/2008 22:00:00,         2.286375
04/05/2008 23:00:00,         2.791388
04/06/2008 00:00:00,         3.324097
04/06/2008 01:00:00,         4.181592
04/06/2008 02:00:00,         3.680165
04/06/2008 03:00:00,         3.293648
04/06/2008 04:00:00,         2.982991
04/06/2008 05:00:00,         2.751716
04/06/2008 06:00:00,         2.599295
04/06/2008 07:00:00,         2.574319
04/06/2008 08:00:00,         1.473065
04/06/2008 09:00:00,         1.029219
04/06/2008 10:00:00,         0.716936
04/06/2008 11:00:00,         1.130019
04/06/2008 12:00:00,         0.492578
04/06/2008 13:00:00,         0.603283
04/06/2008 14:00:00,         0.000000
04/06/2008 15:00:00,         4.697808
04/06/2008 16:00:00,         5.909637
04/06/2008 17:00:00,         9.486067
04/06/2008 18:00:00,        13.715554
04/06/2008 19:00:00,        15.611217
04/06/2008 20:00:00,        16.670133
04/06/2008 21:00:00,        18.443035
04/06/2008 22:00:00,        20.756475
04/06/2008 23:00:00,        23.897891
04/07/2008 00:00:00,        26.456084
04/07/2008 01:00:00,        64.874907
04/07/2008 02:00:00,        62.272449
04/07/2008 03:00:00,        63.710120
04/07/2008 04:00:00,        45.130683
04/07/2008 05:00:00,        43.125311
04/07/2008 06:00:00,        35.889438
04/07/2008 07:00:00,        33.286512
04/07/2008 08:00:00,        34.329947
04/07/2008 09:00:00,        18.983387
04/07/2008 10:00:00,        33.539507
04/07/2008 11:00:00,        23.724856
04/07/2008 12:00:00,        30.540781
04/07/2008 13:00:00,        32.545862
04/07/2008 14:00:00,        32.721545
04/07/2008 15:00:00,        35.243437
04/07/2008 16:00:00,        41.195072
04/07/2008 17:00:00,        49.186375
04/07/2008 18:00:00,        58.965125
04/07/2008 19:00:00,        62.516895
04/07/2008 20:00:00,        67.149075
04/07/2008 21:00:00,        72.709180
04/07/2008 22:00:00,        79.160614
04/07/2008 23:00:00,        83.758779
04/08/2008 00:00:00,        87.755485
04/08/2008 01:00:00,       122.467164
04/08/2008 02:00:00,       119.359878
04/08/2008 03:00:00,       115.504335
04/08/2008 04:00:00,       110.084148
04/08/2008 05:00:00,       105.772413
04/08/2008 06:00:00,        99.824386
04/08/2008 07:00:00,        94.000554
04/08/2008 08:00:00,        87.973026
04/08/2008 09:00:00,        82.002008
04/08/2008 10:00:00,        73.536151
04/08/2008 11:00:00,        68.281670
04/08/2008 12:00:00,        60.200260
04/08/2008 13:00:00,        50.659909
04/08/2008 14:00:00,        42.407178
04/08/2008 15:00:00,        37.275405
04/08/2008 16:00:00,        35.907174
04/08/2008 17:00:00,        39.610648
04/08/2008 18:00:00,        44.439810
04/08/2008 19:00:00,        44.094771
04/08/2008 20:00:00,        45.680597
04/08/2008 21:00:00,        49.338055
04/08/2008 22:00:00,        52.957709
04/08/2008 23:00:00,        56.184375
04/09/2008 00:00:00,        60.261225
04/09/2008 01:00:00,        71.762789
04/09/2008 02:00:00,        67.407022
04/09/2008 03:00:00,        63.457452
04/09/2008 04:00:00,        60.079628
04/09/2008 05:00:00,        56.664399
04/09/2008 06:00:00,        54.066205
04/09/2008 07:00:00,        51.840411
04/09/2008 08:00:00,        44.063381
04/09/2008 09:00:00,        38.021734
04/09/2008 10:00:00,        31.154653
04/09/2008 11:00:00,        25.504013
04/09/2008 12:00:00,        22.369876
04/09/2008 13:00:00,        20.695745
04/09/2008 14:00:00,        18.231589
04/09/2008 15:00:00,        18.184244
04/09/2008 16:00:00,        25.430935
04/09/2008 17:00:00,        36.712811
04/09/2008 18:00:00,        49.533473
04/09/2008 19:00:00,        54.289109
04/09/2008 20:00:00,        59.747353
04/09/2008 21:00:00,        67.993981
04/09/2008 22:00:00,        77.930556
04/09/2008 23:00:00,        89.234263
04/10/2008 00:00:00,       102.336870
04/10/2008 01:00:00,       197.566572
04/10/2008 02:00:00,       198.011572
04/10/2008 03:00:00,       199.323080
04/10/2008 04:00:00,       202.310511
04/10/2008 05:00:00,       205.601995
04/10/2008 06:00:00,       204.592402
04/10/2008 07:00:00,       205.717106
04/10/2008 08:00:00,       206.447449
04/10/2008 09:00:00,       206.068160
04/10/2008 10:00:00,       206.285871
04/10/2008 11:00:00,       206.340538
04/10/2008 12:00:00,       210.490492
04/10/2008 13:00:00,       211.976700
04/10/2008 14:00:00,       196.795713
04/10/2008 15:00:00,       197.451259
04/10/2008 16:00:00,       197.228744
04/10/2008 17:00:00,       210.963913
04/10/2008 18:00:00,       180.551417
04/10/2008 19:00:00,       196.365307
04/10/2008 20:00:00,       194.980307
04/10/2008 21:00:00,       182.944994
04/10/2008 22:00:00,       183.452510
04/10/2008 23:00:00,       138.813342
04/11/2008 00:00:00,       184.248228
04/11/2008 01:00:00,       187.881851
04/11/2008 02:00:00,       189.161765
04/11/2008 03:00:00,       163.890665
04/11/2008 04:00:00,       159.663708
04/11/2008 05:00:00,       155.777610
04/11/2008 06:00:00,       165.549576
04/11/2008 07:00:00,       159.441453
04/11/2008 08:00:00,       162.719664
04/11/2008 09:00:00,       148.275198
04/11/2008 10:00:00,       125.509587
04/11/2008 11:00:00,       113.283684
04/11/2008 12:00:00,       106.664361
04/11/2008 13:00:00,        95.238453
04/11/2008 14:00:00,        82.287872
04/11/2008 15:00:00,        66.192039
04/11/2008 16:00:00,        50.717029
04/11/2008 17:00:00,        38.551591
04/11/2008 18:00:00,        30.373664
04/11/2008 19:00:00,        21.998822
04/11/2008 20:00:00,        15.125404
04/11/2008 21:00:00,        11.145252
04/11/2008 22:00:00,         8.875224
04/11/2008 23:00:00,         7.843752
04/12/2008 00:00:00,         8.269995
04/12/2008 01:00:00,        24.551751
04/12/2008 02:00:00,        26.781711
04/12/2008 03:00:00,        29.390064
04/12/2008 04:00:00,        31.842049
04/12/2008 05:00:00,        16.354662
04/12/2008 06:00:00,         6.089451
04/12/2008 07:00:00,         0.499111
04/12/2008 08:00:00,         0.217932
04/12/2008 09:00:00,         0.000000
04/12/2008 10:00:00,         0.000000
04/12/2008 11:00:00,         0.000000
04/12/2008 12:00:00,         0.000000
04/12/2008 13:00:00,         0.000000
04/12/2008 14:00:00,         0.000000
04/12/2008 15:00:00,         0.000000
04/12/2008 16:00:00,         0.000000
04/12/2008 17:00:00,         0.000000
04/12/2008 18:00:00,         0.000000
04/12/2008 19:00:00,         0.000000
04/12/2008 20:00:00,         0.000000
04/12/2008 21:00:00,         0.000000
04/12/2008 22:00:00,         0.000000
04/12/2008 23:00:00,         0.000000
04/13/2008 00:00:00,         0.000000
04/13/2008 01:00:00,        25.000181
04/13/2008 02:00:00,         0.000000
04/13/2008 03:00:00,         5.415977
04/13/2008 04:00:00,        33.440634
04/13/2008 05:00:00,        14.859370
04/13/2008 06:00:00,        23.315470
04/13/2008 07:00:00,         5.615642
04/13/2008 08:00:00,         5.011047
04/13/2008 09:00:00,        14.984550
04/13/2008 10:00:00,         7.427380
04/13/2008 11:00:00,        18.746330
04/13/2008 12:00:00,        31.480096
04/13/2008 13:00:00,        30.599139
04/13/2008 14:00:00,        28.911311
04/13/2008 15:00:00,        26.204745
04/13/2008 16:00:00,        24.789719
04/13/2008 17:00:00,        25.610643
04/13/2008 18:00:00,        28.687958
04/13/2008 19:00:00,        30.337287
04/13/2008 20:00:00,        33.068242
04/13/2008 21:00:00,        35.926007
04/13/2008 22:00:00,        37.830490
04/13/2008 23:00:00,        38.269600
04/14/2008 00:00:00,        38.266632
04/14/2008 01:00:00,        75.645644
04/14/2008 02:00:00,        66.284953
04/14/2008 03:00:00,        67.876390
04/14/2008 04:00:00,        85.187453
04/14/2008 05:00:00,        82.409660
04/14/2008 06:00:00,         1.431665
04/14/2008 07:00:00,         1.230145
04/14/2008 08:00:00,        13.903415
04/14/2008 09:00:00,        14.405512
04/14/2008 10:00:00,        45.106000
04/14/2008 11:00:00,        50.832504
04/14/2008 12:00:00,        85.248447
04/14/2008 13:00:00,        85.425451
04/14/2008 14:00:00,        82.944317
04/14/2008 15:00:00,        80.409128
04/14/2008 16:00:00,        74.541760
04/14/2008 17:00:00,        73.916613
04/14/2008 18:00:00,        76.594432
04/14/2008 19:00:00,        77.692729
04/14/2008 20:00:00,        79.038363
04/14/2008 21:00:00,        78.863931
04/14/2008 22:00:00,        79.961095
04/14/2008 23:00:00,        80.005738
04/15/2008 00:00:00,        80.298540
04/15/2008 01:00:00,        41.567532
04/15/2008 02:00:00,        43.037916
04/15/2008 03:00:00,        45.585800
04/15/2008 04:00:00,        50.012153
04/15/2008 05:00:00,        56.444684
04/15/2008 06:00:00,        57.997769
04/15/2008 07:00:00,        57.569484
04/15/2008 08:00:00,        57.390867
04/15/2008 09:00:00,        59.738970
04/15/2008 10:00:00,        62.942674
04/15/2008 11:00:00,        63.321582
04/15/2008 12:00:00,        60.842406
04/15/2008 13:00:00,        60.225520
04/15/2008 14:00:00,        60.789788
04/15/2008 15:00:00,        61.403631
04/15/2008 16:00:00,        60.010970
04/15/2008 17:00:00,        58.575312
04/15/2008 18:00:00,        57.255229
04/15/2008 19:00:00,        58.699868
04/15/2008 20:00:00,        61.907037
04/15/2008 21:00:00,        64.605598
04/15/2008 22:00:00,        67.239959
04/15/2008 23:00:00,        68.853487
04/16/2008 00:00:00,        71.109413
04/16/2008 01:00:00,       155.791622
04/16/2008 02:00:00,       161.465499
04/16/2008 03:00:00,       167.620987
04/16/2008 04:00:00,       172.921692
04/16/2008 05:00:00,       177.862539
04/16/2008 06:00:00,       179.960084
04/16/2008 07:00:00,       179.436007
04/16/2008 08:00:00,       181.886052
04/16/2008 09:00:00,       184.940848
04/16/2008 10:00:00,       186.610235
04/16/2008 11:00:00,       188.218078
04/16/2008 12:00:00,       189.306626
04/16/2008 13:00:00,       189.039224
04/16/2008 14:00:00,       185.774867
04/16/2008 15:00:00,       181.343484
04/16/2008 16:00:00,       178.632690
04/16/2008 17:00:00,       179.287813
04/16/2008 18:00:00,       181.097168
04/16/2008 19:00:00,       181.211842
04/16/2008 20:00:00,       182.077618
04/16/2008 21:00:00,       186.019882
04/16/2008 22:00:00,       188.757416
04/16/2008 23:00:00,       189.653419
04/17/2008 00:00:00,       189.673779
04/17/2008 01:00:00,       190.242287
04/17/2008 02:00:00,       191.862313
04/17/2008 03:00:00,       193.579395
04/17/2008 04:00:00,       194.551958
04/17/2008 05:00:00,       193.320776
04/17/2008 06:00:00,       188.639570
04/17/2008 07:00:00,       180.910389
04/17/2008 08:00:00,       170.454134
04/17/2008 09:00:00,       158.661339
04/17/2008 10:00:00,       148.314812
04/17/2008 11:00:00,       139.736623
04/17/2008 12:00:00,       131.474642
04/17/2008 13:00:00,       121.764892
04/17/2008 14:00:00,       109.845710
04/17/2008 15:00:00,        94.816798
04/17/2008 16:00:00,        81.501586
04/17/2008 17:00:00,        70.686472
04/17/2008 18:00:00,        62.007451
04/17/2008 19:00:00,        56.667415
04/17/2008 20:00:00,        54.456459
04/17/2008 21:00:00,        54.515962
04/17/2008 22:00:00,        55.708766
04/17/2008 23:00:00,        55.396059
04/18/2008 00:00:00,        52.652646
04/18/2008 01:00:00,        17.984352
04/18/2008 02:00:00,        17.031502
04/18/2008 03:00:00,        15.829673
04/18/2008 04:00:00,        15.392906
04/18/2008 05:00:00,        16.600797
04/18/2008 06:00:00,        18.187893
04/18/2008 07:00:00,        17.630081
04/18/2008 08:00:00,        14.997175
04/18/2008 09:00:00,        13.517869
04/18/2008 10:00:00,        12.704080
04/18/2008 11:00:00,        14.376258
04/18/2008 12:00:00,        18.122015
04/18/2008 13:00:00,        17.962981
04/18/2008 14:00:00,        18.399347
04/18/2008 15:00:00,        16.073666
04/18/2008 16:00:00,        16.025023
04/18/2008 17:00:00,        16.250151
04/18/2008 18:00:00,        16.444308
04/18/2008 19:00:00,        14.479946
04/18/2008 20:00:00,        14.100216
04/18/2008 21:00:00,        15.125776
04/18/2008 22:00:00,        17.060366
04/18/2008 23:00:00,        19.467286
04/19/2008 00:00:00,        22.489636
04/19/2008 01:00:00,        60.860746
04/19/2008 02:00:00,        58.558248
04/19/2008 03:00:00,        58.817191
04/19/2008 04:00:00,        58.520455
04/19/2008 05:00:00,        59.199008
04/19/2008 06:00:00,        59.559496
04/19/2008 07:00:00,        57.683080
04/19/2008 08:00:00,        54.312253
04/19/2008 09:00:00,        49.248871
04/19/2008 10:00:00,        46.109172
04/19/2008 11:00:00,        42.793244
04/19/2008 12:00:00,        38.483749
04/19/2008 13:00:00,        33.991429
04/19/2008 14:00:00,        30.032230
04/19/2008 15:00:00,        26.533594
04/19/2008 16:00:00,        25.390945
04/19/2008 17:00:00,        26.065384
04/19/2008 18:00:00,        28.401171
04/19/2008 19:00:00,        27.717634
04/19/2008 20:00:00,        28.239851
04/19/2008 21:00:00,        30.181891
04/19/2008 22:00:00,        32.671964
04/19/2008 23:00:00,        36.568182
04/20/2008 00:00:00,        41.095345
04/20/2008 01:00:00,        53.634323
04/20/2008 02:00:00,        52.835420
04/20/2008 03:00:00,        52.972670
04/20/2008 04:00:00,        50.562503
04/20/2008 05:00:00,        49.553899
04/20/2008 06:00:00,        49.325480
04/20/2008 07:00:00,        46.849735
04/20/2008 08:00:00,        44.239455
04/20/2008 09:00:00,        40.625720
04/20/2008 10:00:00,        35.896334
04/20/2008 11:00:00,        31.652769
04/20/2008 12:00:00,        28.210050
04/20/2008 13:00:00,        25.032696
04/20/2008 14:00:00,        22.743367
04/20/2008 15:00:00,        20.107923
04/20/2008 16:00:00,        18.116743
04/20/2008 17:00:00,        17.848255
04/20/2008 18:00:00,        18.981227
04/20/2008 19:00:00,        18.729969
04/20/2008 20:00:00,        18.651053
04/20/2008 21:00:00,        18.918544
04/20/2008 22:00:00,        18.834873
04/20/2008 23:00:00,        19.481095
04/21/2008 00:00:00,        20.486885
04/21/2008 01:00:00,        57.649590
04/21/2008 02:00:00,        57.562634
04/21/2008 03:00:00,        57.536035
04/21/2008 04:00:00,        56.311576
04/21/2008 05:00:00,        52.668813
04/21/2008 06:00:00,        48.567266
04/21/2008 07:00:00,        44.723207
04/21/2008 08:00:00,        44.696912
04/21/2008 09:00:00,        43.725183
04/21/2008 10:00:00,        41.888452
04/21/2008 11:00:00,        35.527629
04/21/2008 12:00:00,        27.796981
04/21/2008 13:00:00,        21.584160
04/21/2008 14:00:00,        15.394200
04/21/2008 15:00:00,        11.160218
04/21/2008 16:00:00,         6.760598
04/21/2008 17:00:00,         3.381552
04/21/2008 18:00:00,         2.236102
04/21/2008 19:00:00,         2.194907
04/21/2008 20:00:00,         2.342353
04/21/2008 21:00:00,         2.493189
04/21/2008 22:00:00,         2.695429
04/21/2008 23:00:00,         2.667819
04/22/2008 00:00:00,         2.421310
04/22/2008 01:00:00,         7.011410
04/22/2008 02:00:00,         7.605633
04/22/2008 03:00:00,         7.859005
04/22/2008 04:00:00,         7.937221
04/22/2008 05:00:00,         8.106188
04/22/2008 06:00:00,         9.994380
04/22/2008 07:00:00,        11.970771
04/22/2008 08:00:00,        13.294508
04/22/2008 09:00:00,        13.310127
04/22/2008 10:00:00,        15.035114
04/22/2008 11:00:00,        18.308086
04/22/2008 12:00:00,        23.235365
04/22/2008 13:00:00,        30.286494
04/22/2008 14:00:00,        36.957050
04/22/2008 15:00:00,        41.466765
04/22/2008 16:00:00,        45.113979
04/22/2008 17:00:00,        54.992484
04/22/2008 18:00:00,        59.821606
04/22/2008 19:00:00,        60.047656
04/22/2008 20:00:00,        62.184119
04/22/2008 21:00:00,        65.955704
04/22/2008 22:00:00,        71.139994
04/22/2008 23:00:00,        75.646558
04/23/2008 00:00:00,        80.216857
04/23/2008 01:00:00,         4.266341
04/23/2008 02:00:00,         5.456111
04/23/2008 03:00:00,        11.607647
04/23/2008 04:00:00,        15.255917
04/23/2008 05:00:00,        19.310526
04/23/2008 06:00:00,        20.257581
04/23/2008 07:00:00,        21.825495
04/23/2008 08:00:00,        27.238085
04/23/2008 09:00:00,        37.372515
04/23/2008 10:00:00,        39.447558
04/23/2008 11:00:00,        41.852608
04/23/2008 12:00:00,        46.575787
04/23/2008 13:00:00,        43.146079
04/23/2008 14:00:00,        51.932026
04/23/2008 15:00:00,        57.795389
04/23/2008 16:00:00,        45.883645
04/23/2008 17:00:00,        41.849881
04/23/2008 18:00:00,        39.736680
04/23/2008 19:00:00,        41.924429
04/23/2008 20:00:00,        46.008815
04/23/2008 21:00:00,        42.607134
04/23/2008 22:00:00,        37.840541
04/23/2008 23:00:00,        38.440335
04/24/2008 00:00:00,        37.738141
04/24/2008 01:00:00,       123.162962
04/24/2008 02:00:00,       133.401342
04/24/2008 03:00:00,       129.642767
04/24/2008 04:00:00,       131.454407
04/24/2008 05:00:00,       129.280699
04/24/2008 06:00:00,       129.033026
04/24/2008 07:00:00,       131.992766
04/24/2008 08:00:00,       136.875779
04/24/2008 09:00:00,       143.115495
04/24/2008 10:00:00,       147.952749
04/24/2008 11:00:00,       155.564075
04/24/2008 12:00:00,       159.934863
04/24/2008 13:00:00,       159.399981
04/24/2008 14:00:00,       159.962255
04/24/2008 15:00:00,       163.368052
04/24/2008 16:00:00,       164.036206
04/24/2008 17:00:00,       159.760583
04/24/2008 18:00:00,       158.671597
04/24/2008 19:00:00,       162.969631
04/24/2008 20:00:00,       165.554770
04/24/2008 21:00:00,       163.167035
04/24/2008 22:00:00,       160.666260
04/24/2008 23:00:00,       156.855575
04/25/2008 00:00:00,       151.864835
04/25/2008 01:00:00,       107.257977
04/25/2008 02:00:00,       103.285768
04/25/2008 03:00:00,        99.497771
04/25/2008 04:00:00,        93.883713
04/25/2008 05:00:00,        88.886216
04/25/2008 06:00:00,        84.208525
04/25/2008 07:00:00,        80.401438
04/25/2008 08:00:00,        76.716634
04/25/2008 09:00:00,        70.273612
04/25/2008 10:00:00,        62.080815
04/25/2008 11:00:00,        56.025023
04/25/2008 12:00:00,        48.058407
04/25/2008 13:00:00,        39.752831
04/25/2008 14:00:00,        32.267029
04/25/2008 15:00:00,        25.414806
04/25/2008 16:00:00,        20.921745
04/25/2008 17:00:00,        19.050216
04/25/2008 18:00:00,        18.886832
04/25/2008 19:00:00,        18.663293
04/25/2008 20:00:00,        19.140804
04/25/2008 21:00:00,        19.883581
04/25/2008 22:00:00,        20.402767
04/25/2008 23:00:00,        21.194174
04/26/2008 00:00:00,        22.307081
04/26/2008 01:00:00,        75.374986
04/26/2008 02:00:00,        72.844278
04/26/2008 03:00:00,        73.395341
04/26/2008 04:00:00,        72.277874
04/26/2008 05:00:00,        69.136572
04/26/2008 06:00:00,        66.043332
04/26/2008 07:00:00,        63.498240
04/26/2008 08:00:00,        61.390822
04/26/2008 09:00:00,        56.661231
04/26/2008 10:00:00,        53.857515
04/26/2008 11:00:00,        52.223982
04/26/2008 12:00:00,        50.243791
04/26/2008 13:00:00,        46.888682
04/26/2008 14:00:00,        45.521836
04/26/2008 15:00:00,        46.238289
04/26/2008 16:00:00,        47.418788
04/26/2008 17:00:00,        51.080049
04/26/2008 18:00:00,        59.895100
04/26/2008 19:00:00,        64.391140
04/26/2008 20:00:00,        68.982357
04/26/2008 21:00:00,        73.271995
04/26/2008 22:00:00,        77.652787
04/26/2008 23:00:00,        81.787121
04/27/2008 00:00:00,        85.167088
04/27/2008 01:00:00,       114.371597
04/27/2008 02:00:00,       106.795080
04/27/2008 03:00:00,       102.751045
04/27/2008 04:00:00,        98.401279
04/27/2008 05:00:00,        91.823211
04/27/2008 06:00:00,        84.936076
04/27/2008 07:00:00,        78.171747
04/27/2008 08:00:00,        67.325042
04/27/2008 09:00:00,        56.197286
04/27/2008 10:00:00,        46.858031
04/27/2008 11:00:00,        38.514495
04/27/2008 12:00:00,        30.253020
04/27/2008 13:00:00,        23.388571
04/27/2008 14:00:00,        18.966701
04/27/2008 15:00:00,        15.763568
04/27/2008 16:00:00,        11.906403
04/27/2008 17:00:00,         8.125230
04/27/2008 18:00:00,         7.335325
04/27/2008 19:00:00,         6.717053
04/27/2008 20:00:00,         5.813099
04/27/2008 21:00:00,         5.532215
04/27/2008 22:00:00,         5.884544
04/27/2008 23:00:00,         6.131781
04/28/2008 00:00:00,         6.107561
04/28/2008 01:00:00,         6.164314
04/28/2008 02:00:00,         5.957725
04/28/2008 03:00:00,         5.704797
04/28/2008 04:00:00,         6.084064
04/28/2008 05:00:00,         6.383973
04/28/2008 06:00:00,         6.845143
04/28/2008 07:00:00,         7.407292
04/28/2008 08:00:00,        10.218622
04/28/2008 09:00:00,        14.867995
04/28/2008 10:00:00,        22.499887
04/28/2008 11:00:00,        31.878937
04/28/2008 12:00:00,        43.588194
04/28/2008 13:00:00,        57.681407
04/28/2008 14:00:00,        72.202261
04/28/2008 15:00:00,        86.558985
04/28/2008 16:00:00,       101.841645
04/28/2008 17:00:00,       117.100431
04/28/2008 18:00:00,       134.818810
04/28/2008 19:00:00,       146.749700
04/28/2008 20:00:00,       160.031552
04/28/2008 21:00:00,       172.510226
04/28/2008 22:00:00,       182.465859
04/28/2008 23:00:00,       190.522898
04/29/2008 00:00:00,       196.570943
04/29/2008 01:00:00,       188.500436
04/29/2008 02:00:00,       184.875520
04/29/2008 03:00:00,       179.671046
04/29/2008 04:00:00,       173.578757
04/29/2008 05:00:00,       168.001987
04/29/2008 06:00:00,       166.747686
04/29/2008 07:00:00,       163.803529
04/29/2008 08:00:00,       157.324903
04/29/2008 09:00:00,       148.426557
04/29/2008 10:00:00,       139.454377
04/29/2008 11:00:00,       129.593836
04/29/2008 12:00:00,       119.185267
04/29/2008 13:00:00,       108.194637
04/29/2008 14:00:00,        96.832899
04/29/2008 15:00:00,        85.868250
04/29/2008 16:00:00,        78.635188
04/29/2008 17:00:00,        78.035144
04/29/2008 18:00:00,        76.644498
04/29/2008 19:00:00,        69.851808
04/29/2008 20:00:00,        63.167441
04/29/2008 21:00:00,        56.507274
04/29/2008 22:00:00,        51.834651
04/29/2008 23:00:00,        48.303221
04/30/2008 00:00:00,        48.427440
04/30/2008 01:00:00,       163.771350
04/30/2008 02:00:00,       155.232540
04/30/2008 03:00:00,        40.214978
04/30/2008 04:00:00,         3.278789
04/30/2008 05:00:00,        39.314000
04/30/2008 06:00:00,        12.615444
04/30/2008 07:00:00,        36.242757
04/30/2008 08:00:00,        48.832303
04/30/2008 09:00:00,        47.104337
04/30/2008 10:00:00,        56.846828
04/30/2008 11:00:00,       123.782864
04/30/2008 12:00:00,       135.669016
04/30/2008 13:00:00,       129.223758
04/30/2008 14:00:00,       124.983917
04/30/2008 15:00:00,       117.848923
04/30/2008 16:00:00,       109.403608
04/30/2008 17:00:00,        98.840329
04/30/2008 18:00:00,        93.697690
04/30/2008 19:00:00,        89.340780
04/30/2008 20:00:00,        84.522253
04/30/2008 21:00:00,        78.493447
04/30/2008 22:00:00,        73.747001
04/30/2008 23:00:00,        68.601142
05/01/2008 00:00:00,        27.378170
05/01/2008 01:00:00,        25.463186
05/01/2008 02:00:00,        24.450796
05/01/2008 03:00:00,        24.158009
05/01/2008 04:00:00,        23.134489
05/01/2008 05:00:00,        23.519119
05/01/2008 06:00:00,        23.741566
05/01/2008 07:00:00,        20.596570
05/01/2008 08:00:00,        18.198773
05/01/2008 09:00:00,        16.712965
05/01/2008 10:00:00,        15.374562
05/01/2008 11:00:00,        14.934943
05/01/2008 12:00:00,        14.400748
05/01/2008 13:00:00,        12.208682
05/01/2008 14:00:00,         9.497867
05/01/2008 15:00:00,         8.466038
05/01/2008 16:00:00,         8.261401
05/01/2008 17:00:00,         7.967491
05/01/2008 18:00:00,         7.760246
05/01/2008 19:00:00,         6.980871
05/01/2008 20:00:00,         6.709398
05/01/2008 21:00:00,         6.304524
05/01/2008 22:00:00,         5.543955
05/01/2008 23:00:00,         5.918934
05/02/2008 00:00:00,         4.582882
05/02/2008 01:00:00,        32.907561
05/02/2008 02:00:00,        35.701874
05/02/2008 03:00:00,        36.417088
05/02/2008 04:00:00,        36.800011
05/02/2008 05:00:00,        35.989387
05/02/2008 06:00:00,        34.356227
05/02/2008 07:00:00,        31.940629
05/02/2008 08:00:00,        31.187558
05/02/2008 09:00:00,        30.735146
05/02/2008 10:00:00,        29.870470
05/02/2008 11:00:00,        28.948906
05/02/2008 12:00:00,        25.845481
05/02/2008 13:00:00,        22.226210
05/02/2008 14:00:00,        16.160714
05/02/2008 15:00:00,        12.158277
05/02/2008 16:00:00,         8.502642
05/02/2008 17:00:00,         5.734535
05/02/2008 18:00:00,         5.463253
05/02/2008 19:00:00,         4.543511
05/02/2008 20:00:00,         4.960719
05/02/2008 21:00:00,         5.597651
05/02/2008 22:00:00,         6.278830
05/02/2008 23:00:00,         7.006392
05/03/2008 00:00:00,         7.921709
05/03/2008 01:00:00,        20.794368
05/03/2008 02:00:00,        20.195883
05/03/2008 03:00:00,        20.957971
05/03/2008 04:00:00,        20.994206
05/03/2008 05:00:00,        20.902806
05/03/2008 06:00:00,        20.210944
05/03/2008 07:00:00,        19.583737
05/03/2008 08:00:00,        18.982773
05/03/2008 09:00:00,        18.804278
05/03/2008 10:00:00,        18.705898
05/03/2008 11:00:00,        20.024441
05/03/2008 12:00:00,        21.754752
05/03/2008 13:00:00,        23.939343
05/03/2008 14:00:00,        25.396412
05/03/2008 15:00:00,        28.287652
05/03/2008 16:00:00,        31.504636
05/03/2008 17:00:00,        38.147938
05/03/2008 18:00:00,        47.718245
05/03/2008 19:00:00,        50.843685
05/03/2008 20:00:00,        54.916599
05/03/2008 21:00:00,        60.472065
05/03/2008 22:00:00,        66.575079
05/03/2008 23:00:00,        70.998079
05/04/2008 00:00:00,        74.990086
05/04/2008 01:00:00,       137.475617
05/04/2008 02:00:00,       131.081997
05/04/2008 03:00:00,       125.115100
05/04/2008 04:00:00,       119.937997
05/04/2008 05:00:00,       116.865615
05/04/2008 06:00:00,       115.303353
05/04/2008 07:00:00,       110.620389
05/04/2008 08:00:00,       104.429377
05/04/2008 09:00:00,        97.944307
05/04/2008 10:00:00,        92.008317
05/04/2008 11:00:00,        87.181127
05/04/2008 12:00:00,        85.798889
05/04/2008 13:00:00,        86.086226
05/04/2008 14:00:00,        86.658319
05/04/2008 15:00:00,        87.004692
05/04/2008 16:00:00,        86.412821
05/04/2008 17:00:00,        84.628550
05/04/2008 18:00:00,        82.043848
05/04/2008 19:00:00,        80.440704
05/04/2008 20:00:00,        79.820619
05/04/2008 21:00:00,        78.091535
05/04/2008 22:00:00,        77.444676
05/04/2008 23:00:00,        77.275830
05/05/2008 00:00:00,        75.565051
05/05/2008 01:00:00,        29.490220
05/05/2008 02:00:00,        29.958482
05/05/2008 03:00:00,        30.547712
05/05/2008 04:00:00,        30.802774
05/05/2008 05:00:00,        31.135962
05/05/2008 06:00:00,        29.910639
05/05/2008 07:00:00,        30.060792
05/05/2008 08:00:00,        30.657405
05/05/2008 09:00:00,        29.842116
05/05/2008 10:00:00,        28.975470
05/05/2008 11:00:00,        29.859856
05/05/2008 12:00:00,        29.482657
05/05/2008 13:00:00,        28.497958
05/05/2008 14:00:00,        27.699558
05/05/2008 15:00:00,        27.298636
05/05/2008 16:00:00,        27.413095
05/05/2008 17:00:00,        26.208141
05/05/2008 18:00:00,        27.134378
05/05/2008 19:00:00,        28.256098
05/05/2008 20:00:00,        29.853095
05/05/2008 21:00:00,        31.174488
05/05/2008 22:00:00,        32.366839
05/05/2008 23:00:00,        33.189600
05/06/2008 00:00:00,        33.038933
05/06/2008 01:00:00,        17.905979
05/06/2008 02:00:00,        16.903627
05/06/2008 03:00:00,        16.241814
05/06/2008 04:00:00,        15.732153
05/06/2008 05:00:00,        15.632092
05/06/2008 06:00:00,        15.162799
05/06/2008 07:00:00,        14.488201
05/06/2008 08:00:00,        12.747220
05/06/2008 09:00:00,        11.791614
05/06/2008 10:00:00,        11.696212
05/06/2008 11:00:00,        12.618314
05/06/2008 12:00:00,        14.541347
05/06/2008 13:00:00,        16.541888
05/06/2008 14:00:00,        19.742882
05/06/2008 15:00:00,        23.744037
05/06/2008 16:00:00,        28.240462
05/06/2008 17:00:00,        32.175892
05/06/2008 18:00:00,        37.054984
05/06/2008 19:00:00,        41.721878
05/06/2008 20:00:00,        48.867124
05/06/2008 21:00:00,        57.244620
05/06/2008 22:00:00,        57.825776
05/06/2008 23:00:00,        66.544141
05/07/2008 00:00:00,        72.618989
05/07/2008 01:00:00,        59.358260
05/07/2008 02:00:00,        60.243405
05/07/2008 03:00:00,        59.800527
05/07/2008 04:00:00,        59.383673
05/07/2008 05:00:00,        60.042242
05/07/2008 06:00:00,        52.937398
05/07/2008 07:00:00,        53.474855
05/07/2008 08:00:00,        43.980031
05/07/2008 09:00:00,        38.876542
05/07/2008 10:00:00,        35.146388
05/07/2008 11:00:00,        31.633219
05/07/2008 12:00:00,        29.962867
05/07/2008 13:00:00,        27.913778
05/07/2008 14:00:00,        24.349005
05/07/2008 15:00:00,        23.095095
05/07/2008 16:00:00,        22.395337
05/07/2008 17:00:00,        22.477864
05/07/2008 18:00:00,        23.029263
05/07/2008 19:00:00,        23.869800
05/07/2008 20:00:00,        24.979548
05/07/2008 21:00:00,        26.308113
05/07/2008 22:00:00,        27.524297
05/07/2008 23:00:00,        28.848322
05/08/2008 00:00:00,        30.998186
05/08/2008 01:00:00,        60.011793
05/08/2008 02:00:00,        61.171962
05/08/2008 03:00:00,        65.074163
05/08/2008 04:00:00,        67.566817
05/08/2008 05:00:00,        69.329942
05/08/2008 06:00:00,        74.683942
05/08/2008 07:00:00,        86.597945
05/08/2008 08:00:00,        97.667170
05/08/2008 09:00:00,       111.186004
05/08/2008 10:00:00,       117.754217
05/08/2008 11:00:00,       125.934999
05/08/2008 12:00:00,       136.522123
05/08/2008 13:00:00,       142.888254
05/08/2008 14:00:00,       150.170323
05/08/2008 15:00:00,       158.814855
05/08/2008 16:00:00,       168.967144
05/08/2008 17:00:00,       182.159017
05/08/2008 18:00:00,       193.753579
05/08/2008 19:00:00,       196.394764
05/08/2008 20:00:00,       200.891984
05/08/2008 21:00:00,       203.547903
05/08/2008 22:00:00,       202.233342
05/08/2008 23:00:00,       203.275416
05/09/2008 00:00:00,       200.698245
05/09/2008 01:00:00,       204.286007
05/09/2008 02:00:00,       195.745809
05/09/2008 03:00:00,       190.773287
05/09/2008 04:00:00,       185.632162
05/09/2008 05:00:00,       180.939758
05/09/2008 06:00:00,       172.822240
05/09/2008 07:00:00,       164.716799
05/09/2008 08:00:00,       156.762444
05/09/2008 09:00:00,       150.271663
05/09/2008 10:00:00,       141.698485
05/09/2008 11:00:00,       128.516600
05/09/2008 12:00:00,       116.604665
05/09/2008 13:00:00,       102.686076
05/09/2008 14:00:00,        91.100863
05/09/2008 15:00:00,        81.265810
05/09/2008 16:00:00,        72.010616
05/09/2008 17:00:00,        63.120100
05/09/2008 18:00:00,        56.335105
05/09/2008 19:00:00,        53.310383
05/09/2008 20:00:00,        50.580334
05/09/2008 21:00:00,        46.791163
05/09/2008 22:00:00,        40.769703
05/09/2008 23:00:00,        36.528232
05/10/2008 00:00:00,        33.672091
05/10/2008 01:00:00,       101.296534
05/10/2008 02:00:00,       100.276150
05/10/2008 03:00:00,       102.314097
05/10/2008 04:00:00,       103.314187
05/10/2008 05:00:00,        99.003551
05/10/2008 06:00:00,        95.341997
05/10/2008 07:00:00,        92.459978
05/10/2008 08:00:00,        90.817462
05/10/2008 09:00:00,        87.649405
05/10/2008 10:00:00,        83.118024
05/10/2008 11:00:00,        77.639050
05/10/2008 12:00:00,        72.405291
05/10/2008 13:00:00,        67.929559
05/10/2008 14:00:00,        61.908028
05/10/2008 15:00:00,        58.938501
05/10/2008 16:00:00,        56.068594
05/10/2008 17:00:00,        51.194175
05/10/2008 18:00:00,        50.715607
05/10/2008 19:00:00,        50.893534
05/10/2008 20:00:00,        51.412471
05/10/2008 21:00:00,        51.236775
05/10/2008 22:00:00,        51.935614
05/10/2008 23:00:00,        53.350435
05/11/2008 00:00:00,        55.858456
05/11/2008 01:00:00,        43.855667
05/11/2008 02:00:00,        42.412261
05/11/2008 03:00:00,        41.097293
05/11/2008 04:00:00,        39.713018
05/11/2008 05:00:00,        38.441687
05/11/2008 06:00:00,        38.182455
05/11/2008 07:00:00,        36.320997
05/11/2008 08:00:00,        32.712782
05/11/2008 09:00:00,        29.020204
05/11/2008 10:00:00,        25.277906
05/11/2008 11:00:00,        22.721041
05/11/2008 12:00:00,        19.790520
05/11/2008 13:00:00,        16.208160
05/11/2008 14:00:00,        11.852824
05/11/2008 15:00:00,        10.491295
05/11/2008 16:00:00,        10.239315
05/11/2008 17:00:00,         9.694753
05/11/2008 18:00:00,        11.415820
05/11/2008 19:00:00,        11.764228
05/11/2008 20:00:00,        12.017894
05/11/2008 21:00:00,        12.563918
05/11/2008 22:00:00,        13.296175
05/11/2008 23:00:00,        15.166593
05/12/2008 00:00:00,        16.916296
05/12/2008 01:00:00,       121.188751
05/12/2008 02:00:00,       116.533800
05/12/2008 03:00:00,       115.018757
05/12/2008 04:00:00,       112.971563
05/12/2008 05:00:00,       108.331514
05/12/2008 06:00:00,       104.398230
05/12/2008 07:00:00,        99.770372
05/12/2008 08:00:00,        96.556182
05/12/2008 09:00:00,        92.063610
05/12/2008 10:00:00,        85.152857
05/12/2008 11:00:00,        77.818264
05/12/2008 12:00:00,        72.184505
05/12/2008 13:00:00,        66.165811
05/12/2008 14:00:00,        62.419516
05/12/2008 15:00:00,        62.272052
05/12/2008 16:00:00,        61.632110
05/12/2008 17:00:00,        61.623136
05/12/2008 18:00:00,        66.975160
05/12/2008 19:00:00,        69.451374
05/12/2008 20:00:00,        71.831475
05/12/2008 21:00:00,        75.110758
05/12/2008 22:00:00,        78.387606
05/12/2008 23:00:00,        80.237423
05/13/2008 00:00:00,        81.775253
05/13/2008 01:00:00,        40.117085
05/13/2008 02:00:00,        34.755543
05/13/2008 03:00:00,        32.197444
05/13/2008 04:00:00,        27.837802
05/13/2008 05:00:00,        26.136600
05/13/2008 06:00:00,        23.618903
05/13/2008 07:00:00,        21.368212
05/13/2008 08:00:00,        16.972072
05/13/2008 09:00:00,        13.218478
05/13/2008 10:00:00,        10.288841
05/13/2008 11:00:00,         8.173346
05/13/2008 12:00:00,         7.305874
05/13/2008 13:00:00,         7.581384
05/13/2008 14:00:00,         8.258366
05/13/2008 15:00:00,         8.926078
05/13/2008 16:00:00,         9.348065
05/13/2008 17:00:00,         9.411268
05/13/2008 18:00:00,         9.665710
05/13/2008 19:00:00,        10.059982
05/13/2008 20:00:00,        10.147257
05/13/2008 21:00:00,        10.386248
05/13/2008 22:00:00,        10.302851
05/13/2008 23:00:00,        10.615984
05/14/2008 00:00:00,        10.674242
05/14/2008 01:00:00,         1.406707
05/14/2008 02:00:00,         1.622138
05/14/2008 03:00:00,         1.263446
05/14/2008 04:00:00,         1.249839
05/14/2008 05:00:00,         1.244230
05/14/2008 06:00:00,         1.555122
05/14/2008 07:00:00,         1.571386
05/14/2008 08:00:00,         1.201338
05/14/2008 09:00:00,         1.168281
05/14/2008 10:00:00,         1.154858
05/14/2008 11:00:00,         1.248274
05/14/2008 12:00:00,         1.112201
05/14/2008 13:00:00,         2.074566
05/14/2008 14:00:00,         1.387453
05/14/2008 15:00:00,         1.310696
05/14/2008 16:00:00,         1.745591
05/14/2008 17:00:00,         2.231181
05/14/2008 18:00:00,         4.215266
05/14/2008 19:00:00,         4.781671
05/14/2008 20:00:00,         5.886515
05/14/2008 21:00:00,         7.551668
05/14/2008 22:00:00,         9.635631
05/14/2008 23:00:00,        11.762918
05/15/2008 00:00:00,        13.488659
05/15/2008 01:00:00,        91.085143
05/15/2008 02:00:00,        95.130600
05/15/2008 03:00:00,        98.945361
05/15/2008 04:00:00,       101.926544
05/15/2008 05:00:00,        98.117536
05/15/2008 06:00:00,        91.458088
05/15/2008 07:00:00,        85.742612
05/15/2008 08:00:00,        78.187322
05/15/2008 09:00:00,        74.622246
05/15/2008 10:00:00,        70.940418
05/15/2008 11:00:00,        69.458937
05/15/2008 12:00:00,        68.237626
05/15/2008 13:00:00,        62.866251
05/15/2008 14:00:00,        55.385207
05/15/2008 15:00:00,        50.304026
05/15/2008 16:00:00,        48.481747
05/15/2008 17:00:00,        47.400560
05/15/2008 18:00:00,        53.966827
05/15/2008 19:00:00,        57.623704
05/15/2008 20:00:00,        62.607518
05/15/2008 21:00:00,        65.301288
05/15/2008 22:00:00,        67.055874
05/15/2008 23:00:00,        74.914363
05/16/2008 00:00:00,        74.693721
05/16/2008 01:00:00,       106.200548
05/16/2008 02:00:00,       103.115265
05/16/2008 03:00:00,        97.390927
05/16/2008 04:00:00,        93.074629
05/16/2008 05:00:00,        86.425565
05/16/2008 06:00:00,        81.545792
05/16/2008 07:00:00,        77.329084
05/16/2008 08:00:00,        69.283413
05/16/2008 09:00:00,        67.161451
05/16/2008 10:00:00,        62.605889
05/16/2008 11:00:00,        56.692014
05/16/2008 12:00:00,        46.423889
05/16/2008 13:00:00,        33.397676
05/16/2008 14:00:00,        23.006051
05/16/2008 15:00:00,        17.037344
05/16/2008 16:00:00,        12.475596
05/16/2008 17:00:00,         8.579259
05/16/2008 18:00:00,         5.905438
05/16/2008 19:00:00,         4.755345
05/16/2008 20:00:00,         3.790769
05/16/2008 21:00:00,         3.399612
05/16/2008 22:00:00,         2.882645
05/16/2008 23:00:00,         2.176912
05/17/2008 00:00:00,         1.886578
05/17/2008 01:00:00,         0.422032
05/17/2008 02:00:00,         0.501226
05/17/2008 03:00:00,         0.651205
05/17/2008 04:00:00,         0.847114
05/17/2008 05:00:00,         1.031442
05/17/2008 06:00:00,         1.153626
05/17/2008 07:00:00,         1.211432
05/17/2008 08:00:00,         1.294566
05/17/2008 09:00:00,         1.505705
05/17/2008 10:00:00,         1.942729
05/17/2008 11:00:00,         1.977233
05/17/2008 12:00:00,         1.886656
05/17/2008 13:00:00,         1.714844
05/17/2008 14:00:00,         1.496841
05/17/2008 15:00:00,         1.048849
05/17/2008 16:00:00,         1.003877
05/17/2008 17:00:00,         1.127474
05/17/2008 18:00:00,         1.170385
05/17/2008 19:00:00,         1.069891
05/17/2008 20:00:00,         1.018573
05/17/2008 21:00:00,         1.113321
05/17/2008 22:00:00,         1.360026
05/17/2008 23:00:00,         1.616246
05/18/2008 00:00:00,         3.911050
05/18/2008 01:00:00,        35.923648
05/18/2008 02:00:00,        39.527358
05/18/2008 03:00:00,        41.569745
05/18/2008 04:00:00,        43.800894
05/18/2008 05:00:00,        47.612210
05/18/2008 06:00:00,        54.148428
05/18/2008 07:00:00,        60.697616
05/18/2008 08:00:00,        78.792451
05/18/2008 09:00:00,        91.361063
05/18/2008 10:00:00,       101.528534
05/18/2008 11:00:00,       113.888577
05/18/2008 12:00:00,       117.058670
05/18/2008 13:00:00,       115.114957
05/18/2008 14:00:00,       116.683096
05/18/2008 15:00:00,       118.159568
05/18/2008 16:00:00,       120.489814
05/18/2008 17:00:00,       121.690602
05/18/2008 18:00:00,       122.134304
05/18/2008 19:00:00,       121.486718
05/18/2008 20:00:00,       121.116534
05/18/2008 21:00:00,       118.250695
05/18/2008 22:00:00,       110.980788
05/18/2008 23:00:00,       102.769131
05/19/2008 00:00:00,        97.312084
05/19/2008 01:00:00,         9.903601
05/19/2008 02:00:00,        10.372195
05/19/2008 03:00:00,        10.881393
05/19/2008 04:00:00,        11.489906
05/19/2008 05:00:00,        13.737003
05/19/2008 06:00:00,        13.881796
05/19/2008 07:00:00,        11.223331
05/19/2008 08:00:00,        14.169251
05/19/2008 09:00:00,        14.133978
05/19/2008 10:00:00,        19.923085
05/19/2008 11:00:00,        23.134676
05/19/2008 12:00:00,        27.729076
05/19/2008 13:00:00,        35.171193
05/19/2008 14:00:00,        40.681710
05/19/2008 15:00:00,        47.009238
05/19/2008 16:00:00,        53.506876
05/19/2008 17:00:00,        57.734662
05/19/2008 18:00:00,        55.909467
05/19/2008 19:00:00,        61.406378
05/19/2008 20:00:00,        67.135805
05/19/2008 21:00:00,        70.393603
05/19/2008 22:00:00,        79.395424
05/19/2008 23:00:00,        75.948298
05/20/2008 00:00:00,        81.537663
05/20/2008 01:00:00,       138.523696
05/20/2008 02:00:00,       147.254971
05/20/2008 03:00:00,       153.782018
05/20/2008 04:00:00,       159.719378
05/20/2008 05:00:00,       158.715888
05/20/2008 06:00:00,       157.170423
05/20/2008 07:00:00,       157.945941
05/20/2008 08:00:00,       162.677160
05/20/2008 09:00:00,       166.486366
05/20/2008 10:00:00,       172.175730
05/20/2008 11:00:00,       176.458333
05/20/2008 12:00:00,       177.424528
05/20/2008 13:00:00,       173.888506
05/20/2008 14:00:00,       169.802690
05/20/2008 15:00:00,       161.595560
05/20/2008 16:00:00,       150.199259
05/20/2008 17:00:00,       139.319299
05/20/2008 18:00:00,       131.516242
05/20/2008 19:00:00,       132.549209
05/20/2008 20:00:00,       131.134264
05/20/2008 21:00:00,       127.918795
05/20/2008 22:00:00,       123.937100
05/20/2008 23:00:00,       112.088222
05/21/2008 00:00:00,       100.900264
05/21/2008 01:00:00,        18.113032
05/21/2008 02:00:00,        16.920923
05/21/2008 03:00:00,        13.146372
05/21/2008 04:00:00,         9.508354
05/21/2008 05:00:00,         8.621720
05/21/2008 06:00:00,         7.450667
05/21/2008 07:00:00,         5.750429
05/21/2008 08:00:00,         4.135892
05/21/2008 09:00:00,         3.743778
05/21/2008 10:00:00,         3.000843
05/21/2008 11:00:00,         2.578876
05/21/2008 12:00:00,         2.509646
05/21/2008 13:00:00,         2.878984
05/21/2008 14:00:00,         4.544981
05/21/2008 15:00:00,         4.525654
05/21/2008 16:00:00,         6.417714
05/21/2008 17:00:00,         5.744097
05/21/2008 18:00:00,         6.582900
05/21/2008 19:00:00,         7.145259
05/21/2008 20:00:00,         7.588921
05/21/2008 21:00:00,         7.707326
05/21/2008 22:00:00,         8.433220
05/21/2008 23:00:00,         9.250363
05/22/2008 00:00:00,        10.289243
05/22/2008 01:00:00,        18.332807
05/22/2008 02:00:00,        18.463170
05/22/2008 03:00:00,        18.150533
05/22/2008 04:00:00,        18.317457
05/22/2008 05:00:00,        17.243111
05/22/2008 06:00:00,        16.081968
05/22/2008 07:00:00,        15.129876
05/22/2008 08:00:00,        14.999496
05/22/2008 09:00:00,        17.725277
05/22/2008 10:00:00,        16.093141
05/22/2008 11:00:00,        11.991220
05/22/2008 12:00:00,        11.681093
05/22/2008 13:00:00,        10.840877
05/22/2008 14:00:00,        10.521493
05/22/2008 15:00:00,         9.807372
05/22/2008 16:00:00,         9.188713
05/22/2008 17:00:00,         9.885166
05/22/2008 18:00:00,        13.077840
05/22/2008 19:00:00,        14.715223
05/22/2008 20:00:00,        16.485736
05/22/2008 21:00:00,        18.214440
05/22/2008 22:00:00,        20.692268
05/22/2008 23:00:00,        24.375147
05/23/2008 00:00:00,        28.709752
05/23/2008 01:00:00,        62.682631
05/23/2008 02:00:00,        67.628041
05/23/2008 03:00:00,        74.103219
05/23/2008 04:00:00,        77.850113
05/23/2008 05:00:00,        78.670142
05/23/2008 06:00:00,        80.530507
05/23/2008 07:00:00,        79.874869
05/23/2008 08:00:00,        84.229578
05/23/2008 09:00:00,        83.665539
05/23/2008 10:00:00,        82.617770
05/23/2008 11:00:00,        82.556311
05/23/2008 12:00:00,        84.751871
05/23/2008 13:00:00,        82.127033
05/23/2008 14:00:00,        82.426403
05/23/2008 15:00:00,        82.602138
05/23/2008 16:00:00,        78.517559
05/23/2008 17:00:00,        75.580770
05/23/2008 18:00:00,        77.992899
05/23/2008 19:00:00,        81.391578
05/23/2008 20:00:00,        85.885386
05/23/2008 21:00:00,        89.948018
05/23/2008 22:00:00,        90.501263
05/23/2008 23:00:00,        92.593716
05/24/2008 00:00:00,        92.077168
05/24/2008 01:00:00,        74.089249
05/24/2008 02:00:00,        75.571980
05/24/2008 03:00:00,        74.431386
05/24/2008 04:00:00,        72.430937
05/24/2008 05:00:00,        70.418346
05/24/2008 06:00:00,        71.467705
05/24/2008 07:00:00,        72.190752
05/24/2008 08:00:00,        71.218154
05/24/2008 09:00:00,        73.841370
05/24/2008 10:00:00,        77.255223
05/24/2008 11:00:00,        78.314499
05/24/2008 12:00:00,        74.051982
05/24/2008 13:00:00,        69.535541
05/24/2008 14:00:00,        68.881160
05/24/2008 15:00:00,        69.116536
05/24/2008 16:00:00,        67.541742
05/24/2008 17:00:00,        65.979424
05/24/2008 18:00:00,        65.341908
05/24/2008 19:00:00,        66.171081
05/24/2008 20:00:00,        65.042202
05/24/2008 21:00:00,        67.706739
05/24/2008 22:00:00,        63.154739
05/24/2008 23:00:00,        63.057108
05/25/2008 00:00:00,        57.544464
05/25/2008 01:00:00,        34.514572
05/25/2008 02:00:00,        34.729815
05/25/2008 03:00:00,        37.266742
05/25/2008 04:00:00,        34.211920
05/25/2008 05:00:00,        33.750240
05/25/2008 06:00:00,        35.842050
05/25/2008 07:00:00,        36.915317
05/25/2008 08:00:00,        38.512975
05/25/2008 09:00:00,        38.083439
05/25/2008 10:00:00,        39.802995
05/25/2008 11:00:00,        44.029761
05/25/2008 12:00:00,        46.304060
05/25/2008 13:00:00,        49.554189
05/25/2008 14:00:00,        55.113695
05/25/2008 15:00:00,        63.008310
05/25/2008 16:00:00,        71.689724
05/25/2008 17:00:00,        80.086165
05/25/2008 18:00:00,        90.721713
05/25/2008 19:00:00,        97.908089
05/25/2008 20:00:00,       104.821396
05/25/2008 21:00:00,       113.840546
05/25/2008 22:00:00,       123.001498
05/25/2008 23:00:00,       130.094570
05/26/2008 00:00:00,       136.059771
05/26/2008 01:00:00,       172.805962
05/26/2008 02:00:00,       169.185087
05/26/2008 03:00:00,       168.048825
05/26/2008 04:00:00,       165.037163
05/26/2008 05:00:00,       162.012665
05/26/2008 06:00:00,       157.051269
05/26/2008 07:00:00,       155.237871
05/26/2008 08:00:00,       154.300437
05/26/2008 09:00:00,       149.360381
05/26/2008 10:00:00,       139.258526
05/26/2008 11:00:00,       128.072893
05/26/2008 12:00:00,       118.124097
05/26/2008 13:00:00,       104.152705
05/26/2008 14:00:00,        91.967010
05/26/2008 15:00:00,        81.393620
05/26/2008 16:00:00,        72.383313
05/26/2008 17:00:00,        65.325779
05/26/2008 18:00:00,        58.015242
05/26/2008 19:00:00,        54.228524
05/26/2008 20:00:00,        46.284153
05/26/2008 21:00:00,        37.211936
05/26/2008 22:00:00,        31.593698
05/26/2008 23:00:00,        30.643245
05/27/2008 00:00:00,        33.600479
05/27/2008 01:00:00,       132.129829
05/27/2008 02:00:00,       131.912724
05/27/2008 03:00:00,       128.868651
05/27/2008 04:00:00,       132.736954
05/27/2008 05:00:00,       135.790202
05/27/2008 06:00:00,       143.220778
05/27/2008 07:00:00,       150.231447
05/27/2008 08:00:00,       159.563698
05/27/2008 09:00:00,       170.106649
05/27/2008 10:00:00,       176.036175
05/27/2008 11:00:00,       181.137344
05/27/2008 12:00:00,       180.250834
05/27/2008 13:00:00,       178.685381
05/27/2008 14:00:00,       178.716992
05/27/2008 15:00:00,       180.760077
05/27/2008 16:00:00,       185.247543
05/27/2008 17:00:00,       183.636981
05/27/2008 18:00:00,       182.921384
05/27/2008 19:00:00,       181.849153
05/27/2008 20:00:00,       178.820704
05/27/2008 21:00:00,       176.799541
05/27/2008 22:00:00,       173.661992
05/27/2008 23:00:00,       170.033810
05/28/2008 00:00:00,       168.040624
05/28/2008 01:00:00,       111.964586
05/28/2008 02:00:00,       111.110435
05/28/2008 03:00:00,       112.991352
05/28/2008 04:00:00,       114.958598
05/28/2008 05:00:00,       112.713107
05/28/2008 06:00:00,       110.282511
05/28/2008 07:00:00,       108.490683
05/28/2008 08:00:00,       111.360961
05/28/2008 09:00:00,       112.319155
05/28/2008 10:00:00,       111.256877
05/28/2008 11:00:00,       113.417037
05/28/2008 12:00:00,       115.817287
05/28/2008 13:00:00,       117.258304
05/28/2008 14:00:00,       123.224275
05/28/2008 15:00:00,       131.081131
05/28/2008 16:00:00,       136.068160
05/28/2008 17:00:00,       138.615384
05/28/2008 18:00:00,       144.351585
05/28/2008 19:00:00,       151.237269
05/28/2008 20:00:00,       158.255327
05/28/2008 21:00:00,       165.453414
05/28/2008 22:00:00,       171.851380
05/28/2008 23:00:00,       176.498034
05/29/2008 00:00:00,       178.997135
05/29/2008 01:00:00,       216.081603
05/29/2008 02:00:00,       216.927225
05/29/2008 03:00:00,       218.574872
05/29/2008 04:00:00,       219.209320
05/29/2008 05:00:00,       219.330239
05/29/2008 06:00:00,       217.593425
05/29/2008 07:00:00,       215.072141
05/29/2008 08:00:00,       212.287472
05/29/2008 09:00:00,       209.591224
05/29/2008 10:00:00,       206.019897
05/29/2008 11:00:00,       202.769459
05/29/2008 12:00:00,       201.987464
05/29/2008 13:00:00,       201.772194
05/29/2008 14:00:00,       201.933002
05/29/2008 15:00:00,       201.749103
05/29/2008 16:00:00,       201.550116
05/29/2008 17:00:00,       198.909191
05/29/2008 18:00:00,       196.697436
05/29/2008 19:00:00,       195.206397
05/29/2008 20:00:00,       194.862221
05/29/2008 21:00:00,       196.145303
05/29/2008 22:00:00,       196.290905
05/29/2008 23:00:00,       196.849930
05/30/2008 00:00:00,       196.765912
05/30/2008 01:00:00,       105.489137
05/30/2008 02:00:00,        94.554085
05/30/2008 03:00:00,        83.429816
05/30/2008 04:00:00,        75.977095
05/30/2008 05:00:00,        66.218197
05/30/2008 06:00:00,        58.551965
05/30/2008 07:00:00,        52.746445
05/30/2008 08:00:00,        45.874718
05/30/2008 09:00:00,        40.245187
05/30/2008 10:00:00,        37.666427
05/30/2008 11:00:00,        34.039264
05/30/2008 12:00:00,        30.250917
05/30/2008 13:00:00,        27.122401
05/30/2008 14:00:00,        27.236790
05/30/2008 15:00:00,        27.952854
05/30/2008 16:00:00,        29.389425
05/30/2008 17:00:00,        30.752632
05/30/2008 18:00:00,        32.939514
05/30/2008 19:00:00,        35.909330
05/30/2008 20:00:00,        39.090552
05/30/2008 21:00:00,        39.929056
05/30/2008 22:00:00,        39.513410
05/30/2008 23:00:00,        38.034056
05/31/2008 00:00:00,        36.926417
05/31/2008 01:00:00,        10.649180
05/31/2008 02:00:00,        11.931499
05/31/2008 03:00:00,        12.376098
05/31/2008 04:00:00,        13.161166
05/31/2008 05:00:00,        14.574192
05/31/2008 06:00:00,        15.492856
05/31/2008 07:00:00,        16.099966
05/31/2008 08:00:00,        20.825182
05/31/2008 09:00:00,        23.461633
05/31/2008 10:00:00,        26.909536
05/31/2008 11:00:00,        32.906454
05/31/2008 12:00:00,        36.720957
05/31/2008 13:00:00,        41.270395
05/31/2008 14:00:00,        44.807196
05/31/2008 15:00:00,        53.037352
05/31/2008 16:00:00,        55.762475
05/31/2008 17:00:00,        60.139280
05/31/2008 18:00:00,        63.305357
05/31/2008 19:00:00,        66.934780
05/31/2008 20:00:00,        69.878218
05/31/2008 21:00:00,        72.494773
05/31/2008 22:00:00,        73.195241
05/31/2008 23:00:00,        72.105383
06/01/2008 00:00:00,         4.034628
06/01/2008 01:00:00,         3.602012
06/01/2008 02:00:00,         2.497799
06/01/2008 03:00:00,         1.742675
06/01/2008 04:00:00,         1.295977
06/01/2008 05:00:00,         1.172732
06/01/2008 06:00:00,         1.160868
06/01/2008 07:00:00,         1.923692
06/01/2008 08:00:00,         4.169160
06/01/2008 09:00:00,         8.691503
06/01/2008 10:00:00,        11.006585
06/01/2008 11:00:00,        11.904174
06/01/2008 12:00:00,        15.654421
06/01/2008 13:00:00,        17.572290
06/01/2008 14:00:00,        19.333500
06/01/2008 15:00:00,        20.683418
06/01/2008 16:00:00,        21.629484
06/01/2008 17:00:00,        21.573991
06/01/2008 18:00:00,        21.449163
06/01/2008 19:00:00,        22.738703
06/01/2008 20:00:00,        23.414702
06/01/2008 21:00:00,        22.488248
06/01/2008 22:00:00,        18.427674
06/01/2008 23:00:00,        17.072935
06/02/2008 00:00:00,        18.001608
06/02/2008 01:00:00,        14.000099
06/02/2008 02:00:00,        12.496808
06/02/2008 03:00:00,        11.729970
06/02/2008 04:00:00,        11.634250
06/02/2008 05:00:00,        11.431663
06/02/2008 06:00:00,        10.913345
06/02/2008 07:00:00,        11.204887
06/02/2008 08:00:00,        12.153451
06/02/2008 09:00:00,        12.228829
06/02/2008 10:00:00,        12.892924
06/02/2008 11:00:00,        15.503408
06/02/2008 12:00:00,        21.207217
06/02/2008 13:00:00,        26.556658
06/02/2008 14:00:00,        33.648156
06/02/2008 15:00:00,        38.570755
06/02/2008 16:00:00,        42.166614
06/02/2008 17:00:00,        43.943716
06/02/2008 18:00:00,        50.204836
06/02/2008 19:00:00,        54.274251
06/02/2008 20:00:00,        58.870494
06/02/2008 21:00:00,        62.417190
06/02/2008 22:00:00,        66.771023
06/02/2008 23:00:00,        70.440971
06/03/2008 00:00:00,        73.225251
06/03/2008 01:00:00,        87.998458
06/03/2008 02:00:00,        85.461448
06/03/2008 03:00:00,        81.911674
06/03/2008 04:00:00,        78.040514
06/03/2008 05:00:00,        74.029793
06/03/2008 06:00:00,        70.491354
06/03/2008 07:00:00,        68.577836
06/03/2008 08:00:00,        68.874615
06/03/2008 09:00:00,        63.587394
06/03/2008 10:00:00,        63.349719
06/03/2008 11:00:00,        63.280005
06/03/2008 12:00:00,        58.079153
06/03/2008 13:00:00,        55.138877
06/03/2008 14:00:00,        52.021300
06/03/2008 15:00:00,        50.283257
06/03/2008 16:00:00,        49.311674
06/03/2008 17:00:00,        47.621152
06/03/2008 18:00:00,        45.902834
06/03/2008 19:00:00,        49.186421
06/03/2008 20:00:00,        51.807684
06/03/2008 21:00:00,        53.723999
06/03/2008 22:00:00,        54.538670
06/03/2008 23:00:00,        51.833253
06/04/2008 00:00:00,        48.012407
06/04/2008 01:00:00,         2.404340
06/04/2008 02:00:00,         2.467751
06/04/2008 03:00:00,         2.843115
06/04/2008 04:00:00,         4.156336
06/04/2008 05:00:00,         3.778088
06/04/2008 06:00:00,         3.621251
06/04/2008 07:00:00,         3.934261
06/04/2008 08:00:00,         4.541929
06/04/2008 09:00:00,         5.182886
06/04/2008 10:00:00,         5.604304
06/04/2008 11:00:00,         5.961636
06/04/2008 12:00:00,         6.528795
06/04/2008 13:00:00,         6.908219
06/04/2008 14:00:00,         7.500893
06/04/2008 15:00:00,         8.487359
06/04/2008 16:00:00,         9.306780
06/04/2008 17:00:00,        11.459298
06/04/2008 18:00:00,        16.325396
06/04/2008 19:00:00,        17.188719
06/04/2008 20:00:00,        18.014745
06/04/2008 21:00:00,        18.865937
06/04/2008 22:00:00,        19.748785
06/04/2008 23:00:00,        21.342958
06/05/2008 00:00:00,        23.801396
06/05/2008 01:00:00,        31.117497
06/05/2008 02:00:00,        33.525751
06/05/2008 03:00:00,        35.312795
06/05/2008 04:00:00,        36.309015
06/05/2008 05:00:00,        35.669393
06/05/2008 06:00:00,        34.691815
06/05/2008 07:00:00,        34.652309
06/05/2008 08:00:00,        35.141585
06/05/2008 09:00:00,        37.133525
06/05/2008 10:00:00,        37.882814
06/05/2008 11:00:00,        36.428229
06/05/2008 12:00:00,        33.758344
06/05/2008 13:00:00,        30.579549
06/05/2008 14:00:00,        27.721982
06/05/2008 15:00:00,        24.452449
06/05/2008 16:00:00,        20.871886
06/05/2008 17:00:00,        18.854519
06/05/2008 18:00:00,        19.387328
06/05/2008 19:00:00,        18.941278
06/05/2008 20:00:00,        18.232657
06/05/2008 21:00:00,        18.377270
06/05/2008 22:00:00,        17.684283
06/05/2008 23:00:00,        16.776183
06/06/2008 00:00:00,        17.381531
06/06/2008 01:00:00,        55.361745
06/06/2008 02:00:00,        63.401980
06/06/2008 03:00:00,        71.934052
06/06/2008 04:00:00,        75.550395
06/06/2008 05:00:00,        76.721810
06/06/2008 06:00:00,        79.804229
06/06/2008 07:00:00,        80.624115
06/06/2008 08:00:00,        85.193719
06/06/2008 09:00:00,        87.070920
06/06/2008 10:00:00,        91.348654
06/06/2008 11:00:00,        92.633636
06/06/2008 12:00:00,        90.388382
06/06/2008 13:00:00,        86.625195
06/06/2008 14:00:00,        83.883996
06/06/2008 15:00:00,        80.127285
06/06/2008 16:00:00,        75.019548
06/06/2008 17:00:00,        72.292712
06/06/2008 18:00:00,        69.428182
06/06/2008 19:00:00,        64.857913
06/06/2008 20:00:00,        61.734987
06/06/2008 21:00:00,        60.322285
06/06/2008 22:00:00,        58.186708
06/06/2008 23:00:00,        55.604741
06/07/2008 00:00:00,        54.772076
06/07/2008 01:00:00,        23.305947
06/07/2008 02:00:00,        21.326313
06/07/2008 03:00:00,        19.353578
06/07/2008 04:00:00,        17.673889
06/07/2008 05:00:00,        17.259762
06/07/2008 06:00:00,        16.537763
06/07/2008 07:00:00,        16.032499
06/07/2008 08:00:00,        13.862117
06/07/2008 09:00:00,        12.746330
06/07/2008 10:00:00,        12.973303
06/07/2008 11:00:00,        15.349378
06/07/2008 12:00:00,        24.762580
06/07/2008 13:00:00,        35.823343
06/07/2008 14:00:00,        46.672589
06/07/2008 15:00:00,        57.615370
06/07/2008 16:00:00,        70.056725
06/07/2008 17:00:00,        81.747576
06/07/2008 18:00:00,        95.664296
06/07/2008 19:00:00,       105.645329
06/07/2008 20:00:00,       117.467594
06/07/2008 21:00:00,       130.137265
06/07/2008 22:00:00,       143.827234
06/07/2008 23:00:00,       159.595932
06/08/2008 00:00:00,       176.136033
06/08/2008 01:00:00,       206.567620
06/08/2008 02:00:00,       198.467971
06/08/2008 03:00:00,       196.838507
06/08/2008 04:00:00,       196.825504
06/08/2008 05:00:00,       192.540439
06/08/2008 06:00:00,       185.649379
06/08/2008 07:00:00,       181.658879
06/08/2008 08:00:00,       177.556481
06/08/2008 09:00:00,       176.244965
06/08/2008 10:00:00,       175.706255
06/08/2008 11:00:00,       174.191964
06/08/2008 12:00:00,       170.045373
06/08/2008 13:00:00,       169.103422
06/08/2008 14:00:00,       163.906559
06/08/2008 15:00:00,       158.409964
06/08/2008 16:00:00,       160.173053
06/08/2008 17:00:00,       157.950209
06/08/2008 18:00:00,       155.929047
06/08/2008 19:00:00,       158.541363
06/08/2008 20:00:00,       159.110984
06/08/2008 21:00:00,       158.235748
06/08/2008 22:00:00,       154.321350
06/08/2008 23:00:00,       142.522037
06/09/2008 00:00:00,       136.483027
06/09/2008 01:00:00,        99.031019
06/09/2008 02:00:00,        99.735799
06/09/2008 03:00:00,       101.947471
06/09/2008 04:00:00,        97.366621
06/09/2008 05:00:00,        90.372311
06/09/2008 06:00:00,        81.633821
06/09/2008 07:00:00,        74.618363
06/09/2008 08:00:00,        67.506344
06/09/2008 09:00:00,        59.724545
06/09/2008 10:00:00,        58.554051
06/09/2008 11:00:00,        52.651823
06/09/2008 12:00:00,        45.408766
06/09/2008 13:00:00,        35.229665
06/09/2008 14:00:00,        26.248728
06/09/2008 15:00:00,        19.081513
06/09/2008 16:00:00,         8.637816
06/09/2008 17:00:00,         3.712720
06/09/2008 18:00:00,         2.779520
06/09/2008 19:00:00,         2.462422
06/09/2008 20:00:00,         2.473905
06/09/2008 21:00:00,         2.526906
06/09/2008 22:00:00,         2.886933
06/09/2008 23:00:00,         3.844769
06/10/2008 00:00:00,         5.139649
06/10/2008 01:00:00,        32.428421
06/10/2008 02:00:00,        34.432274
06/10/2008 03:00:00,        35.612433
06/10/2008 04:00:00,        38.765199
06/10/2008 05:00:00,        40.798050
06/10/2008 06:00:00,        43.656803
06/10/2008 07:00:00,        47.452324
06/10/2008 08:00:00,        48.586648
06/10/2008 09:00:00,        49.397265
06/10/2008 10:00:00,        48.804286
06/10/2008 11:00:00,        49.443403
06/10/2008 12:00:00,        48.782152
06/10/2008 13:00:00,        47.896291
06/10/2008 14:00:00,        46.702880
06/10/2008 15:00:00,        46.217809
06/10/2008 16:00:00,        47.773230
06/10/2008 17:00:00,        49.277270
06/10/2008 18:00:00,        60.377002
06/10/2008 19:00:00,        64.362830
06/10/2008 20:00:00,        66.155442
06/10/2008 21:00:00,        70.258790
06/10/2008 22:00:00,        75.488740
06/10/2008 23:00:00,        81.683693
06/11/2008 00:00:00,        85.707832
06/11/2008 01:00:00,       119.476221
06/11/2008 02:00:00,       127.952499
06/11/2008 03:00:00,       137.061061
06/11/2008 04:00:00,       140.494913
06/11/2008 05:00:00,       143.527697
06/11/2008 06:00:00,       141.194513
06/11/2008 07:00:00,       139.668927
06/11/2008 08:00:00,       149.014749
06/11/2008 09:00:00,       153.525094
06/11/2008 10:00:00,       155.014294
06/11/2008 11:00:00,       153.213301
06/11/2008 12:00:00,       154.442388
06/11/2008 13:00:00,       154.922140
06/11/2008 14:00:00,       155.563579
06/11/2008 15:00:00,       147.632889
06/11/2008 16:00:00,       135.484988
06/11/2008 17:00:00,       131.632896
06/11/2008 18:00:00,       127.776783
06/11/2008 19:00:00,       127.864446
06/11/2008 20:00:00,       125.676587
06/11/2008 21:00:00,       125.679307
06/11/2008 22:00:00,       119.694055
06/11/2008 23:00:00,       114.732641
06/12/2008 00:00:00,       119.109795
06/12/2008 01:00:00,       129.015990
06/12/2008 02:00:00,       124.213241
06/12/2008 03:00:00,       117.764609
06/12/2008 04:00:00,       113.782707
06/12/2008 05:00:00,       110.060285
06/12/2008 06:00:00,       104.287574
06/12/2008 07:00:00,       100.150030
06/12/2008 08:00:00,        91.895584
06/12/2008 09:00:00,        88.208728
06/12/2008 10:00:00,        89.279467
06/12/2008 11:00:00,        90.801064
06/12/2008 12:00:00,        93.503505
06/12/2008 13:00:00,        99.118014
06/12/2008 14:00:00,       105.364917
06/12/2008 15:00:00,       110.416886
06/12/2008 16:00:00,       114.044785
06/12/2008 17:00:00,       114.870855
06/12/2008 18:00:00,       117.267666
06/12/2008 19:00:00,       124.350075
06/12/2008 20:00:00,       131.243244
06/12/2008 21:00:00,       135.121648
06/12/2008 22:00:00,       135.797685
06/12/2008 23:00:00,       133.061494
06/13/2008 00:00:00,       130.138855
06/13/2008 01:00:00,        50.467834
06/13/2008 02:00:00,        49.757408
06/13/2008 03:00:00,        49.591985
06/13/2008 04:00:00,        48.694491
06/13/2008 05:00:00,        47.427496
06/13/2008 06:00:00,        43.912124
06/13/2008 07:00:00,        42.860029
06/13/2008 08:00:00,        35.117190
06/13/2008 09:00:00,        28.730864
06/13/2008 10:00:00,        26.455200
06/13/2008 11:00:00,        24.943055
06/13/2008 12:00:00,        22.538953
06/13/2008 13:00:00,        16.137550
06/13/2008 14:00:00,        13.095097
06/13/2008 15:00:00,        10.737477
06/13/2008 16:00:00,         8.028594
06/13/2008 17:00:00,         5.276420
06/13/2008 18:00:00,         3.371741
06/13/2008 19:00:00,         2.676625
06/13/2008 20:00:00,         2.385984
06/13/2008 21:00:00,         2.275102
06/13/2008 22:00:00,         2.158949
06/13/2008 23:00:00,         1.873333
06/14/2008 00:00:00,         1.617550
06/14/2008 01:00:00,         8.841652
06/14/2008 02:00:00,         9.726769
06/14/2008 03:00:00,        11.756766
06/14/2008 04:00:00,        12.832804
06/14/2008 05:00:00,        13.551239
06/14/2008 06:00:00,        13.284877
06/14/2008 07:00:00,        14.062743
06/14/2008 08:00:00,        15.290938
06/14/2008 09:00:00,        17.403258
06/14/2008 10:00:00,        18.007746
06/14/2008 11:00:00,        18.547921
06/14/2008 12:00:00,        19.364434
06/14/2008 13:00:00,        19.567161
06/14/2008 14:00:00,        18.908622
06/14/2008 15:00:00,        19.037002
06/14/2008 16:00:00,        18.990780
06/14/2008 17:00:00,        20.033071
06/14/2008 18:00:00,        24.901618
06/14/2008 19:00:00,        26.191095
06/14/2008 20:00:00,        27.151179
06/14/2008 21:00:00,        28.824352
06/14/2008 22:00:00,        30.035563
06/14/2008 23:00:00,        32.349543
06/15/2008 00:00:00,        34.655494
06/15/2008 01:00:00,        68.568138
06/15/2008 02:00:00,        64.917337
06/15/2008 03:00:00,        61.648753
06/15/2008 04:00:00,        59.688111
06/15/2008 05:00:00,        58.118588
06/15/2008 06:00:00,        55.663982
06/15/2008 07:00:00,        53.954576
06/15/2008 08:00:00,        48.930650
06/15/2008 09:00:00,        39.083519
06/15/2008 10:00:00,        36.437083
06/15/2008 11:00:00,        32.856303
06/15/2008 12:00:00,        25.874539
06/15/2008 13:00:00,        18.828238
06/15/2008 14:00:00,        14.731234
06/15/2008 15:00:00,        11.609307
06/15/2008 16:00:00,         9.099584
06/15/2008 17:00:00,         7.099038
06/15/2008 18:00:00,         5.199620
06/15/2008 19:00:00,         4.774827
06/15/2008 20:00:00,         4.143836
06/15/2008 21:00:00,         4.457320
06/15/2008 22:00:00,         3.593730
06/15/2008 23:00:00,         3.071709
06/16/2008 00:00:00,         2.584978
06/16/2008 01:00:00,        18.772631
06/16/2008 02:00:00,        16.804002
06/16/2008 03:00:00,        15.132002
06/16/2008 04:00:00,        16.202332
06/16/2008 05:00:00,        14.990929
06/16/2008 06:00:00,        13.806141
06/16/2008 07:00:00,        12.684899
06/16/2008 08:00:00,        11.628264
06/16/2008 09:00:00,         9.636160
06/16/2008 10:00:00,         7.653005
06/16/2008 11:00:00,         5.796138
06/16/2008 12:00:00,         5.445543
06/16/2008 13:00:00,         5.332121
06/16/2008 14:00:00,         5.966026
06/16/2008 15:00:00,         8.699170
06/16/2008 16:00:00,        16.745946
06/16/2008 17:00:00,        17.709988
06/16/2008 18:00:00,        21.297766
06/16/2008 19:00:00,        23.902639
06/16/2008 20:00:00,        24.542643
06/16/2008 21:00:00,        27.734603
06/16/2008 22:00:00,        31.129907
06/16/2008 23:00:00,        33.832842
06/17/2008 00:00:00,        39.119018
06/17/2008 01:00:00,        44.911252
06/17/2008 02:00:00,        38.642463
06/17/2008 03:00:00,        37.739901
06/17/2008 04:00:00,        34.773978
06/17/2008 05:00:00,        32.576369
06/17/2008 06:00:00,        29.877720
06/17/2008 07:00:00,        27.556270
06/17/2008 08:00:00,        23.094934
06/17/2008 09:00:00,        18.850715
06/17/2008 10:00:00,        17.116004
06/17/2008 11:00:00,        14.979856
06/17/2008 12:00:00,        11.504735
06/17/2008 13:00:00,        11.520410
06/17/2008 14:00:00,         9.341868
06/17/2008 15:00:00,         8.320793
06/17/2008 16:00:00,         8.593027
06/17/2008 17:00:00,         9.435377
06/17/2008 18:00:00,         9.912090
06/17/2008 19:00:00,        13.171259
06/17/2008 20:00:00,        10.649529
06/17/2008 21:00:00,        11.332207
06/17/2008 22:00:00,        12.307523
06/17/2008 23:00:00,        11.893205
06/18/2008 00:00:00,        12.951534
06/18/2008 01:00:00,        14.132419
06/18/2008 02:00:00,        13.534713
06/18/2008 03:00:00,        12.710627
06/18/2008 04:00:00,        11.471581
06/18/2008 05:00:00,        10.774089
06/18/2008 06:00:00,         9.905443
06/18/2008 07:00:00,        10.089441
06/18/2008 08:00:00,         9.705647
06/18/2008 09:00:00,         8.737069
06/18/2008 10:00:00,         7.204899
06/18/2008 11:00:00,         7.707109
06/18/2008 12:00:00,         8.034556
06/18/2008 13:00:00,         8.045526
06/18/2008 14:00:00,         6.982571
06/18/2008 15:00:00,        10.599367
06/18/2008 16:00:00,         9.213191
06/18/2008 17:00:00,         7.874097
06/18/2008 18:00:00,         8.026056
06/18/2008 19:00:00,        14.669636
06/18/2008 20:00:00,         8.608778
06/18/2008 21:00:00,         7.727776
06/18/2008 22:00:00,         8.286118
06/18/2008 23:00:00,         9.746965
06/19/2008 00:00:00,         8.161129
06/19/2008 01:00:00,        13.305290
06/19/2008 02:00:00,        12.622850
06/19/2008 03:00:00,        13.337260
06/19/2008 04:00:00,        11.897357
06/19/2008 05:00:00,        10.742938
06/19/2008 06:00:00,         9.610358
06/19/2008 07:00:00,         9.294089
06/19/2008 08:00:00,         8.063313
06/19/2008 09:00:00,         7.150047
06/19/2008 10:00:00,         5.628101
06/19/2008 11:00:00,         5.824167
06/19/2008 12:00:00,        10.367130
06/19/2008 13:00:00,        17.715310
06/19/2008 14:00:00,        18.935662
06/19/2008 15:00:00,        19.523291
06/19/2008 16:00:00,        20.581985
06/19/2008 17:00:00,        22.065974
06/19/2008 18:00:00,        22.920419
06/19/2008 19:00:00,        24.079800
06/19/2008 20:00:00,        25.191409
06/19/2008 21:00:00,        26.849376
06/19/2008 22:00:00,        29.943788
06/19/2008 23:00:00,        30.749345
06/20/2008 00:00:00,        33.074936
06/20/2008 01:00:00,        29.466403
06/20/2008 02:00:00,        27.083354
06/20/2008 03:00:00,        26.025635
06/20/2008 04:00:00,        24.038154
06/20/2008 05:00:00,        23.380247
06/20/2008 06:00:00,        23.875675
06/20/2008 07:00:00,        22.709493
06/20/2008 08:00:00,        21.571057
06/20/2008 09:00:00,        21.024087
06/20/2008 10:00:00,        18.995927
06/20/2008 11:00:00,        13.447419
06/20/2008 12:00:00,        10.956565
06/20/2008 13:00:00,        11.387486
06/20/2008 14:00:00,        10.055622
06/20/2008 15:00:00,        10.528320
06/20/2008 16:00:00,        10.586118
06/20/2008 17:00:00,        10.744501
06/20/2008 18:00:00,        12.226284
06/20/2008 19:00:00,        13.435862
06/20/2008 20:00:00,        14.144123
06/20/2008 21:00:00,        13.569335
06/20/2008 22:00:00,        13.350751
06/20/2008 23:00:00,        17.795934
06/21/2008 00:00:00,        16.778857
06/21/2008 01:00:00,        39.027331
06/21/2008 02:00:00,        37.155493
06/21/2008 03:00:00,        36.994039
06/21/2008 04:00:00,        38.014172
06/21/2008 05:00:00,        37.172925
06/21/2008 06:00:00,        37.082150
06/21/2008 07:00:00,        36.994133
06/21/2008 08:00:00,        38.346255
06/21/2008 09:00:00,        34.942291
06/21/2008 10:00:00,        32.912672
06/21/2008 11:00:00,        28.834035
06/21/2008 12:00:00,        29.240615
06/21/2008 13:00:00,        30.203902
06/21/2008 14:00:00,        31.274498
06/21/2008 15:00:00,        32.556666
06/21/2008 16:00:00,        33.638730
06/21/2008 17:00:00,        32.421510
06/21/2008 18:00:00,        32.382517
06/21/2008 19:00:00,        32.644341
06/21/2008 20:00:00,        32.289218
06/21/2008 21:00:00,        33.014980
06/21/2008 22:00:00,        35.165300
06/21/2008 23:00:00,        41.053413
06/22/2008 00:00:00,        38.799264
06/22/2008 01:00:00,        35.654790
06/22/2008 02:00:00,        38.333713
06/22/2008 03:00:00,        38.013682
06/22/2008 04:00:00,        37.358371
06/22/2008 05:00:00,        36.853201
06/22/2008 06:00:00,        35.759750
06/22/2008 07:00:00,        34.985518
06/22/2008 08:00:00,        32.168116
06/22/2008 09:00:00,        32.209935
06/22/2008 10:00:00,        31.191185
06/22/2008 11:00:00,        28.952352
06/22/2008 12:00:00,        26.133063
06/22/2008 13:00:00,        28.495669
06/22/2008 14:00:00,        27.784656
06/22/2008 15:00:00,        28.737731
06/22/2008 16:00:00,        30.583673
06/22/2008 17:00:00,        29.548914
06/22/2008 18:00:00,        33.215130
06/22/2008 19:00:00,        36.058182
06/22/2008 20:00:00,        39.728151
06/22/2008 21:00:00,        43.266741
06/22/2008 22:00:00,        47.391421
06/22/2008 23:00:00,        54.420431
06/23/2008 00:00:00,        60.345811
06/23/2008 01:00:00,       104.336481
06/23/2008 02:00:00,       101.527209
06/23/2008 03:00:00,        92.583539
06/23/2008 04:00:00,        87.571038
06/23/2008 05:00:00,        81.155245
06/23/2008 06:00:00,        77.325199
06/23/2008 07:00:00,        73.498595
06/23/2008 08:00:00,        64.781286
06/23/2008 09:00:00,        56.132957
06/23/2008 10:00:00,        49.284219
06/23/2008 11:00:00,        39.762975
06/23/2008 12:00:00,        31.985679
06/23/2008 13:00:00,        33.655532
06/23/2008 14:00:00,        29.427483
06/23/2008 15:00:00,        27.021636
06/23/2008 16:00:00,        26.711270
06/23/2008 17:00:00,        25.272512
06/23/2008 18:00:00,        25.351213
06/23/2008 19:00:00,        26.768676
06/23/2008 20:00:00,        28.512532
06/23/2008 21:00:00,        30.301297
06/23/2008 22:00:00,        32.385199
06/23/2008 23:00:00,        35.427084
06/24/2008 00:00:00,        40.494425
06/24/2008 01:00:00,        34.410465
06/24/2008 02:00:00,        33.807521
06/24/2008 03:00:00,        34.821766
06/24/2008 04:00:00,        36.187894
06/24/2008 05:00:00,        38.772569
06/24/2008 06:00:00,        40.034337
06/24/2008 07:00:00,        40.548171
06/24/2008 08:00:00,        41.560695
06/24/2008 09:00:00,        43.023461
06/24/2008 10:00:00,        44.281927
06/24/2008 11:00:00,        45.343928
06/24/2008 12:00:00,        49.607167
06/24/2008 13:00:00,        56.183283
06/24/2008 14:00:00,        60.193167
06/24/2008 15:00:00,        65.115446
06/24/2008 16:00:00,        68.856194
06/24/2008 17:00:00,        68.893618
06/24/2008 18:00:00,        69.357678
06/24/2008 19:00:00,        72.308918
06/24/2008 20:00:00,        77.129459
06/24/2008 21:00:00,        79.342270
06/24/2008 22:00:00,        83.944050
06/24/2008 23:00:00,        87.275979
06/25/2008 00:00:00,        92.080357
06/25/2008 01:00:00,        87.817788
06/25/2008 02:00:00,        86.316017
06/25/2008 03:00:00,        85.938744
06/25/2008 04:00:00,        85.612696
06/25/2008 05:00:00,        86.995165
06/25/2008 06:00:00,        89.342083
06/25/2008 07:00:00,        89.864694
06/25/2008 08:00:00,        86.450644
06/25/2008 09:00:00,        84.201989
06/25/2008 10:00:00,        84.424872
06/25/2008 11:00:00,        86.887464
06/25/2008 12:00:00,        85.946241
06/25/2008 13:00:00,        84.100633
06/25/2008 14:00:00,        81.400076
06/25/2008 15:00:00,        80.367453
06/25/2008 16:00:00,        79.749768
06/25/2008 17:00:00,        78.485969
06/25/2008 18:00:00,        78.985385
06/25/2008 19:00:00,        79.259519
06/25/2008 20:00:00,        81.143777
06/25/2008 21:00:00,        82.260045
06/25/2008 22:00:00,        84.347560
06/25/2008 23:00:00,        86.259917
06/26/2008 00:00:00,        87.617100
06/26/2008 01:00:00,       150.266624
06/26/2008 02:00:00,       153.308079
06/26/2008 03:00:00,       154.888842
06/26/2008 04:00:00,       153.064109
06/26/2008 05:00:00,       149.331481
06/26/2008 06:00:00,       144.685518
06/26/2008 07:00:00,       138.949077
06/26/2008 08:00:00,       131.074656
06/26/2008 09:00:00,       120.775549
06/26/2008 10:00:00,       114.450911
06/26/2008 11:00:00,       107.699668
06/26/2008 12:00:00,       101.330107
06/26/2008 13:00:00,        89.267013
06/26/2008 14:00:00,        78.007640
06/26/2008 15:00:00,        63.899213
06/26/2008 16:00:00,        55.148684
06/26/2008 17:00:00,        44.849976
06/26/2008 18:00:00,        36.447237
06/26/2008 19:00:00,        32.475456
06/26/2008 20:00:00,        29.817058
06/26/2008 21:00:00,        27.190991
06/26/2008 22:00:00,        25.015391
06/26/2008 23:00:00,        22.146495
06/27/2008 00:00:00,        18.954567
06/27/2008 01:00:00,         5.452306
06/27/2008 02:00:00,         4.840335
06/27/2008 03:00:00,         4.616613
06/27/2008 04:00:00,         4.333095
06/27/2008 05:00:00,         3.616863
06/27/2008 06:00:00,         3.455969
06/27/2008 07:00:00,         3.064044
06/27/2008 08:00:00,         1.477074
06/27/2008 09:00:00,         1.260301
06/27/2008 10:00:00,         0.784883
06/27/2008 11:00:00,         0.320392
06/27/2008 12:00:00,         0.256822
06/27/2008 13:00:00,         0.256808
06/27/2008 14:00:00,         0.219758
06/27/2008 15:00:00,         0.704181
06/27/2008 16:00:00,         1.369938
06/27/2008 17:00:00,         1.471014
06/27/2008 18:00:00,         2.327992
06/27/2008 19:00:00,         2.622594
06/27/2008 20:00:00,         3.102300
06/27/2008 21:00:00,         3.557098
06/27/2008 22:00:00,         4.073800
06/27/2008 23:00:00,         4.591476
06/28/2008 00:00:00,         5.207044
06/28/2008 01:00:00,         6.963981
06/28/2008 02:00:00,         7.897318
06/28/2008 03:00:00,         8.145652
06/28/2008 04:00:00,         7.683500
06/28/2008 05:00:00,         7.388081
06/28/2008 06:00:00,         6.578346
06/28/2008 07:00:00,         5.923026
06/28/2008 08:00:00,         5.881604
06/28/2008 09:00:00,         6.025112
06/28/2008 10:00:00,         6.228309
06/28/2008 11:00:00,         6.496399
06/28/2008 12:00:00,         6.428530
06/28/2008 13:00:00,         6.252301
06/28/2008 14:00:00,         6.294054
06/28/2008 15:00:00,         7.164175
06/28/2008 16:00:00,         8.017014
06/28/2008 17:00:00,        10.665790
06/28/2008 18:00:00,        15.087905
06/28/2008 19:00:00,        17.458098
06/28/2008 20:00:00,        19.645580
06/28/2008 21:00:00,        21.395343
06/28/2008 22:00:00,        23.545956
06/28/2008 23:00:00,        26.118353
06/29/2008 00:00:00,        27.628010
06/29/2008 01:00:00,        90.247293
06/29/2008 02:00:00,        86.807831
06/29/2008 03:00:00,        83.621045
06/29/2008 04:00:00,        80.105304
06/29/2008 05:00:00,        77.122940
06/29/2008 06:00:00,        72.838220
06/29/2008 07:00:00,        69.518427
06/29/2008 08:00:00,        65.570649
06/29/2008 09:00:00,        61.098146
06/29/2008 10:00:00,        54.251724
06/29/2008 11:00:00,        48.816011
06/29/2008 12:00:00,        40.663629
06/29/2008 13:00:00,        32.938685
06/29/2008 14:00:00,        29.482282
06/29/2008 15:00:00,        27.721303
06/29/2008 16:00:00,        25.423274
06/29/2008 17:00:00,        24.383078
06/29/2008 18:00:00,        22.321485
06/29/2008 19:00:00,        22.683503
06/29/2008 20:00:00,        22.623219
06/29/2008 21:00:00,        22.543262
06/29/2008 22:00:00,        22.878401
06/29/2008 23:00:00,        24.244226
06/30/2008 00:00:00,        23.794698
06/30/2008 01:00:00,        26.074472
06/30/2008 02:00:00,        30.937545
06/30/2008 03:00:00,        31.621368
06/30/2008 04:00:00,        32.464327
06/30/2008 05:00:00,        33.996434
06/30/2008 06:00:00,        39.116368
06/30/2008 07:00:00,        41.618598
06/30/2008 08:00:00,        44.805401
06/30/2008 09:00:00,        46.552530
06/30/2008 10:00:00,        50.461067
06/30/2008 11:00:00,        55.961167
06/30/2008 12:00:00,        60.745542
06/30/2008 13:00:00,        64.407421
06/30/2008 14:00:00,        67.527297
06/30/2008 15:00:00,        65.675072
06/30/2008 16:00:00,        69.630239
06/30/2008 17:00:00,        69.304339
06/30/2008 18:00:00,        70.517663
06/30/2008 19:00:00,        69.364916
06/30/2008 20:00:00,        68.919491
06/30/2008 21:00:00,        72.655982
06/30/2008 22:00:00,        73.485314
06/30/2008 23:00:00,        72.533537
07/01/2008 00:00:00,        70.999475
07/01/2008 01:00:00,        72.148407
07/01/2008 02:00:00,        71.928204
07/01/2008 03:00:00,        69.303651
07/01/2008 04:00:00,        69.443487
07/01/2008 05:00:00,        67.904043
07/01/2008 06:00:00,        66.576924
07/01/2008 07:00:00,        65.427365
07/01/2008 08:00:00,        64.586497
07/01/2008 09:00:00,        62.901481
07/01/2008 10:00:00,        59.529390
07/01/2008 11:00:00,        56.283690
07/01/2008 12:00:00,        55.815627
07/01/2008 13:00:00,        50.841020
07/01/2008 14:00:00,        47.060914
07/01/2008 15:00:00,        43.997671
07/01/2008 16:00:00,        43.747744
07/01/2008 17:00:00,        42.473973
07/01/2008 18:00:00,        42.709009
07/01/2008 19:00:00,        43.667462
07/01/2008 20:00:00,        44.804144
07/01/2008 21:00:00,        45.321932
07/01/2008 22:00:00,        43.784508
07/01/2008 23:00:00,        42.906757
07/02/2008 00:00:00,        41.668660
07/02/2008 01:00:00,        25.885803
07/02/2008 02:00:00,        26.483920
07/02/2008 03:00:00,        26.931886
07/02/2008 04:00:00,        28.953736
07/02/2008 05:00:00,        30.468633
07/02/2008 06:00:00,        30.823783
07/02/2008 07:00:00,        30.767495
07/02/2008 08:00:00,        31.919520
07/02/2008 09:00:00,        32.888191
07/02/2008 10:00:00,        33.339878
07/02/2008 11:00:00,        33.910347
07/02/2008 12:00:00,        34.340272
07/02/2008 13:00:00,        33.855832
07/02/2008 14:00:00,        33.094461
07/02/2008 15:00:00,        35.938731
07/02/2008 16:00:00,        39.658069
07/02/2008 17:00:00,        40.945485
07/02/2008 18:00:00,        44.537589
07/02/2008 19:00:00,        44.312470
07/02/2008 20:00:00,        48.127734
07/02/2008 21:00:00,        52.180032
07/02/2008 22:00:00,        58.670787
07/02/2008 23:00:00,        62.200380
07/03/2008 00:00:00,        66.227852
07/03/2008 01:00:00,       110.557348
07/03/2008 02:00:00,       115.474282
07/03/2008 03:00:00,       126.038112
07/03/2008 04:00:00,       133.908362
07/03/2008 05:00:00,       134.704788
07/03/2008 06:00:00,       132.122229
07/03/2008 07:00:00,       130.297132
07/03/2008 08:00:00,       136.262129
07/03/2008 09:00:00,       141.574532
07/03/2008 10:00:00,       147.827168
07/03/2008 11:00:00,       150.976140
07/03/2008 12:00:00,       149.784298
07/03/2008 13:00:00,       148.251139
07/03/2008 14:00:00,       144.838284
07/03/2008 15:00:00,       141.228988
07/03/2008 16:00:00,       140.431096
07/03/2008 17:00:00,       141.495167
07/03/2008 18:00:00,       138.463211
07/03/2008 19:00:00,       140.512408
07/03/2008 20:00:00,       147.458447
07/03/2008 21:00:00,       149.020114
07/03/2008 22:00:00,       144.408115
07/03/2008 23:00:00,       137.368357
07/04/2008 00:00:00,       131.082788
07/04/2008 01:00:00,        76.332047
07/04/2008 02:00:00,        67.864454
07/04/2008 03:00:00,        61.839892
07/04/2008 04:00:00,        56.999241
07/04/2008 05:00:00,        53.453746
07/04/2008 06:00:00,        51.694812
07/04/2008 07:00:00,        49.889312
07/04/2008 08:00:00,        43.651407
07/04/2008 09:00:00,        38.805317
07/04/2008 10:00:00,        35.538349
07/04/2008 11:00:00,        33.262888
07/04/2008 12:00:00,        34.219907
07/04/2008 13:00:00,        35.266163
07/04/2008 14:00:00,        36.223018
07/04/2008 15:00:00,        38.822392
07/04/2008 16:00:00,        41.777103
07/04/2008 17:00:00,        44.357694
07/04/2008 18:00:00,        48.387873
07/04/2008 19:00:00,        51.484215
07/04/2008 20:00:00,        54.479908
07/04/2008 21:00:00,        55.979312
07/04/2008 22:00:00,        55.554459
07/04/2008 23:00:00,        56.323236
07/05/2008 00:00:00,        57.884685
07/05/2008 01:00:00,       121.965275
07/05/2008 02:00:00,       114.950799
07/05/2008 03:00:00,       107.517596
07/05/2008 04:00:00,       104.095305
07/05/2008 05:00:00,        96.661820
07/05/2008 06:00:00,        91.833918
07/05/2008 07:00:00,        86.858971
07/05/2008 08:00:00,        82.788118
07/05/2008 09:00:00,        77.876073
07/05/2008 10:00:00,        73.585402
07/05/2008 11:00:00,        68.954777
07/05/2008 12:00:00,        65.712122
07/05/2008 13:00:00,        62.206065
07/05/2008 14:00:00,        59.651801
07/05/2008 15:00:00,        59.496294
07/05/2008 16:00:00,        59.541535
07/05/2008 17:00:00,        58.228919
07/05/2008 18:00:00,        60.838196
07/05/2008 19:00:00,        64.012722
07/05/2008 20:00:00,        67.263443
07/05/2008 21:00:00,        71.324414
07/05/2008 22:00:00,        74.310652
07/05/2008 23:00:00,        76.637980
07/06/2008 00:00:00,        77.870426
07/06/2008 01:00:00,       114.816741
07/06/2008 02:00:00,       112.830333
07/06/2008 03:00:00,       109.996704
07/06/2008 04:00:00,       111.749554
07/06/2008 05:00:00,       108.795357
07/06/2008 06:00:00,       105.277527
07/06/2008 07:00:00,       102.797343
07/06/2008 08:00:00,        99.769471
07/06/2008 09:00:00,        95.190053
07/06/2008 10:00:00,        88.355958
07/06/2008 11:00:00,        81.049014
07/06/2008 12:00:00,        73.043772
07/06/2008 13:00:00,        63.689081
07/06/2008 14:00:00,        58.177339
07/06/2008 15:00:00,        54.880018
07/06/2008 16:00:00,        53.088251
07/06/2008 17:00:00,        49.124946
07/06/2008 18:00:00,        52.607377
07/06/2008 19:00:00,        53.889582
07/06/2008 20:00:00,        55.466265
07/06/2008 21:00:00,        59.226268
07/06/2008 22:00:00,        64.688468
07/06/2008 23:00:00,        68.846896
07/07/2008 00:00:00,        74.317452
07/07/2008 01:00:00,        87.219033
07/07/2008 02:00:00,        84.545480
07/07/2008 03:00:00,        84.733485
07/07/2008 04:00:00,        85.976726
07/07/2008 05:00:00,        88.042169
07/07/2008 06:00:00,        86.817885
07/07/2008 07:00:00,        84.055759
07/07/2008 08:00:00,        82.673338
07/07/2008 09:00:00,        80.842931
07/07/2008 10:00:00,        81.301850
07/07/2008 11:00:00,        81.601556
07/07/2008 12:00:00,        80.732141
07/07/2008 13:00:00,        77.364186
07/07/2008 14:00:00,        76.834044
07/07/2008 15:00:00,        79.263350
07/07/2008 16:00:00,        81.710726
07/07/2008 17:00:00,        82.764824
07/07/2008 18:00:00,        82.174098
07/07/2008 19:00:00,        85.304035
07/07/2008 20:00:00,        90.063481
07/07/2008 21:00:00,        94.567708
07/07/2008 22:00:00,        99.015777
07/07/2008 23:00:00,        97.501256
07/08/2008 00:00:00,        94.596430
07/08/2008 01:00:00,        85.426559
07/08/2008 02:00:00,        78.416342
07/08/2008 03:00:00,        73.066371
07/08/2008 04:00:00,        68.736422
07/08/2008 05:00:00,        63.803960
07/08/2008 06:00:00,        59.349398
07/08/2008 07:00:00,        55.473190
07/08/2008 08:00:00,        48.443531
07/08/2008 09:00:00,        41.431226
07/08/2008 10:00:00,        36.484012
07/08/2008 11:00:00,        34.167176
07/08/2008 12:00:00,        33.523427
07/08/2008 13:00:00,        37.932783
07/08/2008 14:00:00,        43.681733
07/08/2008 15:00:00,        50.894813
07/08/2008 16:00:00,        57.983981
07/08/2008 17:00:00,        63.199614
07/08/2008 18:00:00,        73.722443
07/08/2008 19:00:00,        78.554365
07/08/2008 20:00:00,        85.299483
07/08/2008 21:00:00,        91.922191
07/08/2008 22:00:00,        97.284070
07/08/2008 23:00:00,       102.195982
07/09/2008 00:00:00,       105.443913
07/09/2008 01:00:00,       122.503827
07/09/2008 02:00:00,       117.659919
07/09/2008 03:00:00,       119.399631
07/09/2008 04:00:00,       117.794562
07/09/2008 05:00:00,       113.214961
07/09/2008 06:00:00,       107.552855
07/09/2008 07:00:00,       102.591831
07/09/2008 08:00:00,        99.714274
07/09/2008 09:00:00,        90.517986
07/09/2008 10:00:00,        94.458670
07/09/2008 11:00:00,        92.483945
07/09/2008 12:00:00,        86.448273
07/09/2008 13:00:00,        84.108420
07/09/2008 14:00:00,        78.373976
07/09/2008 15:00:00,        75.459568
07/09/2008 16:00:00,        68.130640
07/09/2008 17:00:00,        64.255874
07/09/2008 18:00:00,        62.781107
07/09/2008 19:00:00,        68.564274
07/09/2008 20:00:00,        71.532014
07/09/2008 21:00:00,        72.866675
07/09/2008 22:00:00,        75.116163
07/09/2008 23:00:00,        68.298702
07/10/2008 00:00:00,        67.908623
07/10/2008 01:00:00,        44.631605
07/10/2008 02:00:00,        51.719139
07/10/2008 03:00:00,        58.033112
07/10/2008 04:00:00,        61.990565
07/10/2008 05:00:00,        66.615378
07/10/2008 06:00:00,        69.771296
07/10/2008 07:00:00,        73.594450
07/10/2008 08:00:00,        81.237103
07/10/2008 09:00:00,        91.371044
07/10/2008 10:00:00,        95.537499
07/10/2008 11:00:00,       101.813143
07/10/2008 12:00:00,       107.682284
07/10/2008 13:00:00,       116.379138
07/10/2008 14:00:00,       121.660884
07/10/2008 15:00:00,       127.658992
07/10/2008 16:00:00,       132.450364
07/10/2008 17:00:00,       136.939878
07/10/2008 18:00:00,       141.316468
07/10/2008 19:00:00,       142.660216
07/10/2008 20:00:00,       146.012980
07/10/2008 21:00:00,       149.207649
07/10/2008 22:00:00,       148.362252
07/10/2008 23:00:00,       156.396011
07/11/2008 00:00:00,       154.900801
07/11/2008 01:00:00,       156.458626
07/11/2008 02:00:00,       151.003877
07/11/2008 03:00:00,       152.078037
07/11/2008 04:00:00,       151.611149
07/11/2008 05:00:00,       146.821993
07/11/2008 06:00:00,       141.488617
07/11/2008 07:00:00,       138.100010
07/11/2008 08:00:00,       132.948210
07/11/2008 09:00:00,       126.718200
07/11/2008 10:00:00,       121.058900
07/11/2008 11:00:00,       113.471368
07/11/2008 12:00:00,       105.518370
07/11/2008 13:00:00,        99.077202
07/11/2008 14:00:00,        93.246314
07/11/2008 15:00:00,        87.955990
07/11/2008 16:00:00,        79.153999
07/11/2008 17:00:00,        68.882938
07/11/2008 18:00:00,        61.392389
07/11/2008 19:00:00,        59.219470
07/11/2008 20:00:00,        55.735415
07/11/2008 21:00:00,        53.313824
07/11/2008 22:00:00,        51.653921
07/11/2008 23:00:00,        49.725037
07/12/2008 00:00:00,        48.021831
07/12/2008 01:00:00,        21.832048
07/12/2008 02:00:00,        20.682970
07/12/2008 03:00:00,        19.861967
07/12/2008 04:00:00,        19.109671
07/12/2008 05:00:00,        19.334900
07/12/2008 06:00:00,        19.399517
07/12/2008 07:00:00,        19.136432
07/12/2008 08:00:00,        17.569613
07/12/2008 09:00:00,        15.502192
07/12/2008 10:00:00,        13.947512
07/12/2008 11:00:00,        12.157686
07/12/2008 12:00:00,        10.710627
07/12/2008 13:00:00,         9.206321
07/12/2008 14:00:00,         7.586290
07/12/2008 15:00:00,         6.590622
07/12/2008 16:00:00,         6.535358
07/12/2008 17:00:00,         6.428080
07/12/2008 18:00:00,         6.985899
07/12/2008 19:00:00,         7.320174
07/12/2008 20:00:00,         8.553425
07/12/2008 21:00:00,        10.123792
07/12/2008 22:00:00,        11.853671
07/12/2008 23:00:00,        13.563655
07/13/2008 00:00:00,        16.052383
07/13/2008 01:00:00,       127.202336
07/13/2008 02:00:00,       129.769022
07/13/2008 03:00:00,       131.087827
07/13/2008 04:00:00,       132.054964
07/13/2008 05:00:00,       128.858644
07/13/2008 06:00:00,       128.314644
07/13/2008 07:00:00,       128.843407
07/13/2008 08:00:00,       133.465266
07/13/2008 09:00:00,       135.610721
07/13/2008 10:00:00,       138.518278
07/13/2008 11:00:00,       134.837600
07/13/2008 12:00:00,       133.435142
07/13/2008 13:00:00,       138.427639
07/13/2008 14:00:00,       143.643429
07/13/2008 15:00:00,       148.121242
07/13/2008 16:00:00,       155.972135
07/13/2008 17:00:00,       161.224921
07/13/2008 18:00:00,       167.013839
07/13/2008 19:00:00,       172.022732
07/13/2008 20:00:00,       177.144088
07/13/2008 21:00:00,       181.528424
07/13/2008 22:00:00,       184.597225
07/13/2008 23:00:00,       185.849158
07/14/2008 00:00:00,       187.673502
07/14/2008 01:00:00,       178.298296
07/14/2008 02:00:00,       176.553505
07/14/2008 03:00:00,       166.355686
07/14/2008 04:00:00,       154.585233
07/14/2008 05:00:00,       143.506822
07/14/2008 06:00:00,       134.488249
07/14/2008 07:00:00,       127.829883
07/14/2008 08:00:00,       116.904380
07/14/2008 09:00:00,       108.928434
07/14/2008 10:00:00,       100.711282
07/14/2008 11:00:00,        95.149841
07/14/2008 12:00:00,        89.300981
07/14/2008 13:00:00,        84.382540
07/14/2008 14:00:00,        81.292103
07/14/2008 15:00:00,        78.873295
07/14/2008 16:00:00,        81.515352
07/14/2008 17:00:00,        85.534556
07/14/2008 18:00:00,        88.757993
07/14/2008 19:00:00,        91.104768
07/14/2008 20:00:00,        96.065408
07/14/2008 21:00:00,       100.643211
07/14/2008 22:00:00,       105.081229
07/14/2008 23:00:00,       107.735537
07/15/2008 00:00:00,       104.261771
07/15/2008 01:00:00,        70.359450
07/15/2008 02:00:00,        67.433904
07/15/2008 03:00:00,        65.688171
07/15/2008 04:00:00,        65.475226
07/15/2008 05:00:00,        60.408250
07/15/2008 06:00:00,        61.359436
07/15/2008 07:00:00,        59.071894
07/15/2008 08:00:00,        55.417419
07/15/2008 09:00:00,        51.275905
07/15/2008 10:00:00,        48.914215
07/15/2008 11:00:00,        45.053125
07/15/2008 12:00:00,        44.638839
07/15/2008 13:00:00,        44.987339
07/15/2008 14:00:00,        42.092442
07/15/2008 15:00:00,        42.089661
07/15/2008 16:00:00,        43.386635
07/15/2008 17:00:00,        43.782488
07/15/2008 18:00:00,        46.730364
07/15/2008 19:00:00,        47.458413
07/15/2008 20:00:00,        49.063388
07/15/2008 21:00:00,        51.969214
07/15/2008 22:00:00,        53.496585
07/15/2008 23:00:00,        57.029015
07/16/2008 00:00:00,        57.571934
07/16/2008 01:00:00,        71.040040
07/16/2008 02:00:00,        67.623240
07/16/2008 03:00:00,        64.337344
07/16/2008 04:00:00,        62.163974
07/16/2008 05:00:00,        60.327602
07/16/2008 06:00:00,        58.034832
07/16/2008 07:00:00,        58.119065
07/16/2008 08:00:00,        54.499385
07/16/2008 09:00:00,        52.313531
07/16/2008 10:00:00,        52.083527
07/16/2008 11:00:00,        53.182118
07/16/2008 12:00:00,        56.914011
07/16/2008 13:00:00,        58.425682
07/16/2008 14:00:00,        59.142899
07/16/2008 15:00:00,        59.189306
07/16/2008 16:00:00,        60.395022
07/16/2008 17:00:00,        62.055207
07/16/2008 18:00:00,        67.313732
07/16/2008 19:00:00,        70.619160
07/16/2008 20:00:00,        70.790004
07/16/2008 21:00:00,        76.482099
07/16/2008 22:00:00,        77.373116
07/16/2008 23:00:00,        75.424693
07/17/2008 00:00:00,        75.858670
07/17/2008 01:00:00,        34.889703
07/17/2008 02:00:00,        35.662808
07/17/2008 03:00:00,        38.323071
07/17/2008 04:00:00,        39.041543
07/17/2008 05:00:00,        38.879457
07/17/2008 06:00:00,        36.796028
07/17/2008 07:00:00,        35.214394
07/17/2008 08:00:00,        32.322487
07/17/2008 09:00:00,        31.210131
07/17/2008 10:00:00,        33.713581
07/17/2008 11:00:00,        34.549696
07/17/2008 12:00:00,        35.443748
07/17/2008 13:00:00,        33.927943
07/17/2008 14:00:00,        30.661419
07/17/2008 15:00:00,        28.356987
07/17/2008 16:00:00,        25.457041
07/17/2008 17:00:00,        23.418153
07/17/2008 18:00:00,        23.536594
07/17/2008 19:00:00,        24.353838
07/17/2008 20:00:00,        25.068808
07/17/2008 21:00:00,        26.018203
07/17/2008 22:00:00,        26.339572
07/17/2008 23:00:00,        25.813248
07/18/2008 00:00:00,        24.638467
07/18/2008 01:00:00,         6.955755
07/18/2008 02:00:00,         8.504208
07/18/2008 03:00:00,         9.401538
07/18/2008 04:00:00,        10.428493
07/18/2008 05:00:00,         9.926315
07/18/2008 06:00:00,         9.078430
07/18/2008 07:00:00,         8.583306
07/18/2008 08:00:00,         8.513631
07/18/2008 09:00:00,        10.075806
07/18/2008 10:00:00,        12.221509
07/18/2008 11:00:00,        14.248302
07/18/2008 12:00:00,        11.172357
07/18/2008 13:00:00,        10.800662
07/18/2008 14:00:00,        11.057478
07/18/2008 15:00:00,        10.219736
07/18/2008 16:00:00,        14.913801
07/18/2008 17:00:00,        13.097718
07/18/2008 18:00:00,        13.016151
07/18/2008 19:00:00,        15.530228
07/18/2008 20:00:00,        14.704792
07/18/2008 21:00:00,        15.550634
07/18/2008 22:00:00,        15.873842
07/18/2008 23:00:00,        17.017008
07/19/2008 00:00:00,        19.361130
07/19/2008 01:00:00,         2.210703
07/19/2008 02:00:00,         3.184566
07/19/2008 03:00:00,         3.590969
07/19/2008 04:00:00,         4.094478
07/19/2008 05:00:00,         8.131412
07/19/2008 06:00:00,         8.646781
07/19/2008 07:00:00,         7.836001
07/19/2008 08:00:00,         8.466258
07/19/2008 09:00:00,         8.878853
07/19/2008 10:00:00,         9.318062
07/19/2008 11:00:00,         9.753636
07/19/2008 12:00:00,        10.303632
07/19/2008 13:00:00,        10.618842
07/19/2008 14:00:00,         9.903762
07/19/2008 15:00:00,         9.469946
07/19/2008 16:00:00,         9.846027
07/19/2008 17:00:00,        10.078802
07/19/2008 18:00:00,         8.062130
07/19/2008 19:00:00,         7.574166
07/19/2008 20:00:00,         8.329481
07/19/2008 21:00:00,         8.797639
07/19/2008 22:00:00,         8.716639
07/19/2008 23:00:00,        11.156309
07/20/2008 00:00:00,        12.715894
07/20/2008 01:00:00,        18.917251
07/20/2008 02:00:00,        19.093262
07/20/2008 03:00:00,        16.980763
07/20/2008 04:00:00,        17.285560
07/20/2008 05:00:00,        15.868188
07/20/2008 06:00:00,        14.062266
07/20/2008 07:00:00,        13.348402
07/20/2008 08:00:00,        11.921169
07/20/2008 09:00:00,        11.016814
07/20/2008 10:00:00,         9.348682
07/20/2008 11:00:00,         7.956868
07/20/2008 12:00:00,         6.472189
07/20/2008 13:00:00,         5.071041
07/20/2008 14:00:00,         3.972434
07/20/2008 15:00:00,         3.244789
07/20/2008 16:00:00,         2.681582
07/20/2008 17:00:00,         2.063593
07/20/2008 18:00:00,         1.497535
07/20/2008 19:00:00,         1.213917
07/20/2008 20:00:00,         0.882072
07/20/2008 21:00:00,         0.675285
07/20/2008 22:00:00,         0.486935
07/20/2008 23:00:00,         0.475832
07/21/2008 00:00:00,         0.486765
07/21/2008 01:00:00,         5.922601
07/21/2008 02:00:00,         6.925293
07/21/2008 03:00:00,         6.815697
07/21/2008 04:00:00,         7.476089
07/21/2008 05:00:00,         9.691554
07/21/2008 06:00:00,        10.461567
07/21/2008 07:00:00,        10.911644
07/21/2008 08:00:00,        11.813377
07/21/2008 09:00:00,        13.019989
07/21/2008 10:00:00,        13.791714
07/21/2008 11:00:00,        16.334695
07/21/2008 12:00:00,        16.798626
07/21/2008 13:00:00,        17.212376
07/21/2008 14:00:00,        17.699442
07/21/2008 15:00:00,        20.075256
07/21/2008 16:00:00,        24.358020
07/21/2008 17:00:00,        25.151093
07/21/2008 18:00:00,        24.774860
07/21/2008 19:00:00,        24.540983
07/21/2008 20:00:00,        25.191972
07/21/2008 21:00:00,        26.032060
07/21/2008 22:00:00,        27.347293
07/21/2008 23:00:00,        30.650337
07/22/2008 00:00:00,        27.956553
07/22/2008 01:00:00,        28.015324
07/22/2008 02:00:00,        27.589064
07/22/2008 03:00:00,        30.230209
07/22/2008 04:00:00,        32.332641
07/22/2008 05:00:00,        33.847194
07/22/2008 06:00:00,        33.655599
07/22/2008 07:00:00,        32.315006
07/22/2008 08:00:00,        32.178273
07/22/2008 09:00:00,        34.021153
07/22/2008 10:00:00,        34.277547
07/22/2008 11:00:00,        33.103673
07/22/2008 12:00:00,        31.080596
07/22/2008 13:00:00,        28.820725
07/22/2008 14:00:00,        28.076841
07/22/2008 15:00:00,        27.101694
07/22/2008 16:00:00,        24.430958
07/22/2008 17:00:00,        20.518264
07/22/2008 18:00:00,        17.509054
07/22/2008 19:00:00,        17.587047
07/22/2008 20:00:00,        17.128105
07/22/2008 21:00:00,        17.855073
07/22/2008 22:00:00,        17.480570
07/22/2008 23:00:00,        16.837963
07/23/2008 00:00:00,        18.608724
07/23/2008 01:00:00,        83.754528
07/23/2008 02:00:00,        80.871374
07/23/2008 03:00:00,        79.119017
07/23/2008 04:00:00,        77.799717
07/23/2008 05:00:00,        74.668387
07/23/2008 06:00:00,        72.369474
07/23/2008 07:00:00,        72.105209
07/23/2008 08:00:00,        72.082830
07/23/2008 09:00:00,        66.720590
07/23/2008 10:00:00,        62.683654
07/23/2008 11:00:00,        58.648643
07/23/2008 12:00:00,        52.608799
07/23/2008 13:00:00,        48.206963
07/23/2008 14:00:00,        44.736280
07/23/2008 15:00:00,        44.279341
07/23/2008 16:00:00,        43.302252
07/23/2008 17:00:00,        43.766880
07/23/2008 18:00:00,        46.290793
07/23/2008 19:00:00,        47.926711
07/23/2008 20:00:00,        49.461399
07/23/2008 21:00:00,        52.301301
07/23/2008 22:00:00,        55.821030
07/23/2008 23:00:00,        59.347994
07/24/2008 00:00:00,        62.013299
07/24/2008 01:00:00,        92.434766
07/24/2008 02:00:00,        90.018623
07/24/2008 03:00:00,        88.217396
07/24/2008 04:00:00,        87.327441
07/24/2008 05:00:00,        90.408281
07/24/2008 06:00:00,        91.366440
07/24/2008 07:00:00,        90.989583
07/24/2008 08:00:00,        90.041071
07/24/2008 09:00:00,        88.307100
07/24/2008 10:00:00,        93.780389
07/24/2008 11:00:00,        98.152709
07/24/2008 12:00:00,       104.017446
07/24/2008 13:00:00,       110.900863
07/24/2008 14:00:00,       118.947123
07/24/2008 15:00:00,       132.660081
07/24/2008 16:00:00,       143.720152
07/24/2008 17:00:00,       144.597667
07/24/2008 18:00:00,       142.758665
07/24/2008 19:00:00,       146.064693
07/24/2008 20:00:00,       151.248685
07/24/2008 21:00:00,       153.234181
07/24/2008 22:00:00,       155.525723
07/24/2008 23:00:00,       151.268388
07/25/2008 00:00:00,       148.278897
07/25/2008 01:00:00,       137.451176
07/25/2008 02:00:00,       130.697237
07/25/2008 03:00:00,       124.001706
07/25/2008 04:00:00,       119.158710
07/25/2008 05:00:00,       114.390197
07/25/2008 06:00:00,       106.462960
07/25/2008 07:00:00,       104.171418
07/25/2008 08:00:00,       100.672712
07/25/2008 09:00:00,        94.549412
07/25/2008 10:00:00,        91.548579
07/25/2008 11:00:00,        93.288247
07/25/2008 12:00:00,        90.541734
07/25/2008 13:00:00,        79.791472
07/25/2008 14:00:00,        77.343596
07/25/2008 15:00:00,        75.581788
07/25/2008 16:00:00,        73.889587
07/25/2008 17:00:00,        72.280389
07/25/2008 18:00:00,        69.695207
07/25/2008 19:00:00,        68.782142
07/25/2008 20:00:00,        68.619450
07/25/2008 21:00:00,        77.618033
07/25/2008 22:00:00,        70.054720
07/25/2008 23:00:00,        69.813150
07/26/2008 00:00:00,        68.948992
07/26/2008 01:00:00,        85.263007
07/26/2008 02:00:00,        76.274599
07/26/2008 03:00:00,        71.110771
07/26/2008 04:00:00,        70.069999
07/26/2008 05:00:00,        70.047819
07/26/2008 06:00:00,        64.026128
07/26/2008 07:00:00,        61.386869
07/26/2008 08:00:00,        57.544304
07/26/2008 09:00:00,        55.662486
07/26/2008 10:00:00,        53.937379
07/26/2008 11:00:00,        52.609950
07/26/2008 12:00:00,        52.535318
07/26/2008 13:00:00,        53.857295
07/26/2008 14:00:00,        56.703237
07/26/2008 15:00:00,        57.890101
07/26/2008 16:00:00,        68.374357
07/26/2008 17:00:00,        76.525870
07/26/2008 18:00:00,        86.524880
07/26/2008 19:00:00,        90.333732
07/26/2008 20:00:00,        96.842639
07/26/2008 21:00:00,       103.196746
07/26/2008 22:00:00,       109.278632
07/26/2008 23:00:00,       114.933103
07/27/2008 00:00:00,       120.496125
07/27/2008 01:00:00,       110.128859
07/27/2008 02:00:00,       102.782047
07/27/2008 03:00:00,       105.789377
07/27/2008 04:00:00,       105.937921
07/27/2008 05:00:00,       111.268285
07/27/2008 06:00:00,       110.004960
07/27/2008 07:00:00,       106.633401
07/27/2008 08:00:00,       103.135637
07/27/2008 09:00:00,       100.514495
07/27/2008 10:00:00,       100.969897
07/27/2008 11:00:00,       100.698932
07/27/2008 12:00:00,       100.812063
07/27/2008 13:00:00,       100.405249
07/27/2008 14:00:00,        95.733685
07/27/2008 15:00:00,        95.480145
07/27/2008 16:00:00,        92.574982
07/27/2008 17:00:00,        87.112129
07/27/2008 18:00:00,        80.466315
07/27/2008 19:00:00,        78.565695
07/27/2008 20:00:00,        81.334013
07/27/2008 21:00:00,        80.714556
07/27/2008 22:00:00,        82.232104
07/27/2008 23:00:00,        80.821597
07/28/2008 00:00:00,        71.832582
07/28/2008 01:00:00,        38.030756
07/28/2008 02:00:00,        37.707104
07/28/2008 03:00:00,        33.339925
07/28/2008 04:00:00,        29.584444
07/28/2008 05:00:00,        28.052039
07/28/2008 06:00:00,        24.629372
07/28/2008 07:00:00,        22.983006
07/28/2008 08:00:00,        19.098611
07/28/2008 09:00:00,        17.284318
07/28/2008 10:00:00,        15.817461
07/28/2008 11:00:00,        15.542733
07/28/2008 12:00:00,        16.594860
07/28/2008 13:00:00,        17.648452
07/28/2008 14:00:00,        18.236172
07/28/2008 15:00:00,        22.102067
07/28/2008 16:00:00,        29.727810
07/28/2008 17:00:00,        36.969356
07/28/2008 18:00:00,        47.530359
07/28/2008 19:00:00,        52.214894
07/28/2008 20:00:00,        55.968479
07/28/2008 21:00:00,        60.686529
07/28/2008 22:00:00,        66.128507
07/28/2008 23:00:00,        69.299999
07/29/2008 00:00:00,        79.004472
07/29/2008 01:00:00,        66.908291
07/29/2008 02:00:00,        67.741401
07/29/2008 03:00:00,        63.979077
07/29/2008 04:00:00,        60.640316
07/29/2008 05:00:00,        60.342826
07/29/2008 06:00:00,        56.951750
07/29/2008 07:00:00,        56.160983
07/29/2008 08:00:00,        53.683854
07/29/2008 09:00:00,        54.806508
07/29/2008 10:00:00,        57.058964
07/29/2008 11:00:00,        58.037071
07/29/2008 12:00:00,        61.085699
07/29/2008 13:00:00,        64.944290
07/29/2008 14:00:00,        68.021336
07/29/2008 15:00:00,        73.090600
07/29/2008 16:00:00,        82.461712
07/29/2008 17:00:00,        87.029161
07/29/2008 18:00:00,        95.896364
07/29/2008 19:00:00,       100.194632
07/29/2008 20:00:00,       103.681522
07/29/2008 21:00:00,       107.091048
07/29/2008 22:00:00,       114.548926
07/29/2008 23:00:00,       114.557470
07/30/2008 00:00:00,       119.393978
07/30/2008 01:00:00,        80.207925
07/30/2008 02:00:00,        77.004718
07/30/2008 03:00:00,        75.138513
07/30/2008 04:00:00,        74.768366
07/30/2008 05:00:00,        75.721102
07/30/2008 06:00:00,        76.654872
07/30/2008 07:00:00,        74.719056
07/30/2008 08:00:00,        69.509585
07/30/2008 09:00:00,        63.820180
07/30/2008 10:00:00,        57.839348
07/30/2008 11:00:00,        53.674519
07/30/2008 12:00:00,        50.196932
07/30/2008 13:00:00,        48.950868
07/30/2008 14:00:00,        45.910145
07/30/2008 15:00:00,        42.296734
07/30/2008 16:00:00,        38.309991
07/30/2008 17:00:00,        32.893119
07/30/2008 18:00:00,        28.147054
07/30/2008 19:00:00,        24.730963
07/30/2008 20:00:00,        21.591873
07/30/2008 21:00:00,        19.022615
07/30/2008 22:00:00,        16.469580
07/30/2008 23:00:00,        14.424327
07/31/2008 00:00:00,        13.280161
07/31/2008 01:00:00,         3.407850
07/31/2008 02:00:00,         3.928801
07/31/2008 03:00:00,         5.038366
07/31/2008 04:00:00,         7.536238
07/31/2008 05:00:00,         9.921464
07/31/2008 06:00:00,        11.155591
07/31/2008 07:00:00,        11.563008
07/31/2008 08:00:00,        11.230529
07/31/2008 09:00:00,        12.528563
07/31/2008 10:00:00,        13.133821
07/31/2008 11:00:00,        13.644370
07/31/2008 12:00:00,        16.438836
07/31/2008 13:00:00,        15.559504
07/31/2008 14:00:00,        15.058757
07/31/2008 15:00:00,        14.988509
07/31/2008 16:00:00,        15.495779
07/31/2008 17:00:00,        14.594885
07/31/2008 18:00:00,        14.403371
07/31/2008 19:00:00,        13.852745
07/31/2008 20:00:00,        13.821940
07/31/2008 21:00:00,        13.788620
07/31/2008 22:00:00,        13.468865
07/31/2008 23:00:00,        15.094226
08/01/2008 00:00:00,        37.889354
08/01/2008 01:00:00,        36.455339
08/01/2008 02:00:00,        34.133803
08/01/2008 03:00:00,        32.383929
08/01/2008 04:00:00,        30.697308
08/01/2008 05:00:00,        29.368047
08/01/2008 06:00:00,        23.528618
08/01/2008 07:00:00,        19.773761
08/01/2008 08:00:00,        16.497051
08/01/2008 09:00:00,        13.897825
08/01/2008 10:00:00,        13.093659
08/01/2008 11:00:00,         9.982088
08/01/2008 12:00:00,         7.446747
08/01/2008 13:00:00,         6.916444
08/01/2008 14:00:00,         6.232620
08/01/2008 15:00:00,         5.797193
08/01/2008 16:00:00,         6.434098
08/01/2008 17:00:00,         7.841599
08/01/2008 18:00:00,         8.539016
08/01/2008 19:00:00,         9.316042
08/01/2008 20:00:00,         9.267482
08/01/2008 21:00:00,         9.565172
08/01/2008 22:00:00,         9.916124
08/01/2008 23:00:00,         9.384401
08/02/2008 00:00:00,        11.721292
08/02/2008 01:00:00,        22.393682
08/02/2008 02:00:00,        21.746028
08/02/2008 03:00:00,        19.622194
08/02/2008 04:00:00,        18.353384
08/02/2008 05:00:00,        17.729552
08/02/2008 06:00:00,        16.195644
08/02/2008 07:00:00,        14.926496
08/02/2008 08:00:00,        12.824242
08/02/2008 09:00:00,        10.942725
08/02/2008 10:00:00,        11.718865
08/02/2008 11:00:00,        13.609045
08/02/2008 12:00:00,        13.780706
08/02/2008 13:00:00,        14.320733
08/02/2008 14:00:00,        14.147454
08/02/2008 15:00:00,        14.475258
08/02/2008 16:00:00,        15.864175
08/02/2008 17:00:00,        16.201314
08/02/2008 18:00:00,        18.085441
08/02/2008 19:00:00,        19.027222
08/02/2008 20:00:00,        21.774261
08/02/2008 21:00:00,        22.561443
08/02/2008 22:00:00,        24.929411
08/02/2008 23:00:00,        24.605188
08/03/2008 00:00:00,        22.489825
08/03/2008 01:00:00,        13.239016
08/03/2008 02:00:00,        13.210795
08/03/2008 03:00:00,        14.174527
08/03/2008 04:00:00,        14.382090
08/03/2008 05:00:00,        14.838181
08/03/2008 06:00:00,        16.030639
08/03/2008 07:00:00,        17.146867
08/03/2008 08:00:00,        16.594821
08/03/2008 09:00:00,        16.618655
08/03/2008 10:00:00,        17.599659
08/03/2008 11:00:00,        16.146191
08/03/2008 12:00:00,        15.906771
08/03/2008 13:00:00,        13.383844
08/03/2008 14:00:00,        14.102355
08/03/2008 15:00:00,        15.204007
08/03/2008 16:00:00,        13.988372
08/03/2008 17:00:00,        13.914919
08/03/2008 18:00:00,        13.722706
08/03/2008 19:00:00,        12.753758
08/03/2008 20:00:00,        13.094642
08/03/2008 21:00:00,        13.927606
08/03/2008 22:00:00,        16.988083
08/03/2008 23:00:00,        15.805829
08/04/2008 00:00:00,        17.718745
08/04/2008 01:00:00,        17.373205
08/04/2008 02:00:00,        16.034503
08/04/2008 03:00:00,        18.389612
08/04/2008 04:00:00,        19.339245
08/04/2008 05:00:00,        19.507800
08/04/2008 06:00:00,        20.337685
08/04/2008 07:00:00,        20.250655
08/04/2008 08:00:00,        21.835750
08/04/2008 09:00:00,        22.157442
08/04/2008 10:00:00,        21.188290
08/04/2008 11:00:00,        21.277175
08/04/2008 12:00:00,        22.354670
08/04/2008 13:00:00,        22.854712
08/04/2008 14:00:00,        24.946907
08/04/2008 15:00:00,        30.393783
08/04/2008 16:00:00,        33.195935
08/04/2008 17:00:00,        37.674352
08/04/2008 18:00:00,        43.022090
08/04/2008 19:00:00,        44.843599
08/04/2008 20:00:00,        46.113443
08/04/2008 21:00:00,        47.629270
08/04/2008 22:00:00,        49.401078
08/04/2008 23:00:00,        53.021401
08/05/2008 00:00:00,        55.530087
08/05/2008 01:00:00,       103.661418
08/05/2008 02:00:00,        99.785717
08/05/2008 03:00:00,        94.195498
08/05/2008 04:00:00,        89.843595
08/05/2008 05:00:00,        85.102273
08/05/2008 06:00:00,        80.025510
08/05/2008 07:00:00,        74.958452
08/05/2008 08:00:00,        68.965190
08/05/2008 09:00:00,        59.756636
08/05/2008 10:00:00,        51.010715
08/05/2008 11:00:00,        43.017163
08/05/2008 12:00:00,        35.888826
08/05/2008 13:00:00,        28.791298
08/05/2008 14:00:00,        22.469501
08/05/2008 15:00:00,        17.930802
08/05/2008 16:00:00,        13.827719
08/05/2008 17:00:00,        10.133874
08/05/2008 18:00:00,         8.093992
08/05/2008 19:00:00,         6.272634
08/05/2008 20:00:00,         5.186924
08/05/2008 21:00:00,         4.554684
08/05/2008 22:00:00,         3.736600
08/05/2008 23:00:00,         3.748745
08/06/2008 00:00:00,         3.825880
08/06/2008 01:00:00,        33.675585
08/06/2008 02:00:00,        33.859424
08/06/2008 03:00:00,        35.258058
08/06/2008 04:00:00,        36.415668
08/06/2008 05:00:00,        36.692814
08/06/2008 06:00:00,        35.969829
08/06/2008 07:00:00,        35.397205
08/06/2008 08:00:00,        35.951454
08/06/2008 09:00:00,        36.357328
08/06/2008 10:00:00,        38.876038
08/06/2008 11:00:00,        41.047325
08/06/2008 12:00:00,        40.539400
08/06/2008 13:00:00,        40.655216
08/06/2008 14:00:00,        41.160390
08/06/2008 15:00:00,        41.147159
08/06/2008 16:00:00,        41.507927
08/06/2008 17:00:00,        42.671966
08/06/2008 18:00:00,        44.382304
08/06/2008 19:00:00,        45.389164
08/06/2008 20:00:00,        47.170955
08/06/2008 21:00:00,        48.655537
08/06/2008 22:00:00,        48.740063
08/06/2008 23:00:00,        46.285656
08/07/2008 00:00:00,        42.495798
08/07/2008 01:00:00,        65.846081
08/07/2008 02:00:00,        66.219687
08/07/2008 03:00:00,        65.406865
08/07/2008 04:00:00,        63.907242
08/07/2008 05:00:00,        63.722227
08/07/2008 06:00:00,        61.451458
08/07/2008 07:00:00,        59.544225
08/07/2008 08:00:00,        57.840700
08/07/2008 09:00:00,        54.128465
08/07/2008 10:00:00,        50.118188
08/07/2008 11:00:00,        47.693709
08/07/2008 12:00:00,        47.718157
08/07/2008 13:00:00,        45.256232
08/07/2008 14:00:00,        40.121894
08/07/2008 15:00:00,        36.307967
08/07/2008 16:00:00,        36.164796
08/07/2008 17:00:00,        37.674582
08/07/2008 18:00:00,        37.757845
08/07/2008 19:00:00,        37.286003
08/07/2008 20:00:00,        36.857601
08/07/2008 21:00:00,        39.510777
08/07/2008 22:00:00,        43.120612
08/07/2008 23:00:00,        45.898736
08/08/2008 00:00:00,        47.522313
08/08/2008 01:00:00,        36.767926
08/08/2008 02:00:00,        35.537795
08/08/2008 03:00:00,        35.158973
08/08/2008 04:00:00,        33.137309
08/08/2008 05:00:00,        32.031257
08/08/2008 06:00:00,        29.969007
08/08/2008 07:00:00,        27.974440
08/08/2008 08:00:00,        25.728653
08/08/2008 09:00:00,        24.646544
08/08/2008 10:00:00,        23.619228
08/08/2008 11:00:00,        23.426476
08/08/2008 12:00:00,        25.003580
08/08/2008 13:00:00,        26.026165
08/08/2008 14:00:00,        27.198974
08/08/2008 15:00:00,        29.554965
08/08/2008 16:00:00,        31.847608
08/08/2008 17:00:00,        32.299597
08/08/2008 18:00:00,        32.947006
08/08/2008 19:00:00,        34.867759
08/08/2008 20:00:00,        37.151986
08/08/2008 21:00:00,        38.243984
08/08/2008 22:00:00,        38.459668
08/08/2008 23:00:00,        39.245207
08/09/2008 00:00:00,        39.410341
08/09/2008 01:00:00,         8.401410
08/09/2008 02:00:00,         7.410064
08/09/2008 03:00:00,         6.474059
08/09/2008 04:00:00,         5.210542
08/09/2008 05:00:00,         4.239852
08/09/2008 06:00:00,         3.636995
08/09/2008 07:00:00,         2.768068
08/09/2008 08:00:00,         1.447777
08/09/2008 09:00:00,         0.777528
08/09/2008 10:00:00,         0.871817
08/09/2008 11:00:00,         2.230439
08/09/2008 12:00:00,         4.519177
08/09/2008 13:00:00,         7.669151
08/09/2008 14:00:00,        10.917725
08/09/2008 15:00:00,        16.643204
08/09/2008 16:00:00,        18.527319
08/09/2008 17:00:00,        21.965728
08/09/2008 18:00:00,        24.166921
08/09/2008 19:00:00,        26.210245
08/09/2008 20:00:00,        29.052915
08/09/2008 21:00:00,        31.380968
08/09/2008 22:00:00,        34.745887
08/09/2008 23:00:00,        38.523863
08/10/2008 00:00:00,        41.198198
08/10/2008 01:00:00,         2.981482
08/10/2008 02:00:00,         2.632990
08/10/2008 03:00:00,         2.335698
08/10/2008 04:00:00,         2.113348
08/10/2008 05:00:00,         1.960974
08/10/2008 06:00:00,         1.857160
08/10/2008 07:00:00,         1.726984
08/10/2008 08:00:00,         1.683912
08/10/2008 09:00:00,         1.652472
08/10/2008 10:00:00,         1.539962
08/10/2008 11:00:00,         1.258363
08/10/2008 12:00:00,         0.489157
08/10/2008 13:00:00,         0.550718
08/10/2008 14:00:00,         0.381006
08/10/2008 15:00:00,         0.374212
08/10/2008 16:00:00,         0.418757
08/10/2008 17:00:00,         0.765989
08/10/2008 18:00:00,         0.878918
08/10/2008 19:00:00,         0.845355
08/10/2008 20:00:00,         0.962570
08/10/2008 21:00:00,         1.216446
08/10/2008 22:00:00,         1.030480
08/10/2008 23:00:00,         1.268346
08/11/2008 00:00:00,         0.989794
08/11/2008 01:00:00,        12.173557
08/11/2008 02:00:00,         8.323931
08/11/2008 03:00:00,         7.646345
08/11/2008 04:00:00,         7.075914
08/11/2008 05:00:00,         6.584037
08/11/2008 06:00:00,         5.760706
08/11/2008 07:00:00,         5.281819
08/11/2008 08:00:00,         4.054769
08/11/2008 09:00:00,         3.880237
08/11/2008 10:00:00,         2.721349
08/11/2008 11:00:00,         2.326316
08/11/2008 12:00:00,         1.707320
08/11/2008 13:00:00,         1.807452
08/11/2008 14:00:00,         1.820613
08/11/2008 15:00:00,         2.796567
08/11/2008 16:00:00,         3.140811
08/11/2008 17:00:00,         3.155862
08/11/2008 18:00:00,         3.070061
08/11/2008 19:00:00,         3.359150
08/11/2008 20:00:00,         3.758788
08/11/2008 21:00:00,         3.863107
08/11/2008 22:00:00,         4.249261
08/11/2008 23:00:00,         6.406482
08/12/2008 00:00:00,         5.024222
08/12/2008 01:00:00,         1.220255
08/12/2008 02:00:00,         1.092554
08/12/2008 03:00:00,         1.007122
08/12/2008 04:00:00,         0.922995
08/12/2008 05:00:00,         0.548649
08/12/2008 06:00:00,         0.487278
08/12/2008 07:00:00,         0.486943
08/12/2008 08:00:00,         0.394977
08/12/2008 09:00:00,         0.238130
08/12/2008 10:00:00,         0.323174
08/12/2008 11:00:00,         0.336491
08/12/2008 12:00:00,         0.318155
08/12/2008 13:00:00,         0.321493
08/12/2008 14:00:00,         0.573151
08/12/2008 15:00:00,         4.594236
08/12/2008 16:00:00,         5.379147
08/12/2008 17:00:00,         5.142680
08/12/2008 18:00:00,         5.509608
08/12/2008 19:00:00,         6.432330
08/12/2008 20:00:00,         7.014102
08/12/2008 21:00:00,         7.590852
08/12/2008 22:00:00,         8.445185
08/12/2008 23:00:00,         9.695555
08/13/2008 00:00:00,        11.326720
08/13/2008 01:00:00,        16.133416
08/13/2008 02:00:00,        20.505216
08/13/2008 03:00:00,        20.154230
08/13/2008 04:00:00,        22.299482
08/13/2008 05:00:00,        24.909972
08/13/2008 06:00:00,        27.703371
08/13/2008 07:00:00,        29.497818
08/13/2008 08:00:00,        29.121690
08/13/2008 09:00:00,        31.945738
08/13/2008 10:00:00,        31.384870
08/13/2008 11:00:00,        32.342410
08/13/2008 12:00:00,        33.934829
08/13/2008 13:00:00,        34.762268
08/13/2008 14:00:00,        33.995539
08/13/2008 15:00:00,        34.098606
08/13/2008 16:00:00,        34.214163
08/13/2008 17:00:00,        33.228866
08/13/2008 18:00:00,        34.606692
08/13/2008 19:00:00,        33.589849
08/13/2008 20:00:00,        33.283980
08/13/2008 21:00:00,        33.390532
08/13/2008 22:00:00,        34.523321
08/13/2008 23:00:00,        36.245192
08/14/2008 00:00:00,        38.470426
08/14/2008 01:00:00,        14.945166
08/14/2008 02:00:00,        13.609316
08/14/2008 03:00:00,        13.768312
08/14/2008 04:00:00,        13.966715
08/14/2008 05:00:00,        11.496897
08/14/2008 06:00:00,        11.134953
08/14/2008 07:00:00,        14.727472
08/14/2008 08:00:00,        11.729860
08/14/2008 09:00:00,         8.725448
08/14/2008 10:00:00,         7.282361
08/14/2008 11:00:00,         6.413800
08/14/2008 12:00:00,         5.874284
08/14/2008 13:00:00,         4.489238
08/14/2008 14:00:00,         3.410009
08/14/2008 15:00:00,         3.180537
08/14/2008 16:00:00,         3.218065
08/14/2008 17:00:00,         3.388473
08/14/2008 18:00:00,         4.428519
08/14/2008 19:00:00,         3.434393
08/14/2008 20:00:00,         3.649437
08/14/2008 21:00:00,         3.931619
08/14/2008 22:00:00,         4.175866
08/14/2008 23:00:00,         4.738297
08/15/2008 00:00:00,         5.308106
08/15/2008 01:00:00,         4.035397
08/15/2008 02:00:00,         3.760370
08/15/2008 03:00:00,         3.919224
08/15/2008 04:00:00,         4.297050
08/15/2008 05:00:00,         4.479573
08/15/2008 06:00:00,         4.944530
08/15/2008 07:00:00,         4.860602
08/15/2008 08:00:00,         5.021150
08/15/2008 09:00:00,         4.980109
08/15/2008 10:00:00,         3.128683
08/15/2008 11:00:00,         3.136985
08/15/2008 12:00:00,         3.497165
08/15/2008 13:00:00,         4.024184
08/15/2008 14:00:00,         3.743490
08/15/2008 15:00:00,         2.992713
08/15/2008 16:00:00,         3.087724
08/15/2008 17:00:00,         3.197094
08/15/2008 18:00:00,         3.346611
08/15/2008 19:00:00,         3.797881
08/15/2008 20:00:00,         4.735607
08/15/2008 21:00:00,         4.797459
08/15/2008 22:00:00,         5.437876
08/15/2008 23:00:00,         5.698880
08/16/2008 00:00:00,         5.853930
08/16/2008 01:00:00,        11.084765
08/16/2008 02:00:00,        11.570751
08/16/2008 03:00:00,        12.551357
08/16/2008 04:00:00,        13.114597
08/16/2008 05:00:00,        12.970652
08/16/2008 06:00:00,        13.222631
08/16/2008 07:00:00,        13.489836
08/16/2008 08:00:00,        14.268184
08/16/2008 09:00:00,        14.859343
08/16/2008 10:00:00,        16.034361
08/16/2008 11:00:00,        16.803378
08/16/2008 12:00:00,        16.187040
08/16/2008 13:00:00,        18.297712
08/16/2008 14:00:00,        18.252659
08/16/2008 15:00:00,        19.179788
08/16/2008 16:00:00,        19.011711
08/16/2008 17:00:00,        20.385306
08/16/2008 18:00:00,        22.137119
08/16/2008 19:00:00,        24.596932
08/16/2008 20:00:00,        27.843219
08/16/2008 21:00:00,        28.578176
08/16/2008 22:00:00,        31.892995
08/16/2008 23:00:00,        34.292739
08/17/2008 00:00:00,        37.042531
08/17/2008 01:00:00,        98.707017
08/17/2008 02:00:00,       108.015024
08/17/2008 03:00:00,       118.715069
08/17/2008 04:00:00,       122.757056
08/17/2008 05:00:00,       125.424367
08/17/2008 06:00:00,       125.720625
08/17/2008 07:00:00,       122.907174
08/17/2008 08:00:00,       123.071292
08/17/2008 09:00:00,       120.768438
08/17/2008 10:00:00,       119.389354
08/17/2008 11:00:00,       119.845364
08/17/2008 12:00:00,       116.613317
08/17/2008 13:00:00,       117.814876
08/17/2008 14:00:00,       113.808586
08/17/2008 15:00:00,       108.589321
08/17/2008 16:00:00,       102.547503
08/17/2008 17:00:00,        98.463249
08/17/2008 18:00:00,        96.237998
08/17/2008 19:00:00,        96.603484
08/17/2008 20:00:00,        97.429135
08/17/2008 21:00:00,       100.079188
08/17/2008 22:00:00,       104.445605
08/17/2008 23:00:00,       106.643491
08/18/2008 00:00:00,       104.327386
08/18/2008 01:00:00,        49.532141
08/18/2008 02:00:00,        50.544813
08/18/2008 03:00:00,        50.773337
08/18/2008 04:00:00,        50.657852
08/18/2008 05:00:00,        51.939555
08/18/2008 06:00:00,        52.057534
08/18/2008 07:00:00,        51.040659
08/18/2008 08:00:00,        51.615224
08/18/2008 09:00:00,        55.637850
08/18/2008 10:00:00,        60.611700
08/18/2008 11:00:00,        66.271928
08/18/2008 12:00:00,        74.471438
08/18/2008 13:00:00,        84.085807
08/18/2008 14:00:00,        90.238540
08/18/2008 15:00:00,       100.122078
08/18/2008 16:00:00,       112.918375
08/18/2008 17:00:00,       120.196025
08/18/2008 18:00:00,       122.138160
08/18/2008 19:00:00,       125.963065
08/18/2008 20:00:00,       132.154883
08/18/2008 21:00:00,       137.153437
08/18/2008 22:00:00,       142.668001
08/18/2008 23:00:00,       146.248864
08/19/2008 00:00:00,       150.275731
08/19/2008 01:00:00,        95.277459
08/19/2008 02:00:00,        88.093086
08/19/2008 03:00:00,        82.224828
08/19/2008 04:00:00,        75.313909
08/19/2008 05:00:00,        76.176338
08/19/2008 06:00:00,        71.587694
08/19/2008 07:00:00,        72.212525
08/19/2008 08:00:00,        71.738727
08/19/2008 09:00:00,        71.739926
08/19/2008 10:00:00,        77.228556
08/19/2008 11:00:00,        83.528862
08/19/2008 12:00:00,        90.195917
08/19/2008 13:00:00,        95.716478
08/19/2008 14:00:00,       103.706680
08/19/2008 15:00:00,       114.622669
08/19/2008 16:00:00,       124.602719
08/19/2008 17:00:00,       133.778843
08/19/2008 18:00:00,       144.620021
08/19/2008 19:00:00,       154.894912
08/19/2008 20:00:00,       163.970575
08/19/2008 21:00:00,       169.714310
08/19/2008 22:00:00,       176.741671
08/19/2008 23:00:00,       183.180946
08/20/2008 00:00:00,       186.747484
08/20/2008 01:00:00,       133.634350
08/20/2008 02:00:00,       132.939422
08/20/2008 03:00:00,       133.091471
08/20/2008 04:00:00,       133.153944
08/20/2008 05:00:00,       131.937444
08/20/2008 06:00:00,       128.361913
08/20/2008 07:00:00,       126.292977
08/20/2008 08:00:00,       118.795720
08/20/2008 09:00:00,       117.058689
08/20/2008 10:00:00,       114.735584
08/20/2008 11:00:00,       116.996637
08/20/2008 12:00:00,       120.734658
08/20/2008 13:00:00,       124.065205
08/20/2008 14:00:00,       125.665777
08/20/2008 15:00:00,       126.054117
08/20/2008 16:00:00,       128.137322
08/20/2008 17:00:00,       128.765232
08/20/2008 18:00:00,       134.041691
08/20/2008 19:00:00,       139.883637
08/20/2008 20:00:00,       145.084979
08/20/2008 21:00:00,       151.668784
08/20/2008 22:00:00,       155.174099
08/20/2008 23:00:00,       155.217790
08/21/2008 00:00:00,       154.222697
08/21/2008 01:00:00,       106.875869
08/21/2008 02:00:00,       103.474237
08/21/2008 03:00:00,        99.952738
08/21/2008 04:00:00,        98.475110
08/21/2008 05:00:00,        99.257447
08/21/2008 06:00:00,        96.955178
08/21/2008 07:00:00,        94.204971
08/21/2008 08:00:00,        89.792892
08/21/2008 09:00:00,        84.746838
08/21/2008 10:00:00,        81.645719
08/21/2008 11:00:00,        79.662447
08/21/2008 12:00:00,        78.020024
08/21/2008 13:00:00,        75.350995
08/21/2008 14:00:00,        71.302135
08/21/2008 15:00:00,        69.124141
08/21/2008 16:00:00,        68.306015
08/21/2008 17:00:00,        69.762831
08/21/2008 18:00:00,        70.854868
08/21/2008 19:00:00,        70.562367
08/21/2008 20:00:00,        70.686410
08/21/2008 21:00:00,        72.780955
08/21/2008 22:00:00,        75.399381
08/21/2008 23:00:00,        78.267674
08/22/2008 00:00:00,        81.447119
08/22/2008 01:00:00,       125.318409
08/22/2008 02:00:00,       122.947341
08/22/2008 03:00:00,       122.781883
08/22/2008 04:00:00,       122.909361
08/22/2008 05:00:00,       121.563393
08/22/2008 06:00:00,       118.440588
08/22/2008 07:00:00,       113.453407
08/22/2008 08:00:00,       105.275991
08/22/2008 09:00:00,        96.705872
08/22/2008 10:00:00,        88.498852
08/22/2008 11:00:00,        78.908834
08/22/2008 12:00:00,        68.108174
08/22/2008 13:00:00,        57.180219
08/22/2008 14:00:00,        46.617819
08/22/2008 15:00:00,        38.644707
08/22/2008 16:00:00,        30.511325
08/22/2008 17:00:00,        23.697203
08/22/2008 18:00:00,        18.773399
08/22/2008 19:00:00,        16.210155
08/22/2008 20:00:00,        15.849222
08/22/2008 21:00:00,        16.514565
08/22/2008 22:00:00,        17.867657
08/22/2008 23:00:00,        18.075356
08/23/2008 00:00:00,        18.968143
08/23/2008 01:00:00,        45.808361
08/23/2008 02:00:00,        47.533436
08/23/2008 03:00:00,        49.235008
08/23/2008 04:00:00,        51.063484
08/23/2008 05:00:00,        53.945594
08/23/2008 06:00:00,        55.766817
08/23/2008 07:00:00,        56.261603
08/23/2008 08:00:00,        56.616293
08/23/2008 09:00:00,        55.830585
08/23/2008 10:00:00,        53.821867
08/23/2008 11:00:00,        51.996268
08/23/2008 12:00:00,        50.516910
08/23/2008 13:00:00,        48.477210
08/23/2008 14:00:00,        45.297524
08/23/2008 15:00:00,        40.989691
08/23/2008 16:00:00,        37.874045
08/23/2008 17:00:00,        36.537144
08/23/2008 18:00:00,        36.114455
08/23/2008 19:00:00,        34.923983
08/23/2008 20:00:00,        35.730862
08/23/2008 21:00:00,        38.562360
08/23/2008 22:00:00,        41.484746
08/23/2008 23:00:00,        44.808524
08/24/2008 00:00:00,        47.921772
08/24/2008 01:00:00,        89.338248
08/24/2008 02:00:00,        97.428563
08/24/2008 03:00:00,       104.478767
08/24/2008 04:00:00,       110.079654
08/24/2008 05:00:00,       113.116403
08/24/2008 06:00:00,       113.166964
08/24/2008 07:00:00,       110.562817
08/24/2008 08:00:00,       108.989753
08/24/2008 09:00:00,       106.285021
08/24/2008 10:00:00,       105.160653
08/24/2008 11:00:00,       102.574566
08/24/2008 12:00:00,        94.997311
08/24/2008 13:00:00,        86.859013
08/24/2008 14:00:00,        76.989025
08/24/2008 15:00:00,        69.782301
08/24/2008 16:00:00,        64.590070
08/24/2008 17:00:00,        60.721129
08/24/2008 18:00:00,        62.007408
08/24/2008 19:00:00,        60.675464
08/24/2008 20:00:00,        62.445139
08/24/2008 21:00:00,        67.724178
08/24/2008 22:00:00,        73.311327
08/24/2008 23:00:00,        78.510773
08/25/2008 00:00:00,        82.687965
08/25/2008 01:00:00,        91.420715
08/25/2008 02:00:00,        86.317922
08/25/2008 03:00:00,        86.061764
08/25/2008 04:00:00,        84.890747
08/25/2008 05:00:00,        84.498254
08/25/2008 06:00:00,        81.524980
08/25/2008 07:00:00,        79.000895
08/25/2008 08:00:00,        80.080233
08/25/2008 09:00:00,        75.350935
08/25/2008 10:00:00,        76.931623
08/25/2008 11:00:00,        77.333709
08/25/2008 12:00:00,        78.876786
08/25/2008 13:00:00,        81.959210
08/25/2008 14:00:00,        86.934444
08/25/2008 15:00:00,        91.342202
08/25/2008 16:00:00,        96.684602
08/25/2008 17:00:00,       104.340140
08/25/2008 18:00:00,       110.501492
08/25/2008 19:00:00,       115.006970
08/25/2008 20:00:00,       122.977301
08/25/2008 21:00:00,       126.100153
08/25/2008 22:00:00,       129.609650
08/25/2008 23:00:00,       131.877804
08/26/2008 00:00:00,       132.586475
08/26/2008 01:00:00,        57.762987
08/26/2008 02:00:00,        53.918375
08/26/2008 03:00:00,        50.182204
08/26/2008 04:00:00,        48.828944
08/26/2008 05:00:00,        46.545849
08/26/2008 06:00:00,        43.446163
08/26/2008 07:00:00,        42.894042
08/26/2008 08:00:00,        41.155946
08/26/2008 09:00:00,        45.062514
08/26/2008 10:00:00,        48.815888
08/26/2008 11:00:00,        49.708488
08/26/2008 12:00:00,        48.740590
08/26/2008 13:00:00,        48.015370
08/26/2008 14:00:00,        48.916407
08/26/2008 15:00:00,        49.669044
08/26/2008 16:00:00,        49.561876
08/26/2008 17:00:00,        48.859487
08/26/2008 18:00:00,        49.313514
08/26/2008 19:00:00,        52.032359
08/26/2008 20:00:00,        53.273688
08/26/2008 21:00:00,        54.574455
08/26/2008 22:00:00,        54.549077
08/26/2008 23:00:00,        51.770874
08/27/2008 00:00:00,        49.261589
08/27/2008 01:00:00,        23.493434
08/27/2008 02:00:00,        24.422303
08/27/2008 03:00:00,        26.131272
08/27/2008 04:00:00,        27.817168
08/27/2008 05:00:00,        27.927096
08/27/2008 06:00:00,        27.614207
08/27/2008 07:00:00,        27.114823
08/27/2008 08:00:00,        26.754761
08/27/2008 09:00:00,        25.143315
08/27/2008 10:00:00,        22.718773
08/27/2008 11:00:00,        20.015082
08/27/2008 12:00:00,        18.283759
08/27/2008 13:00:00,        16.249321
08/27/2008 14:00:00,        12.167454
08/27/2008 15:00:00,         9.272770
08/27/2008 16:00:00,         7.119020
08/27/2008 17:00:00,         6.719908
08/27/2008 18:00:00,         7.023496
08/27/2008 19:00:00,         7.088367
08/27/2008 20:00:00,         7.850613
08/27/2008 21:00:00,         8.935189
08/27/2008 22:00:00,        10.075391
08/27/2008 23:00:00,        11.295326
08/28/2008 00:00:00,        12.985168
08/28/2008 01:00:00,         8.717231
08/28/2008 02:00:00,        10.318016
08/28/2008 03:00:00,        11.079971
08/28/2008 04:00:00,        11.151306
08/28/2008 05:00:00,        11.731683
08/28/2008 06:00:00,        11.972610
08/28/2008 07:00:00,        11.925197
08/28/2008 08:00:00,        11.267450
08/28/2008 09:00:00,        10.551458
08/28/2008 10:00:00,        10.343576
08/28/2008 11:00:00,         8.854887
08/28/2008 12:00:00,         8.323976
08/28/2008 13:00:00,         7.465010
08/28/2008 14:00:00,         6.705687
08/28/2008 15:00:00,         5.735089
08/28/2008 16:00:00,         5.404292
08/28/2008 17:00:00,         6.325578
08/28/2008 18:00:00,         8.856746
08/28/2008 19:00:00,         9.786498
08/28/2008 20:00:00,        10.879889
08/28/2008 21:00:00,        12.057900
08/28/2008 22:00:00,        13.463206
08/28/2008 23:00:00,        14.911369
08/29/2008 00:00:00,        15.585758
08/29/2008 01:00:00,        44.578959
08/29/2008 02:00:00,        40.412722
08/29/2008 03:00:00,        37.138362
08/29/2008 04:00:00,        34.705603
08/29/2008 05:00:00,        31.650344
08/29/2008 06:00:00,        29.035659
08/29/2008 07:00:00,        26.586092
08/29/2008 08:00:00,        19.325536
08/29/2008 09:00:00,        14.138141
08/29/2008 10:00:00,         9.106544
08/29/2008 11:00:00,         6.363214
08/29/2008 12:00:00,         4.381099
08/29/2008 13:00:00,         3.049426
08/29/2008 14:00:00,         2.143341
08/29/2008 15:00:00,         1.508275
08/29/2008 16:00:00,         0.800283
08/29/2008 17:00:00,         0.313921
08/29/2008 18:00:00,         0.129884
08/29/2008 19:00:00,         0.062692
08/29/2008 20:00:00,         0.042868
08/29/2008 21:00:00,         0.046218
08/29/2008 22:00:00,         0.036681
08/29/2008 23:00:00,         0.110453
08/30/2008 00:00:00,         0.603367
08/30/2008 01:00:00,         5.668147
08/30/2008 02:00:00,         8.904047
08/30/2008 03:00:00,        11.214113
08/30/2008 04:00:00,        14.770611
08/30/2008 05:00:00,        17.219676
08/30/2008 06:00:00,        18.735974
08/30/2008 07:00:00,        20.870010
08/30/2008 08:00:00,        22.983398
08/30/2008 09:00:00,        25.702124
08/30/2008 10:00:00,        29.001509
08/30/2008 11:00:00,        33.195458
08/30/2008 12:00:00,        35.236274
08/30/2008 13:00:00,        35.258768
08/30/2008 14:00:00,        33.167516
08/30/2008 15:00:00,        33.264516
08/30/2008 16:00:00,        40.518094
08/30/2008 17:00:00,        40.928979
08/30/2008 18:00:00,        44.260592
08/30/2008 19:00:00,        45.700241
08/30/2008 20:00:00,        48.002898
08/30/2008 21:00:00,        52.040901
08/30/2008 22:00:00,        56.034096
08/30/2008 23:00:00,        60.723324
08/31/2008 00:00:00,        62.520035
08/31/2008 01:00:00,        85.592283
08/31/2008 02:00:00,        88.996104
08/31/2008 03:00:00,        93.593087
08/31/2008 04:00:00,        99.736281
08/31/2008 05:00:00,       104.735847
08/31/2008 06:00:00,       108.918767
08/31/2008 07:00:00,       109.460985
08/31/2008 08:00:00,       111.829924
08/31/2008 09:00:00,       114.212265
08/31/2008 10:00:00,       116.657815
08/31/2008 11:00:00,       116.383086
08/31/2008 12:00:00,       116.733363
08/31/2008 13:00:00,       119.014064
08/31/2008 14:00:00,       119.219862
08/31/2008 15:00:00,       114.347879
08/31/2008 16:00:00,       113.131584
08/31/2008 17:00:00,       113.026315
08/31/2008 18:00:00,       111.282926
08/31/2008 19:00:00,       108.911133
08/31/2008 20:00:00,       111.081631
08/31/2008 21:00:00,       111.698257
08/31/2008 22:00:00,       109.623001
08/31/2008 23:00:00,       105.909969
09/01/2008 00:00:00,       115.184037
09/01/2008 01:00:00,       115.166509
09/01/2008 02:00:00,       114.085681
09/01/2008 03:00:00,       114.684892
09/01/2008 04:00:00,       117.030860
09/01/2008 05:00:00,       120.036485
09/01/2008 06:00:00,       121.247241
09/01/2008 07:00:00,       122.963228
09/01/2008 08:00:00,       124.943501
09/01/2008 09:00:00,       125.107647
09/01/2008 10:00:00,       124.650947
09/01/2008 11:00:00,       126.339077
09/01/2008 12:00:00,       127.697486
09/01/2008 13:00:00,       124.430718
09/01/2008 14:00:00,       117.523036
09/01/2008 15:00:00,       110.227594
09/01/2008 16:00:00,       103.433237
09/01/2008 17:00:00,        97.490240
09/01/2008 18:00:00,        88.419775
09/01/2008 19:00:00,        83.617007
09/01/2008 20:00:00,        80.621248
09/01/2008 21:00:00,        76.702777
09/01/2008 22:00:00,        70.315654
09/01/2008 23:00:00,        62.493084
09/02/2008 00:00:00,        51.923322
09/02/2008 01:00:00,        61.294656
09/02/2008 02:00:00,        60.039308
09/02/2008 03:00:00,        56.742979
09/02/2008 04:00:00,        52.410913
09/02/2008 05:00:00,        48.977718
09/02/2008 06:00:00,        44.422475
09/02/2008 07:00:00,        40.017938
09/02/2008 08:00:00,        36.973811
09/02/2008 09:00:00,        33.268151
09/02/2008 10:00:00,        28.554261
09/02/2008 11:00:00,        23.172812
09/02/2008 12:00:00,        18.969865
09/02/2008 13:00:00,        15.308454
09/02/2008 14:00:00,        12.351236
09/02/2008 15:00:00,         9.741610
09/02/2008 16:00:00,         8.209556
09/02/2008 17:00:00,         6.612226
09/02/2008 18:00:00,         4.904715
09/02/2008 19:00:00,         4.717803
09/02/2008 20:00:00,         4.994539
09/02/2008 21:00:00,         5.208708
09/02/2008 22:00:00,         5.402689
09/02/2008 23:00:00,         5.565635
09/03/2008 00:00:00,         5.746045
09/03/2008 01:00:00,         4.799302
09/03/2008 02:00:00,         4.326726
09/03/2008 03:00:00,         3.945635
09/03/2008 04:00:00,         3.522607
09/03/2008 05:00:00,         3.176526
09/03/2008 06:00:00,         2.918968
09/03/2008 07:00:00,         2.715122
09/03/2008 08:00:00,         2.319814
09/03/2008 09:00:00,         2.017557
09/03/2008 10:00:00,         0.932109
09/03/2008 11:00:00,         0.424188
09/03/2008 12:00:00,         0.289197
09/03/2008 13:00:00,         0.190824
09/03/2008 14:00:00,         0.176202
09/03/2008 15:00:00,         0.126092
09/03/2008 16:00:00,         0.116092
09/03/2008 17:00:00,         0.127530
09/03/2008 18:00:00,         0.205721
09/03/2008 19:00:00,         0.249573
09/03/2008 20:00:00,         0.275955
09/03/2008 21:00:00,         0.444466
09/03/2008 22:00:00,         0.831070
09/03/2008 23:00:00,         1.591559
09/04/2008 00:00:00,         2.627443
09/04/2008 01:00:00,         9.037272
09/04/2008 02:00:00,        12.345294
09/04/2008 03:00:00,        17.331602
09/04/2008 04:00:00,        25.142389
09/04/2008 05:00:00,        32.595969
09/04/2008 06:00:00,        38.116760
09/04/2008 07:00:00,        43.454508
09/04/2008 08:00:00,        47.930178
09/04/2008 09:00:00,        55.433909
09/04/2008 10:00:00,        59.356644
09/04/2008 11:00:00,        61.881325
09/04/2008 12:00:00,        65.270082
09/04/2008 13:00:00,        69.750603
09/04/2008 14:00:00,        70.232397
09/04/2008 15:00:00,        69.082909
09/04/2008 16:00:00,        68.958307
09/04/2008 17:00:00,        64.148690
09/04/2008 18:00:00,        59.685637
09/04/2008 19:00:00,        57.734132
09/04/2008 20:00:00,        57.370155
09/04/2008 21:00:00,        56.602681
09/04/2008 22:00:00,        56.932539
09/04/2008 23:00:00,        57.677631
09/05/2008 00:00:00,        57.510710
09/05/2008 01:00:00,        60.959308
09/05/2008 02:00:00,        56.184507
09/05/2008 03:00:00,        52.958061
09/05/2008 04:00:00,        50.234131
09/05/2008 05:00:00,        48.238631
09/05/2008 06:00:00,        46.207665
09/05/2008 07:00:00,        44.050076
09/05/2008 08:00:00,        37.259515
09/05/2008 09:00:00,        33.655401
09/05/2008 10:00:00,        31.276706
09/05/2008 11:00:00,        29.480200
09/05/2008 12:00:00,        27.969004
09/05/2008 13:00:00,        29.061749
09/05/2008 14:00:00,        29.161361
09/05/2008 15:00:00,        31.836907
09/05/2008 16:00:00,        37.341741
09/05/2008 17:00:00,        46.689753
09/05/2008 18:00:00,        57.436169
09/05/2008 19:00:00,        62.554373
09/05/2008 20:00:00,        70.157565
09/05/2008 21:00:00,        78.209321
09/05/2008 22:00:00,        87.411351
09/05/2008 23:00:00,        94.624721
09/06/2008 00:00:00,       102.959677
09/06/2008 01:00:00,       198.726508
09/06/2008 02:00:00,       194.859303
09/06/2008 03:00:00,       189.414091
09/06/2008 04:00:00,       181.742599
09/06/2008 05:00:00,       174.888476
09/06/2008 06:00:00,       166.930838
09/06/2008 07:00:00,       158.759309
09/06/2008 08:00:00,       147.730923
09/06/2008 09:00:00,       134.484908
09/06/2008 10:00:00,       122.193264
09/06/2008 11:00:00,       109.062162
09/06/2008 12:00:00,        95.753381
09/06/2008 13:00:00,        81.039029
09/06/2008 14:00:00,        68.628125
09/06/2008 15:00:00,        57.353881
09/06/2008 16:00:00,        49.758836
09/06/2008 17:00:00,        45.226703
09/06/2008 18:00:00,        40.721214
09/06/2008 19:00:00,        38.639068
09/06/2008 20:00:00,        36.530670
09/06/2008 21:00:00,        35.030680
09/06/2008 22:00:00,        34.231846
09/06/2008 23:00:00,        34.061528
09/07/2008 00:00:00,        31.636801
09/07/2008 01:00:00,        21.439550
09/07/2008 02:00:00,        22.885651
09/07/2008 03:00:00,        26.082211
09/07/2008 04:00:00,        27.009033
09/07/2008 05:00:00,        32.163227
09/07/2008 06:00:00,        38.320699
09/07/2008 07:00:00,        43.221353
09/07/2008 08:00:00,        49.284946
09/07/2008 09:00:00,        52.529455
09/07/2008 10:00:00,        58.692857
09/07/2008 11:00:00,        62.298320
09/07/2008 12:00:00,        65.488670
09/07/2008 13:00:00,        65.389003
09/07/2008 14:00:00,        64.987005
09/07/2008 15:00:00,        61.640130
09/07/2008 16:00:00,        57.845218
09/07/2008 17:00:00,        60.793267
09/07/2008 18:00:00,        63.329384
09/07/2008 19:00:00,        60.068420
09/07/2008 20:00:00,        57.076294
09/07/2008 21:00:00,        54.411207
09/07/2008 22:00:00,        53.780386
09/07/2008 23:00:00,        56.316397
09/08/2008 00:00:00,        59.205640
09/08/2008 01:00:00,       135.298244
09/08/2008 02:00:00,       139.227850
09/08/2008 03:00:00,       142.498767
09/08/2008 04:00:00,       145.640399
09/08/2008 05:00:00,       145.714228
09/08/2008 06:00:00,       142.750412
09/08/2008 07:00:00,       136.013014
09/08/2008 08:00:00,       126.627802
09/08/2008 09:00:00,       119.512148
09/08/2008 10:00:00,       115.098806
09/08/2008 11:00:00,       112.146356
09/08/2008 12:00:00,       111.413139
09/08/2008 13:00:00,       108.936819
09/08/2008 14:00:00,       105.728086
09/08/2008 15:00:00,       101.587067
09/08/2008 16:00:00,        96.674625
09/08/2008 17:00:00,        94.519782
09/08/2008 18:00:00,        97.512905
09/08/2008 19:00:00,        98.633332
09/08/2008 20:00:00,       103.054521
09/08/2008 21:00:00,       108.434407
09/08/2008 22:00:00,       106.995547
09/08/2008 23:00:00,       107.552345
09/09/2008 00:00:00,       110.003319
09/09/2008 01:00:00,        89.394104
09/09/2008 02:00:00,        84.821753
09/09/2008 03:00:00,        80.082241
09/09/2008 04:00:00,        78.912097
09/09/2008 05:00:00,        74.939750
09/09/2008 06:00:00,        71.994993
09/09/2008 07:00:00,        66.980091
09/09/2008 08:00:00,        60.787552
09/09/2008 09:00:00,        55.121243
09/09/2008 10:00:00,        49.391387
09/09/2008 11:00:00,        45.775031
09/09/2008 12:00:00,        45.755958
09/09/2008 13:00:00,        44.655527
09/09/2008 14:00:00,        43.424665
09/09/2008 15:00:00,        51.177641
09/09/2008 16:00:00,        61.438003
09/09/2008 17:00:00,        72.929816
09/09/2008 18:00:00,        85.675385
09/09/2008 19:00:00,        91.686529
09/09/2008 20:00:00,        98.308099
09/09/2008 21:00:00,       105.857669
09/09/2008 22:00:00,       113.487929
09/09/2008 23:00:00,       119.671454
09/10/2008 00:00:00,       124.263859
09/10/2008 01:00:00,        96.003337
09/10/2008 02:00:00,        91.928222
09/10/2008 03:00:00,        84.837772
09/10/2008 04:00:00,        82.539963
09/10/2008 05:00:00,        79.972968
09/10/2008 06:00:00,        79.535211
09/10/2008 07:00:00,        74.808892
09/10/2008 08:00:00,        62.831072
09/10/2008 09:00:00,        59.706158
09/10/2008 10:00:00,        54.152990
09/10/2008 11:00:00,        50.748141
09/10/2008 12:00:00,        46.446313
09/10/2008 13:00:00,        41.641557
09/10/2008 14:00:00,        36.690578
09/10/2008 15:00:00,        35.248424
09/10/2008 16:00:00,        34.474791
09/10/2008 17:00:00,        33.901821
09/10/2008 18:00:00,        35.800541
09/10/2008 19:00:00,        36.606070
09/10/2008 20:00:00,        36.693491
09/10/2008 21:00:00,        39.006371
09/10/2008 22:00:00,        40.540732
09/10/2008 23:00:00,        42.494302
09/11/2008 00:00:00,        44.104735
09/11/2008 01:00:00,        37.239374
09/11/2008 02:00:00,        38.211027
09/11/2008 03:00:00,        39.187989
09/11/2008 04:00:00,        38.166321
09/11/2008 05:00:00,        37.778690
09/11/2008 06:00:00,        37.654430
09/11/2008 07:00:00,        36.718138
09/11/2008 08:00:00,        31.998995
09/11/2008 09:00:00,        29.791287
09/11/2008 10:00:00,        30.079276
09/11/2008 11:00:00,        31.012234
09/11/2008 12:00:00,        32.106271
09/11/2008 13:00:00,        33.205882
09/11/2008 14:00:00,        32.416033
09/11/2008 15:00:00,        30.719948
09/11/2008 16:00:00,        29.789192
09/11/2008 17:00:00,        31.339105
09/11/2008 18:00:00,        33.332027
09/11/2008 19:00:00,        33.961907
09/11/2008 20:00:00,        35.526496
09/11/2008 21:00:00,        37.702419
09/11/2008 22:00:00,        41.516005
09/11/2008 23:00:00,        44.144152
09/12/2008 00:00:00,        46.163228
09/12/2008 01:00:00,        35.035556
09/12/2008 02:00:00,        34.779390
09/12/2008 03:00:00,        34.445447
09/12/2008 04:00:00,        35.007336
09/12/2008 05:00:00,        36.280176
09/12/2008 06:00:00,        37.168016
09/12/2008 07:00:00,        36.414074
09/12/2008 08:00:00,        33.605139
09/12/2008 09:00:00,        31.064012
09/12/2008 10:00:00,        30.084732
09/12/2008 11:00:00,        30.926978
09/12/2008 12:00:00,        34.840971
09/12/2008 13:00:00,        40.191612
09/12/2008 14:00:00,        43.164677
09/12/2008 15:00:00,        46.159566
09/12/2008 16:00:00,        47.972018
09/12/2008 17:00:00,        51.593877
09/12/2008 18:00:00,        52.503437
09/12/2008 19:00:00,        53.711815
09/12/2008 20:00:00,        56.968724
09/12/2008 21:00:00,        62.539196
09/12/2008 22:00:00,        67.182658
09/12/2008 23:00:00,        70.964679
09/13/2008 00:00:00,        72.115958
09/13/2008 01:00:00,         8.238187
09/13/2008 02:00:00,         7.489585
09/13/2008 03:00:00,         6.116465
09/13/2008 04:00:00,         5.080966
09/13/2008 05:00:00,         4.198039
09/13/2008 06:00:00,         3.612640
09/13/2008 07:00:00,         3.266716
09/13/2008 08:00:00,         2.063219
09/13/2008 09:00:00,         1.330482
09/13/2008 10:00:00,         1.028202
09/13/2008 11:00:00,         0.738268
09/13/2008 12:00:00,         0.534218
09/13/2008 13:00:00,         0.434362
09/13/2008 14:00:00,         0.348169
09/13/2008 15:00:00,         0.301685
09/13/2008 16:00:00,         0.221769
09/13/2008 17:00:00,         0.138421
09/13/2008 18:00:00,         0.102069
09/13/2008 19:00:00,         0.079018
09/13/2008 20:00:00,         0.083001
09/13/2008 21:00:00,         0.091849
09/13/2008 22:00:00,         0.149776
09/13/2008 23:00:00,         0.351633
09/14/2008 00:00:00,         0.761757
09/14/2008 01:00:00,         5.269587
09/14/2008 02:00:00,        10.278617
09/14/2008 03:00:00,        15.313894
09/14/2008 04:00:00,        19.561800
09/14/2008 05:00:00,        22.943288
09/14/2008 06:00:00,        26.515917
09/14/2008 07:00:00,        29.870145
09/14/2008 08:00:00,        35.346863
09/14/2008 09:00:00,        43.468427
09/14/2008 10:00:00,        52.466115
09/14/2008 11:00:00,        61.880192
09/14/2008 12:00:00,        72.043033
09/14/2008 13:00:00,        80.491085
09/14/2008 14:00:00,        91.243461
09/14/2008 15:00:00,       100.700484
09/14/2008 16:00:00,       108.568346
09/14/2008 17:00:00,       118.755001
09/14/2008 18:00:00,       128.995820
09/14/2008 19:00:00,       136.918166
09/14/2008 20:00:00,       144.147402
09/14/2008 21:00:00,       150.630168
09/14/2008 22:00:00,       152.519298
09/14/2008 23:00:00,       154.727386
09/15/2008 00:00:00,       156.839886
09/15/2008 01:00:00,       160.219453
09/15/2008 02:00:00,       164.198910
09/15/2008 03:00:00,       168.184796
09/15/2008 04:00:00,       172.244032
09/15/2008 05:00:00,       173.385919
09/15/2008 06:00:00,       177.937392
09/15/2008 07:00:00,       179.834110
09/15/2008 08:00:00,       189.032820
09/15/2008 09:00:00,       199.774296
09/15/2008 10:00:00,       201.280887
09/15/2008 11:00:00,       204.599340
09/15/2008 12:00:00,       208.085913
09/15/2008 13:00:00,       209.571089
09/15/2008 14:00:00,       210.543012
09/15/2008 15:00:00,       210.573104
09/15/2008 16:00:00,       210.708848
09/15/2008 17:00:00,       208.508404
09/15/2008 18:00:00,       202.146739
09/15/2008 19:00:00,       199.225570
09/15/2008 20:00:00,       196.007005
09/15/2008 21:00:00,       190.929269
09/15/2008 22:00:00,       187.189954
09/15/2008 23:00:00,       182.148443
09/16/2008 00:00:00,       177.065986
09/16/2008 01:00:00,        60.455943
09/16/2008 02:00:00,        56.441622
09/16/2008 03:00:00,        53.953878
09/16/2008 04:00:00,        50.412905
09/16/2008 05:00:00,        46.454209
09/16/2008 06:00:00,        41.567987
09/16/2008 07:00:00,        37.014892
09/16/2008 08:00:00,        28.423616
09/16/2008 09:00:00,        21.137050
09/16/2008 10:00:00,        16.079886
09/16/2008 11:00:00,        13.607749
09/16/2008 12:00:00,        12.173165
09/16/2008 13:00:00,        10.627805
09/16/2008 14:00:00,         8.770742
09/16/2008 15:00:00,         6.425018
09/16/2008 16:00:00,         4.168416
09/16/2008 17:00:00,         2.965030
09/16/2008 18:00:00,         2.468267
09/16/2008 19:00:00,         2.891868
09/16/2008 20:00:00,         3.963504
09/16/2008 21:00:00,         5.379789
09/16/2008 22:00:00,         7.210345
09/16/2008 23:00:00,         9.124142
09/17/2008 00:00:00,        11.821616
09/17/2008 01:00:00,       106.656363
09/17/2008 02:00:00,       108.929526
09/17/2008 03:00:00,       111.399013
09/17/2008 04:00:00,       114.897696
09/17/2008 05:00:00,       120.229801
09/17/2008 06:00:00,       122.661127
09/17/2008 07:00:00,       123.587072
09/17/2008 08:00:00,       128.810799
09/17/2008 09:00:00,       133.102098
09/17/2008 10:00:00,       136.428185
09/17/2008 11:00:00,       138.600888
09/17/2008 12:00:00,       138.951715
09/17/2008 13:00:00,       138.447197
09/17/2008 14:00:00,       138.673235
09/17/2008 15:00:00,       135.396532
09/17/2008 16:00:00,       131.901231
09/17/2008 17:00:00,       131.936736
09/17/2008 18:00:00,       131.716986
09/17/2008 19:00:00,       129.614654
09/17/2008 20:00:00,       130.838109
09/17/2008 21:00:00,       132.142797
09/17/2008 22:00:00,       132.996634
09/17/2008 23:00:00,       127.395931
09/18/2008 00:00:00,       125.417783
09/18/2008 01:00:00,        63.508832
09/18/2008 02:00:00,        61.904516
09/18/2008 03:00:00,        64.883271
09/18/2008 04:00:00,        70.138365
09/18/2008 05:00:00,        76.203130
09/18/2008 06:00:00,        74.818773
09/18/2008 07:00:00,        72.945448
09/18/2008 08:00:00,        71.809852
09/18/2008 09:00:00,        70.227417
09/18/2008 10:00:00,        69.255373
09/18/2008 11:00:00,        70.047703
09/18/2008 12:00:00,        68.911064
09/18/2008 13:00:00,        70.112314
09/18/2008 14:00:00,        69.727059
09/18/2008 15:00:00,        68.380949
09/18/2008 16:00:00,        66.160688
09/18/2008 17:00:00,        63.787488
09/18/2008 18:00:00,        59.060224
09/18/2008 19:00:00,        55.170220
09/18/2008 20:00:00,        53.840655
09/18/2008 21:00:00,        54.777634
09/18/2008 22:00:00,        58.515774
09/18/2008 23:00:00,        62.237471
09/19/2008 00:00:00,        65.035984
09/19/2008 01:00:00,        12.012877
09/19/2008 02:00:00,        10.942369
09/19/2008 03:00:00,         9.020280
09/19/2008 04:00:00,         7.695566
09/19/2008 05:00:00,         6.877622
09/19/2008 06:00:00,         6.826597
09/19/2008 07:00:00,         6.812945
09/19/2008 08:00:00,         4.120141
09/19/2008 09:00:00,         5.158052
09/19/2008 10:00:00,         7.163157
09/19/2008 11:00:00,         9.987434
09/19/2008 12:00:00,        13.583204
09/19/2008 13:00:00,        19.334702
09/19/2008 14:00:00,        25.748713
09/19/2008 15:00:00,        30.450438
09/19/2008 16:00:00,        39.120437
09/19/2008 17:00:00,        49.882653
09/19/2008 18:00:00,        63.355433
09/19/2008 19:00:00,        69.034088
09/19/2008 20:00:00,        76.115739
09/19/2008 21:00:00,        84.416371
09/19/2008 22:00:00,        91.948902
09/19/2008 23:00:00,       101.084411
09/20/2008 00:00:00,       110.748129
09/20/2008 01:00:00,       188.818516
09/20/2008 02:00:00,       191.920620
09/20/2008 03:00:00,       196.413206
09/20/2008 04:00:00,       199.910155
09/20/2008 05:00:00,       203.213288
09/20/2008 06:00:00,       204.727774
09/20/2008 07:00:00,       202.396575
09/20/2008 08:00:00,       199.153094
09/20/2008 09:00:00,       191.822162
09/20/2008 10:00:00,       184.679721
09/20/2008 11:00:00,       178.532161
09/20/2008 12:00:00,       173.783029
09/20/2008 13:00:00,       168.132517
09/20/2008 14:00:00,       161.204095
09/20/2008 15:00:00,       151.839891
09/20/2008 16:00:00,       143.200794
09/20/2008 17:00:00,       139.237350
09/20/2008 18:00:00,       135.329699
09/20/2008 19:00:00,       130.758471
09/20/2008 20:00:00,       129.046459
09/20/2008 21:00:00,       131.153588
09/20/2008 22:00:00,       134.771439
09/20/2008 23:00:00,       137.317417
09/21/2008 00:00:00,       137.096098
09/21/2008 01:00:00,       112.485949
09/21/2008 02:00:00,       108.033086
09/21/2008 03:00:00,       103.301380
09/21/2008 04:00:00,        98.365399
09/21/2008 05:00:00,        91.869032
09/21/2008 06:00:00,        87.240149
09/21/2008 07:00:00,        83.045867
09/21/2008 08:00:00,        71.675667
09/21/2008 09:00:00,        60.209887
09/21/2008 10:00:00,        50.794218
09/21/2008 11:00:00,        45.119820
09/21/2008 12:00:00,        39.194010
09/21/2008 13:00:00,        35.989675
09/21/2008 14:00:00,        34.385706
09/21/2008 15:00:00,        29.912204
09/21/2008 16:00:00,        24.938923
09/21/2008 17:00:00,        20.631023
09/21/2008 18:00:00,        17.325960
09/21/2008 19:00:00,        14.409682
09/21/2008 20:00:00,        11.847081
09/21/2008 21:00:00,        10.247052
09/21/2008 22:00:00,         9.332686
09/21/2008 23:00:00,         8.800964
09/22/2008 00:00:00,         8.700581
09/22/2008 01:00:00,        15.712121
09/22/2008 02:00:00,        15.465789
09/22/2008 03:00:00,        15.035184
09/22/2008 04:00:00,        15.211277
09/22/2008 05:00:00,        15.362794
09/22/2008 06:00:00,        14.820221
09/22/2008 07:00:00,        14.130205
09/22/2008 08:00:00,        13.736993
09/22/2008 09:00:00,        13.132579
09/22/2008 10:00:00,        11.135077
09/22/2008 11:00:00,         8.677553
09/22/2008 12:00:00,         6.780949
09/22/2008 13:00:00,         5.391738
09/22/2008 14:00:00,         4.180432
09/22/2008 15:00:00,         2.955401
09/22/2008 16:00:00,         2.535977
09/22/2008 17:00:00,         2.341952
09/22/2008 18:00:00,         3.672252
09/22/2008 19:00:00,         3.781272
09/22/2008 20:00:00,         4.108731
09/22/2008 21:00:00,         4.569572
09/22/2008 22:00:00,         5.262861
09/22/2008 23:00:00,         6.194714
09/23/2008 00:00:00,         7.435032
09/23/2008 01:00:00,        16.293207
09/23/2008 02:00:00,        14.553866
09/23/2008 03:00:00,        13.290357
09/23/2008 04:00:00,        12.334364
09/23/2008 05:00:00,        11.960851
09/23/2008 06:00:00,        12.208876
09/23/2008 07:00:00,        12.760852
09/23/2008 08:00:00,         9.739127
09/23/2008 09:00:00,         6.948165
09/23/2008 10:00:00,         6.295258
09/23/2008 11:00:00,         7.043971
09/23/2008 12:00:00,         8.666971
09/23/2008 13:00:00,        11.166362
09/23/2008 14:00:00,        14.704436
09/23/2008 15:00:00,        18.190704
09/23/2008 16:00:00,        20.812234
09/23/2008 17:00:00,        26.122725
09/23/2008 18:00:00,        31.046299
09/23/2008 19:00:00,        34.753905
09/23/2008 20:00:00,        38.703496
09/23/2008 21:00:00,        42.906417
09/23/2008 22:00:00,        48.334015
09/23/2008 23:00:00,        54.142177
09/24/2008 00:00:00,        59.315461
09/24/2008 01:00:00,        63.780261
09/24/2008 02:00:00,        62.962597
09/24/2008 03:00:00,        61.793667
09/24/2008 04:00:00,        59.674869
09/24/2008 05:00:00,        57.913780
09/24/2008 06:00:00,        56.118576
09/24/2008 07:00:00,        53.086035
09/24/2008 08:00:00,        47.486761
09/24/2008 09:00:00,        41.870512
09/24/2008 10:00:00,        35.888234
09/24/2008 11:00:00,        30.446729
09/24/2008 12:00:00,        25.004802
09/24/2008 13:00:00,        20.852808
09/24/2008 14:00:00,        15.959666
09/24/2008 15:00:00,        12.299374
09/24/2008 16:00:00,        10.306080
09/24/2008 17:00:00,         9.874840
09/24/2008 18:00:00,        11.460393
09/24/2008 19:00:00,        12.145242
09/24/2008 20:00:00,        13.832029
09/24/2008 21:00:00,        16.702659
09/24/2008 22:00:00,        20.349869
09/24/2008 23:00:00,        23.431399
09/25/2008 00:00:00,        27.384185
09/25/2008 01:00:00,        75.605938
09/25/2008 02:00:00,        79.733509
09/25/2008 03:00:00,        83.699017
09/25/2008 04:00:00,        87.282417
09/25/2008 05:00:00,        92.138897
09/25/2008 06:00:00,        96.991656
09/25/2008 07:00:00,        99.531356
09/25/2008 08:00:00,       101.279711
09/25/2008 09:00:00,        98.634127
09/25/2008 10:00:00,        94.790648
09/25/2008 11:00:00,        92.237695
09/25/2008 12:00:00,        88.508063
09/25/2008 13:00:00,        83.196352
09/25/2008 14:00:00,        76.615719
09/25/2008 15:00:00,        68.218435
09/25/2008 16:00:00,        59.885824
09/25/2008 17:00:00,        55.413316
09/25/2008 18:00:00,        48.341693
09/25/2008 19:00:00,        42.219372
09/25/2008 20:00:00,        37.211519
09/25/2008 21:00:00,        34.411671
09/25/2008 22:00:00,        33.837438
09/25/2008 23:00:00,        33.240839
09/26/2008 00:00:00,        32.690556
09/26/2008 01:00:00,        79.933923
09/26/2008 02:00:00,        75.199237
09/26/2008 03:00:00,        72.352938
09/26/2008 04:00:00,        69.403842
09/26/2008 05:00:00,        66.052428
09/26/2008 06:00:00,        62.852253
09/26/2008 07:00:00,        59.970652
09/26/2008 08:00:00,        55.833460
09/26/2008 09:00:00,        49.547955
09/26/2008 10:00:00,        42.005084
09/26/2008 11:00:00,        35.575958
09/26/2008 12:00:00,        28.637265
09/26/2008 13:00:00,        22.723480
09/26/2008 14:00:00,        19.082334
09/26/2008 15:00:00,        14.898045
09/26/2008 16:00:00,        10.773688
09/26/2008 17:00:00,        11.865219
09/26/2008 18:00:00,        18.030607
09/26/2008 19:00:00,        19.294647
09/26/2008 20:00:00,        19.851721
09/26/2008 21:00:00,        21.641627
09/26/2008 22:00:00,        23.943646
09/26/2008 23:00:00,        26.560475
09/27/2008 00:00:00,        30.316048
09/27/2008 01:00:00,        44.034945
09/27/2008 02:00:00,        44.519227
09/27/2008 03:00:00,        47.469026
09/27/2008 04:00:00,        48.712525
09/27/2008 05:00:00,        48.059442
09/27/2008 06:00:00,        47.486922
09/27/2008 07:00:00,        46.025696
09/27/2008 08:00:00,        43.113478
09/27/2008 09:00:00,        40.909072
09/27/2008 10:00:00,        37.899020
09/27/2008 11:00:00,        36.964519
09/27/2008 12:00:00,        36.546981
09/27/2008 13:00:00,        35.090520
09/27/2008 14:00:00,        34.767520
09/27/2008 15:00:00,        31.906679
09/27/2008 16:00:00,        27.237253
09/27/2008 17:00:00,        24.079539
09/27/2008 18:00:00,        21.246444
09/27/2008 19:00:00,        19.347404
09/27/2008 20:00:00,        18.606939
09/27/2008 21:00:00,        17.768579
09/27/2008 22:00:00,        17.362229
09/27/2008 23:00:00,        18.025220
09/28/2008 00:00:00,        18.768991
09/28/2008 01:00:00,        17.150475
09/28/2008 02:00:00,        15.544568
09/28/2008 03:00:00,        16.264987
09/28/2008 04:00:00,        15.037788
09/28/2008 05:00:00,        13.695304
09/28/2008 06:00:00,        12.546730
09/28/2008 07:00:00,        12.304170
09/28/2008 08:00:00,        11.888043
09/28/2008 09:00:00,         9.442058
09/28/2008 10:00:00,         6.247979
09/28/2008 11:00:00,         3.765323
09/28/2008 12:00:00,         2.542454
09/28/2008 13:00:00,         1.932839
09/28/2008 14:00:00,         2.150148
09/28/2008 15:00:00,         3.335507
09/28/2008 16:00:00,         5.108218
09/28/2008 17:00:00,         7.760733
09/28/2008 18:00:00,        15.440985
09/28/2008 19:00:00,        17.464288
09/28/2008 20:00:00,        19.911031
09/28/2008 21:00:00,        23.406840
09/28/2008 22:00:00,        27.830849
09/28/2008 23:00:00,        33.140439
09/29/2008 00:00:00,        40.163292
09/29/2008 01:00:00,       162.430639
09/29/2008 02:00:00,       166.425219
09/29/2008 03:00:00,       170.384703
09/29/2008 04:00:00,       173.205748
09/29/2008 05:00:00,       168.461394
09/29/2008 06:00:00,       160.719864
09/29/2008 07:00:00,       152.817751
09/29/2008 08:00:00,       144.750319
09/29/2008 09:00:00,       134.044823
09/29/2008 10:00:00,       122.525772
09/29/2008 11:00:00,       110.157051
09/29/2008 12:00:00,        96.640162
09/29/2008 13:00:00,        84.641978
09/29/2008 14:00:00,        70.777766
09/29/2008 15:00:00,        56.791138
09/29/2008 16:00:00,        43.546076
09/29/2008 17:00:00,        33.835671
09/29/2008 18:00:00,        30.807042
09/29/2008 19:00:00,        27.776450
09/29/2008 20:00:00,        26.686461
09/29/2008 21:00:00,        25.136754
09/29/2008 22:00:00,        24.891584
09/29/2008 23:00:00,        22.832535
09/30/2008 00:00:00,        21.153827
09/30/2008 01:00:00,        27.403950
09/30/2008 02:00:00,        26.803893
09/30/2008 03:00:00,        25.449790
09/30/2008 04:00:00,        23.772591
09/30/2008 05:00:00,        21.725064
09/30/2008 06:00:00,        20.091135
09/30/2008 07:00:00,        19.063155
09/30/2008 08:00:00,        17.212212
09/30/2008 09:00:00,        14.422553
09/30/2008 10:00:00,        11.838907
09/30/2008 11:00:00,         9.756386
09/30/2008 12:00:00,         9.033503
09/30/2008 13:00:00,         8.851488
09/30/2008 14:00:00,         7.723165
09/30/2008 15:00:00,         5.625440
09/30/2008 16:00:00,         3.537171
09/30/2008 17:00:00,         2.795581
09/30/2008 18:00:00,         2.044497
09/30/2008 19:00:00,         1.613452
09/30/2008 20:00:00,         1.401495
09/30/2008 21:00:00,         1.480222
09/30/2008 22:00:00,         1.627066
09/30/2008 23:00:00,         2.228900
10/01/2008 00:00:00,        11.558626
10/01/2008 01:00:00,        11.517299
10/01/2008 02:00:00,        13.167011
10/01/2008 03:00:00,        14.221406
10/01/2008 04:00:00,        15.413860
10/01/2008 05:00:00,        15.464741
10/01/2008 06:00:00,        15.606945
10/01/2008 07:00:00,        17.052634
10/01/2008 08:00:00,        17.982722
10/01/2008 09:00:00,        18.201130
10/01/2008 10:00:00,        19.792972
10/01/2008 11:00:00,        23.044248
10/01/2008 12:00:00,        26.872936
10/01/2008 13:00:00,        28.852345
10/01/2008 14:00:00,        31.800920
10/01/2008 15:00:00,        33.351799
10/01/2008 16:00:00,        36.027435
10/01/2008 17:00:00,        38.516292
10/01/2008 18:00:00,        42.903517
10/01/2008 19:00:00,        46.049628
10/01/2008 20:00:00,        47.717787
10/01/2008 21:00:00,        50.918389
10/01/2008 22:00:00,        52.972132
10/01/2008 23:00:00,        52.562373
10/02/2008 00:00:00,        50.183837
10/02/2008 01:00:00,        68.022554
10/02/2008 02:00:00,        70.885477
10/02/2008 03:00:00,        70.435291
10/02/2008 04:00:00,        71.275939
10/02/2008 05:00:00,        71.600322
10/02/2008 06:00:00,        70.346956
10/02/2008 07:00:00,        67.054280
10/02/2008 08:00:00,        65.454300
10/02/2008 09:00:00,        64.607226
10/02/2008 10:00:00,        61.572243
10/02/2008 11:00:00,        61.718801
10/02/2008 12:00:00,        64.041846
10/02/2008 13:00:00,        68.129662
10/02/2008 14:00:00,        70.131098
10/02/2008 15:00:00,        72.528735
10/02/2008 16:00:00,        75.844087
10/02/2008 17:00:00,        85.563359
10/02/2008 18:00:00,        98.793756
10/02/2008 19:00:00,       103.882111
10/02/2008 20:00:00,       109.153095
10/02/2008 21:00:00,       115.853662
10/02/2008 22:00:00,       122.339095
10/02/2008 23:00:00,       129.667298
10/03/2008 00:00:00,       137.220763
10/03/2008 01:00:00,       217.937150
10/03/2008 02:00:00,       214.667781
10/03/2008 03:00:00,       209.102314
10/03/2008 04:00:00,       205.884744
10/03/2008 05:00:00,       201.142638
10/03/2008 06:00:00,       196.926881
10/03/2008 07:00:00,       188.187024
10/03/2008 08:00:00,       179.568402
10/03/2008 09:00:00,       170.740680
10/03/2008 10:00:00,       163.134789
10/03/2008 11:00:00,       160.321033
10/03/2008 12:00:00,       158.144253
10/03/2008 13:00:00,       157.763942
10/03/2008 14:00:00,       159.557405
10/03/2008 15:00:00,       162.187467
10/03/2008 16:00:00,       167.661752
10/03/2008 17:00:00,       171.475189
10/03/2008 18:00:00,       178.472211
10/03/2008 19:00:00,       180.020720
10/03/2008 20:00:00,       188.084840
10/03/2008 21:00:00,       195.336133
10/03/2008 22:00:00,       206.508883
10/03/2008 23:00:00,       216.056303
10/04/2008 00:00:00,       218.821375
10/04/2008 01:00:00,       223.402448
10/04/2008 02:00:00,       223.446560
10/04/2008 03:00:00,       223.482966
10/04/2008 04:00:00,       223.260728
10/04/2008 05:00:00,       222.887286
10/04/2008 06:00:00,       221.984063
10/04/2008 07:00:00,       220.491033
10/04/2008 08:00:00,       218.392308
10/04/2008 09:00:00,       215.431408
10/04/2008 10:00:00,       211.887627
10/04/2008 11:00:00,       207.970045
10/04/2008 12:00:00,       203.622171
10/04/2008 13:00:00,       198.987207
10/04/2008 14:00:00,       193.586393
10/04/2008 15:00:00,       189.192574
10/04/2008 16:00:00,       186.465117
10/04/2008 17:00:00,       184.641005
10/04/2008 18:00:00,       183.137297
10/04/2008 19:00:00,       181.170535
10/04/2008 20:00:00,       178.411346
10/04/2008 21:00:00,       176.379103
10/04/2008 22:00:00,       175.340254
10/04/2008 23:00:00,       171.466434
10/05/2008 00:00:00,       171.818640
10/05/2008 01:00:00,       139.264603
10/05/2008 02:00:00,       132.390746
10/05/2008 03:00:00,       126.195376
10/05/2008 04:00:00,       119.994946
10/05/2008 05:00:00,       114.184093
10/05/2008 06:00:00,       110.487418
10/05/2008 07:00:00,       105.957481
10/05/2008 08:00:00,        96.490236
10/05/2008 09:00:00,        86.300305
10/05/2008 10:00:00,        77.110083
10/05/2008 11:00:00,        69.862211
10/05/2008 12:00:00,        63.539201
10/05/2008 13:00:00,        57.677572
10/05/2008 14:00:00,        50.153018
10/05/2008 15:00:00,        44.131115
10/05/2008 16:00:00,        40.228176
10/05/2008 17:00:00,        38.660662
10/05/2008 18:00:00,        37.252425
10/05/2008 19:00:00,        36.307713
10/05/2008 20:00:00,        36.874199
10/05/2008 21:00:00,        38.285412
10/05/2008 22:00:00,        39.060418
10/05/2008 23:00:00,        39.801459
10/06/2008 00:00:00,        40.402654
10/06/2008 01:00:00,        33.851598
10/06/2008 02:00:00,        33.664742
10/06/2008 03:00:00,        33.659509
10/06/2008 04:00:00,        32.717994
10/06/2008 05:00:00,        30.084134
10/06/2008 06:00:00,        29.767232
10/06/2008 07:00:00,        26.976109
10/06/2008 08:00:00,        19.924751
10/06/2008 09:00:00,        18.658348
10/06/2008 10:00:00,        17.677268
10/06/2008 11:00:00,        17.706103
10/06/2008 12:00:00,        18.369786
10/06/2008 13:00:00,        20.190044
10/06/2008 14:00:00,        20.265934
10/06/2008 15:00:00,        21.692649
10/06/2008 16:00:00,        22.961877
10/06/2008 17:00:00,        25.498196
10/06/2008 18:00:00,        28.761920
10/06/2008 19:00:00,        30.426763
10/06/2008 20:00:00,        33.397780
10/06/2008 21:00:00,        37.442823
10/06/2008 22:00:00,        39.874225
10/06/2008 23:00:00,        42.569324
10/07/2008 00:00:00,        45.535734
10/07/2008 01:00:00,        61.015564
10/07/2008 02:00:00,        62.400689
10/07/2008 03:00:00,        66.512505
10/07/2008 04:00:00,        72.456940
10/07/2008 05:00:00,        77.900773
10/07/2008 06:00:00,        82.342923
10/07/2008 07:00:00,        85.302903
10/07/2008 08:00:00,        85.736266
10/07/2008 09:00:00,        87.112110
10/07/2008 10:00:00,        90.364568
10/07/2008 11:00:00,        94.733558
10/07/2008 12:00:00,       101.556856
10/07/2008 13:00:00,       108.726379
10/07/2008 14:00:00,       113.780429
10/07/2008 15:00:00,       121.566383
10/07/2008 16:00:00,       127.980933
10/07/2008 17:00:00,       133.227668
10/07/2008 18:00:00,       139.738927
10/07/2008 19:00:00,       142.200460
10/07/2008 20:00:00,       147.595304
10/07/2008 21:00:00,       156.417692
10/07/2008 22:00:00,       168.641479
10/07/2008 23:00:00,       180.249242
10/08/2008 00:00:00,       191.528967
10/08/2008 01:00:00,       210.627963
10/08/2008 02:00:00,       209.543978
10/08/2008 03:00:00,       210.576605
10/08/2008 04:00:00,       209.218219
10/08/2008 05:00:00,       206.429414
10/08/2008 06:00:00,       201.869135
10/08/2008 07:00:00,       195.084960
10/08/2008 08:00:00,       184.514271
10/08/2008 09:00:00,       172.690619
10/08/2008 10:00:00,       160.400689
10/08/2008 11:00:00,       147.875552
10/08/2008 12:00:00,       133.288568
10/08/2008 13:00:00,       118.755395
10/08/2008 14:00:00,       103.322608
10/08/2008 15:00:00,        86.906102
10/08/2008 16:00:00,        72.686151
10/08/2008 17:00:00,        62.090788
10/08/2008 18:00:00,        52.904729
10/08/2008 19:00:00,        46.659074
10/08/2008 20:00:00,        42.491048
10/08/2008 21:00:00,        40.307985
10/08/2008 22:00:00,        38.963506
10/08/2008 23:00:00,        38.550523
10/09/2008 00:00:00,        38.390892
10/09/2008 01:00:00,        44.163564
10/09/2008 02:00:00,        49.987192
10/09/2008 03:00:00,        55.123646
10/09/2008 04:00:00,        59.287651
10/09/2008 05:00:00,        63.785648
10/09/2008 06:00:00,        67.318612
10/09/2008 07:00:00,        69.279958
10/09/2008 08:00:00,        72.671671
10/09/2008 09:00:00,        76.537602
10/09/2008 10:00:00,        76.628387
10/09/2008 11:00:00,        78.454911
10/09/2008 12:00:00,        81.376156
10/09/2008 13:00:00,        88.103445
10/09/2008 14:00:00,        98.173685
10/09/2008 15:00:00,       108.862643
10/09/2008 16:00:00,       116.355402
10/09/2008 17:00:00,       126.658026
10/09/2008 18:00:00,       135.203401
10/09/2008 19:00:00,       143.136851
10/09/2008 20:00:00,       148.876932
10/09/2008 21:00:00,       155.383706
10/09/2008 22:00:00,       161.681650
10/09/2008 23:00:00,       170.022578
10/10/2008 00:00:00,       179.090767
10/10/2008 01:00:00,       193.365412
10/10/2008 02:00:00,       193.045628
10/10/2008 03:00:00,       189.695052
10/10/2008 04:00:00,       186.406017
10/10/2008 05:00:00,       185.658689
10/10/2008 06:00:00,       187.510152
10/10/2008 07:00:00,       184.194405
10/10/2008 08:00:00,       184.795778
10/10/2008 09:00:00,       182.329156
10/10/2008 10:00:00,       180.976725
10/10/2008 11:00:00,       183.120328
10/10/2008 12:00:00,       182.611634
10/10/2008 13:00:00,       182.354215
10/10/2008 14:00:00,       182.160869
10/10/2008 15:00:00,       182.736745
10/10/2008 16:00:00,       181.099765
10/10/2008 17:00:00,       181.767050
10/10/2008 18:00:00,       184.727486
10/10/2008 19:00:00,       185.003374
10/10/2008 20:00:00,       185.233982
10/10/2008 21:00:00,       188.302314
10/10/2008 22:00:00,       192.889561
10/10/2008 23:00:00,       192.539716
10/11/2008 00:00:00,       193.671746
10/11/2008 01:00:00,       127.773114
10/11/2008 02:00:00,       124.150359
10/11/2008 03:00:00,       118.149454
10/11/2008 04:00:00,       111.884320
10/11/2008 05:00:00,       107.955057
10/11/2008 06:00:00,       104.307992
10/11/2008 07:00:00,        99.371672
10/11/2008 08:00:00,        89.773665
10/11/2008 09:00:00,        81.778231
10/11/2008 10:00:00,        74.357015
10/11/2008 11:00:00,        66.548944
10/11/2008 12:00:00,        60.850584
10/11/2008 13:00:00,        54.325183
10/11/2008 14:00:00,        48.164488
10/11/2008 15:00:00,        42.301989
10/11/2008 16:00:00,        38.855504
10/11/2008 17:00:00,        39.170200
10/11/2008 18:00:00,        39.231992
10/11/2008 19:00:00,        38.808616
10/11/2008 20:00:00,        39.683341
10/11/2008 21:00:00,        40.817451
10/11/2008 22:00:00,        42.439772
10/11/2008 23:00:00,        45.394012
10/12/2008 00:00:00,        47.966433
10/12/2008 01:00:00,        13.746238
10/12/2008 02:00:00,        16.553210
10/12/2008 03:00:00,        20.273310
10/12/2008 04:00:00,        23.729456
10/12/2008 05:00:00,        25.799050
10/12/2008 06:00:00,        27.051230
10/12/2008 07:00:00,        27.477704
10/12/2008 08:00:00,        28.411718
10/12/2008 09:00:00,        28.727251
10/12/2008 10:00:00,        29.838738
10/12/2008 11:00:00,        30.838498
10/12/2008 12:00:00,        32.357883
10/12/2008 13:00:00,        33.540486
10/12/2008 14:00:00,        34.046809
10/12/2008 15:00:00,        33.072814
10/12/2008 16:00:00,        33.943889
10/12/2008 17:00:00,        39.291838
10/12/2008 18:00:00,        45.870815
10/12/2008 19:00:00,        48.697206
10/12/2008 20:00:00,        53.253229
10/12/2008 21:00:00,        58.844729
10/12/2008 22:00:00,        64.279444
10/12/2008 23:00:00,        70.198963
10/13/2008 00:00:00,        76.393093
10/13/2008 01:00:00,        71.076048
10/13/2008 02:00:00,        72.480448
10/13/2008 03:00:00,        71.343773
10/13/2008 04:00:00,        67.569298
10/13/2008 05:00:00,        61.888470
10/13/2008 06:00:00,        56.308407
10/13/2008 07:00:00,        50.758260
10/13/2008 08:00:00,        42.469583
10/13/2008 09:00:00,        36.093410
10/13/2008 10:00:00,        30.081262
10/13/2008 11:00:00,        22.146714
10/13/2008 12:00:00,        17.171784
10/13/2008 13:00:00,        13.104173
10/13/2008 14:00:00,         8.912977
10/13/2008 15:00:00,         5.104691
10/13/2008 16:00:00,         2.257012
10/13/2008 17:00:00,         1.076677
10/13/2008 18:00:00,         0.920825
10/13/2008 19:00:00,         0.830243
10/13/2008 20:00:00,         0.916851
10/13/2008 21:00:00,         1.108195
10/13/2008 22:00:00,         1.347113
10/13/2008 23:00:00,         1.718943
10/14/2008 00:00:00,         2.340956
10/14/2008 01:00:00,        21.112522
10/14/2008 02:00:00,        26.225792
10/14/2008 03:00:00,        30.690197
10/14/2008 04:00:00,        37.556265
10/14/2008 05:00:00,        44.016058
10/14/2008 06:00:00,        49.118206
10/14/2008 07:00:00,        54.826271
10/14/2008 08:00:00,        60.860718
10/14/2008 09:00:00,        65.665361
10/14/2008 10:00:00,        70.616748
10/14/2008 11:00:00,        78.958180
10/14/2008 12:00:00,        88.118793
10/14/2008 13:00:00,        95.840287
10/14/2008 14:00:00,       103.508900
10/14/2008 15:00:00,       112.576722
10/14/2008 16:00:00,       120.928782
10/14/2008 17:00:00,       128.620711
10/14/2008 18:00:00,       136.940720
10/14/2008 19:00:00,       143.881082
10/14/2008 20:00:00,       149.486750
10/14/2008 21:00:00,       158.897470
10/14/2008 22:00:00,       166.836912
10/14/2008 23:00:00,       175.974719
10/15/2008 00:00:00,       182.548993
10/15/2008 01:00:00,       113.836364
10/15/2008 02:00:00,       110.387398
10/15/2008 03:00:00,       106.329577
10/15/2008 04:00:00,       100.098396
10/15/2008 05:00:00,        93.327137
10/15/2008 06:00:00,        86.242957
10/15/2008 07:00:00,        78.252016
10/15/2008 08:00:00,        62.440844
10/15/2008 09:00:00,        50.838437
10/15/2008 10:00:00,        37.814348
10/15/2008 11:00:00,        29.697519
10/15/2008 12:00:00,        25.402866
10/15/2008 13:00:00,        22.446474
10/15/2008 14:00:00,        17.772656
10/15/2008 15:00:00,        11.280352
10/15/2008 16:00:00,         7.067132
10/15/2008 17:00:00,         4.773308
10/15/2008 18:00:00,         3.693399
10/15/2008 19:00:00,         2.902905
10/15/2008 20:00:00,         3.050209
10/15/2008 21:00:00,         3.422432
10/15/2008 22:00:00,         3.953984
10/15/2008 23:00:00,         4.721807
10/16/2008 00:00:00,         5.566835
10/16/2008 01:00:00,        11.075076
10/16/2008 02:00:00,        11.696923
10/16/2008 03:00:00,        11.863052
10/16/2008 04:00:00,        12.338879
10/16/2008 05:00:00,        13.361633
10/16/2008 06:00:00,        14.923563
10/16/2008 07:00:00,        17.623137
10/16/2008 08:00:00,        19.802267
10/16/2008 09:00:00,        21.299279
10/16/2008 10:00:00,        22.602363
10/16/2008 11:00:00,        23.752522
10/16/2008 12:00:00,        25.330901
10/16/2008 13:00:00,        28.086643
10/16/2008 14:00:00,        32.685627
10/16/2008 15:00:00,        38.611905
10/16/2008 16:00:00,        45.935397
10/16/2008 17:00:00,        56.053638
10/16/2008 18:00:00,        66.584705
10/16/2008 19:00:00,        70.567154
10/16/2008 20:00:00,        74.425893
10/16/2008 21:00:00,        80.938672
10/16/2008 22:00:00,        87.018315
10/16/2008 23:00:00,        95.833723
10/17/2008 00:00:00,       106.125906
10/17/2008 01:00:00,       116.502182
10/17/2008 02:00:00,       116.194626
10/17/2008 03:00:00,       117.400352
10/17/2008 04:00:00,       119.053243
10/17/2008 05:00:00,       117.203152
10/17/2008 06:00:00,       116.269827
10/17/2008 07:00:00,       114.825122
10/17/2008 08:00:00,       105.970611
10/17/2008 09:00:00,        97.940927
10/17/2008 10:00:00,        80.106021
10/17/2008 11:00:00,        77.275324
10/17/2008 12:00:00,        85.050473
10/17/2008 13:00:00,        83.807962
10/17/2008 14:00:00,        80.368575
10/17/2008 15:00:00,        76.634078
10/17/2008 16:00:00,        76.314399
10/17/2008 17:00:00,        78.187076
10/17/2008 18:00:00,        84.026797
10/17/2008 19:00:00,        84.167462
10/17/2008 20:00:00,        85.749102
10/17/2008 21:00:00,        90.358642
10/17/2008 22:00:00,        97.243355
10/17/2008 23:00:00,       105.376142
10/18/2008 00:00:00,       112.250165
10/18/2008 01:00:00,        48.986050
10/18/2008 02:00:00,        46.582837
10/18/2008 03:00:00,        44.776435
10/18/2008 04:00:00,        42.610234
10/18/2008 05:00:00,        40.802243
10/18/2008 06:00:00,        39.202171
10/18/2008 07:00:00,        35.423706
10/18/2008 08:00:00,        30.002731
10/18/2008 09:00:00,        23.892986
10/18/2008 10:00:00,        20.753113
10/18/2008 11:00:00,        17.243206
10/18/2008 12:00:00,        14.570250
10/18/2008 13:00:00,        13.102477
10/18/2008 14:00:00,        12.718301
10/18/2008 15:00:00,        11.087854
10/18/2008 16:00:00,        10.195662
10/18/2008 17:00:00,        10.608496
10/18/2008 18:00:00,        10.741144
10/18/2008 19:00:00,        10.366696
10/18/2008 20:00:00,        10.323568
10/18/2008 21:00:00,        10.805554
10/18/2008 22:00:00,        11.457434
10/18/2008 23:00:00,        12.082516
10/19/2008 00:00:00,        12.154223
10/19/2008 01:00:00,         0.880494
10/19/2008 02:00:00,         0.979150
10/19/2008 03:00:00,         1.070752
10/19/2008 04:00:00,         0.916943
10/19/2008 05:00:00,         0.965248
10/19/2008 06:00:00,         1.241041
10/19/2008 07:00:00,         1.711983
10/19/2008 08:00:00,         2.122574
10/19/2008 09:00:00,         2.299188
10/19/2008 10:00:00,         2.291177
10/19/2008 11:00:00,         2.394014
10/19/2008 12:00:00,         2.555865
10/19/2008 13:00:00,         3.029438
10/19/2008 14:00:00,         3.584047
10/19/2008 15:00:00,         3.713166
10/19/2008 16:00:00,         2.283857
10/19/2008 17:00:00,         2.253393
10/19/2008 18:00:00,         2.728904
10/19/2008 19:00:00,         2.929258
10/19/2008 20:00:00,         3.319144
10/19/2008 21:00:00,         4.011640
10/19/2008 22:00:00,         5.056580
10/19/2008 23:00:00,         6.668389
10/20/2008 00:00:00,         8.746506
10/20/2008 01:00:00,        28.210822
10/20/2008 02:00:00,        29.049964
10/20/2008 03:00:00,        30.643105
10/20/2008 04:00:00,        32.580402
10/20/2008 05:00:00,        33.299235
10/20/2008 06:00:00,        35.936131
10/20/2008 07:00:00,        38.138725
10/20/2008 08:00:00,        37.527337
10/20/2008 09:00:00,        36.157588
10/20/2008 10:00:00,        34.586305
10/20/2008 11:00:00,        32.737177
10/20/2008 12:00:00,        30.260402
10/20/2008 13:00:00,        27.529652
10/20/2008 14:00:00,        24.632499
10/20/2008 15:00:00,        20.952894
10/20/2008 16:00:00,        18.219781
10/20/2008 17:00:00,        16.730695
10/20/2008 18:00:00,        17.299216
10/20/2008 19:00:00,        16.045633
10/20/2008 20:00:00,        15.695396
10/20/2008 21:00:00,        17.006591
10/20/2008 22:00:00,        18.699296
10/20/2008 23:00:00,        20.604760
10/21/2008 00:00:00,        22.756129
10/21/2008 01:00:00,        35.250960
10/21/2008 02:00:00,        34.089150
10/21/2008 03:00:00,        34.597719
10/21/2008 04:00:00,        33.325900
10/21/2008 05:00:00,        32.998432
10/21/2008 06:00:00,        32.033147
10/21/2008 07:00:00,        29.466606
10/21/2008 08:00:00,        27.328588
10/21/2008 09:00:00,        23.644666
10/21/2008 10:00:00,        17.512570
10/21/2008 11:00:00,        12.896302
10/21/2008 12:00:00,        11.070549
10/21/2008 13:00:00,        10.570756
10/21/2008 14:00:00,        10.821395
10/21/2008 15:00:00,        10.409669
10/21/2008 16:00:00,        11.361044
10/21/2008 17:00:00,        13.712111
10/21/2008 18:00:00,        16.100926
10/21/2008 19:00:00,        15.745525
10/21/2008 20:00:00,        15.765503
10/21/2008 21:00:00,        16.770353
10/21/2008 22:00:00,        19.050771
10/21/2008 23:00:00,        25.025707
10/22/2008 00:00:00,        11.972260
10/22/2008 01:00:00,         3.148359
10/22/2008 02:00:00,         0.390618
10/22/2008 03:00:00,         0.000000
10/22/2008 04:00:00,         0.000000
10/22/2008 05:00:00,         0.000000
10/22/2008 06:00:00,         0.000000
10/22/2008 07:00:00,         0.000000
10/22/2008 08:00:00,         0.000000
10/22/2008 09:00:00,         0.000000
10/22/2008 10:00:00,         0.000000
10/22/2008 11:00:00,        13.718000
10/22/2008 12:00:00,        26.277000
10/22/2008 13:00:00,       101.519100
10/22/2008 14:00:00,       142.151850
10/22/2008 15:00:00,       150.673340
10/22/2008 16:00:00,       143.923337
10/22/2008 17:00:00,       138.882701
10/22/2008 18:00:00,       135.231783
10/22/2008 19:00:00,       132.638436
10/22/2008 20:00:00,       129.903679
10/22/2008 21:00:00,       127.213770
10/22/2008 22:00:00,       123.622050
10/22/2008 23:00:00,       122.641190
10/23/2008 00:00:00,       123.705290
10/23/2008 01:00:00,       122.765713
10/23/2008 02:00:00,       114.761612
10/23/2008 03:00:00,       108.269498
10/23/2008 04:00:00,       102.612014
10/23/2008 05:00:00,        98.348597
10/23/2008 06:00:00,        93.508990
10/23/2008 07:00:00,        88.383151
10/23/2008 08:00:00,        77.086345
10/23/2008 09:00:00,        65.943806
10/23/2008 10:00:00,        56.994373
10/23/2008 11:00:00,        49.660401
10/23/2008 12:00:00,        43.530910
10/23/2008 13:00:00,        36.572332
10/23/2008 14:00:00,        33.212541
10/23/2008 15:00:00,        32.424731
10/23/2008 16:00:00,        37.728815
10/23/2008 17:00:00,        45.778462
10/23/2008 18:00:00,        54.290783
10/23/2008 19:00:00,        57.596849
10/23/2008 20:00:00,        63.333628
10/23/2008 21:00:00,        71.547808
10/23/2008 22:00:00,        81.595819
10/23/2008 23:00:00,        93.637079
10/24/2008 00:00:00,       107.867228
10/24/2008 01:00:00,       179.545088
10/24/2008 02:00:00,       181.971593
10/24/2008 03:00:00,       188.000423
10/24/2008 04:00:00,       191.804700
10/24/2008 05:00:00,       193.645381
10/24/2008 06:00:00,       194.164114
10/24/2008 07:00:00,       192.136970
10/24/2008 08:00:00,       188.595675
10/24/2008 09:00:00,       180.975325
10/24/2008 10:00:00,       171.058493
10/24/2008 11:00:00,       160.479575
10/24/2008 12:00:00,       148.608203
10/24/2008 13:00:00,       136.977217
10/24/2008 14:00:00,       126.268942
10/24/2008 15:00:00,       117.379688
10/24/2008 16:00:00,       106.719000
10/24/2008 17:00:00,        98.669604
10/24/2008 18:00:00,        93.033762
10/24/2008 19:00:00,        86.848242
10/24/2008 20:00:00,        82.865967
10/24/2008 21:00:00,        81.272697
10/24/2008 22:00:00,        82.110045
10/24/2008 23:00:00,        85.917806
10/25/2008 00:00:00,        91.133490
10/25/2008 01:00:00,        97.639176
10/25/2008 02:00:00,       100.303347
10/25/2008 03:00:00,       101.553894
10/25/2008 04:00:00,       100.439434
10/25/2008 05:00:00,        97.858315
10/25/2008 06:00:00,        97.128580
10/25/2008 07:00:00,        97.463041
10/25/2008 08:00:00,        94.226703
10/25/2008 09:00:00,        88.607360
10/25/2008 10:00:00,        81.105792
10/25/2008 11:00:00,        76.747080
10/25/2008 12:00:00,        69.847098
10/25/2008 13:00:00,        63.736000
10/25/2008 14:00:00,        57.881383
10/25/2008 15:00:00,        54.721161
10/25/2008 16:00:00,        58.094783
10/25/2008 17:00:00,        61.972680
10/25/2008 18:00:00,        65.537357
10/25/2008 19:00:00,        65.360975
10/25/2008 20:00:00,        65.224079
10/25/2008 21:00:00,        69.922866
10/25/2008 22:00:00,        77.311070
10/25/2008 23:00:00,        86.579015
10/26/2008 00:00:00,        96.231971
10/26/2008 01:00:00,       191.920353
10/26/2008 02:00:00,       180.167459
10/26/2008 03:00:00,       170.889194
10/26/2008 04:00:00,       165.519697
10/26/2008 05:00:00,       159.639650
10/26/2008 06:00:00,       150.663313
10/26/2008 07:00:00,       141.229710
10/26/2008 08:00:00,       126.733881
10/26/2008 09:00:00,       111.300759
10/26/2008 10:00:00,        95.596902
10/26/2008 11:00:00,        79.647798
10/26/2008 12:00:00,        63.324028
10/26/2008 13:00:00,        44.014361
10/26/2008 14:00:00,        31.173189
10/26/2008 15:00:00,        22.981805
10/26/2008 16:00:00,        17.161735
10/26/2008 17:00:00,        11.031093
10/26/2008 18:00:00,         6.818060
10/26/2008 19:00:00,         4.973061
10/26/2008 20:00:00,         4.578489
10/26/2008 21:00:00,         5.439584
10/26/2008 22:00:00,         7.028845
10/26/2008 23:00:00,         9.022727
10/27/2008 00:00:00,        11.846185
10/27/2008 01:00:00,        80.777904
10/27/2008 02:00:00,        82.847921
10/27/2008 03:00:00,        84.811484
10/27/2008 04:00:00,        88.792030
10/27/2008 05:00:00,        92.995982
10/27/2008 06:00:00,        99.879162
10/27/2008 07:00:00,       101.169833
10/27/2008 08:00:00,        98.317530
10/27/2008 09:00:00,        95.073032
10/27/2008 10:00:00,        88.984698
10/27/2008 11:00:00,        80.904860
10/27/2008 12:00:00,        75.538940
10/27/2008 13:00:00,        69.281149
10/27/2008 14:00:00,        62.574141
10/27/2008 15:00:00,        52.239645
10/27/2008 16:00:00,        43.999359
10/27/2008 17:00:00,        36.073996
10/27/2008 18:00:00,        27.772110
10/27/2008 19:00:00,        19.228796
10/27/2008 20:00:00,        13.737789
10/27/2008 21:00:00,        10.725603
10/27/2008 22:00:00,         8.210620
10/27/2008 23:00:00,         6.412315
10/28/2008 00:00:00,         4.851841
10/28/2008 01:00:00,         5.490628
10/28/2008 02:00:00,         9.424149
10/28/2008 03:00:00,        15.092719
10/28/2008 04:00:00,        20.923949
10/28/2008 05:00:00,        26.571422
10/28/2008 06:00:00,        32.649214
10/28/2008 07:00:00,        38.358751
10/28/2008 08:00:00,        45.234676
10/28/2008 09:00:00,        50.328812
10/28/2008 10:00:00,        54.139768
10/28/2008 11:00:00,        55.479783
10/28/2008 12:00:00,        56.205844
10/28/2008 13:00:00,        57.373095
10/28/2008 14:00:00,        59.757195
10/28/2008 15:00:00,        58.937767
10/28/2008 16:00:00,        55.613441
10/28/2008 17:00:00,        58.408056
10/28/2008 18:00:00,        63.970968
10/28/2008 19:00:00,        61.491267
10/28/2008 20:00:00,        61.779962
10/28/2008 21:00:00,        68.750291
10/28/2008 22:00:00,        68.612269
10/28/2008 23:00:00,        70.486734
10/29/2008 00:00:00,        81.457539
10/29/2008 01:00:00,       129.934637
10/29/2008 02:00:00,       127.008263
10/29/2008 03:00:00,       120.398079
10/29/2008 04:00:00,       113.604592
10/29/2008 05:00:00,       113.943827
10/29/2008 06:00:00,       114.107896
10/29/2008 07:00:00,       113.766409
10/29/2008 08:00:00,       113.287928
10/29/2008 09:00:00,       114.944210
10/29/2008 10:00:00,       119.209385
10/29/2008 11:00:00,       128.004997
10/29/2008 12:00:00,       122.540582
10/29/2008 13:00:00,       119.731780
10/29/2008 14:00:00,       124.618140
10/29/2008 15:00:00,       149.497430
10/29/2008 16:00:00,       157.307678
10/29/2008 17:00:00,       161.673073
10/29/2008 18:00:00,       170.884100
10/29/2008 19:00:00,       172.580600
10/29/2008 20:00:00,       174.532700
10/29/2008 21:00:00,       179.745100
10/29/2008 22:00:00,       182.891800
10/29/2008 23:00:00,       153.778855
10/30/2008 00:00:00,       148.116600
10/30/2008 01:00:00,       151.106862
10/30/2008 02:00:00,       152.183564
10/30/2008 03:00:00,       151.315228
10/30/2008 04:00:00,       123.401739
10/30/2008 05:00:00,       109.397518
10/30/2008 06:00:00,       121.823704
10/30/2008 07:00:00,       166.373973
10/30/2008 08:00:00,       185.091805
10/30/2008 09:00:00,       185.277300
10/30/2008 10:00:00,       185.173592
10/30/2008 11:00:00,       185.524381
10/30/2008 12:00:00,       183.762832
10/30/2008 13:00:00,       213.234957
10/30/2008 14:00:00,       209.733227
10/30/2008 15:00:00,       208.438124
10/30/2008 16:00:00,       203.137194
10/30/2008 17:00:00,       202.116351
10/30/2008 18:00:00,       199.661936
10/30/2008 19:00:00,       196.370233
10/30/2008 20:00:00,       192.458329
10/30/2008 21:00:00,       190.503140
10/30/2008 22:00:00,       189.206990
10/30/2008 23:00:00,       186.298329
10/31/2008 00:00:00,       182.729737
10/31/2008 01:00:00,       147.900695
10/31/2008 02:00:00,       148.903790
10/31/2008 03:00:00,       152.516830
10/31/2008 04:00:00,       161.380663
10/31/2008 05:00:00,       164.046493
10/31/2008 06:00:00,       154.237594
10/31/2008 07:00:00,       134.864074
10/31/2008 08:00:00,       151.669921
10/31/2008 09:00:00,       160.307431
10/31/2008 10:00:00,        89.089993
10/31/2008 11:00:00,       160.980529
10/31/2008 12:00:00,       118.516445
10/31/2008 13:00:00,        43.886539
10/31/2008 14:00:00,        85.797371
10/31/2008 15:00:00,       170.147729
10/31/2008 16:00:00,       172.887391
10/31/2008 17:00:00,       176.656800
10/31/2008 18:00:00,       172.483481
10/31/2008 19:00:00,       171.436259
10/31/2008 20:00:00,       173.714176
10/31/2008 21:00:00,       174.226027
10/31/2008 22:00:00,       174.738677
10/31/2008 23:00:00,       177.106088
11/01/2008 00:00:00,       191.193696
11/01/2008 01:00:00,       190.782072
11/01/2008 02:00:00,       192.372051
11/01/2008 03:00:00,       191.422400
11/01/2008 04:00:00,       193.319163
11/01/2008 05:00:00,       193.883467
11/01/2008 06:00:00,       194.911953
11/01/2008 07:00:00,       193.542278
11/01/2008 08:00:00,       192.253700
11/01/2008 09:00:00,       190.591459
11/01/2008 10:00:00,       189.018087
11/01/2008 11:00:00,       187.221041
11/01/2008 12:00:00,       187.694422
11/01/2008 13:00:00,       189.097836
11/01/2008 14:00:00,       188.484399
11/01/2008 15:00:00,       186.625699
11/01/2008 16:00:00,       184.292387
11/01/2008 17:00:00,       182.729279
11/01/2008 18:00:00,       181.966572
11/01/2008 19:00:00,       181.289164
11/01/2008 20:00:00,       181.428310
11/01/2008 21:00:00,       181.929515
11/01/2008 22:00:00,       182.044161
11/01/2008 23:00:00,       182.141202
11/02/2008 00:00:00,       182.624913
11/02/2008 01:00:00,       119.608926
11/02/2008 02:00:00,       121.288560
11/02/2008 03:00:00,       124.615482
11/02/2008 04:00:00,       125.958823
11/02/2008 05:00:00,       127.717784
11/02/2008 06:00:00,       129.010907
11/02/2008 07:00:00,       127.350681
11/02/2008 08:00:00,       120.788491
11/02/2008 09:00:00,       114.519967
11/02/2008 10:00:00,       109.175332
11/02/2008 11:00:00,       103.674960
11/02/2008 12:00:00,        97.591882
11/02/2008 13:00:00,        92.381814
11/02/2008 14:00:00,        85.165848
11/02/2008 15:00:00,        73.998889
11/02/2008 16:00:00,        64.602572
11/02/2008 17:00:00,        56.819865
11/02/2008 18:00:00,        50.295307
11/02/2008 19:00:00,        44.457763
11/02/2008 20:00:00,        41.933385
11/02/2008 21:00:00,        42.646489
11/02/2008 22:00:00,        44.829666
11/02/2008 23:00:00,        47.192786
11/03/2008 00:00:00,        50.111146
11/03/2008 01:00:00,        46.429722
11/03/2008 02:00:00,        55.470986
11/03/2008 03:00:00,        67.776196
11/03/2008 04:00:00,        80.446340
11/03/2008 05:00:00,        93.663195
11/03/2008 06:00:00,       104.780851
11/03/2008 07:00:00,       112.879857
11/03/2008 08:00:00,       119.900223
11/03/2008 09:00:00,       124.862256
11/03/2008 10:00:00,       127.802431
11/03/2008 11:00:00,       130.554601
11/03/2008 12:00:00,       134.162222
11/03/2008 13:00:00,       139.254701
11/03/2008 14:00:00,       142.047386
11/03/2008 15:00:00,       144.491499
11/03/2008 16:00:00,       144.830671
11/03/2008 17:00:00,       142.634343
11/03/2008 18:00:00,       141.084637
11/03/2008 19:00:00,       136.067884
11/03/2008 20:00:00,       132.220031
11/03/2008 21:00:00,       134.686474
11/03/2008 22:00:00,       137.092927
11/03/2008 23:00:00,       142.748076
11/04/2008 00:00:00,       151.685184
11/04/2008 01:00:00,       144.547895
11/04/2008 02:00:00,       136.796753
11/04/2008 03:00:00,       129.135676
11/04/2008 04:00:00,       123.370449
11/04/2008 05:00:00,       117.500650
11/04/2008 06:00:00,       111.649343
11/04/2008 07:00:00,       106.110934
11/04/2008 08:00:00,        96.674818
11/04/2008 09:00:00,        86.864969
11/04/2008 10:00:00,        76.739528
11/04/2008 11:00:00,        68.126378
11/04/2008 12:00:00,        62.152169
11/04/2008 13:00:00,        58.140485
11/04/2008 14:00:00,        56.264631
11/04/2008 15:00:00,        55.632390
11/04/2008 16:00:00,        57.860490
11/04/2008 17:00:00,        63.838897
11/04/2008 18:00:00,        72.422787
11/04/2008 19:00:00,        76.119634
11/04/2008 20:00:00,        79.839537
11/04/2008 21:00:00,        84.986940
11/04/2008 22:00:00,        92.878933
11/04/2008 23:00:00,       101.433426
11/05/2008 00:00:00,       110.600070
11/05/2008 01:00:00,       162.646962
11/05/2008 02:00:00,       166.846225
11/05/2008 03:00:00,       172.296733
11/05/2008 04:00:00,       176.451220
11/05/2008 05:00:00,       179.830621
11/05/2008 06:00:00,       182.624082
11/05/2008 07:00:00,       185.012138
11/05/2008 08:00:00,       188.422538
11/05/2008 09:00:00,       187.309949
11/05/2008 10:00:00,       181.076629
11/05/2008 11:00:00,       172.802507
11/05/2008 12:00:00,       162.928482
11/05/2008 13:00:00,       152.700891
11/05/2008 14:00:00,       143.035535
11/05/2008 15:00:00,       134.335732
11/05/2008 16:00:00,       125.648285
11/05/2008 17:00:00,       117.354340
11/05/2008 18:00:00,       110.009148
11/05/2008 19:00:00,       101.889623
11/05/2008 20:00:00,        92.224939
11/05/2008 21:00:00,        83.445647
11/05/2008 22:00:00,        79.017356
11/05/2008 23:00:00,        78.803984
11/06/2008 00:00:00,        80.924894
11/06/2008 01:00:00,        81.228077
11/06/2008 02:00:00,        78.627947
11/06/2008 03:00:00,        74.746795
11/06/2008 04:00:00,        71.229753
11/06/2008 05:00:00,        68.210279
11/06/2008 06:00:00,        65.218774
11/06/2008 07:00:00,        62.236374
11/06/2008 08:00:00,        58.046731
11/06/2008 09:00:00,        53.135041
11/06/2008 10:00:00,        47.002347
11/06/2008 11:00:00,        41.955071
11/06/2008 12:00:00,        36.883591
11/06/2008 13:00:00,        31.043924
11/06/2008 14:00:00,        26.067100
11/06/2008 15:00:00,        20.437029
11/06/2008 16:00:00,        16.262610
11/06/2008 17:00:00,        11.670927
11/06/2008 18:00:00,         8.886111
11/06/2008 19:00:00,         6.558690
11/06/2008 20:00:00,         4.751837
11/06/2008 21:00:00,         3.466041
11/06/2008 22:00:00,         2.919637
11/06/2008 23:00:00,         2.931754
11/07/2008 00:00:00,         3.215959
11/07/2008 01:00:00,         7.993550
11/07/2008 02:00:00,        10.859800
11/07/2008 03:00:00,        13.097031
11/07/2008 04:00:00,        16.342706
11/07/2008 05:00:00,        20.090175
11/07/2008 06:00:00,        24.919985
11/07/2008 07:00:00,        30.118701
11/07/2008 08:00:00,        38.328213
11/07/2008 09:00:00,        46.839496
11/07/2008 10:00:00,        56.125932
11/07/2008 11:00:00,        64.878575
11/07/2008 12:00:00,        74.616084
11/07/2008 13:00:00,        84.645900
11/07/2008 14:00:00,        91.726636
11/07/2008 15:00:00,        96.582254
11/07/2008 16:00:00,       102.506337
11/07/2008 17:00:00,       107.323275
11/07/2008 18:00:00,       109.858972
11/07/2008 19:00:00,       111.316719
11/07/2008 20:00:00,       112.127797
11/07/2008 21:00:00,       110.243578
11/07/2008 22:00:00,       107.632825
11/07/2008 23:00:00,       104.654883
11/08/2008 00:00:00,       102.936783
11/08/2008 01:00:00,        38.644799
11/08/2008 02:00:00,        36.218430
11/08/2008 03:00:00,        32.402022
11/08/2008 04:00:00,        30.116810
11/08/2008 05:00:00,        27.791405
11/08/2008 06:00:00,        26.346192
11/08/2008 07:00:00,        25.604306
11/08/2008 08:00:00,        23.402262
11/08/2008 09:00:00,        22.264431
11/08/2008 10:00:00,        21.466928
11/08/2008 11:00:00,        20.988699
11/08/2008 12:00:00,        20.708665
11/08/2008 13:00:00,        21.374872
11/08/2008 14:00:00,        22.832619
11/08/2008 15:00:00,        24.917239
11/08/2008 16:00:00,        27.299805
11/08/2008 17:00:00,        29.720322
11/08/2008 18:00:00,        33.267354
11/08/2008 19:00:00,        34.809804
11/08/2008 20:00:00,        35.450026
11/08/2008 21:00:00,        36.620252
11/08/2008 22:00:00,        36.483634
11/08/2008 23:00:00,        37.520277
11/09/2008 00:00:00,        38.357350
11/09/2008 01:00:00,        69.855612
11/09/2008 02:00:00,        65.873731
11/09/2008 03:00:00,        60.959560
11/09/2008 04:00:00,        55.890465
11/09/2008 05:00:00,        52.806673
11/09/2008 06:00:00,        53.004900
11/09/2008 07:00:00,        52.539632
11/09/2008 08:00:00,        51.131874
11/09/2008 09:00:00,        53.508631
11/09/2008 10:00:00,        55.022462
11/09/2008 11:00:00,        58.226604
11/09/2008 12:00:00,        59.638594
11/09/2008 13:00:00,        63.181644
11/09/2008 14:00:00,        69.088440
11/09/2008 15:00:00,        73.250388
11/09/2008 16:00:00,        78.865252
11/09/2008 17:00:00,        84.187724
11/09/2008 18:00:00,        89.293659
11/09/2008 19:00:00,        93.295405
11/09/2008 20:00:00,        96.737608
11/09/2008 21:00:00,        98.077647
11/09/2008 22:00:00,        99.273688
11/09/2008 23:00:00,        96.849988
11/10/2008 00:00:00,        91.189514
11/10/2008 01:00:00,       118.554831
11/10/2008 02:00:00,       113.019426
11/10/2008 03:00:00,       107.698266
11/10/2008 04:00:00,       103.467215
11/10/2008 05:00:00,        99.226250
11/10/2008 06:00:00,        42.822139
11/10/2008 07:00:00,        16.234021
11/10/2008 08:00:00,        18.707280
11/10/2008 09:00:00,        10.962062
11/10/2008 10:00:00,        19.845330
11/10/2008 11:00:00,        22.753190
11/10/2008 12:00:00,        34.124666
11/10/2008 13:00:00,        48.135776
11/10/2008 14:00:00,        44.261052
11/10/2008 15:00:00,        56.360801
11/10/2008 16:00:00,        55.429139
11/10/2008 17:00:00,        55.494563
11/10/2008 18:00:00,        59.134404
11/10/2008 19:00:00,        58.638801
11/10/2008 20:00:00,        60.203951
11/10/2008 21:00:00,        61.352983
11/10/2008 22:00:00,        62.641131
11/10/2008 23:00:00,        62.206649
11/11/2008 00:00:00,        64.766990
11/11/2008 01:00:00,       110.514605
11/11/2008 02:00:00,       109.288071
11/11/2008 03:00:00,       116.798934
11/11/2008 04:00:00,       114.570434
11/11/2008 05:00:00,       106.831545
11/11/2008 06:00:00,       110.855671
11/11/2008 07:00:00,        58.609404
11/11/2008 08:00:00,         5.518697
11/11/2008 09:00:00,         6.517279
11/11/2008 10:00:00,        19.031962
11/11/2008 11:00:00,        17.852242
11/11/2008 12:00:00,        16.793629
11/11/2008 13:00:00,        25.870724
11/11/2008 14:00:00,        29.091749
11/11/2008 15:00:00,        55.853888
11/11/2008 16:00:00,        61.871764
11/11/2008 17:00:00,        69.017348
11/11/2008 18:00:00,        72.678257
11/11/2008 19:00:00,        77.290288
11/11/2008 20:00:00,        78.341455
11/11/2008 21:00:00,        82.978308
11/11/2008 22:00:00,        84.558619
11/11/2008 23:00:00,        74.243819
11/12/2008 00:00:00,        87.719189
11/12/2008 01:00:00,        59.284537
11/12/2008 02:00:00,        48.311676
11/12/2008 03:00:00,        55.427463
11/12/2008 04:00:00,        71.643015
11/12/2008 05:00:00,        74.264021
11/12/2008 06:00:00,        75.300941
11/12/2008 07:00:00,        67.358797
11/12/2008 08:00:00,        59.197416
11/12/2008 09:00:00,        37.197871
11/12/2008 10:00:00,        25.593665
11/12/2008 11:00:00,        27.887823
11/12/2008 12:00:00,        22.315749
11/12/2008 13:00:00,        29.610412
11/12/2008 14:00:00,        31.601753
11/12/2008 15:00:00,        48.627913
11/12/2008 16:00:00,        48.202219
11/12/2008 17:00:00,        47.525298
11/12/2008 18:00:00,        45.588075
11/12/2008 19:00:00,        44.321537
11/12/2008 20:00:00,        44.097856
11/12/2008 21:00:00,        45.137216
11/12/2008 22:00:00,        46.733276
11/12/2008 23:00:00,        47.666815
11/13/2008 00:00:00,        48.736165
11/13/2008 01:00:00,        13.515888
11/13/2008 02:00:00,        12.871350
11/13/2008 03:00:00,        12.612686
11/13/2008 04:00:00,        12.483862
11/13/2008 05:00:00,        12.485806
11/13/2008 06:00:00,        13.469679
11/13/2008 07:00:00,        13.172651
11/13/2008 08:00:00,        10.531543
11/13/2008 09:00:00,        11.187604
11/13/2008 10:00:00,        12.383727
11/13/2008 11:00:00,        13.742165
11/13/2008 12:00:00,        16.290905
11/13/2008 13:00:00,        18.042223
11/13/2008 14:00:00,        24.595777
11/13/2008 15:00:00,        28.617780
11/13/2008 16:00:00,        32.420254
11/13/2008 17:00:00,        36.287760
11/13/2008 18:00:00,        39.904946
11/13/2008 19:00:00,        41.356073
11/13/2008 20:00:00,        43.849476
11/13/2008 21:00:00,        47.757217
11/13/2008 22:00:00,        52.083602
11/13/2008 23:00:00,        42.223692
11/14/2008 00:00:00,         7.975444
11/14/2008 01:00:00,        14.203332
11/14/2008 02:00:00,        72.190392
11/14/2008 03:00:00,        95.848572
11/14/2008 04:00:00,        98.518602
11/14/2008 05:00:00,       100.366890
11/14/2008 06:00:00,       101.956952
11/14/2008 07:00:00,       103.115633
11/14/2008 08:00:00,       106.025249
11/14/2008 09:00:00,       107.497730
11/14/2008 10:00:00,       106.244489
11/14/2008 11:00:00,       102.797315
11/14/2008 12:00:00,       101.058005
11/14/2008 13:00:00,        99.795875
11/14/2008 14:00:00,        96.287113
11/14/2008 15:00:00,        93.271626
11/14/2008 16:00:00,        88.918040
11/14/2008 17:00:00,        85.087736
11/14/2008 18:00:00,        80.530771
11/14/2008 19:00:00,        78.595102
11/14/2008 20:00:00,        75.220802
11/14/2008 21:00:00,        72.274065
11/14/2008 22:00:00,        67.264335
11/14/2008 23:00:00,        64.856776
11/15/2008 00:00:00,        64.550082
11/15/2008 01:00:00,        59.421047
11/15/2008 02:00:00,        58.336766
11/15/2008 03:00:00,        55.435572
11/15/2008 04:00:00,        52.662270
11/15/2008 05:00:00,        49.771101
11/15/2008 06:00:00,        46.878012
11/15/2008 07:00:00,        45.211720
11/15/2008 08:00:00,        42.892324
11/15/2008 09:00:00,        39.195847
11/15/2008 10:00:00,        34.856988
11/15/2008 11:00:00,        30.810315
11/15/2008 12:00:00,        26.878485
11/15/2008 13:00:00,        23.602661
11/15/2008 14:00:00,        20.497163
11/15/2008 15:00:00,        19.369578
11/15/2008 16:00:00,        18.643392
11/15/2008 17:00:00,        23.338819
11/15/2008 18:00:00,        28.916604
11/15/2008 19:00:00,        32.892328
11/15/2008 20:00:00,        34.995241
11/15/2008 21:00:00,        38.586919
11/15/2008 22:00:00,        46.612021
11/15/2008 23:00:00,        52.668271
11/16/2008 00:00:00,        59.620289
11/16/2008 01:00:00,       162.453951
11/16/2008 02:00:00,       167.482973
11/16/2008 03:00:00,       174.597071
11/16/2008 04:00:00,       179.164807
11/16/2008 05:00:00,       175.573437
11/16/2008 06:00:00,       175.971487
11/16/2008 07:00:00,       176.402222
11/16/2008 08:00:00,       180.028695
11/16/2008 09:00:00,       181.207769
11/16/2008 10:00:00,       182.243480
11/16/2008 11:00:00,       178.742871
11/16/2008 12:00:00,       179.773530
11/16/2008 13:00:00,       180.079336
11/16/2008 14:00:00,       179.789643
11/16/2008 15:00:00,       183.926687
11/16/2008 16:00:00,       182.616412
11/16/2008 17:00:00,       184.076589
11/16/2008 18:00:00,       188.021615
11/16/2008 19:00:00,       186.132145
11/16/2008 20:00:00,       188.725692
11/16/2008 21:00:00,       190.520302
11/16/2008 22:00:00,       150.207619
11/16/2008 23:00:00,        37.603393
11/17/2008 00:00:00,        77.959552
11/17/2008 01:00:00,        77.858500
11/17/2008 02:00:00,        94.560000
11/17/2008 03:00:00,       110.555375
11/17/2008 04:00:00,       125.680400
11/17/2008 05:00:00,       155.964093
11/17/2008 06:00:00,       189.040212
11/17/2008 07:00:00,       186.467291
11/17/2008 08:00:00,       215.593985
11/17/2008 09:00:00,       199.437005
11/17/2008 10:00:00,       184.401153
11/17/2008 11:00:00,       209.377500
11/17/2008 12:00:00,       210.602479
11/17/2008 13:00:00,       208.608384
11/17/2008 14:00:00,       202.991768
11/17/2008 15:00:00,       196.086158
11/17/2008 16:00:00,       188.081190
11/17/2008 17:00:00,       181.134260
11/17/2008 18:00:00,       174.737435
11/17/2008 19:00:00,       170.559016
11/17/2008 20:00:00,       166.249361
11/17/2008 21:00:00,       163.874960
11/17/2008 22:00:00,       160.233697
11/17/2008 23:00:00,       154.722261
11/18/2008 00:00:00,       123.810616
11/18/2008 01:00:00,        40.819105
11/18/2008 02:00:00,        40.204716
11/18/2008 03:00:00,        35.567078
11/18/2008 04:00:00,        34.251300
11/18/2008 05:00:00,        30.548879
11/18/2008 06:00:00,        26.043235
11/18/2008 07:00:00,        23.600246
11/18/2008 08:00:00,        19.803053
11/18/2008 09:00:00,        18.091933
11/18/2008 10:00:00,        16.565037
11/18/2008 11:00:00,        17.140906
11/18/2008 12:00:00,        15.202813
11/18/2008 13:00:00,        13.117003
11/18/2008 14:00:00,        13.358122
11/18/2008 15:00:00,        13.288971
11/18/2008 16:00:00,        15.069263
11/18/2008 17:00:00,        18.270879
11/18/2008 18:00:00,        23.678691
11/18/2008 19:00:00,        25.996467
11/18/2008 20:00:00,        28.750035
11/18/2008 21:00:00,        31.618630
11/18/2008 22:00:00,        34.750898
11/18/2008 23:00:00,        38.730525
11/19/2008 00:00:00,        43.547458
11/19/2008 01:00:00,        64.031708
11/19/2008 02:00:00,        65.861595
11/19/2008 03:00:00,        68.323713
11/19/2008 04:00:00,        72.047306
11/19/2008 05:00:00,        75.736327
11/19/2008 06:00:00,        78.597454
11/19/2008 07:00:00,        81.975682
11/19/2008 08:00:00,        83.882717
11/19/2008 09:00:00,        84.745183
11/19/2008 10:00:00,        83.710122
11/19/2008 11:00:00,        83.288737
11/19/2008 12:00:00,        84.638570
11/19/2008 13:00:00,        85.824802
11/19/2008 14:00:00,        85.294030
11/19/2008 15:00:00,        81.461279
11/19/2008 16:00:00,        76.905454
11/19/2008 17:00:00,        73.643553
11/19/2008 18:00:00,        71.327686
11/19/2008 19:00:00,        69.283502
11/19/2008 20:00:00,        66.510955
11/19/2008 21:00:00,        64.343677
11/19/2008 22:00:00,        61.823750
11/19/2008 23:00:00,        60.219418
11/20/2008 00:00:00,        58.353331
11/20/2008 01:00:00,        64.221539
11/20/2008 02:00:00,        59.541845
11/20/2008 03:00:00,        54.426928
11/20/2008 04:00:00,        51.104540
11/20/2008 05:00:00,        49.297543
11/20/2008 06:00:00,        47.355598
11/20/2008 07:00:00,        46.527826
11/20/2008 08:00:00,        44.477369
11/20/2008 09:00:00,        44.249270
11/20/2008 10:00:00,        43.242352
11/20/2008 11:00:00,        44.049424
11/20/2008 12:00:00,        46.089634
11/20/2008 13:00:00,        47.894541
11/20/2008 14:00:00,        54.936549
11/20/2008 15:00:00,        62.592856
11/20/2008 16:00:00,        71.789407
11/20/2008 17:00:00,        79.433766
11/20/2008 18:00:00,        87.744692
11/20/2008 19:00:00,        94.135615
11/20/2008 20:00:00,       101.441227
11/20/2008 21:00:00,       110.275180
11/20/2008 22:00:00,       120.381013
11/20/2008 23:00:00,       130.067592
11/21/2008 00:00:00,       138.691100
11/21/2008 01:00:00,       173.241318
11/21/2008 02:00:00,       176.154675
11/21/2008 03:00:00,       178.394224
11/21/2008 04:00:00,       180.168194
11/21/2008 05:00:00,       181.785468
11/21/2008 06:00:00,       183.261959
11/21/2008 07:00:00,       185.515499
11/21/2008 08:00:00,       184.931915
11/21/2008 09:00:00,       183.617246
11/21/2008 10:00:00,       181.077570
11/21/2008 11:00:00,       178.491392
11/21/2008 12:00:00,       173.482417
11/21/2008 13:00:00,       167.643840
11/21/2008 14:00:00,       160.282930
11/21/2008 15:00:00,       151.554071
11/21/2008 16:00:00,       141.741333
11/21/2008 17:00:00,       132.249519
11/21/2008 18:00:00,       124.542111
11/21/2008 19:00:00,       119.327811
11/21/2008 20:00:00,       111.940359
11/21/2008 21:00:00,       107.114383
11/21/2008 22:00:00,       103.007006
11/21/2008 23:00:00,        97.977357
11/22/2008 00:00:00,        93.555403
11/22/2008 01:00:00,        37.362220
11/22/2008 02:00:00,        37.956209
11/22/2008 03:00:00,        40.505481
11/22/2008 04:00:00,        43.898592
11/22/2008 05:00:00,        48.790330
11/22/2008 06:00:00,        55.053836
11/22/2008 07:00:00,        66.112453
11/22/2008 08:00:00,        74.078393
11/22/2008 09:00:00,        85.259606
11/22/2008 10:00:00,        95.848526
11/22/2008 11:00:00,       107.115756
11/22/2008 12:00:00,       119.353410
11/22/2008 13:00:00,       130.151698
11/22/2008 14:00:00,       141.607861
11/22/2008 15:00:00,       151.014168
11/22/2008 16:00:00,       158.668402
11/22/2008 17:00:00,       163.877958
11/22/2008 18:00:00,       168.973203
11/22/2008 19:00:00,       176.639585
11/22/2008 20:00:00,       180.917696
11/22/2008 21:00:00,       184.383462
11/22/2008 22:00:00,       187.392471
11/22/2008 23:00:00,       189.125182
11/23/2008 00:00:00,       188.176741
11/23/2008 01:00:00,       222.460258
11/23/2008 02:00:00,       222.913469
11/23/2008 03:00:00,       223.260269
11/23/2008 04:00:00,       223.509329
11/23/2008 05:00:00,       223.709867
11/23/2008 06:00:00,       223.895354
11/23/2008 07:00:00,       223.940079
11/23/2008 08:00:00,       223.959698
11/23/2008 09:00:00,       223.983301
11/23/2008 10:00:00,       223.979203
11/23/2008 11:00:00,       223.949633
11/23/2008 12:00:00,       223.941098
11/23/2008 13:00:00,       223.921971
11/23/2008 14:00:00,       223.921079
11/23/2008 15:00:00,       223.909781
11/23/2008 16:00:00,       223.831719
11/23/2008 17:00:00,       223.631945
11/23/2008 18:00:00,       223.271621
11/23/2008 19:00:00,       223.229819
11/23/2008 20:00:00,       222.996875
11/23/2008 21:00:00,       222.694242
11/23/2008 22:00:00,       222.240230
11/23/2008 23:00:00,       221.620173
11/24/2008 00:00:00,       220.941230
11/24/2008 01:00:00,       176.146852
11/24/2008 02:00:00,       164.753725
11/24/2008 03:00:00,       154.003283
11/24/2008 04:00:00,       144.953821
11/24/2008 05:00:00,       137.410069
11/24/2008 06:00:00,       131.996706
11/24/2008 07:00:00,       127.345992
11/24/2008 08:00:00,       117.127518
11/24/2008 09:00:00,       104.010369
11/24/2008 10:00:00,        89.368510
11/24/2008 11:00:00,        72.774782
11/24/2008 12:00:00,        57.943029
11/24/2008 13:00:00,        47.741104
11/24/2008 14:00:00,        40.415867
11/24/2008 15:00:00,        33.724373
11/24/2008 16:00:00,        30.866330
11/24/2008 17:00:00,        26.658561
11/24/2008 18:00:00,        22.752427
11/24/2008 19:00:00,        18.848887
11/24/2008 20:00:00,        16.284173
11/24/2008 21:00:00,        14.704984
11/24/2008 22:00:00,        14.152878
11/24/2008 23:00:00,        15.673734
11/25/2008 00:00:00,        17.944658
11/25/2008 01:00:00,        23.960382
11/25/2008 02:00:00,        25.004716
11/25/2008 03:00:00,        26.020221
11/25/2008 04:00:00,        28.127394
11/25/2008 05:00:00,        31.371505
11/25/2008 06:00:00,        34.590760
11/25/2008 07:00:00,         7.547095
11/25/2008 08:00:00,         1.438128
11/25/2008 09:00:00,         0.000000
11/25/2008 10:00:00,         0.000000
11/25/2008 11:00:00,         0.000000
11/25/2008 12:00:00,         0.000000
11/25/2008 13:00:00,         0.000000
11/25/2008 14:00:00,         8.027500
11/25/2008 15:00:00,        74.024000
11/25/2008 16:00:00,       116.834220
11/25/2008 17:00:00,       131.411140
11/25/2008 18:00:00,       143.666910
11/25/2008 19:00:00,       137.959917
11/25/2008 20:00:00,       128.312419
11/25/2008 21:00:00,       132.320747
11/25/2008 22:00:00,       121.028750
11/25/2008 23:00:00,        69.979589
11/26/2008 00:00:00,         7.031845
11/26/2008 01:00:00,         1.569938
11/26/2008 02:00:00,         0.000000
11/26/2008 03:00:00,         0.000000
11/26/2008 04:00:00,         0.000000
11/26/2008 05:00:00,         0.000000
11/26/2008 06:00:00,        28.956000
11/26/2008 07:00:00,        78.430618
11/26/2008 08:00:00,       157.886153
11/26/2008 09:00:00,       112.289517
11/26/2008 10:00:00,       107.876657
11/26/2008 11:00:00,       114.747326
11/26/2008 12:00:00,       127.810451
11/26/2008 13:00:00,       139.859480
11/26/2008 14:00:00,       134.089027
11/26/2008 15:00:00,       127.721010
11/26/2008 16:00:00,       121.128130
11/26/2008 17:00:00,       111.634584
11/26/2008 18:00:00,       102.716420
11/26/2008 19:00:00,        92.449765
11/26/2008 20:00:00,        89.730872
11/26/2008 21:00:00,        87.636238
11/26/2008 22:00:00,        85.259720
11/26/2008 23:00:00,        87.087094
11/27/2008 00:00:00,        93.190550
11/27/2008 01:00:00,        64.200421
11/27/2008 02:00:00,        61.109490
11/27/2008 03:00:00,        57.334306
11/27/2008 04:00:00,        52.141480
11/27/2008 05:00:00,        45.506904
11/27/2008 06:00:00,        42.921699
11/27/2008 07:00:00,        33.601500
11/27/2008 08:00:00,        35.482255
11/27/2008 09:00:00,        30.221515
11/27/2008 10:00:00,        26.339245
11/27/2008 11:00:00,        24.475638
11/27/2008 12:00:00,        22.470168
11/27/2008 13:00:00,        20.795258
11/27/2008 14:00:00,        20.804940
11/27/2008 15:00:00,        21.327810
11/27/2008 16:00:00,        20.539765
11/27/2008 17:00:00,        21.428452
11/27/2008 18:00:00,        21.984456
11/27/2008 19:00:00,        22.920276
11/27/2008 20:00:00,        22.433510
11/27/2008 21:00:00,        18.671767
11/27/2008 22:00:00,        18.773684
11/27/2008 23:00:00,        13.931326
11/28/2008 00:00:00,        14.082702
11/28/2008 01:00:00,         9.271521
11/28/2008 02:00:00,         1.484400
11/28/2008 03:00:00,         0.167444
11/28/2008 04:00:00,         0.000000
11/28/2008 05:00:00,         0.000000
11/28/2008 06:00:00,         0.000000
11/28/2008 07:00:00,         0.000000
11/28/2008 08:00:00,         0.000000
11/28/2008 09:00:00,         0.000000
11/28/2008 10:00:00,         0.000000
11/28/2008 11:00:00,         9.509500
11/28/2008 12:00:00,        23.674000
11/28/2008 13:00:00,        19.484820
11/28/2008 14:00:00,        21.269366
11/28/2008 15:00:00,        32.966214
11/28/2008 16:00:00,        31.649049
11/28/2008 17:00:00,        36.219903
11/28/2008 18:00:00,        37.069781
11/28/2008 19:00:00,        36.007740
11/28/2008 20:00:00,        39.375200
11/28/2008 21:00:00,        31.608284
11/28/2008 22:00:00,        12.653751
11/28/2008 23:00:00,         3.424346
11/29/2008 00:00:00,         2.886186
11/29/2008 01:00:00,         9.052467
11/29/2008 02:00:00,         5.772092
11/29/2008 03:00:00,         1.872447
11/29/2008 04:00:00,         5.992453
11/29/2008 05:00:00,         4.565697
11/29/2008 06:00:00,         0.000000
11/29/2008 07:00:00,         0.000000
11/29/2008 08:00:00,         0.000000
11/29/2008 09:00:00,         9.752423
11/29/2008 10:00:00,         0.000000
11/29/2008 11:00:00,         0.000000
11/29/2008 12:00:00,         0.000000
11/29/2008 13:00:00,         0.000000
11/29/2008 14:00:00,         2.682571
11/29/2008 15:00:00,         7.513390
11/29/2008 16:00:00,        52.322087
11/29/2008 17:00:00,        68.279338
11/29/2008 18:00:00,        75.614210
11/29/2008 19:00:00,        79.052280
11/29/2008 20:00:00,        81.194920
11/29/2008 21:00:00,        83.428571
11/29/2008 22:00:00,        74.770361
11/29/2008 23:00:00,        78.137797
11/30/2008 00:00:00,        51.879561
11/30/2008 01:00:00,        60.287284
11/30/2008 02:00:00,        50.186685
11/30/2008 03:00:00,        17.559946
11/30/2008 04:00:00,        17.653298
11/30/2008 05:00:00,        41.295641
11/30/2008 06:00:00,        49.145754
11/30/2008 07:00:00,       107.551145
11/30/2008 08:00:00,       105.143923
11/30/2008 09:00:00,        93.085406
11/30/2008 10:00:00,        66.514008
11/30/2008 11:00:00,        55.530938
11/30/2008 12:00:00,        21.296264
11/30/2008 13:00:00,        17.096794
11/30/2008 14:00:00,        19.235532
11/30/2008 15:00:00,        23.687217
11/30/2008 16:00:00,        42.532870
11/30/2008 17:00:00,        34.657923
11/30/2008 18:00:00,        29.728618
11/30/2008 19:00:00,        26.697757
11/30/2008 20:00:00,        24.058030
11/30/2008 21:00:00,        20.768879
11/30/2008 22:00:00,        17.734147
11/30/2008 23:00:00,        15.489321
12/01/2008 00:00:00,        82.809293
12/01/2008 01:00:00,        91.514470
12/01/2008 02:00:00,       104.491666
12/01/2008 03:00:00,       112.982420
12/01/2008 04:00:00,       120.698136
12/01/2008 05:00:00,       127.539116
12/01/2008 06:00:00,       130.416690
12/01/2008 07:00:00,       142.242740
12/01/2008 08:00:00,       154.825900
12/01/2008 09:00:00,       156.954550
12/01/2008 10:00:00,       154.669700
12/01/2008 11:00:00,       151.492670
12/01/2008 12:00:00,       148.459160
12/01/2008 13:00:00,       146.606880
12/01/2008 14:00:00,       150.513390
12/01/2008 15:00:00,         8.939689
12/01/2008 16:00:00,        10.142067
12/01/2008 17:00:00,       127.288272
12/01/2008 18:00:00,       121.754764
12/01/2008 19:00:00,       115.301032
12/01/2008 20:00:00,       108.163843
12/01/2008 21:00:00,       103.121472
12/01/2008 22:00:00,       103.377189
12/01/2008 23:00:00,       112.057992
12/02/2008 00:00:00,       124.529111
12/02/2008 01:00:00,        88.127844
12/02/2008 02:00:00,       107.361694
12/02/2008 03:00:00,       113.046228
12/02/2008 04:00:00,        60.430680
12/02/2008 05:00:00,       155.743000
12/02/2008 06:00:00,       161.730230
12/02/2008 07:00:00,       116.349376
12/02/2008 08:00:00,        48.410356
12/02/2008 09:00:00,         2.065110
12/02/2008 10:00:00,        10.600623
12/02/2008 11:00:00,        20.529500
12/02/2008 12:00:00,         9.985760
12/02/2008 13:00:00,         1.698600
12/02/2008 14:00:00,         0.000000
12/02/2008 15:00:00,         0.000000
12/02/2008 16:00:00,         0.000000
12/02/2008 17:00:00,         0.000000
12/02/2008 18:00:00,         0.000000
12/02/2008 19:00:00,         0.000000
12/02/2008 20:00:00,        43.557500
12/02/2008 21:00:00,         0.000000
12/02/2008 22:00:00,        20.662500
12/02/2008 23:00:00,       157.997500
12/03/2008 00:00:00,       160.997220
12/03/2008 01:00:00,       165.410937
12/03/2008 02:00:00,       165.589409
12/03/2008 03:00:00,       162.088169
12/03/2008 04:00:00,       159.976645
12/03/2008 05:00:00,       160.033055
12/03/2008 06:00:00,       159.133788
12/03/2008 07:00:00,       150.594854
12/03/2008 08:00:00,       153.905943
12/03/2008 09:00:00,       152.767840
12/03/2008 10:00:00,       149.428540
12/03/2008 11:00:00,       143.328950
12/03/2008 12:00:00,       138.719840
12/03/2008 13:00:00,       131.403050
12/03/2008 14:00:00,       122.773270
12/03/2008 15:00:00,       119.411100
12/03/2008 16:00:00,       116.330925
12/03/2008 17:00:00,       114.951078
12/03/2008 18:00:00,       116.255538
12/03/2008 19:00:00,       115.855278
12/03/2008 20:00:00,       117.191474
12/03/2008 21:00:00,       113.372853
12/03/2008 22:00:00,       115.147227
12/03/2008 23:00:00,       116.995276
12/04/2008 00:00:00,       116.223894
12/04/2008 01:00:00,       134.284182
12/04/2008 02:00:00,       130.104969
12/04/2008 03:00:00,       138.553490
12/04/2008 04:00:00,       149.652874
12/04/2008 05:00:00,       154.893983
12/04/2008 06:00:00,       157.526009
12/04/2008 07:00:00,       156.390195
12/04/2008 08:00:00,       160.820696
12/04/2008 09:00:00,       163.877925
12/04/2008 10:00:00,       159.302096
12/04/2008 11:00:00,       164.386453
12/04/2008 12:00:00,       167.397041
12/04/2008 13:00:00,       166.081027
12/04/2008 14:00:00,       162.520616
12/04/2008 15:00:00,         0.000000
12/04/2008 16:00:00,         0.000000
12/04/2008 17:00:00,         0.000000
12/04/2008 18:00:00,         0.000000
12/04/2008 19:00:00,         0.000000
12/04/2008 20:00:00,         0.000000
12/04/2008 21:00:00,         0.000000
12/04/2008 22:00:00,         0.000000
12/04/2008 23:00:00,        23.717890
12/05/2008 00:00:00,        84.160276
12/05/2008 01:00:00,        74.316994
12/05/2008 02:00:00,       112.466569
12/05/2008 03:00:00,       110.773516
12/05/2008 04:00:00,       112.114778
12/05/2008 05:00:00,       113.521552
12/05/2008 06:00:00,       114.062379
12/05/2008 07:00:00,       112.849485
12/05/2008 08:00:00,       107.664497
12/05/2008 09:00:00,       105.973044
12/05/2008 10:00:00,       109.155019
12/05/2008 11:00:00,       108.985173
12/05/2008 12:00:00,       109.165074
12/05/2008 13:00:00,       107.949946
12/05/2008 14:00:00,       104.180253
12/05/2008 15:00:00,       100.846343
12/05/2008 16:00:00,        95.617056
12/05/2008 17:00:00,        89.148644
12/05/2008 18:00:00,        82.318228
12/05/2008 19:00:00,        78.550523
12/05/2008 20:00:00,        76.496462
12/05/2008 21:00:00,        78.496547
12/05/2008 22:00:00,        73.673316
12/05/2008 23:00:00,        69.347640
12/06/2008 00:00:00,        64.509420
12/06/2008 01:00:00,        62.691303
12/06/2008 02:00:00,        61.934416
12/06/2008 03:00:00,        60.258138
12/06/2008 04:00:00,        58.010525
12/06/2008 05:00:00,        55.028670
12/06/2008 06:00:00,        55.178406
12/06/2008 07:00:00,        61.098255
12/06/2008 08:00:00,        56.338660
12/06/2008 09:00:00,        54.187550
12/06/2008 10:00:00,        50.016260
12/06/2008 11:00:00,        45.533080
12/06/2008 12:00:00,        41.210310
12/06/2008 13:00:00,        37.383760
12/06/2008 14:00:00,        32.573900
12/06/2008 15:00:00,        29.993870
12/06/2008 16:00:00,        28.764884
12/06/2008 17:00:00,        26.779241
12/06/2008 18:00:00,        25.428262
12/06/2008 19:00:00,        25.796878
12/06/2008 20:00:00,        25.709400
12/06/2008 21:00:00,        25.458980
12/06/2008 22:00:00,        26.044920
12/06/2008 23:00:00,        19.953631
12/07/2008 00:00:00,        17.610441
12/07/2008 01:00:00,        29.361783
12/07/2008 02:00:00,        27.266949
12/07/2008 03:00:00,        24.663511
12/07/2008 04:00:00,        22.573684
12/07/2008 05:00:00,        21.823784
12/07/2008 06:00:00,        22.198345
12/07/2008 07:00:00,        22.677448
12/07/2008 08:00:00,        19.454157
12/07/2008 09:00:00,        16.489943
12/07/2008 10:00:00,        15.792001
12/07/2008 11:00:00,        12.782121
12/07/2008 12:00:00,         9.566101
12/07/2008 13:00:00,         7.693767
12/07/2008 14:00:00,         5.330398
12/07/2008 15:00:00,         2.437633
12/07/2008 16:00:00,         0.000000
12/07/2008 17:00:00,         0.000000
12/07/2008 18:00:00,         0.000000
12/07/2008 19:00:00,         0.000000
12/07/2008 20:00:00,         0.000000
12/07/2008 21:00:00,         0.000000
12/07/2008 22:00:00,         0.000000
12/07/2008 23:00:00,         1.181841
12/08/2008 00:00:00,         7.012542
12/08/2008 01:00:00,        74.609918
12/08/2008 02:00:00,        39.361585
12/08/2008 03:00:00,        50.964486
12/08/2008 04:00:00,       152.282863
12/08/2008 05:00:00,       156.987769
12/08/2008 06:00:00,       160.979764
12/08/2008 07:00:00,       164.468386
12/08/2008 08:00:00,       181.784027
12/08/2008 09:00:00,       192.434422
12/08/2008 10:00:00,       199.630096
12/08/2008 11:00:00,       201.775604
12/08/2008 12:00:00,       202.646480
12/08/2008 13:00:00,       200.411269
12/08/2008 14:00:00,       193.924552
12/08/2008 15:00:00,       187.433108
12/08/2008 16:00:00,       182.537345
12/08/2008 17:00:00,       178.888078
12/08/2008 18:00:00,       174.183921
12/08/2008 19:00:00,       171.018193
12/08/2008 20:00:00,       168.512557
12/08/2008 21:00:00,       164.692563
12/08/2008 22:00:00,       159.058046
12/08/2008 23:00:00,       152.736119
12/09/2008 00:00:00,       143.666153
12/09/2008 01:00:00,        93.231770
12/09/2008 02:00:00,        84.867707
12/09/2008 03:00:00,        76.309537
12/09/2008 04:00:00,        69.758843
12/09/2008 05:00:00,        66.199550
12/09/2008 06:00:00,        64.487469
12/09/2008 07:00:00,        65.263211
12/09/2008 08:00:00,        59.439309
12/09/2008 09:00:00,        54.580020
12/09/2008 10:00:00,        53.564781
12/09/2008 11:00:00,        55.913806
12/09/2008 12:00:00,        61.142634
12/09/2008 13:00:00,        66.969862
12/09/2008 14:00:00,        71.625903
12/09/2008 15:00:00,        68.091470
12/09/2008 16:00:00,        76.540840
12/09/2008 17:00:00,        86.395410
12/09/2008 18:00:00,        96.393070
12/09/2008 19:00:00,       101.616230
12/09/2008 20:00:00,       107.137130
12/09/2008 21:00:00,       110.415890
12/09/2008 22:00:00,       124.453855
12/09/2008 23:00:00,       128.381081
12/10/2008 00:00:00,       138.423480
12/10/2008 01:00:00,       137.837070
12/10/2008 02:00:00,       144.919600
12/10/2008 03:00:00,       123.644045
12/10/2008 04:00:00,         6.807290
12/10/2008 05:00:00,       134.241574
12/10/2008 06:00:00,       130.645925
12/10/2008 07:00:00,       129.897041
12/10/2008 08:00:00,       134.647095
12/10/2008 09:00:00,       138.921601
12/10/2008 10:00:00,       143.187569
12/10/2008 11:00:00,       145.244695
12/10/2008 12:00:00,       147.863668
12/10/2008 13:00:00,       148.240769
12/10/2008 14:00:00,       147.705529
12/10/2008 15:00:00,        83.140154
12/10/2008 16:00:00,         0.000000
12/10/2008 17:00:00,        19.023375
12/10/2008 18:00:00,        26.264132
12/10/2008 19:00:00,        52.728189
12/10/2008 20:00:00,        68.286654
12/10/2008 21:00:00,        57.031621
12/10/2008 22:00:00,        68.568558
12/10/2008 23:00:00,       101.484844
12/11/2008 00:00:00,        88.511466
12/11/2008 01:00:00,         0.000000
12/11/2008 02:00:00,         5.633771
12/11/2008 03:00:00,         0.000000
12/11/2008 04:00:00,         0.466042
12/11/2008 05:00:00,        10.564000
12/11/2008 06:00:00,        10.293386
12/11/2008 07:00:00,         9.939463
12/11/2008 08:00:00,         6.982014
12/11/2008 09:00:00,         6.576017
12/11/2008 10:00:00,         6.409589
12/11/2008 11:00:00,         6.938064
12/11/2008 12:00:00,         7.127840
12/11/2008 13:00:00,         7.238016
12/11/2008 14:00:00,         8.712380
12/11/2008 15:00:00,         8.786557
12/11/2008 16:00:00,        11.381345
12/11/2008 17:00:00,        13.299030
12/11/2008 18:00:00,        15.158045
12/11/2008 19:00:00,        16.547230
12/11/2008 20:00:00,        18.298462
12/11/2008 21:00:00,        18.469909
12/11/2008 22:00:00,        20.962661
12/11/2008 23:00:00,        25.621464
12/12/2008 00:00:00,        30.238967
12/12/2008 01:00:00,        36.871004
12/12/2008 02:00:00,        41.323554
12/12/2008 03:00:00,        47.636550
12/12/2008 04:00:00,        52.941090
12/12/2008 05:00:00,        59.820609
12/12/2008 06:00:00,        64.434360
12/12/2008 07:00:00,        69.713992
12/12/2008 08:00:00,        74.146813
12/12/2008 09:00:00,        79.544668
12/12/2008 10:00:00,        83.116750
12/12/2008 11:00:00,        87.636580
12/12/2008 12:00:00,        90.391701
12/12/2008 13:00:00,        35.514603
12/12/2008 14:00:00,        22.571707
12/12/2008 15:00:00,        28.936810
12/12/2008 16:00:00,        23.099463
12/12/2008 17:00:00,        92.064876
12/12/2008 18:00:00,        97.043046
12/12/2008 19:00:00,        96.532375
12/12/2008 20:00:00,        32.141861
12/12/2008 21:00:00,        62.185183
12/12/2008 22:00:00,        12.472394
12/12/2008 23:00:00,        13.097964
12/13/2008 00:00:00,        13.688904
12/13/2008 01:00:00,        63.154161
12/13/2008 02:00:00,        15.735755
12/13/2008 03:00:00,        23.920619
12/13/2008 04:00:00,        56.516487
12/13/2008 05:00:00,        41.053453
12/13/2008 06:00:00,        42.236056
12/13/2008 07:00:00,        42.173925
12/13/2008 08:00:00,        95.271726
12/13/2008 09:00:00,       102.866467
12/13/2008 10:00:00,       101.964033
12/13/2008 11:00:00,       120.838176
12/13/2008 12:00:00,       121.565227
12/13/2008 13:00:00,       119.002055
12/13/2008 14:00:00,       116.452477
12/13/2008 15:00:00,       116.950256
12/13/2008 16:00:00,       119.516869
12/13/2008 17:00:00,       124.593554
12/13/2008 18:00:00,       127.406540
12/13/2008 19:00:00,       125.037441
12/13/2008 20:00:00,       124.169627
12/13/2008 21:00:00,       128.141819
12/13/2008 22:00:00,       133.206638
12/13/2008 23:00:00,       138.757903
12/14/2008 00:00:00,       144.084593
12/14/2008 01:00:00,       103.709714
12/14/2008 02:00:00,       103.746054
12/14/2008 03:00:00,       102.631998
12/14/2008 04:00:00,       106.180150
12/14/2008 05:00:00,       109.312021
12/14/2008 06:00:00,       111.861538
12/14/2008 07:00:00,       116.143699
12/14/2008 08:00:00,       120.471604
12/14/2008 09:00:00,       126.793872
12/14/2008 10:00:00,       133.115971
12/14/2008 11:00:00,       137.491332
12/14/2008 12:00:00,       141.151901
12/14/2008 13:00:00,       142.306390
12/14/2008 14:00:00,       142.191162
12/14/2008 15:00:00,       147.834347
12/14/2008 16:00:00,       153.487664
12/14/2008 17:00:00,       157.612777
12/14/2008 18:00:00,       163.120994
12/14/2008 19:00:00,       165.055352
12/14/2008 20:00:00,       166.604506
12/14/2008 21:00:00,       168.275038
12/14/2008 22:00:00,       169.875345
12/14/2008 23:00:00,       170.775029
12/15/2008 00:00:00,       171.868941
12/15/2008 01:00:00,       210.151500
12/15/2008 02:00:00,       211.179300
12/15/2008 03:00:00,       211.659500
12/15/2008 04:00:00,       211.773500
12/15/2008 05:00:00,       213.113482
12/15/2008 06:00:00,       213.640968
12/15/2008 07:00:00,       214.441659
12/15/2008 08:00:00,       214.867861
12/15/2008 09:00:00,       215.391972
12/15/2008 10:00:00,       216.079813
12/15/2008 11:00:00,       215.123741
12/15/2008 12:00:00,       215.202927
12/15/2008 13:00:00,       210.436840
12/15/2008 14:00:00,       208.378836
12/15/2008 15:00:00,       204.781857
12/15/2008 16:00:00,       201.070514
12/15/2008 17:00:00,       198.125949
12/15/2008 18:00:00,       191.499340
12/15/2008 19:00:00,       182.074322
12/15/2008 20:00:00,       178.655704
12/15/2008 21:00:00,       175.171124
12/15/2008 22:00:00,       171.639710
12/15/2008 23:00:00,       168.238774
12/16/2008 00:00:00,       166.929776
12/16/2008 01:00:00,       169.696275
12/16/2008 02:00:00,       109.113859
12/16/2008 03:00:00,        48.634371
12/16/2008 04:00:00,        48.647529
12/16/2008 05:00:00,       121.675261
12/16/2008 06:00:00,        97.873163
12/16/2008 07:00:00,       110.187419
12/16/2008 08:00:00,       171.229585
12/16/2008 09:00:00,       170.998847
12/16/2008 10:00:00,       170.846410
12/16/2008 11:00:00,       158.326747
12/16/2008 12:00:00,       173.059414
12/16/2008 13:00:00,       172.584999
12/16/2008 14:00:00,       170.007786
12/16/2008 15:00:00,       167.224450
12/16/2008 16:00:00,       166.174506
12/16/2008 17:00:00,       165.786158
12/16/2008 18:00:00,       165.258249
12/16/2008 19:00:00,       165.235859
12/16/2008 20:00:00,       165.745118
12/16/2008 21:00:00,       166.052297
12/16/2008 22:00:00,       166.450166
12/16/2008 23:00:00,       167.527725
12/17/2008 00:00:00,       167.017792
12/17/2008 01:00:00,        17.779310
12/17/2008 02:00:00,        18.848825
12/17/2008 03:00:00,        19.812181
12/17/2008 04:00:00,        20.078969
12/17/2008 05:00:00,        19.465529
12/17/2008 06:00:00,        19.532294
12/17/2008 07:00:00,        20.148783
12/17/2008 08:00:00,        20.158179
12/17/2008 09:00:00,        21.503830
12/17/2008 10:00:00,        23.832240
12/17/2008 11:00:00,        25.766722
12/17/2008 12:00:00,        28.341402
12/17/2008 13:00:00,        30.982386
12/17/2008 14:00:00,        32.417525
12/17/2008 15:00:00,        34.602365
12/17/2008 16:00:00,        37.159838
12/17/2008 17:00:00,        36.909840
12/17/2008 18:00:00,        36.160030
12/17/2008 19:00:00,        36.937270
12/17/2008 20:00:00,        36.517060
12/17/2008 21:00:00,        34.453960
12/17/2008 22:00:00,        31.352580
12/17/2008 23:00:00,        27.935400
12/18/2008 00:00:00,        33.732224
12/18/2008 01:00:00,        79.162169
12/18/2008 02:00:00,       100.614849
12/18/2008 03:00:00,       156.970418
12/18/2008 04:00:00,       165.479396
12/18/2008 05:00:00,       168.599099
12/18/2008 06:00:00,       169.545730
12/18/2008 07:00:00,       168.666906
12/18/2008 08:00:00,       175.127355
12/18/2008 09:00:00,       149.685046
12/18/2008 10:00:00,       132.147746
12/18/2008 11:00:00,       127.824886
12/18/2008 12:00:00,        56.786881
12/18/2008 13:00:00,        62.853080
12/18/2008 14:00:00,       107.016315
12/18/2008 15:00:00,       103.380497
12/18/2008 16:00:00,        84.249360
12/18/2008 17:00:00,        99.282517
12/18/2008 18:00:00,        90.332516
12/18/2008 19:00:00,       116.696734
12/18/2008 20:00:00,       116.012819
12/18/2008 21:00:00,       126.403211
12/18/2008 22:00:00,       130.047823
12/18/2008 23:00:00,       135.627489
12/19/2008 00:00:00,       140.894741
12/19/2008 01:00:00,       117.858794
12/19/2008 02:00:00,        82.190494
12/19/2008 03:00:00,       129.178306
12/19/2008 04:00:00,       101.043768
12/19/2008 05:00:00,       110.498726
12/19/2008 06:00:00,       102.745641
12/19/2008 07:00:00,        96.866432
12/19/2008 08:00:00,        90.599974
12/19/2008 09:00:00,        83.986405
12/19/2008 10:00:00,        75.317427
12/19/2008 11:00:00,        73.055153
12/19/2008 12:00:00,        60.519340
12/19/2008 13:00:00,        48.865752
12/19/2008 14:00:00,        45.755345
12/19/2008 15:00:00,        43.690234
12/19/2008 16:00:00,        40.787851
12/19/2008 17:00:00,        42.511947
12/19/2008 18:00:00,        45.291316
12/19/2008 19:00:00,        46.436774
12/19/2008 20:00:00,        47.773429
12/19/2008 21:00:00,        48.429967
12/19/2008 22:00:00,        47.662254
12/19/2008 23:00:00,        46.837538
12/20/2008 00:00:00,        45.572485
12/20/2008 01:00:00,        73.323795
12/20/2008 02:00:00,        70.067725
12/20/2008 03:00:00,        64.698758
12/20/2008 04:00:00,        59.717756
12/20/2008 05:00:00,        54.859237
12/20/2008 06:00:00,        50.549357
12/20/2008 07:00:00,        47.538883
12/20/2008 08:00:00,        44.553527
12/20/2008 09:00:00,        41.554697
12/20/2008 10:00:00,        38.199487
12/20/2008 11:00:00,        34.177096
12/20/2008 12:00:00,        29.666820
12/20/2008 13:00:00,        25.342670
12/20/2008 14:00:00,        21.729871
12/20/2008 15:00:00,        18.796356
12/20/2008 16:00:00,        16.230569
12/20/2008 17:00:00,        13.714160
12/20/2008 18:00:00,        11.788658
12/20/2008 19:00:00,         9.332747
12/20/2008 20:00:00,         7.138843
12/20/2008 21:00:00,         5.655721
12/20/2008 22:00:00,         5.014726
12/20/2008 23:00:00,         2.727197
12/21/2008 00:00:00,         0.999375
12/21/2008 01:00:00,         1.516056
12/21/2008 02:00:00,         2.747466
12/21/2008 03:00:00,         2.079880
12/21/2008 04:00:00,        11.542133
12/21/2008 05:00:00,        15.595356
12/21/2008 06:00:00,        18.934700
12/21/2008 07:00:00,        22.820110
12/21/2008 08:00:00,        29.332193
12/21/2008 09:00:00,        35.511037
12/21/2008 10:00:00,        40.865744
12/21/2008 11:00:00,        45.688722
12/21/2008 12:00:00,        50.829363
12/21/2008 13:00:00,        52.447429
12/21/2008 14:00:00,        69.998288
12/21/2008 15:00:00,        79.719326
12/21/2008 16:00:00,        89.753507
12/21/2008 17:00:00,       100.929296
12/21/2008 18:00:00,       109.360340
12/21/2008 19:00:00,       116.408607
12/21/2008 20:00:00,       122.291986
12/21/2008 21:00:00,       124.535694
12/21/2008 22:00:00,       127.638103
12/21/2008 23:00:00,       131.779790
12/22/2008 00:00:00,       138.505808
12/22/2008 01:00:00,       211.308778
12/22/2008 02:00:00,       212.225679
12/22/2008 03:00:00,       210.469186
12/22/2008 04:00:00,       207.286770
12/22/2008 05:00:00,       206.973760
12/22/2008 06:00:00,       206.693198
12/22/2008 07:00:00,       204.309770
12/22/2008 08:00:00,       205.891870
12/22/2008 09:00:00,       204.824213
12/22/2008 10:00:00,       203.667762
12/22/2008 11:00:00,       201.268397
12/22/2008 12:00:00,       199.054258
12/22/2008 13:00:00,       195.316127
12/22/2008 14:00:00,       182.757848
12/22/2008 15:00:00,       179.563645
12/22/2008 16:00:00,       176.339664
12/22/2008 17:00:00,       173.064227
12/22/2008 18:00:00,       169.790381
12/22/2008 19:00:00,       167.213082
12/22/2008 20:00:00,       166.852875
12/22/2008 21:00:00,       168.149624
12/22/2008 22:00:00,       170.598605
12/22/2008 23:00:00,       172.651264
12/23/2008 00:00:00,       163.893189
12/23/2008 01:00:00,       181.585217
12/23/2008 02:00:00,       156.549575
12/23/2008 03:00:00,       185.277241
12/23/2008 04:00:00,       188.892399
12/23/2008 05:00:00,       204.206081
12/23/2008 06:00:00,       202.582394
12/23/2008 07:00:00,       203.140279
12/23/2008 08:00:00,       204.947202
12/23/2008 09:00:00,       205.896287
12/23/2008 10:00:00,       203.361681
12/23/2008 11:00:00,       200.273825
12/23/2008 12:00:00,       196.538395
12/23/2008 13:00:00,       193.982133
12/23/2008 14:00:00,       189.753110
12/23/2008 15:00:00,       181.914598
12/23/2008 16:00:00,       175.347989
12/23/2008 17:00:00,       169.302246
12/23/2008 18:00:00,       163.743025
12/23/2008 19:00:00,       160.359206
12/23/2008 20:00:00,       156.946706
12/23/2008 21:00:00,       157.184792
12/23/2008 22:00:00,       153.166962
12/23/2008 23:00:00,       149.652990
12/24/2008 00:00:00,       146.821876
12/24/2008 01:00:00,       106.442699
12/24/2008 02:00:00,       101.998278
12/24/2008 03:00:00,       100.910416
12/24/2008 04:00:00,        97.368527
12/24/2008 05:00:00,        96.340955
12/24/2008 06:00:00,        96.703658
12/24/2008 07:00:00,       101.603851
12/24/2008 08:00:00,       102.367580
12/24/2008 09:00:00,       102.185270
12/24/2008 10:00:00,       102.223740
12/24/2008 11:00:00,       104.571390
12/24/2008 12:00:00,       107.846220
12/24/2008 13:00:00,       113.477120
12/24/2008 14:00:00,       120.501600
12/24/2008 15:00:00,       127.587010
12/24/2008 16:00:00,       127.235720
12/24/2008 17:00:00,       132.176610
12/24/2008 18:00:00,       133.161070
12/24/2008 19:00:00,       133.264350
12/24/2008 20:00:00,       134.053960
12/24/2008 21:00:00,       133.046980
12/24/2008 22:00:00,       133.332000
12/24/2008 23:00:00,        71.316000
12/25/2008 00:00:00,       126.063824
12/25/2008 01:00:00,         0.000000
12/25/2008 02:00:00,         0.000000
12/25/2008 03:00:00,         0.000000
12/25/2008 04:00:00,       133.812806
12/25/2008 05:00:00,       134.431599
12/25/2008 06:00:00,       134.713408
12/25/2008 07:00:00,       137.302320
12/25/2008 08:00:00,       145.965920
12/25/2008 09:00:00,         0.000000
12/25/2008 10:00:00,         0.000000
12/25/2008 11:00:00,         0.000000
12/25/2008 12:00:00,        36.312660
12/25/2008 13:00:00,       145.903633
12/25/2008 14:00:00,       145.928726
12/25/2008 15:00:00,       158.846978
12/25/2008 16:00:00,       172.481247
12/25/2008 17:00:00,       160.687229
12/25/2008 18:00:00,       174.246235
12/25/2008 19:00:00,       175.503890
12/25/2008 20:00:00,       176.953753
12/25/2008 21:00:00,       177.952166
12/25/2008 22:00:00,       181.319226
12/25/2008 23:00:00,       182.833354
12/26/2008 00:00:00,       182.297527
12/26/2008 01:00:00,       157.663758
12/26/2008 02:00:00,       156.168248
12/26/2008 03:00:00,       157.064308
12/26/2008 04:00:00,       154.417112
12/26/2008 05:00:00,       146.720486
12/26/2008 06:00:00,       139.875520
12/26/2008 07:00:00,       133.070115
12/26/2008 08:00:00,       123.312556
12/26/2008 09:00:00,       113.285411
12/26/2008 10:00:00,       102.904101
12/26/2008 11:00:00,        93.021199
12/26/2008 12:00:00,        82.202100
12/26/2008 13:00:00,        72.177728
12/26/2008 14:00:00,        62.500570
12/26/2008 15:00:00,        53.124694
12/26/2008 16:00:00,        42.660640
12/26/2008 17:00:00,        33.564664
12/26/2008 18:00:00,        28.065718
12/26/2008 19:00:00,        24.164299
12/26/2008 20:00:00,        20.639500
12/26/2008 21:00:00,        17.880328
12/26/2008 22:00:00,        16.708387
12/26/2008 23:00:00,        16.538008
12/27/2008 00:00:00,        17.243727
12/27/2008 01:00:00,        35.671334
12/27/2008 02:00:00,        38.667027
12/27/2008 03:00:00,        37.634948
12/27/2008 04:00:00,        37.484430
12/27/2008 05:00:00,        37.621236
12/27/2008 06:00:00,        39.343649
12/27/2008 07:00:00,        43.374704
12/27/2008 08:00:00,        38.569746
12/27/2008 09:00:00,        38.249158
12/27/2008 10:00:00,        38.468970
12/27/2008 11:00:00,        40.724860
12/27/2008 12:00:00,        39.535430
12/27/2008 13:00:00,        41.881440
12/27/2008 14:00:00,        41.800070
12/27/2008 15:00:00,        43.656150
12/27/2008 16:00:00,        47.049830
12/27/2008 17:00:00,        50.389980
12/27/2008 18:00:00,        60.021760
12/27/2008 19:00:00,        63.750430
12/27/2008 20:00:00,        67.350510
12/27/2008 21:00:00,        89.781035
12/27/2008 22:00:00,        92.397454
12/27/2008 23:00:00,        95.846491
12/28/2008 00:00:00,        99.518810
12/28/2008 01:00:00,       171.541249
12/28/2008 02:00:00,       177.075675
12/28/2008 03:00:00,       181.349524
12/28/2008 04:00:00,       184.688648
12/28/2008 05:00:00,       188.118957
12/28/2008 06:00:00,       190.120006
12/28/2008 07:00:00,       189.436857
12/28/2008 08:00:00,       195.729795
12/28/2008 09:00:00,       199.239233
12/28/2008 10:00:00,       199.019642
12/28/2008 11:00:00,       198.659464
12/28/2008 12:00:00,       197.550489
12/28/2008 13:00:00,       194.107836
12/28/2008 14:00:00,       183.413436
12/28/2008 15:00:00,       179.880082
12/28/2008 16:00:00,       177.319341
12/28/2008 17:00:00,       174.797112
12/28/2008 18:00:00,       171.697439
12/28/2008 19:00:00,       169.395544
12/28/2008 20:00:00,       169.282115
12/28/2008 21:00:00,       169.516010
12/28/2008 22:00:00,       169.690559
12/28/2008 23:00:00,       169.724617
12/29/2008 00:00:00,       145.752090
12/29/2008 01:00:00,       109.439999
12/29/2008 02:00:00,       109.439999
12/29/2008 03:00:00,        60.799999
12/29/2008 04:00:00,        97.279999
12/29/2008 05:00:00,        97.279999
12/29/2008 06:00:00,       158.187525
12/29/2008 07:00:00,       134.306406
12/29/2008 08:00:00,       146.705397
12/29/2008 09:00:00,       143.803725
12/29/2008 10:00:00,       129.569988
12/29/2008 11:00:00,       159.454309
12/29/2008 12:00:00,       152.819178
12/29/2008 13:00:00,       144.845141
12/29/2008 14:00:00,       136.294340
12/29/2008 15:00:00,       133.499808
12/29/2008 16:00:00,       127.585786
12/29/2008 17:00:00,       121.960727
12/29/2008 18:00:00,       126.629736
12/29/2008 19:00:00,       121.732636
12/29/2008 20:00:00,       116.779233
12/29/2008 21:00:00,       106.450988
12/29/2008 22:00:00,        90.943894
12/29/2008 23:00:00,        90.044388
12/30/2008 00:00:00,        91.853283
12/30/2008 01:00:00,        27.834429
12/30/2008 02:00:00,        28.309943
12/30/2008 03:00:00,        26.769021
12/30/2008 04:00:00,        24.773000
12/30/2008 05:00:00,        22.532780
12/30/2008 06:00:00,        20.360320
12/30/2008 07:00:00,        16.981010
12/30/2008 08:00:00,        14.488391
12/30/2008 09:00:00,         5.653530
12/30/2008 10:00:00,         5.202717
12/30/2008 11:00:00,         0.000000
12/30/2008 12:00:00,         0.000000
12/30/2008 13:00:00,         0.000000
12/30/2008 14:00:00,         0.000000
12/30/2008 15:00:00,         0.000000
12/30/2008 16:00:00,         0.000000
12/30/2008 17:00:00,         0.000000
12/30/2008 18:00:00,         0.000000
12/30/2008 19:00:00,        31.229307
12/30/2008 20:00:00,        74.890307
12/30/2008 21:00:00,        89.616790
12/30/2008 22:00:00,        91.425306
12/30/2008 23:00:00,       131.234087
12/31/2008 00:00:00,       149.269395
12/31/2008 01:00:00,        82.356971
12/31/2008 02:00:00,        80.832535
12/31/2008 03:00:00,        85.574985
12/31/2008 04:00:00,        94.895722
12/31/2008 05:00:00,        99.635136
12/31/2008 06:00:00,        86.816708
12/31/2008 07:00:00,        85.374381
12/31/2008 08:00:00,        74.873291
12/31/2008 09:00:00,        72.610976
12/31/2008 10:00:00,        61.564289
12/31/2008 11:00:00,        56.021647
12/31/2008 12:00:00,        51.732388
12/31/2008 13:00:00,        46.716537
12/31/2008 14:00:00,        45.336238
12/31/2008 15:00:00,        43.169444
12/31/2008 16:00:00,        44.173097
12/31/2008 17:00:00,        42.578321
12/31/2008 18:00:00,        43.595582
12/31/2008 19:00:00,        47.151177
12/31/2008 20:00:00,        49.092173
12/31/2008 21:00:00,        51.890901
12/31/2008 22:00:00,        55.445723
12/31/2008 23:00:00,        58.656690
01/01/2009 00:00:00,        77.964979
01/01/2009 01:00:00,        77.267434
01/01/2009 02:00:00,        71.974027
01/01/2009 03:00:00,        76.334057
01/01/2009 04:00:00,        79.442179
01/01/2009 05:00:00,        85.773697
01/01/2009 06:00:00,        94.611794
01/01/2009 07:00:00,       104.815643
01/01/2009 08:00:00,       115.112954
01/01/2009 09:00:00,       126.328546
01/01/2009 10:00:00,       134.935134
01/01/2009 11:00:00,       147.207431
01/01/2009 12:00:00,       157.664402
01/01/2009 13:00:00,       169.066871
01/01/2009 14:00:00,       179.768976
01/01/2009 15:00:00,       190.905966
01/01/2009 16:00:00,       200.800893
01/01/2009 17:00:00,       207.783895
01/01/2009 18:00:00,       212.406512
01/01/2009 19:00:00,       214.904298
01/01/2009 20:00:00,       216.411656
01/01/2009 21:00:00,       217.683791
01/01/2009 22:00:00,       218.532372
01/01/2009 23:00:00,       219.074973
01/02/2009 00:00:00,       218.980701
01/02/2009 01:00:00,       190.506565
01/02/2009 02:00:00,       191.127254
01/02/2009 03:00:00,       191.743623
01/02/2009 04:00:00,       191.130056
01/02/2009 05:00:00,       187.380755
01/02/2009 06:00:00,       181.680282
01/02/2009 07:00:00,       173.894549
01/02/2009 08:00:00,       163.565462
01/02/2009 09:00:00,       152.567818
01/02/2009 10:00:00,       139.787870
01/02/2009 11:00:00,       126.084961
01/02/2009 12:00:00,       111.161474
01/02/2009 13:00:00,        94.759600
01/02/2009 14:00:00,        77.293733
01/02/2009 15:00:00,        61.852004
01/02/2009 16:00:00,        48.510907
01/02/2009 17:00:00,        35.540383
01/02/2009 18:00:00,        28.359378
01/02/2009 19:00:00,        23.624291
01/02/2009 20:00:00,        21.189439
01/02/2009 21:00:00,        20.811098
01/02/2009 22:00:00,        22.489204
01/02/2009 23:00:00,        26.691354
01/03/2009 00:00:00,        32.906830
01/03/2009 01:00:00,       114.241105
01/03/2009 02:00:00,       124.240775
01/03/2009 03:00:00,       134.955972
01/03/2009 04:00:00,       145.064310
01/03/2009 05:00:00,       151.822813
01/03/2009 06:00:00,       158.479478
01/03/2009 07:00:00,       163.954798
01/03/2009 08:00:00,       173.303178
01/03/2009 09:00:00,       182.274567
01/03/2009 10:00:00,       190.485356
01/03/2009 11:00:00,       197.440366
01/03/2009 12:00:00,       203.495045
01/03/2009 13:00:00,       207.671238
01/03/2009 14:00:00,       211.162453
01/03/2009 15:00:00,       214.219220
01/03/2009 16:00:00,       216.250855
01/03/2009 17:00:00,       216.629522
01/03/2009 18:00:00,       216.992173
01/03/2009 19:00:00,       217.206729
01/03/2009 20:00:00,       218.194165
01/03/2009 21:00:00,       218.440403
01/03/2009 22:00:00,       218.956326
01/03/2009 23:00:00,       219.381001
01/04/2009 00:00:00,       219.270209
01/04/2009 01:00:00,       219.064185
01/04/2009 02:00:00,       218.677358
01/04/2009 03:00:00,       218.254460
01/04/2009 04:00:00,       217.307539
01/04/2009 05:00:00,       216.539932
01/04/2009 06:00:00,       215.264919
01/04/2009 07:00:00,       214.207921
01/04/2009 08:00:00,       212.603167
01/04/2009 09:00:00,       210.945274
01/04/2009 10:00:00,       207.702959
01/04/2009 11:00:00,       203.221500
01/04/2009 12:00:00,       199.341490
01/04/2009 13:00:00,       195.794579
01/04/2009 14:00:00,       192.863506
01/04/2009 15:00:00,       191.434500
01/04/2009 16:00:00,       190.150081
01/04/2009 17:00:00,       188.458658
01/04/2009 18:00:00,       185.430842
01/04/2009 19:00:00,       182.845532
01/04/2009 20:00:00,       180.576762
01/04/2009 21:00:00,       180.835163
01/04/2009 22:00:00,       181.350064
01/04/2009 23:00:00,       182.359974
01/05/2009 00:00:00,       185.509393
01/05/2009 01:00:00,       130.933764
01/05/2009 02:00:00,       131.631124
01/05/2009 03:00:00,       128.365698
01/05/2009 04:00:00,       127.365808
01/05/2009 05:00:00,       126.328215
01/05/2009 06:00:00,       128.409376
01/05/2009 07:00:00,       131.955637
01/05/2009 08:00:00,       131.902856
01/05/2009 09:00:00,       126.203612
01/05/2009 10:00:00,       130.992837
01/05/2009 11:00:00,       143.143305
01/05/2009 12:00:00,       148.197957
01/05/2009 13:00:00,       156.171316
01/05/2009 14:00:00,       160.115798
01/05/2009 15:00:00,       165.181203
01/05/2009 16:00:00,       160.743223
01/05/2009 17:00:00,       180.375937
01/05/2009 18:00:00,       188.951561
01/05/2009 19:00:00,       194.040685
01/05/2009 20:00:00,       199.476513
01/05/2009 21:00:00,       203.297430
01/05/2009 22:00:00,       206.238707
01/05/2009 23:00:00,       207.575974
01/06/2009 00:00:00,       208.765195
01/06/2009 01:00:00,       220.468384
01/06/2009 02:00:00,       220.382276
01/06/2009 03:00:00,       220.232485
01/06/2009 04:00:00,       220.075483
01/06/2009 05:00:00,       217.654729
01/06/2009 06:00:00,       217.634597
01/06/2009 07:00:00,       217.838669
01/06/2009 08:00:00,       217.726622
01/06/2009 09:00:00,       217.636044
01/06/2009 10:00:00,       217.510271
01/06/2009 11:00:00,       218.515413
01/06/2009 12:00:00,       218.776619
01/06/2009 13:00:00,       218.525392
01/06/2009 14:00:00,       217.609702
01/06/2009 15:00:00,       217.072414
01/06/2009 16:00:00,       215.731732
01/06/2009 17:00:00,       213.441060
01/06/2009 18:00:00,       210.793095
01/06/2009 19:00:00,       209.639412
01/06/2009 20:00:00,       206.785931
01/06/2009 21:00:00,       203.625314
01/06/2009 22:00:00,       200.018236
01/06/2009 23:00:00,       196.457105
01/07/2009 00:00:00,       192.027886
01/07/2009 01:00:00,       117.620790
01/07/2009 02:00:00,       108.358394
01/07/2009 03:00:00,        96.016957
01/07/2009 04:00:00,        85.053367
01/07/2009 05:00:00,        76.381483
01/07/2009 06:00:00,        70.034770
01/07/2009 07:00:00,        65.721922
01/07/2009 08:00:00,        53.970214
01/07/2009 09:00:00,        42.184799
01/07/2009 10:00:00,        31.527088
01/07/2009 11:00:00,        25.943431
01/07/2009 12:00:00,        21.853244
01/07/2009 13:00:00,        20.626715
01/07/2009 14:00:00,        21.067457
01/07/2009 15:00:00,        24.924768
01/07/2009 16:00:00,        32.239065
01/07/2009 17:00:00,        40.825236
01/07/2009 18:00:00,        51.603608
01/07/2009 19:00:00,        57.898209
01/07/2009 20:00:00,        64.278784
01/07/2009 21:00:00,        69.896749
01/07/2009 22:00:00,        75.427502
01/07/2009 23:00:00,        82.417793
01/08/2009 00:00:00,        89.449350
01/08/2009 01:00:00,        88.952569
01/08/2009 02:00:00,        82.936168
01/08/2009 03:00:00,        75.960696
01/08/2009 04:00:00,        68.507756
01/08/2009 05:00:00,        61.073533
01/08/2009 06:00:00,        55.859999
01/08/2009 07:00:00,        41.368772
01/08/2009 08:00:00,        36.245250
01/08/2009 09:00:00,        30.333671
01/08/2009 10:00:00,        27.169558
01/08/2009 11:00:00,        24.152888
01/08/2009 12:00:00,        20.395147
01/08/2009 13:00:00,        19.720322
01/08/2009 14:00:00,        24.658624
01/08/2009 15:00:00,        31.422541
01/08/2009 16:00:00,        48.050830
01/08/2009 17:00:00,        65.322420
01/08/2009 18:00:00,        76.371120
01/08/2009 19:00:00,        80.779971
01/08/2009 20:00:00,        89.210135
01/08/2009 21:00:00,        96.359145
01/08/2009 22:00:00,       103.876913
01/08/2009 23:00:00,       111.850442
01/09/2009 00:00:00,       122.688750
01/09/2009 01:00:00,       191.813754
01/09/2009 02:00:00,       192.926514
01/09/2009 03:00:00,       193.427390
01/09/2009 04:00:00,       193.845477
01/09/2009 05:00:00,       194.602051
01/09/2009 06:00:00,       194.325401
01/09/2009 07:00:00,       194.632092
01/09/2009 08:00:00,       196.201767
01/09/2009 09:00:00,       195.896543
01/09/2009 10:00:00,       193.911586
01/09/2009 11:00:00,       190.511914
01/09/2009 12:00:00,       187.776509
01/09/2009 13:00:00,       185.391040
01/09/2009 14:00:00,       183.650119
01/09/2009 15:00:00,       182.970036
01/09/2009 16:00:00,       181.722284
01/09/2009 17:00:00,       181.421364
01/09/2009 18:00:00,       180.018394
01/09/2009 19:00:00,       179.092810
01/09/2009 20:00:00,       177.679666
01/09/2009 21:00:00,       177.350706
01/09/2009 22:00:00,       178.614179
01/09/2009 23:00:00,       182.225611
01/10/2009 00:00:00,       186.109134
01/10/2009 01:00:00,       163.054140
01/10/2009 02:00:00,       164.721388
01/10/2009 03:00:00,       168.120503
01/10/2009 04:00:00,       168.754350
01/10/2009 05:00:00,       168.864476
01/10/2009 06:00:00,       168.242239
01/10/2009 07:00:00,       167.750001
01/10/2009 08:00:00,       163.360899
01/10/2009 09:00:00,       159.925207
01/10/2009 10:00:00,       158.055317
01/10/2009 11:00:00,       157.110850
01/10/2009 12:00:00,       155.413112
01/10/2009 13:00:00,       154.503438
01/10/2009 14:00:00,       153.970417
01/10/2009 15:00:00,       152.006520
01/10/2009 16:00:00,       147.532469
01/10/2009 17:00:00,       139.755561
01/10/2009 18:00:00,       131.101950
01/10/2009 19:00:00,       127.418401
01/10/2009 20:00:00,       124.684827
01/10/2009 21:00:00,       124.295230
01/10/2009 22:00:00,       125.853190
01/10/2009 23:00:00,       126.162783
01/11/2009 00:00:00,       122.639740
01/11/2009 01:00:00,        29.306650
01/11/2009 02:00:00,        26.380249
01/11/2009 03:00:00,        24.689105
01/11/2009 04:00:00,        26.363075
01/11/2009 05:00:00,        26.125220
01/11/2009 06:00:00,        20.075307
01/11/2009 07:00:00,        16.195035
01/11/2009 08:00:00,        13.010090
01/11/2009 09:00:00,         8.358523
01/11/2009 10:00:00,         5.926859
01/11/2009 11:00:00,         3.360033
01/11/2009 12:00:00,         2.418570
01/11/2009 13:00:00,         2.153861
01/11/2009 14:00:00,         2.062104
01/11/2009 15:00:00,         2.575638
01/11/2009 16:00:00,         2.775376
01/11/2009 17:00:00,         3.335702
01/11/2009 18:00:00,         4.176631
01/11/2009 19:00:00,         4.394424
01/11/2009 20:00:00,         5.389953
01/11/2009 21:00:00,         7.507876
01/11/2009 22:00:00,         9.485691
01/11/2009 23:00:00,        11.339303
01/12/2009 00:00:00,        14.239988
01/12/2009 01:00:00,        30.888071
01/12/2009 02:00:00,        32.905278
01/12/2009 03:00:00,        37.774452
01/12/2009 04:00:00,        43.835498
01/12/2009 05:00:00,        47.497109
01/12/2009 06:00:00,        51.781475
01/12/2009 07:00:00,        56.163969
01/12/2009 08:00:00,        60.542851
01/12/2009 09:00:00,        65.057370
01/12/2009 10:00:00,        67.125196
01/12/2009 11:00:00,        69.805235
01/12/2009 12:00:00,        70.777166
01/12/2009 13:00:00,        70.841166
01/12/2009 14:00:00,        71.130312
01/12/2009 15:00:00,        71.562948
01/12/2009 16:00:00,        72.917976
01/12/2009 17:00:00,        72.584540
01/12/2009 18:00:00,        71.184897
01/12/2009 19:00:00,        70.012021
01/12/2009 20:00:00,        69.851291
01/12/2009 21:00:00,        72.251943
01/12/2009 22:00:00,        72.894376
01/12/2009 23:00:00,        74.478521
01/13/2009 00:00:00,        77.281971
01/13/2009 01:00:00,       105.029820
01/13/2009 02:00:00,       103.056710
01/13/2009 03:00:00,       101.476092
01/13/2009 04:00:00,        99.091288
01/13/2009 05:00:00,        95.087739
01/13/2009 06:00:00,        90.837604
01/13/2009 07:00:00,        87.855366
01/13/2009 08:00:00,        80.472852
01/13/2009 09:00:00,        73.193465
01/13/2009 10:00:00,        66.091060
01/13/2009 11:00:00,        59.441030
01/13/2009 12:00:00,        54.330271
01/13/2009 13:00:00,        50.669780
01/13/2009 14:00:00,        47.586560
01/13/2009 15:00:00,        44.289790
01/13/2009 16:00:00,        42.763880
01/13/2009 17:00:00,        42.683841
01/13/2009 18:00:00,        43.520071
01/13/2009 19:00:00,        43.900350
01/13/2009 20:00:00,        45.865247
01/13/2009 21:00:00,        53.794517
01/13/2009 22:00:00,        60.098120
01/13/2009 23:00:00,        54.475036
01/14/2009 00:00:00,        59.648281
01/14/2009 01:00:00,       151.521800
01/14/2009 02:00:00,       115.385588
01/14/2009 03:00:00,       105.985720
01/14/2009 04:00:00,        68.399364
01/14/2009 05:00:00,        30.274566
01/14/2009 06:00:00,        14.183294
01/14/2009 07:00:00,       193.319900
01/14/2009 08:00:00,       197.616600
01/14/2009 09:00:00,       206.739423
01/14/2009 10:00:00,       202.310494
01/14/2009 11:00:00,       204.664343
01/14/2009 12:00:00,       209.569489
01/14/2009 13:00:00,       215.832290
01/14/2009 14:00:00,       221.319628
01/14/2009 15:00:00,       221.672054
01/14/2009 16:00:00,       220.890876
01/14/2009 17:00:00,       220.064423
01/14/2009 18:00:00,       219.121974
01/14/2009 19:00:00,       218.509889
01/14/2009 20:00:00,       217.186531
01/14/2009 21:00:00,       215.742826
01/14/2009 22:00:00,       214.014765
01/14/2009 23:00:00,       212.304992
01/15/2009 00:00:00,       210.710438
01/15/2009 01:00:00,       108.825423
01/15/2009 02:00:00,       104.160777
01/15/2009 03:00:00,        99.262526
01/15/2009 04:00:00,        95.648243
01/15/2009 05:00:00,        94.566459
01/15/2009 06:00:00,        94.359859
01/15/2009 07:00:00,        93.770779
01/15/2009 08:00:00,        89.954546
01/15/2009 09:00:00,        88.598216
01/15/2009 10:00:00,        88.486907
01/15/2009 11:00:00,        88.768824
01/15/2009 12:00:00,        88.988366
01/15/2009 13:00:00,        90.900960
01/15/2009 14:00:00,        92.436306
01/15/2009 15:00:00,        91.449304
01/15/2009 16:00:00,        88.819870
01/15/2009 17:00:00,        88.056798
01/15/2009 18:00:00,        87.107590
01/15/2009 19:00:00,        86.628011
01/15/2009 20:00:00,        86.261086
01/15/2009 21:00:00,        86.224954
01/15/2009 22:00:00,        86.134403
01/15/2009 23:00:00,        85.087237
01/16/2009 00:00:00,        84.792657
01/16/2009 01:00:00,        54.969341
01/16/2009 02:00:00,        54.444942
01/16/2009 03:00:00,        55.414191
01/16/2009 04:00:00,        56.406416
01/16/2009 05:00:00,        57.455355
01/16/2009 06:00:00,        59.179572
01/16/2009 07:00:00,        61.415008
01/16/2009 08:00:00,        63.335776
01/16/2009 09:00:00,        63.722028
01/16/2009 10:00:00,        64.400089
01/16/2009 11:00:00,        65.690378
01/16/2009 12:00:00,        67.003074
01/16/2009 13:00:00,        69.130430
01/16/2009 14:00:00,        71.890235
01/16/2009 15:00:00,        74.266027
01/16/2009 16:00:00,        74.988914
01/16/2009 17:00:00,        72.197785
01/16/2009 18:00:00,        72.922565
01/16/2009 19:00:00,        74.981133
01/16/2009 20:00:00,        78.284773
01/16/2009 21:00:00,        79.462316
01/16/2009 22:00:00,        80.538458
01/16/2009 23:00:00,        81.570412
01/17/2009 00:00:00,        80.721543
01/17/2009 01:00:00,        46.382150
01/17/2009 02:00:00,        45.313067
01/17/2009 03:00:00,        44.809014
01/17/2009 04:00:00,        44.593326
01/17/2009 05:00:00,        44.402014
01/17/2009 06:00:00,        42.577768
01/17/2009 07:00:00,        41.604422
01/17/2009 08:00:00,        37.532802
01/17/2009 09:00:00,        37.608782
01/17/2009 10:00:00,        35.723451
01/17/2009 11:00:00,        33.414654
01/17/2009 12:00:00,        31.489996
01/17/2009 13:00:00,        29.716950
01/17/2009 14:00:00,        27.470379
01/17/2009 15:00:00,        24.215327
01/17/2009 16:00:00,        20.201332
01/17/2009 17:00:00,        15.772478
01/17/2009 18:00:00,        11.602867
01/17/2009 19:00:00,         9.557044
01/17/2009 20:00:00,         7.516302
01/17/2009 21:00:00,         5.270737
01/17/2009 22:00:00,         4.144152
01/17/2009 23:00:00,         3.988011
01/18/2009 00:00:00,         4.086774
01/18/2009 01:00:00,         5.169815
01/18/2009 02:00:00,         7.469274
01/18/2009 03:00:00,        10.159981
01/18/2009 04:00:00,        13.457128
01/18/2009 05:00:00,        16.826876
01/18/2009 06:00:00,        22.458816
01/18/2009 07:00:00,        25.639144
01/18/2009 08:00:00,        29.301242
01/18/2009 09:00:00,        33.424817
01/18/2009 10:00:00,        38.533537
01/18/2009 11:00:00,        44.374039
01/18/2009 12:00:00,        51.050610
01/18/2009 13:00:00,        56.945088
01/18/2009 14:00:00,        62.685946
01/18/2009 15:00:00,        68.154393
01/18/2009 16:00:00,        73.979160
01/18/2009 17:00:00,        79.489925
01/18/2009 18:00:00,        86.118631
01/18/2009 19:00:00,        88.779484
01/18/2009 20:00:00,        91.920412
01/18/2009 21:00:00,        96.085124
01/18/2009 22:00:00,       100.363605
01/18/2009 23:00:00,       104.625482
01/19/2009 00:00:00,       108.581548
01/19/2009 01:00:00,        75.198743
01/19/2009 02:00:00,        70.734511
01/19/2009 03:00:00,        66.709236
01/19/2009 04:00:00,        63.776790
01/19/2009 05:00:00,        60.063950
01/19/2009 06:00:00,        56.113160
01/19/2009 07:00:00,        52.229580
01/19/2009 08:00:00,        42.636819
01/19/2009 09:00:00,        34.712252
01/19/2009 10:00:00,        27.748915
01/19/2009 11:00:00,        21.798835
01/19/2009 12:00:00,        17.342274
01/19/2009 13:00:00,        13.123428
01/19/2009 14:00:00,        10.374962
01/19/2009 15:00:00,         8.114772
01/19/2009 16:00:00,         6.557549
01/19/2009 17:00:00,         4.399679
01/19/2009 18:00:00,         2.751279
01/19/2009 19:00:00,         1.982904
01/19/2009 20:00:00,         1.738500
01/19/2009 21:00:00,         1.616268
01/19/2009 22:00:00,         1.595728
01/19/2009 23:00:00,         1.703536
01/20/2009 00:00:00,         1.899490
01/20/2009 01:00:00,         7.052048
01/20/2009 02:00:00,         6.318763
01/20/2009 03:00:00,         6.604817
01/20/2009 04:00:00,         6.870314
01/20/2009 05:00:00,         6.362624
01/20/2009 06:00:00,         5.669021
01/20/2009 07:00:00,         5.592240
01/20/2009 08:00:00,         4.331853
01/20/2009 09:00:00,         2.946887
01/20/2009 10:00:00,         2.442753
01/20/2009 11:00:00,         2.093061
01/20/2009 12:00:00,         1.798415
01/20/2009 13:00:00,         1.986846
01/20/2009 14:00:00,         1.914777
01/20/2009 15:00:00,         2.359393
01/20/2009 16:00:00,         3.763987
01/20/2009 17:00:00,         3.793783
01/20/2009 18:00:00,         3.305121
01/20/2009 19:00:00,         3.617923
01/20/2009 20:00:00,         4.219666
01/20/2009 21:00:00,         5.380648
01/20/2009 22:00:00,         6.281076
01/20/2009 23:00:00,         7.460105
01/21/2009 00:00:00,         9.065798
01/21/2009 01:00:00,        17.734028
01/21/2009 02:00:00,        20.005810
01/21/2009 03:00:00,        24.695827
01/21/2009 04:00:00,        31.022297
01/21/2009 05:00:00,        37.197694
01/21/2009 06:00:00,        45.025388
01/21/2009 07:00:00,        54.453143
01/21/2009 08:00:00,        66.298717
01/21/2009 09:00:00,        76.863225
01/21/2009 10:00:00,        86.482961
01/21/2009 11:00:00,        94.361286
01/21/2009 12:00:00,       101.588650
01/21/2009 13:00:00,       107.956438
01/21/2009 14:00:00,       112.950082
01/21/2009 15:00:00,       120.216753
01/21/2009 16:00:00,       127.588559
01/21/2009 17:00:00,       134.739780
01/21/2009 18:00:00,       141.616408
01/21/2009 19:00:00,       144.370015
01/21/2009 20:00:00,       145.304646
01/21/2009 21:00:00,       145.387941
01/21/2009 22:00:00,       148.212087
01/21/2009 23:00:00,       152.921147
01/22/2009 00:00:00,       156.932373
01/22/2009 01:00:00,       203.498988
01/22/2009 02:00:00,       202.369996
01/22/2009 03:00:00,       204.352141
01/22/2009 04:00:00,       204.450530
01/22/2009 05:00:00,       205.136097
01/22/2009 06:00:00,       205.088948
01/22/2009 07:00:00,       205.577851
01/22/2009 08:00:00,       206.284359
01/22/2009 09:00:00,       207.916303
01/22/2009 10:00:00,       208.618188
01/22/2009 11:00:00,       209.583429
01/22/2009 12:00:00,       210.976016
01/22/2009 13:00:00,       213.454461
01/22/2009 14:00:00,       217.126797
01/22/2009 15:00:00,       219.364369
01/22/2009 16:00:00,       220.088001
01/22/2009 17:00:00,       220.794878
01/22/2009 18:00:00,       221.261659
01/22/2009 19:00:00,       221.712513
01/22/2009 20:00:00,       222.172138
01/22/2009 21:00:00,       222.152550
01/22/2009 22:00:00,       222.004138
01/22/2009 23:00:00,       219.803374
01/23/2009 00:00:00,       217.665273
01/23/2009 01:00:00,       131.338626
01/23/2009 02:00:00,       122.336679
01/23/2009 03:00:00,       114.435332
01/23/2009 04:00:00,       105.880275
01/23/2009 05:00:00,        95.736471
01/23/2009 06:00:00,        83.159419
01/23/2009 07:00:00,        72.528664
01/23/2009 08:00:00,        55.163433
01/23/2009 09:00:00,        39.861012
01/23/2009 10:00:00,        28.418781
01/23/2009 11:00:00,        20.798183
01/23/2009 12:00:00,        15.144111
01/23/2009 13:00:00,        11.990601
01/23/2009 14:00:00,         9.893374
01/23/2009 15:00:00,         8.661349
01/23/2009 16:00:00,         8.234391
01/23/2009 17:00:00,         8.203442
01/23/2009 18:00:00,         9.833615
01/23/2009 19:00:00,        10.815861
01/23/2009 20:00:00,        12.108573
01/23/2009 21:00:00,        13.008698
01/23/2009 22:00:00,        15.003602
01/23/2009 23:00:00,        18.670814
01/24/2009 00:00:00,        18.823631
01/24/2009 01:00:00,        57.388712
01/24/2009 02:00:00,        34.006365
01/24/2009 03:00:00,         7.359063
01/24/2009 04:00:00,         0.393626
01/24/2009 05:00:00,         0.000000
01/24/2009 06:00:00,         0.000000
01/24/2009 07:00:00,         0.000000
01/24/2009 08:00:00,       118.522000
01/24/2009 09:00:00,       129.390690
01/24/2009 10:00:00,       147.332778
01/24/2009 11:00:00,       150.387884
01/24/2009 12:00:00,       157.586855
01/24/2009 13:00:00,       163.528020
01/24/2009 14:00:00,       170.700448
01/24/2009 15:00:00,       175.357747
01/24/2009 16:00:00,       182.514161
01/24/2009 17:00:00,       190.735390
01/24/2009 18:00:00,       198.680177
01/24/2009 19:00:00,       205.488354
01/24/2009 20:00:00,       213.652905
01/24/2009 21:00:00,       218.823663
01/24/2009 22:00:00,       220.548100
01/24/2009 23:00:00,       220.878768
01/25/2009 00:00:00,       221.008975
01/25/2009 01:00:00,       220.838698
01/25/2009 02:00:00,       220.738235
01/25/2009 03:00:00,       220.614441
01/25/2009 04:00:00,       219.898557
01/25/2009 05:00:00,       216.146042
01/25/2009 06:00:00,       208.997562
01/25/2009 07:00:00,       200.025922
01/25/2009 08:00:00,       188.785298
01/25/2009 09:00:00,       177.000048
01/25/2009 10:00:00,       165.128852
01/25/2009 11:00:00,       153.113777
01/25/2009 12:00:00,       141.468747
01/25/2009 13:00:00,       131.102244
01/25/2009 14:00:00,       121.140528
01/25/2009 15:00:00,       110.120424
01/25/2009 16:00:00,        99.630809
01/25/2009 17:00:00,        90.436290
01/25/2009 18:00:00,        86.349341
01/25/2009 19:00:00,        81.792594
01/25/2009 20:00:00,        79.869465
01/25/2009 21:00:00,        80.656676
01/25/2009 22:00:00,        83.269112
01/25/2009 23:00:00,        86.842708
01/26/2009 00:00:00,        89.871396
01/26/2009 01:00:00,        59.464346
01/26/2009 02:00:00,        56.538395
01/26/2009 03:00:00,        53.116275
01/26/2009 04:00:00,        50.640188
01/26/2009 05:00:00,        49.190396
01/26/2009 06:00:00,        48.366919
01/26/2009 07:00:00,        47.059606
01/26/2009 08:00:00,        43.919123
01/26/2009 09:00:00,        42.464351
01/26/2009 10:00:00,        42.834932
01/26/2009 11:00:00,        45.086629
01/26/2009 12:00:00,        49.515283
01/26/2009 13:00:00,        54.153044
01/26/2009 14:00:00,        57.861057
01/26/2009 15:00:00,        62.308834
01/26/2009 16:00:00,        68.166061
01/26/2009 17:00:00,        73.579413
01/26/2009 18:00:00,        80.910822
01/26/2009 19:00:00,        84.407450
01/26/2009 20:00:00,        89.881585
01/26/2009 21:00:00,        96.258050
01/26/2009 22:00:00,       102.801996
01/26/2009 23:00:00,       109.775682
01/27/2009 00:00:00,       117.508471
01/27/2009 01:00:00,       184.190130
01/27/2009 02:00:00,       187.944416
01/27/2009 03:00:00,       191.926530
01/27/2009 04:00:00,       195.609302
01/27/2009 05:00:00,       196.587903
01/27/2009 06:00:00,       198.408758
01/27/2009 07:00:00,       199.236705
01/27/2009 08:00:00,       198.051327
01/27/2009 09:00:00,       193.293996
01/27/2009 10:00:00,       187.511483
01/27/2009 11:00:00,       183.528955
01/27/2009 12:00:00,       179.152989
01/27/2009 13:00:00,       173.661775
01/27/2009 14:00:00,       166.756775
01/27/2009 15:00:00,       157.687170
01/27/2009 16:00:00,       148.733536
01/27/2009 17:00:00,       137.067924
01/27/2009 18:00:00,       129.119953
01/27/2009 19:00:00,       123.850657
01/27/2009 20:00:00,       120.530693
01/27/2009 21:00:00,       119.892007
01/27/2009 22:00:00,       124.189082
01/27/2009 23:00:00,       125.924095
01/28/2009 00:00:00,       124.116663
01/28/2009 01:00:00,       155.180499
01/28/2009 02:00:00,       155.032569
01/28/2009 03:00:00,       153.503550
01/28/2009 04:00:00,       149.119887
01/28/2009 05:00:00,       145.612402
01/28/2009 06:00:00,       141.010966
01/28/2009 07:00:00,       136.636177
01/28/2009 08:00:00,       127.544628
01/28/2009 09:00:00,       118.968060
01/28/2009 10:00:00,       104.713276
01/28/2009 11:00:00,        89.631256
01/28/2009 12:00:00,        75.404728
01/28/2009 13:00:00,        60.573536
01/28/2009 14:00:00,        50.386066
01/28/2009 15:00:00,        41.239552
01/28/2009 16:00:00,        37.334066
01/28/2009 17:00:00,        32.700217
01/28/2009 18:00:00,        30.819026
01/28/2009 19:00:00,        29.224681
01/28/2009 20:00:00,        28.985312
01/28/2009 21:00:00,        29.654332
01/28/2009 22:00:00,        30.904095
01/28/2009 23:00:00,        33.627232
01/29/2009 00:00:00,        36.787388
01/29/2009 01:00:00,       165.317680
01/29/2009 02:00:00,       161.914680
01/29/2009 03:00:00,       161.753078
01/29/2009 04:00:00,       160.905867
01/29/2009 05:00:00,       160.638298
01/29/2009 06:00:00,       159.348473
01/29/2009 07:00:00,       155.807200
01/29/2009 08:00:00,       149.162815
01/29/2009 09:00:00,       138.757479
01/29/2009 10:00:00,       127.433379
01/29/2009 11:00:00,       116.647732
01/29/2009 12:00:00,       106.700342
01/29/2009 13:00:00,        97.819113
01/29/2009 14:00:00,        92.742336
01/29/2009 15:00:00,        93.186368
01/29/2009 16:00:00,        91.247744
01/29/2009 17:00:00,        92.610782
01/29/2009 18:00:00,        91.572213
01/29/2009 19:00:00,        85.943859
01/29/2009 20:00:00,        81.407568
01/29/2009 21:00:00,        83.118207
01/29/2009 22:00:00,        87.017190
01/29/2009 23:00:00,        94.327597
01/30/2009 00:00:00,       103.103318
01/30/2009 01:00:00,       155.551149
01/30/2009 02:00:00,       152.149103
01/30/2009 03:00:00,       149.267971
01/30/2009 04:00:00,       142.854726
01/30/2009 05:00:00,       136.730588
01/30/2009 06:00:00,       131.449858
01/30/2009 07:00:00,       125.987916
01/30/2009 08:00:00,       112.458920
01/30/2009 09:00:00,       102.103968
01/30/2009 10:00:00,        90.294743
01/30/2009 11:00:00,        78.023108
01/30/2009 12:00:00,        64.912406
01/30/2009 13:00:00,        54.070812
01/30/2009 14:00:00,        33.308769
01/30/2009 15:00:00,        37.132486
01/30/2009 16:00:00,        29.257940
01/30/2009 17:00:00,        22.895553
01/30/2009 18:00:00,        16.537852
01/30/2009 19:00:00,        13.306164
01/30/2009 20:00:00,        10.174360
01/30/2009 21:00:00,         8.811942
01/30/2009 22:00:00,         6.282771
01/30/2009 23:00:00,         2.873230
01/31/2009 00:00:00,         1.276489
01/31/2009 01:00:00,         2.387044
01/31/2009 02:00:00,         0.075730
01/31/2009 03:00:00,         0.000000
01/31/2009 04:00:00,         0.000000
01/31/2009 05:00:00,         0.000000
01/31/2009 06:00:00,         0.000000
01/31/2009 07:00:00,         3.068500
01/31/2009 08:00:00,         3.192000
01/31/2009 09:00:00,        10.448780
01/31/2009 10:00:00,        20.561310
01/31/2009 11:00:00,        27.925991
01/31/2009 12:00:00,        31.657774
01/31/2009 13:00:00,        42.272459
01/31/2009 14:00:00,        43.903441
01/31/2009 15:00:00,        57.813954
01/31/2009 16:00:00,        66.248289
01/31/2009 17:00:00,        78.196690
01/31/2009 18:00:00,        83.185468
01/31/2009 19:00:00,        87.607820
01/31/2009 20:00:00,        93.781946
01/31/2009 21:00:00,       102.275763
01/31/2009 22:00:00,       109.545241
01/31/2009 23:00:00,       116.414534
02/01/2009 00:00:00,       187.677125
02/01/2009 01:00:00,       182.865403
02/01/2009 02:00:00,       176.350255
02/01/2009 03:00:00,       169.461536
02/01/2009 04:00:00,       162.205053
02/01/2009 05:00:00,       154.604093
02/01/2009 06:00:00,       146.839921
02/01/2009 07:00:00,       135.537512
02/01/2009 08:00:00,       123.393362
02/01/2009 09:00:00,       107.789448
02/01/2009 10:00:00,        92.913744
02/01/2009 11:00:00,        81.022992
02/01/2009 12:00:00,        70.031840
02/01/2009 13:00:00,        60.117990
02/01/2009 14:00:00,        52.242416
02/01/2009 15:00:00,        49.833086
02/01/2009 16:00:00,        51.806979
02/01/2009 17:00:00,        60.683754
02/01/2009 18:00:00,        71.670510
02/01/2009 19:00:00,        74.845520
02/01/2009 20:00:00,        79.214000
02/01/2009 21:00:00,        77.995180
02/01/2009 22:00:00,        71.146165
02/01/2009 23:00:00,        57.153102
02/02/2009 00:00:00,        39.318162
02/02/2009 01:00:00,        70.843400
02/02/2009 02:00:00,        29.969370
02/02/2009 03:00:00,        26.730144
02/02/2009 04:00:00,        25.506174
02/02/2009 05:00:00,        24.487183
02/02/2009 06:00:00,        24.151873
02/02/2009 07:00:00,        47.581083
02/02/2009 08:00:00,        34.062320
02/02/2009 09:00:00,        22.500842
02/02/2009 10:00:00,        44.033025
02/02/2009 11:00:00,        53.334599
02/02/2009 12:00:00,        43.209428
02/02/2009 13:00:00,        95.098554
02/02/2009 14:00:00,       145.943380
02/02/2009 15:00:00,       145.796502
02/02/2009 16:00:00,        95.480983
02/02/2009 17:00:00,       152.069949
02/02/2009 18:00:00,       155.481314
02/02/2009 19:00:00,       157.550581
02/02/2009 20:00:00,       157.829665
02/02/2009 21:00:00,       158.822810
02/02/2009 22:00:00,       165.761334
02/02/2009 23:00:00,       172.978734
02/03/2009 00:00:00,       172.281613
02/03/2009 01:00:00,        41.323175
02/03/2009 02:00:00,        39.208493
02/03/2009 03:00:00,        34.697263
02/03/2009 04:00:00,        28.295263
02/03/2009 05:00:00,        24.714427
02/03/2009 06:00:00,        22.649062
02/03/2009 07:00:00,        19.891055
02/03/2009 08:00:00,        17.564335
02/03/2009 09:00:00,        15.731392
02/03/2009 10:00:00,        12.734042
02/03/2009 11:00:00,        14.911586
02/03/2009 12:00:00,        18.296878
02/03/2009 13:00:00,        20.831953
02/03/2009 14:00:00,        25.089283
02/03/2009 15:00:00,        32.098619
02/03/2009 16:00:00,        43.274264
02/03/2009 17:00:00,        53.538418
02/03/2009 18:00:00,        64.298069
02/03/2009 19:00:00,        70.422873
02/03/2009 20:00:00,        77.403324
02/03/2009 21:00:00,        85.572796
02/03/2009 22:00:00,        94.250710
02/03/2009 23:00:00,       103.473790
02/04/2009 00:00:00,       112.306081
02/04/2009 01:00:00,       141.461276
02/04/2009 02:00:00,       138.511702
02/04/2009 03:00:00,       136.025283
02/04/2009 04:00:00,       129.897121
02/04/2009 05:00:00,       122.722291
02/04/2009 06:00:00,       116.309543
02/04/2009 07:00:00,       108.969102
02/04/2009 08:00:00,       100.146330
02/04/2009 09:00:00,        90.695529
02/04/2009 10:00:00,        81.243927
02/04/2009 11:00:00,        72.783297
02/04/2009 12:00:00,        63.430971
02/04/2009 13:00:00,        54.224461
02/04/2009 14:00:00,        46.468762
02/04/2009 15:00:00,        38.603810
02/04/2009 16:00:00,        31.203237
02/04/2009 17:00:00,        25.578440
02/04/2009 18:00:00,        22.130627
02/04/2009 19:00:00,        20.937200
02/04/2009 20:00:00,        20.590739
02/04/2009 21:00:00,        20.113845
02/04/2009 22:00:00,        18.808690
02/04/2009 23:00:00,        17.725359
02/05/2009 00:00:00,        17.023472
02/05/2009 01:00:00,        14.539868
02/05/2009 02:00:00,        14.256253
02/05/2009 03:00:00,        14.729174
02/05/2009 04:00:00,        14.614604
02/05/2009 05:00:00,        14.136707
02/05/2009 06:00:00,        14.660489
02/05/2009 07:00:00,        15.277007
02/05/2009 08:00:00,        13.764755
02/05/2009 09:00:00,        13.122280
02/05/2009 10:00:00,        13.555044
02/05/2009 11:00:00,        15.669411
02/05/2009 12:00:00,        19.243868
02/05/2009 13:00:00,        23.690368
02/05/2009 14:00:00,        31.598287
02/05/2009 15:00:00,        39.728858
02/05/2009 16:00:00,        48.631492
02/05/2009 17:00:00,        60.937809
02/05/2009 18:00:00,        74.640572
02/05/2009 19:00:00,        80.597932
02/05/2009 20:00:00,        87.837529
02/05/2009 21:00:00,        96.849535
02/05/2009 22:00:00,       107.221623
02/05/2009 23:00:00,       119.059433
02/06/2009 00:00:00,       132.617675
02/06/2009 01:00:00,       164.904631
02/06/2009 02:00:00,       170.662981
02/06/2009 03:00:00,       175.476109
02/06/2009 04:00:00,       179.077317
02/06/2009 05:00:00,       180.997477
02/06/2009 06:00:00,       181.286166
02/06/2009 07:00:00,       181.721059
02/06/2009 08:00:00,       182.676991
02/06/2009 09:00:00,       182.270403
02/06/2009 10:00:00,       181.373018
02/06/2009 11:00:00,       178.128646
02/06/2009 12:00:00,       174.373020
02/06/2009 13:00:00,       168.194649
02/06/2009 14:00:00,       160.966291
02/06/2009 15:00:00,       154.485106
02/06/2009 16:00:00,       151.755162
02/06/2009 17:00:00,       150.634933
02/06/2009 18:00:00,       150.551274
02/06/2009 19:00:00,       149.623336
02/06/2009 20:00:00,       148.556220
02/06/2009 21:00:00,       152.400152
02/06/2009 22:00:00,       156.744483
02/06/2009 23:00:00,       158.476869
02/07/2009 00:00:00,       158.188587
02/07/2009 01:00:00,       202.827093
02/07/2009 02:00:00,       204.020949
02/07/2009 03:00:00,       205.723526
02/07/2009 04:00:00,       207.514200
02/07/2009 05:00:00,       208.918570
02/07/2009 06:00:00,       210.141854
02/07/2009 07:00:00,       207.883445
02/07/2009 08:00:00,       203.178762
02/07/2009 09:00:00,       195.751501
02/07/2009 10:00:00,       188.818648
02/07/2009 11:00:00,       181.999605
02/07/2009 12:00:00,       174.575114
02/07/2009 13:00:00,       167.481960
02/07/2009 14:00:00,       159.460076
02/07/2009 15:00:00,       156.040755
02/07/2009 16:00:00,       150.413754
02/07/2009 17:00:00,       148.578012
02/07/2009 18:00:00,       145.956441
02/07/2009 19:00:00,       140.908578
02/07/2009 20:00:00,       138.005900
02/07/2009 21:00:00,       140.875374
02/07/2009 22:00:00,       147.612360
02/07/2009 23:00:00,        71.135109
02/08/2009 00:00:00,         9.030457
02/08/2009 01:00:00,        29.818973
02/08/2009 02:00:00,       195.698629
02/08/2009 03:00:00,       197.295745
02/08/2009 04:00:00,       202.409719
02/08/2009 05:00:00,       205.063668
02/08/2009 06:00:00,       207.894083
02/08/2009 07:00:00,       210.404808
02/08/2009 08:00:00,       188.270043
02/08/2009 09:00:00,       189.773431
02/08/2009 10:00:00,       127.613607
02/08/2009 11:00:00,        66.822678
02/08/2009 12:00:00,       180.940003
02/08/2009 13:00:00,       184.910447
02/08/2009 14:00:00,       198.797296
02/08/2009 15:00:00,       214.129560
02/08/2009 16:00:00,       214.659586
02/08/2009 17:00:00,       214.468223
02/08/2009 18:00:00,       214.520129
02/08/2009 19:00:00,       214.772023
02/08/2009 20:00:00,       214.788854
02/08/2009 21:00:00,       215.626791
02/08/2009 22:00:00,       217.162159
02/08/2009 23:00:00,       218.561778
02/09/2009 00:00:00,       218.876206
02/09/2009 01:00:00,       207.789761
02/09/2009 02:00:00,       203.199307
02/09/2009 03:00:00,       200.052390
02/09/2009 04:00:00,       198.364838
02/09/2009 05:00:00,       196.582342
02/09/2009 06:00:00,       195.324222
02/09/2009 07:00:00,       193.484887
02/09/2009 08:00:00,       188.959956
02/09/2009 09:00:00,       181.312304
02/09/2009 10:00:00,       174.009686
02/09/2009 11:00:00,       167.525510
02/09/2009 12:00:00,       162.375823
02/09/2009 13:00:00,       161.074938
02/09/2009 14:00:00,       162.071139
02/09/2009 15:00:00,       162.869123
02/09/2009 16:00:00,       163.230588
02/09/2009 17:00:00,       163.582543
02/09/2009 18:00:00,       164.175303
02/09/2009 19:00:00,       162.233118
02/09/2009 20:00:00,       160.440081
02/09/2009 21:00:00,       161.160589
02/09/2009 22:00:00,       165.272287
02/09/2009 23:00:00,       172.403379
02/10/2009 00:00:00,       179.310893
02/10/2009 01:00:00,       166.638700
02/10/2009 02:00:00,       157.308170
02/10/2009 03:00:00,       148.216057
02/10/2009 04:00:00,       138.559946
02/10/2009 05:00:00,       130.989461
02/10/2009 06:00:00,       124.852458
02/10/2009 07:00:00,       120.072022
02/10/2009 08:00:00,       108.057401
02/10/2009 09:00:00,        94.738005
02/10/2009 10:00:00,        81.739062
02/10/2009 11:00:00,        66.626613
02/10/2009 12:00:00,        55.191246
02/10/2009 13:00:00,        44.659677
02/10/2009 14:00:00,        35.995188
02/10/2009 15:00:00,        29.703008
02/10/2009 16:00:00,        24.028573
02/10/2009 17:00:00,        20.620603
02/10/2009 18:00:00,        19.384449
02/10/2009 19:00:00,        17.160469
02/10/2009 20:00:00,        15.049551
02/10/2009 21:00:00,        16.480455
02/10/2009 22:00:00,        17.616469
02/10/2009 23:00:00,        18.792158
02/11/2009 00:00:00,        21.892237
02/11/2009 01:00:00,        56.956050
02/11/2009 02:00:00,        35.451740
02/11/2009 03:00:00,         1.232051
02/11/2009 04:00:00,         0.249397
02/11/2009 05:00:00,         0.000000
02/11/2009 06:00:00,         0.000000
02/11/2009 07:00:00,        20.376774
02/11/2009 08:00:00,        42.201915
02/11/2009 09:00:00,        90.473837
02/11/2009 10:00:00,       113.755195
02/11/2009 11:00:00,       122.748123
02/11/2009 12:00:00,       131.649113
02/11/2009 13:00:00,       139.841289
02/11/2009 14:00:00,       147.096690
02/11/2009 15:00:00,       153.421622
02/11/2009 16:00:00,       168.497584
02/11/2009 17:00:00,       169.810722
02/11/2009 18:00:00,       168.214482
02/11/2009 19:00:00,       170.313999
02/11/2009 20:00:00,       171.689046
02/11/2009 21:00:00,       170.073732
02/11/2009 22:00:00,       166.403675
02/11/2009 23:00:00,       162.710257
02/12/2009 00:00:00,       159.647079
02/12/2009 01:00:00,        23.677052
02/12/2009 02:00:00,        24.549121
02/12/2009 03:00:00,        29.039591
02/12/2009 04:00:00,        34.426367
02/12/2009 05:00:00,        35.141695
02/12/2009 06:00:00,        34.712066
02/12/2009 07:00:00,        35.927540
02/12/2009 08:00:00,        39.026287
02/12/2009 09:00:00,        43.580539
02/12/2009 10:00:00,        47.118949
02/12/2009 11:00:00,        53.243740
02/12/2009 12:00:00,        56.145993
02/12/2009 13:00:00,        62.530606
02/12/2009 14:00:00,        69.799770
02/12/2009 15:00:00,        80.924940
02/12/2009 16:00:00,        73.283408
02/12/2009 17:00:00,        65.177197
02/12/2009 18:00:00,        64.799167
02/12/2009 19:00:00,        32.198602
02/12/2009 20:00:00,         2.557013
02/12/2009 21:00:00,        18.824051
02/12/2009 22:00:00,        27.455000
02/12/2009 23:00:00,        30.220470
02/13/2009 00:00:00,        50.559043
02/13/2009 01:00:00,       136.452797
02/13/2009 02:00:00,       123.790127
02/13/2009 03:00:00,       177.293763
02/13/2009 04:00:00,       169.591694
02/13/2009 05:00:00,       174.684909
02/13/2009 06:00:00,       182.540897
02/13/2009 07:00:00,       187.132288
02/13/2009 08:00:00,       188.973508
02/13/2009 09:00:00,       185.688776
02/13/2009 10:00:00,       186.551797
02/13/2009 11:00:00,       187.321155
02/13/2009 12:00:00,       190.286334
02/13/2009 13:00:00,       194.299196
02/13/2009 14:00:00,       195.701958
02/13/2009 15:00:00,       198.642118
02/13/2009 16:00:00,       209.867425
02/13/2009 17:00:00,       219.693687
02/13/2009 18:00:00,       222.865003
02/13/2009 19:00:00,       222.904071
02/13/2009 20:00:00,       223.154831
02/13/2009 21:00:00,       223.416512
02/13/2009 22:00:00,       223.664690
02/13/2009 23:00:00,       223.784424
02/14/2009 00:00:00,       223.868276
02/14/2009 01:00:00,       223.990104
02/14/2009 02:00:00,       223.990866
02/14/2009 03:00:00,       223.998765
02/14/2009 04:00:00,       224.000000
02/14/2009 05:00:00,       224.000000
02/14/2009 06:00:00,       224.000000
02/14/2009 07:00:00,       224.000000
02/14/2009 08:00:00,       223.999722
02/14/2009 09:00:00,       223.984361
02/14/2009 10:00:00,       223.898136
02/14/2009 11:00:00,       223.468175
02/14/2009 12:00:00,       222.602201
02/14/2009 13:00:00,       221.499290
02/14/2009 14:00:00,       219.997083
02/14/2009 15:00:00,       218.037673
02/14/2009 16:00:00,       215.532987
02/14/2009 17:00:00,       212.043656
02/14/2009 18:00:00,       205.368856
02/14/2009 19:00:00,       201.052705
02/14/2009 20:00:00,       196.966986
02/14/2009 21:00:00,       193.327590
02/14/2009 22:00:00,       188.880986
02/14/2009 23:00:00,       184.383196
02/15/2009 00:00:00,       180.083397
02/15/2009 01:00:00,        78.717117
02/15/2009 02:00:00,        72.675227
02/15/2009 03:00:00,        66.832997
02/15/2009 04:00:00,        62.622108
02/15/2009 05:00:00,        59.387184
02/15/2009 06:00:00,        55.695792
02/15/2009 07:00:00,        52.731859
02/15/2009 08:00:00,        43.926216
02/15/2009 09:00:00,        38.103644
02/15/2009 10:00:00,        33.080129
02/15/2009 11:00:00,        28.808763
02/15/2009 12:00:00,        25.519559
02/15/2009 13:00:00,        21.252840
02/15/2009 14:00:00,        18.906386
02/15/2009 15:00:00,        16.826772
02/15/2009 16:00:00,        14.457175
02/15/2009 17:00:00,        13.084861
02/15/2009 18:00:00,        11.733769
02/15/2009 19:00:00,        11.467648
02/15/2009 20:00:00,        11.777878
02/15/2009 21:00:00,        12.639348
02/15/2009 22:00:00,        13.639181
02/15/2009 23:00:00,        14.532201
02/16/2009 00:00:00,        15.519556
02/16/2009 01:00:00,        11.603450
02/16/2009 02:00:00,        11.542448
02/16/2009 03:00:00,        11.662302
02/16/2009 04:00:00,        11.506278
02/16/2009 05:00:00,        11.335896
02/16/2009 06:00:00,        10.270075
02/16/2009 07:00:00,         9.467359
02/16/2009 08:00:00,         6.918217
02/16/2009 09:00:00,         5.392505
02/16/2009 10:00:00,         3.895805
02/16/2009 11:00:00,         2.892518
02/16/2009 12:00:00,         2.794086
02/16/2009 13:00:00,         3.090656
02/16/2009 14:00:00,         3.736476
02/16/2009 15:00:00,         3.537349
02/16/2009 16:00:00,         3.703446
02/16/2009 17:00:00,         5.764538
02/16/2009 18:00:00,         7.374057
02/16/2009 19:00:00,         7.818764
02/16/2009 20:00:00,         8.432793
02/16/2009 21:00:00,         9.748821
02/16/2009 22:00:00,        11.685361
02/16/2009 23:00:00,        13.274686
02/17/2009 00:00:00,        15.231632
02/17/2009 01:00:00,         7.890031
02/17/2009 02:00:00,         7.722582
02/17/2009 03:00:00,         8.020823
02/17/2009 04:00:00,         9.173617
02/17/2009 05:00:00,         9.430681
02/17/2009 06:00:00,         8.460041
02/17/2009 07:00:00,         7.487180
02/17/2009 08:00:00,         5.753698
02/17/2009 09:00:00,         4.103525
02/17/2009 10:00:00,         2.832034
02/17/2009 11:00:00,         1.749729
02/17/2009 12:00:00,         0.475000
02/17/2009 13:00:00,         0.986705
02/17/2009 14:00:00,         0.950112
02/17/2009 15:00:00,         0.943733
02/17/2009 16:00:00,         1.346030
02/17/2009 17:00:00,         1.962014
02/17/2009 18:00:00,         2.758742
02/17/2009 19:00:00,         3.106908
02/17/2009 20:00:00,         3.453384
02/17/2009 21:00:00,         3.925487
02/17/2009 22:00:00,         4.448282
02/17/2009 23:00:00,         4.764062
02/18/2009 00:00:00,         5.192923
02/18/2009 01:00:00,         1.862925
02/18/2009 02:00:00,         1.916563
02/18/2009 03:00:00,         1.921539
02/18/2009 04:00:00,         1.829712
02/18/2009 05:00:00,         1.823718
02/18/2009 06:00:00,         1.929096
02/18/2009 07:00:00,         2.319451
02/18/2009 08:00:00,         2.657200
02/18/2009 09:00:00,         3.178372
02/18/2009 10:00:00,         3.369772
02/18/2009 11:00:00,         4.108671
02/18/2009 12:00:00,         5.037890
02/18/2009 13:00:00,         7.203547
02/18/2009 14:00:00,        10.883661
02/18/2009 15:00:00,        15.479922
02/18/2009 16:00:00,        22.050500
02/18/2009 17:00:00,        26.009146
02/18/2009 18:00:00,        31.479495
02/18/2009 19:00:00,        34.574854
02/18/2009 20:00:00,        38.086913
02/18/2009 21:00:00,        43.952650
02/18/2009 22:00:00,        48.485740
02/18/2009 23:00:00,        54.265110
02/19/2009 00:00:00,        60.132430
02/19/2009 01:00:00,       135.103880
02/19/2009 02:00:00,       139.616770
02/19/2009 03:00:00,       144.040290
02/19/2009 04:00:00,       149.640910
02/19/2009 05:00:00,       153.890260
02/19/2009 06:00:00,       158.187240
02/19/2009 07:00:00,       148.810159
02/19/2009 08:00:00,       119.815043
02/19/2009 09:00:00,        99.958587
02/19/2009 10:00:00,        53.153220
02/19/2009 11:00:00,        54.419743
02/19/2009 12:00:00,        40.970524
02/19/2009 13:00:00,        41.620293
02/19/2009 14:00:00,        68.145100
02/19/2009 15:00:00,       120.406100
02/19/2009 16:00:00,       107.131800
02/19/2009 17:00:00,       128.611300
02/19/2009 18:00:00,       134.622300
02/19/2009 19:00:00,       144.859080
02/19/2009 20:00:00,       142.663260
02/19/2009 21:00:00,       115.116871
02/19/2009 22:00:00,        97.466052
02/19/2009 23:00:00,        62.394283
02/20/2009 00:00:00,        58.100348
02/20/2009 01:00:00,        21.374444
02/20/2009 02:00:00,        19.830857
02/20/2009 03:00:00,        14.987201
02/20/2009 04:00:00,        10.109022
02/20/2009 05:00:00,         3.428327
02/20/2009 06:00:00,         0.018954
02/20/2009 07:00:00,         0.000339
02/20/2009 08:00:00,         0.000000
02/20/2009 09:00:00,         0.000000
02/20/2009 10:00:00,        33.839000
02/20/2009 11:00:00,        40.441500
02/20/2009 12:00:00,        53.247000
02/20/2009 13:00:00,        66.152492
02/20/2009 14:00:00,        78.511134
02/20/2009 15:00:00,        89.749055
02/20/2009 16:00:00,        97.810316
02/20/2009 17:00:00,       109.522891
02/20/2009 18:00:00,       124.256918
02/20/2009 19:00:00,       134.431124
02/20/2009 20:00:00,       144.173125
02/20/2009 21:00:00,       154.176384
02/20/2009 22:00:00,       164.707266
02/20/2009 23:00:00,       174.236681
02/21/2009 00:00:00,       179.574292
02/21/2009 01:00:00,       206.121515
02/21/2009 02:00:00,       205.968398
02/21/2009 03:00:00,       206.877401
02/21/2009 04:00:00,       207.143594
02/21/2009 05:00:00,       206.893621
02/21/2009 06:00:00,       207.015561
02/21/2009 07:00:00,       206.999860
02/21/2009 08:00:00,       207.939071
02/21/2009 09:00:00,       207.817618
02/21/2009 10:00:00,       208.745965
02/21/2009 11:00:00,       209.726511
02/21/2009 12:00:00,       211.456917
02/21/2009 13:00:00,       213.213082
02/21/2009 14:00:00,       214.361761
02/21/2009 15:00:00,       215.419726
02/21/2009 16:00:00,       215.464330
02/21/2009 17:00:00,       215.829824
02/21/2009 18:00:00,       215.577615
02/21/2009 19:00:00,       215.198251
02/21/2009 20:00:00,       214.592275
02/21/2009 21:00:00,       213.834641
02/21/2009 22:00:00,       212.630704
02/21/2009 23:00:00,       211.025516
02/22/2009 00:00:00,       209.646387
02/22/2009 01:00:00,       140.869529
02/22/2009 02:00:00,       130.849981
02/22/2009 03:00:00,       117.753793
02/22/2009 04:00:00,       106.346571
02/22/2009 05:00:00,        97.860863
02/22/2009 06:00:00,        89.539550
02/22/2009 07:00:00,        82.714135
02/22/2009 08:00:00,        68.231895
02/22/2009 09:00:00,        54.971356
02/22/2009 10:00:00,        47.096545
02/22/2009 11:00:00,        40.609654
02/22/2009 12:00:00,        36.406630
02/22/2009 13:00:00,        34.071545
02/22/2009 14:00:00,        33.907217
02/22/2009 15:00:00,        36.666582
02/22/2009 16:00:00,        45.404290
02/22/2009 17:00:00,        53.230960
02/22/2009 18:00:00,        47.350701
02/22/2009 19:00:00,        40.752260
02/22/2009 20:00:00,        37.904798
02/22/2009 21:00:00,        40.237809
02/22/2009 22:00:00,        18.081152
02/22/2009 23:00:00,         5.997101
02/23/2009 00:00:00,         0.324357
02/23/2009 01:00:00,         0.134638
02/23/2009 02:00:00,         0.000000
02/23/2009 03:00:00,         0.000000
02/23/2009 04:00:00,         0.000000
02/23/2009 05:00:00,         0.000000
02/23/2009 06:00:00,         0.000000
02/23/2009 07:00:00,         0.000000
02/23/2009 08:00:00,        13.404500
02/23/2009 09:00:00,        80.883000
02/23/2009 10:00:00,       193.194541
02/23/2009 11:00:00,       200.214637
02/23/2009 12:00:00,       206.164513
02/23/2009 13:00:00,       210.927216
02/23/2009 14:00:00,       215.309948
02/23/2009 15:00:00,       217.908194
02/23/2009 16:00:00,       219.887869
02/23/2009 17:00:00,       220.869238
02/23/2009 18:00:00,       220.617332
02/23/2009 19:00:00,       219.830519
02/23/2009 20:00:00,       218.189959
02/23/2009 21:00:00,       216.464651
02/23/2009 22:00:00,       212.955848
02/23/2009 23:00:00,       210.723849
02/24/2009 00:00:00,       211.493988
02/24/2009 01:00:00,       151.202578
02/24/2009 02:00:00,       149.374460
02/24/2009 03:00:00,       148.396298
02/24/2009 04:00:00,       150.518060
02/24/2009 05:00:00,       152.762383
02/24/2009 06:00:00,       155.301511
02/24/2009 07:00:00,       154.812838
02/24/2009 08:00:00,       157.378403
02/24/2009 09:00:00,       159.139324
02/24/2009 10:00:00,       159.286153
02/24/2009 11:00:00,       158.212119
02/24/2009 12:00:00,       154.905700
02/24/2009 13:00:00,       150.530834
02/24/2009 14:00:00,       146.838622
02/24/2009 15:00:00,       145.535907
02/24/2009 16:00:00,       147.046069
02/24/2009 17:00:00,       149.172457
02/24/2009 18:00:00,       151.569793
02/24/2009 19:00:00,       149.839710
02/24/2009 20:00:00,       149.579873
02/24/2009 21:00:00,       150.720750
02/24/2009 22:00:00,       154.288626
02/24/2009 23:00:00,       155.162912
02/25/2009 00:00:00,       158.732777
02/25/2009 01:00:00,       103.072288
02/25/2009 02:00:00,       108.591495
02/25/2009 03:00:00,       113.660867
02/25/2009 04:00:00,       119.247023
02/25/2009 05:00:00,       124.928169
02/25/2009 06:00:00,       125.824964
02/25/2009 07:00:00,       124.635647
02/25/2009 08:00:00,       118.500061
02/25/2009 09:00:00,       115.591829
02/25/2009 10:00:00,       114.082943
02/25/2009 11:00:00,       112.121142
02/25/2009 12:00:00,       109.008297
02/25/2009 13:00:00,       103.872733
02/25/2009 14:00:00,        96.705185
02/25/2009 15:00:00,        84.758395
02/25/2009 16:00:00,        73.903291
02/25/2009 17:00:00,        66.695126
02/25/2009 18:00:00,        61.158553
02/25/2009 19:00:00,        54.512435
02/25/2009 20:00:00,        48.769637
02/25/2009 21:00:00,        47.440270
02/25/2009 22:00:00,        47.474400
02/25/2009 23:00:00,        47.357232
02/26/2009 00:00:00,        50.524234
02/26/2009 01:00:00,        92.265434
02/26/2009 02:00:00,        99.758673
02/26/2009 03:00:00,       107.125118
02/26/2009 04:00:00,       110.948412
02/26/2009 05:00:00,       112.814835
02/26/2009 06:00:00,       114.273007
02/26/2009 07:00:00,       115.916308
02/26/2009 08:00:00,       118.815959
02/26/2009 09:00:00,       119.812760
02/26/2009 10:00:00,       120.883729
02/26/2009 11:00:00,       119.159265
02/26/2009 12:00:00,       121.102110
02/26/2009 13:00:00,       116.443460
02/26/2009 14:00:00,       109.156420
02/26/2009 15:00:00,       102.749320
02/26/2009 16:00:00,        80.499678
02/26/2009 17:00:00,        49.905661
02/26/2009 18:00:00,        17.263360
02/26/2009 19:00:00,         5.063235
02/26/2009 20:00:00,         4.570650
02/26/2009 21:00:00,         0.034058
02/26/2009 22:00:00,         0.035578
02/26/2009 23:00:00,         0.000000
02/27/2009 00:00:00,         0.000000
02/27/2009 01:00:00,         0.000000
02/27/2009 02:00:00,         2.921499
02/27/2009 03:00:00,         0.000000
02/27/2009 04:00:00,         0.000000
02/27/2009 05:00:00,        24.645541
02/27/2009 06:00:00,        20.574128
02/27/2009 07:00:00,        25.741673
02/27/2009 08:00:00,        46.796156
02/27/2009 09:00:00,        54.317769
02/27/2009 10:00:00,        74.283214
02/27/2009 11:00:00,        91.428548
02/27/2009 12:00:00,        93.512797
02/27/2009 13:00:00,         0.000000
02/27/2009 14:00:00,       142.722095
02/27/2009 15:00:00,       155.058405
02/27/2009 16:00:00,       168.517069
02/27/2009 17:00:00,       185.942100
02/27/2009 18:00:00,       196.374535
02/27/2009 19:00:00,       202.227078
02/27/2009 20:00:00,       210.502936
02/27/2009 21:00:00,       218.335891
02/27/2009 22:00:00,       221.622046
02/27/2009 23:00:00,       221.210124
02/28/2009 00:00:00,       220.609259
02/28/2009 01:00:00,       194.697611
02/28/2009 02:00:00,       192.204991
02/28/2009 03:00:00,       186.996271
02/28/2009 04:00:00,       179.149163
02/28/2009 05:00:00,       145.994692
02/28/2009 06:00:00,       156.326815
02/28/2009 07:00:00,       144.166530
02/28/2009 08:00:00,       128.884537
02/28/2009 09:00:00,       111.459761
02/28/2009 10:00:00,        97.559906
02/28/2009 11:00:00,        83.983021
02/28/2009 12:00:00,        72.027668
02/28/2009 13:00:00,        63.203501
02/28/2009 14:00:00,        55.208511
02/28/2009 15:00:00,        44.148494
02/28/2009 16:00:00,        34.540559
02/28/2009 17:00:00,        28.522704
02/28/2009 18:00:00,        24.776026
02/28/2009 19:00:00,        22.221877
02/28/2009 20:00:00,        21.121448
02/28/2009 21:00:00,        19.400410
02/28/2009 22:00:00,        17.795729
02/28/2009 23:00:00,        16.547965
03/01/2009 00:00:00,         7.742772
03/01/2009 01:00:00,         7.350765
03/01/2009 02:00:00,         7.148338
03/01/2009 03:00:00,         8.038021
03/01/2009 04:00:00,         9.809676
03/01/2009 05:00:00,        10.839054
03/01/2009 06:00:00,        12.037763
03/01/2009 07:00:00,        13.532120
03/01/2009 08:00:00,        13.821141
03/01/2009 09:00:00,        14.414496
03/01/2009 10:00:00,        14.463192
03/01/2009 11:00:00,        13.855527
03/01/2009 12:00:00,        13.735499
03/01/2009 13:00:00,        13.555540
03/01/2009 14:00:00,        13.925194
03/01/2009 15:00:00,        13.664337
03/01/2009 16:00:00,        12.203456
03/01/2009 17:00:00,        10.512510
03/01/2009 18:00:00,         9.802640
03/01/2009 19:00:00,         9.040914
03/01/2009 20:00:00,         8.977197
03/01/2009 21:00:00,         9.728691
03/01/2009 22:00:00,        11.007600
03/01/2009 23:00:00,        13.391177
03/02/2009 00:00:00,        16.793651
03/02/2009 01:00:00,        47.641915
03/02/2009 02:00:00,        53.613510
03/02/2009 03:00:00,        60.475670
03/02/2009 04:00:00,        66.214701
03/02/2009 05:00:00,        72.523925
03/02/2009 06:00:00,        81.586686
03/02/2009 07:00:00,        91.856948
03/02/2009 08:00:00,       102.989964
03/02/2009 09:00:00,       112.818813
03/02/2009 10:00:00,       121.908601
03/02/2009 11:00:00,       132.118779
03/02/2009 12:00:00,       141.613011
03/02/2009 13:00:00,       150.483328
03/02/2009 14:00:00,       159.154699
03/02/2009 15:00:00,       168.172107
03/02/2009 16:00:00,       178.157816
03/02/2009 17:00:00,       187.694026
03/02/2009 18:00:00,       195.103686
03/02/2009 19:00:00,       201.251887
03/02/2009 20:00:00,       205.769272
03/02/2009 21:00:00,       208.871975
03/02/2009 22:00:00,       211.000609
03/02/2009 23:00:00,       213.388543
03/03/2009 00:00:00,       215.046061
03/03/2009 01:00:00,       209.091339
03/03/2009 02:00:00,       206.123813
03/03/2009 03:00:00,       200.947789
03/03/2009 04:00:00,       193.047160
03/03/2009 05:00:00,       182.132011
03/03/2009 06:00:00,       167.739938
03/03/2009 07:00:00,       153.623285
03/03/2009 08:00:00,       137.644384
03/03/2009 09:00:00,       120.742846
03/03/2009 10:00:00,       107.978717
03/03/2009 11:00:00,        95.316477
03/03/2009 12:00:00,        83.746118
03/03/2009 13:00:00,        75.495302
03/03/2009 14:00:00,        69.942969
03/03/2009 15:00:00,        63.974870
03/03/2009 16:00:00,        61.063813
03/03/2009 17:00:00,        62.172936
03/03/2009 18:00:00,        63.077764
03/03/2009 19:00:00,        68.474514
03/03/2009 20:00:00,        75.702771
03/03/2009 21:00:00,        83.675290
03/03/2009 22:00:00,        91.857323
03/03/2009 23:00:00,        99.839614
03/04/2009 00:00:00,       105.548464
03/04/2009 01:00:00,        46.616499
03/04/2009 02:00:00,        50.515140
03/04/2009 03:00:00,        56.105917
03/04/2009 04:00:00,        62.148052
03/04/2009 05:00:00,        68.459950
03/04/2009 06:00:00,        76.903943
03/04/2009 07:00:00,        81.957540
03/04/2009 08:00:00,        85.945766
03/04/2009 09:00:00,        94.301166
03/04/2009 10:00:00,       105.019070
03/04/2009 11:00:00,       116.300084
03/04/2009 12:00:00,       127.142253
03/04/2009 13:00:00,       137.807638
03/04/2009 14:00:00,       149.182952
03/04/2009 15:00:00,       156.590086
03/04/2009 16:00:00,       161.887765
03/04/2009 17:00:00,       169.749335
03/04/2009 18:00:00,       177.440443
03/04/2009 19:00:00,       181.273994
03/04/2009 20:00:00,       187.261271
03/04/2009 21:00:00,       193.171813
03/04/2009 22:00:00,       198.962761
03/04/2009 23:00:00,       202.697170
03/05/2009 00:00:00,       205.608279
03/05/2009 01:00:00,       193.059966
03/05/2009 02:00:00,       193.225877
03/05/2009 03:00:00,       191.406663
03/05/2009 04:00:00,       186.314303
03/05/2009 05:00:00,       178.809684
03/05/2009 06:00:00,       172.336102
03/05/2009 07:00:00,       165.989844
03/05/2009 08:00:00,       155.756618
03/05/2009 09:00:00,       143.208047
03/05/2009 10:00:00,       131.022267
03/05/2009 11:00:00,       119.097215
03/05/2009 12:00:00,       108.614649
03/05/2009 13:00:00,        97.270439
03/05/2009 14:00:00,        85.429837
03/05/2009 15:00:00,        70.704719
03/05/2009 16:00:00,        56.026269
03/05/2009 17:00:00,        44.904410
03/05/2009 18:00:00,        37.818832
03/05/2009 19:00:00,        33.027540
03/05/2009 20:00:00,        28.718827
03/05/2009 21:00:00,        25.751361
03/05/2009 22:00:00,        24.298906
03/05/2009 23:00:00,        24.024790
03/06/2009 00:00:00,        24.451360
03/06/2009 01:00:00,        28.970704
03/06/2009 02:00:00,        30.337601
03/06/2009 03:00:00,        34.119654
03/06/2009 04:00:00,        37.617360
03/06/2009 05:00:00,        40.073250
03/06/2009 06:00:00,        42.328510
03/06/2009 07:00:00,        44.968260
03/06/2009 08:00:00,        47.502500
03/06/2009 09:00:00,        35.318424
03/06/2009 10:00:00,         9.344736
03/06/2009 11:00:00,         1.161128
03/06/2009 12:00:00,         0.207482
03/06/2009 13:00:00,         0.000000
03/06/2009 14:00:00,         0.000000
03/06/2009 15:00:00,         0.000000
03/06/2009 16:00:00,         0.000000
03/06/2009 17:00:00,         0.164935
03/06/2009 18:00:00,         0.000000
03/06/2009 19:00:00,         0.000000
03/06/2009 20:00:00,       104.346872
03/06/2009 21:00:00,       111.961155
03/06/2009 22:00:00,       120.290303
03/06/2009 23:00:00,       132.298543
03/07/2009 00:00:00,       150.709262
03/07/2009 01:00:00,       211.252466
03/07/2009 02:00:00,       211.467398
03/07/2009 03:00:00,       212.892575
03/07/2009 04:00:00,       213.062623
03/07/2009 05:00:00,       213.000844
03/07/2009 06:00:00,       219.303322
03/07/2009 07:00:00,       191.446332
03/07/2009 08:00:00,       145.509718
03/07/2009 09:00:00,        68.798472
03/07/2009 10:00:00,        76.879122
03/07/2009 11:00:00,       180.169504
03/07/2009 12:00:00,       181.776830
03/07/2009 13:00:00,       211.933839
03/07/2009 14:00:00,       212.625322
03/07/2009 15:00:00,       212.566914
03/07/2009 16:00:00,       210.309624
03/07/2009 17:00:00,       208.273113
03/07/2009 18:00:00,       205.151074
03/07/2009 19:00:00,       202.117403
03/07/2009 20:00:00,       197.728174
03/07/2009 21:00:00,       193.540202
03/07/2009 22:00:00,       188.407123
03/07/2009 23:00:00,       182.480983
03/08/2009 00:00:00,       150.962860
03/08/2009 01:00:00,        20.273695
03/08/2009 02:00:00,         1.460977
03/08/2009 03:00:00,         0.236115
03/08/2009 04:00:00,         0.000000
03/08/2009 05:00:00,         0.000000
03/08/2009 06:00:00,         0.000000
03/08/2009 07:00:00,         0.000000
03/08/2009 08:00:00,         0.000000
03/08/2009 09:00:00,         0.000000
03/08/2009 10:00:00,         0.000000
03/08/2009 11:00:00,         0.000000
03/08/2009 12:00:00,         0.000000
03/08/2009 13:00:00,        12.720500
03/08/2009 14:00:00,        43.400940
03/08/2009 15:00:00,        57.149845
03/08/2009 16:00:00,        89.432045
03/08/2009 17:00:00,       122.238742
03/08/2009 18:00:00,       127.252305
03/08/2009 19:00:00,       136.929914
03/08/2009 20:00:00,       146.656443
03/08/2009 21:00:00,       154.730420
03/08/2009 22:00:00,       160.305694
03/08/2009 23:00:00,       164.036940
03/09/2009 00:00:00,       168.276014
03/09/2009 01:00:00,        88.763256
03/09/2009 02:00:00,        85.837959
03/09/2009 03:00:00,        78.438811
03/09/2009 04:00:00,        73.374245
03/09/2009 05:00:00,        71.447284
03/09/2009 06:00:00,        69.758235
03/09/2009 07:00:00,        65.499653
03/09/2009 08:00:00,        70.259465
03/09/2009 09:00:00,        67.798948
03/09/2009 10:00:00,        63.692730
03/09/2009 11:00:00,        55.956920
03/09/2009 12:00:00,        52.731053
03/09/2009 13:00:00,        47.200199
03/09/2009 14:00:00,        39.878103
03/09/2009 15:00:00,        33.818623
03/09/2009 16:00:00,        29.193112
03/09/2009 17:00:00,        25.240775
03/09/2009 18:00:00,        21.767605
03/09/2009 19:00:00,        19.050172
03/09/2009 20:00:00,        17.392205
03/09/2009 21:00:00,        15.506489
03/09/2009 22:00:00,        13.293521
03/09/2009 23:00:00,        11.700077
03/10/2009 00:00:00,         9.454419
03/10/2009 01:00:00,         1.845091
03/10/2009 02:00:00,         1.921657
03/10/2009 03:00:00,         1.807283
03/10/2009 04:00:00,         1.660795
03/10/2009 05:00:00,         1.564604
03/10/2009 06:00:00,         1.466719
03/10/2009 07:00:00,         1.347871
03/10/2009 08:00:00,         1.150547
03/10/2009 09:00:00,         1.267948
03/10/2009 10:00:00,         1.689655
03/10/2009 11:00:00,         1.749127
03/10/2009 12:00:00,         1.596496
03/10/2009 13:00:00,         1.471496
03/10/2009 14:00:00,         1.265636
03/10/2009 15:00:00,         1.235822
03/10/2009 16:00:00,         1.700610
03/10/2009 17:00:00,         2.034066
03/10/2009 18:00:00,         4.241035
03/10/2009 19:00:00,         4.690709
03/10/2009 20:00:00,         5.576406
03/10/2009 21:00:00,         6.622226
03/10/2009 22:00:00,         7.986849
03/10/2009 23:00:00,         9.197944
03/11/2009 00:00:00,        10.850122
03/11/2009 01:00:00,        68.827790
03/11/2009 02:00:00,        69.556980
03/11/2009 03:00:00,        74.245120
03/11/2009 04:00:00,        77.869430
03/11/2009 05:00:00,        83.515140
03/11/2009 06:00:00,        90.387440
03/11/2009 07:00:00,        97.416110
03/11/2009 08:00:00,       105.891030
03/11/2009 09:00:00,       109.225231
03/11/2009 10:00:00,         2.128898
03/11/2009 11:00:00,         3.494031
03/11/2009 12:00:00,         0.000000
03/11/2009 13:00:00,         0.000000
03/11/2009 14:00:00,         8.531000
03/11/2009 15:00:00,         9.547500
03/11/2009 16:00:00,        11.158500
03/11/2009 17:00:00,         0.637665
03/11/2009 18:00:00,       112.280688
03/11/2009 19:00:00,       158.814806
03/11/2009 20:00:00,       182.365175
03/11/2009 21:00:00,       191.830212
03/11/2009 22:00:00,       199.411907
03/11/2009 23:00:00,       213.386501
03/12/2009 00:00:00,       215.802340
03/12/2009 01:00:00,       223.818663
03/12/2009 02:00:00,       223.659567
03/12/2009 03:00:00,       223.812586
03/12/2009 04:00:00,       223.829203
03/12/2009 05:00:00,       223.846405
03/12/2009 06:00:00,       223.859203
03/12/2009 07:00:00,       223.870038
03/12/2009 08:00:00,       223.869259
03/12/2009 09:00:00,       223.865928
03/12/2009 10:00:00,       223.855908
03/12/2009 11:00:00,       223.825918
03/12/2009 12:00:00,       223.779412
03/12/2009 13:00:00,       223.731132
03/12/2009 14:00:00,       223.701223
03/12/2009 15:00:00,       223.747028
03/12/2009 16:00:00,       223.568588
03/12/2009 17:00:00,       223.082924
03/12/2009 18:00:00,       222.681964
03/12/2009 19:00:00,       222.348845
03/12/2009 20:00:00,       221.979923
03/12/2009 21:00:00,       221.390551
03/12/2009 22:00:00,       220.340149
03/12/2009 23:00:00,       219.094986
03/13/2009 00:00:00,       217.720099
03/13/2009 01:00:00,       204.446985
03/13/2009 02:00:00,       197.261713
03/13/2009 03:00:00,       190.469778
03/13/2009 04:00:00,       183.345059
03/13/2009 05:00:00,       179.864310
03/13/2009 06:00:00,       176.621908
03/13/2009 07:00:00,       175.049747
03/13/2009 08:00:00,       169.279277
03/13/2009 09:00:00,       163.888885
03/13/2009 10:00:00,       160.442868
03/13/2009 11:00:00,       158.037740
03/13/2009 12:00:00,       155.927795
03/13/2009 13:00:00,       155.640357
03/13/2009 14:00:00,       157.692045
03/13/2009 15:00:00,       155.288260
03/13/2009 16:00:00,       152.813734
03/13/2009 17:00:00,       152.897470
03/13/2009 18:00:00,       152.105510
03/13/2009 19:00:00,       153.512835
03/13/2009 20:00:00,       153.281059
03/13/2009 21:00:00,       154.061062
03/13/2009 22:00:00,       154.333949
03/13/2009 23:00:00,       153.052299
03/14/2009 00:00:00,       150.074991
03/14/2009 01:00:00,       163.774634
03/14/2009 02:00:00,       165.803840
03/14/2009 03:00:00,       170.190723
03/14/2009 04:00:00,       175.043790
03/14/2009 05:00:00,       178.960737
03/14/2009 06:00:00,       183.346171
03/14/2009 07:00:00,       186.048659
03/14/2009 08:00:00,       187.886533
03/14/2009 09:00:00,       191.466508
03/14/2009 10:00:00,       193.305225
03/14/2009 11:00:00,       196.606801
03/14/2009 12:00:00,       200.424520
03/14/2009 13:00:00,       206.282337
03/14/2009 14:00:00,       211.418996
03/14/2009 15:00:00,       211.566893
03/14/2009 16:00:00,       212.080253
03/14/2009 17:00:00,       212.751378
03/14/2009 18:00:00,       213.132367
03/14/2009 19:00:00,       212.867070
03/14/2009 20:00:00,       213.120682
03/14/2009 21:00:00,       213.296741
03/14/2009 22:00:00,       212.756541
03/14/2009 23:00:00,       213.039493
03/15/2009 00:00:00,       212.649238
03/15/2009 01:00:00,       199.986092
03/15/2009 02:00:00,       200.367881
03/15/2009 03:00:00,       198.428179
03/15/2009 04:00:00,       198.923762
03/15/2009 05:00:00,       197.204300
03/15/2009 06:00:00,       191.291786
03/15/2009 07:00:00,       179.998450
03/15/2009 08:00:00,       170.466374
03/15/2009 09:00:00,       141.898540
03/15/2009 10:00:00,       105.466610
03/15/2009 11:00:00,         6.323360
03/15/2009 12:00:00,        17.950992
03/15/2009 13:00:00,         0.000000
03/15/2009 14:00:00,        14.431710
03/15/2009 15:00:00,        26.266777
03/15/2009 16:00:00,        47.000585
03/15/2009 17:00:00,        64.767545
03/15/2009 18:00:00,        62.805395
03/15/2009 19:00:00,        63.995489
03/15/2009 20:00:00,        66.403865
03/15/2009 21:00:00,        67.292874
03/15/2009 22:00:00,        66.504703
03/15/2009 23:00:00,        62.194280
03/16/2009 00:00:00,        60.272200
03/16/2009 01:00:00,        17.905367
03/16/2009 02:00:00,        18.041829
03/16/2009 03:00:00,        18.823764
03/16/2009 04:00:00,        19.031984
03/16/2009 05:00:00,        18.524995
03/16/2009 06:00:00,        18.075315
03/16/2009 07:00:00,        17.549442
03/16/2009 08:00:00,        16.868494
03/16/2009 09:00:00,        15.813309
03/16/2009 10:00:00,        14.290559
03/16/2009 11:00:00,        12.775956
03/16/2009 12:00:00,        11.229378
03/16/2009 13:00:00,        10.007907
03/16/2009 14:00:00,         8.534911
03/16/2009 15:00:00,         5.989773
03/16/2009 16:00:00,         3.644565
03/16/2009 17:00:00,         1.941352
03/16/2009 18:00:00,         1.165407
03/16/2009 19:00:00,         0.574482
03/16/2009 20:00:00,         0.246669
03/16/2009 21:00:00,         0.066913
03/16/2009 22:00:00,         0.054806
03/16/2009 23:00:00,         0.080726
03/17/2009 00:00:00,         0.100159
03/17/2009 01:00:00,         0.202207
03/17/2009 02:00:00,         0.198964
03/17/2009 03:00:00,         0.268345
03/17/2009 04:00:00,         0.342781
03/17/2009 05:00:00,         0.550629
03/17/2009 06:00:00,         0.921728
03/17/2009 07:00:00,         1.310610
03/17/2009 08:00:00,         1.728372
03/17/2009 09:00:00,         2.048654
03/17/2009 10:00:00,         2.323259
03/17/2009 11:00:00,         2.685992
03/17/2009 12:00:00,         3.410214
03/17/2009 13:00:00,         4.603095
03/17/2009 14:00:00,         6.127678
03/17/2009 15:00:00,         8.162147
03/17/2009 16:00:00,        10.974449
03/17/2009 17:00:00,        16.757356
03/17/2009 18:00:00,        21.977107
03/17/2009 19:00:00,        24.164066
03/17/2009 20:00:00,        27.066450
03/17/2009 21:00:00,        30.553571
03/17/2009 22:00:00,        35.341111
03/17/2009 23:00:00,        41.699847
03/18/2009 00:00:00,        49.127143
03/18/2009 01:00:00,       131.552367
03/18/2009 02:00:00,       141.250477
03/18/2009 03:00:00,       148.800920
03/18/2009 04:00:00,       153.556323
03/18/2009 05:00:00,       162.288988
03/18/2009 06:00:00,       170.645364
03/18/2009 07:00:00,       175.831136
03/18/2009 08:00:00,       183.561135
03/18/2009 09:00:00,       189.765329
03/18/2009 10:00:00,       193.316677
03/18/2009 11:00:00,       189.273259
03/18/2009 12:00:00,       182.499043
03/18/2009 13:00:00,       173.021577
03/18/2009 14:00:00,       163.509763
03/18/2009 15:00:00,       153.934586
03/18/2009 16:00:00,       148.021924
03/18/2009 17:00:00,       142.357757
03/18/2009 18:00:00,       133.963188
03/18/2009 19:00:00,       128.005297
03/18/2009 20:00:00,       121.395755
03/18/2009 21:00:00,       113.990896
03/18/2009 22:00:00,       106.364565
03/18/2009 23:00:00,        99.215608
03/19/2009 00:00:00,        97.030744
03/19/2009 01:00:00,       177.390352
03/19/2009 02:00:00,       169.887482
03/19/2009 03:00:00,       162.452120
03/19/2009 04:00:00,       159.718959
03/19/2009 05:00:00,       162.134706
03/19/2009 06:00:00,       164.127118
03/19/2009 07:00:00,       165.767416
03/19/2009 08:00:00,       167.461368
03/19/2009 09:00:00,       163.123656
03/19/2009 10:00:00,       157.130372
03/19/2009 11:00:00,       153.529613
03/19/2009 12:00:00,       156.755673
03/19/2009 13:00:00,       157.214340
03/19/2009 14:00:00,       151.269264
03/19/2009 15:00:00,       150.078012
03/19/2009 16:00:00,       151.302918
03/19/2009 17:00:00,       149.043472
03/19/2009 18:00:00,       145.228602
03/19/2009 19:00:00,       142.644907
03/19/2009 20:00:00,       136.584762
03/19/2009 21:00:00,       131.637919
03/19/2009 22:00:00,       131.569297
03/19/2009 23:00:00,       128.210833
03/20/2009 00:00:00,       123.348717
03/20/2009 01:00:00,        52.666609
03/20/2009 02:00:00,        50.597585
03/20/2009 03:00:00,        47.483853
03/20/2009 04:00:00,        44.283648
03/20/2009 05:00:00,        41.723648
03/20/2009 06:00:00,        39.592016
03/20/2009 07:00:00,        37.756940
03/20/2009 08:00:00,        34.198550
03/20/2009 09:00:00,        30.349416
03/20/2009 10:00:00,        26.656338
03/20/2009 11:00:00,        24.549060
03/20/2009 12:00:00,        20.871848
03/20/2009 13:00:00,        16.563603
03/20/2009 14:00:00,        13.909925
03/20/2009 15:00:00,        11.680507
03/20/2009 16:00:00,        10.585869
03/20/2009 17:00:00,        10.953862
03/20/2009 18:00:00,        13.265877
03/20/2009 19:00:00,        14.413339
03/20/2009 20:00:00,        16.697052
03/20/2009 21:00:00,        19.980187
03/20/2009 22:00:00,        23.223022
03/20/2009 23:00:00,        26.058632
03/21/2009 00:00:00,        28.662328
03/21/2009 01:00:00,        25.025203
03/21/2009 02:00:00,        27.825313
03/21/2009 03:00:00,        30.999681
03/21/2009 04:00:00,        34.649563
03/21/2009 05:00:00,        35.134895
03/21/2009 06:00:00,        33.403539
03/21/2009 07:00:00,        30.297205
03/21/2009 08:00:00,        28.537868
03/21/2009 09:00:00,        26.708752
03/21/2009 10:00:00,        25.509388
03/21/2009 11:00:00,        25.182403
03/21/2009 12:00:00,        26.200825
03/21/2009 13:00:00,        28.359830
03/21/2009 14:00:00,        31.457850
03/21/2009 15:00:00,        35.023445
03/21/2009 16:00:00,        37.763960
03/21/2009 17:00:00,        42.091944
03/21/2009 18:00:00,        46.985506
03/21/2009 19:00:00,        50.691003
03/21/2009 20:00:00,        55.917412
03/21/2009 21:00:00,        62.299227
03/21/2009 22:00:00,        69.994913
03/21/2009 23:00:00,        76.720528
03/22/2009 00:00:00,        82.467801
03/22/2009 01:00:00,       125.535809
03/22/2009 02:00:00,       126.929565
03/22/2009 03:00:00,       127.971873
03/22/2009 04:00:00,       134.825728
03/22/2009 05:00:00,       114.575164
03/22/2009 06:00:00,        25.076611
03/22/2009 07:00:00,        19.742411
03/22/2009 08:00:00,         9.833379
03/22/2009 09:00:00,        81.650449
03/22/2009 10:00:00,       113.384473
03/22/2009 11:00:00,       109.389555
03/22/2009 12:00:00,       100.782421
03/22/2009 13:00:00,        93.055186
03/22/2009 14:00:00,        84.676228
03/22/2009 15:00:00,        85.195049
03/22/2009 16:00:00,        85.327625
03/22/2009 17:00:00,        88.149322
03/22/2009 18:00:00,        92.105982
03/22/2009 19:00:00,        93.943338
03/22/2009 20:00:00,        96.872771
03/22/2009 21:00:00,        97.498968
03/22/2009 22:00:00,        97.728305
03/22/2009 23:00:00,       101.615687
03/23/2009 00:00:00,       104.962566
03/23/2009 01:00:00,        33.589880
03/23/2009 02:00:00,        32.243646
03/23/2009 03:00:00,        31.209420
03/23/2009 04:00:00,        30.201535
03/23/2009 05:00:00,        31.612389
03/23/2009 06:00:00,        31.009673
03/23/2009 07:00:00,        31.115855
03/23/2009 08:00:00,        30.083653
03/23/2009 09:00:00,        32.176906
03/23/2009 10:00:00,        39.024833
03/23/2009 11:00:00,        47.443235
03/23/2009 12:00:00,        55.129584
03/23/2009 13:00:00,        64.229439
03/23/2009 14:00:00,        73.446430
03/23/2009 15:00:00,        85.343493
03/23/2009 16:00:00,        97.491355
03/23/2009 17:00:00,       110.076378
03/23/2009 18:00:00,       122.366222
03/23/2009 19:00:00,       131.274991
03/23/2009 20:00:00,       142.165472
03/23/2009 21:00:00,       154.997935
03/23/2009 22:00:00,       166.454927
03/23/2009 23:00:00,       175.184455
03/24/2009 00:00:00,       183.165346
03/24/2009 01:00:00,       208.863587
03/24/2009 02:00:00,       210.674115
03/24/2009 03:00:00,       213.265992
03/24/2009 04:00:00,       215.173781
03/24/2009 05:00:00,       201.392343
03/24/2009 06:00:00,       185.812598
03/24/2009 07:00:00,       198.021080
03/24/2009 08:00:00,       208.728670
03/24/2009 09:00:00,       202.756996
03/24/2009 10:00:00,       194.651395
03/24/2009 11:00:00,       184.659261
03/24/2009 12:00:00,       172.151138
03/24/2009 13:00:00,       159.288544
03/24/2009 14:00:00,       146.524692
03/24/2009 15:00:00,       133.609055
03/24/2009 16:00:00,       119.332527
03/24/2009 17:00:00,       106.446582
03/24/2009 18:00:00,        95.264243
03/24/2009 19:00:00,        84.777641
03/24/2009 20:00:00,        75.317938
03/24/2009 21:00:00,        67.367303
03/24/2009 22:00:00,        63.368261
03/24/2009 23:00:00,        61.041817
03/25/2009 00:00:00,        56.845714
03/25/2009 01:00:00,        84.898762
03/25/2009 02:00:00,        80.661880
03/25/2009 03:00:00,        76.270020
03/25/2009 04:00:00,        71.990190
03/25/2009 05:00:00,        66.640320
03/25/2009 06:00:00,        62.888960
03/25/2009 07:00:00,        59.186140
03/25/2009 08:00:00,        50.858116
03/25/2009 09:00:00,        42.593458
03/25/2009 10:00:00,        35.637847
03/25/2009 11:00:00,        28.333546
03/25/2009 12:00:00,        21.040469
03/25/2009 13:00:00,        15.230594
03/25/2009 14:00:00,        10.895521
03/25/2009 15:00:00,         6.967088
03/25/2009 16:00:00,         4.241552
03/25/2009 17:00:00,         3.030421
03/25/2009 18:00:00,         2.533048
03/25/2009 19:00:00,         2.135878
03/25/2009 20:00:00,         2.154682
03/25/2009 21:00:00,         2.361816
03/25/2009 22:00:00,         2.662077
03/25/2009 23:00:00,         3.071079
03/26/2009 00:00:00,         3.560653
03/26/2009 01:00:00,         4.507838
03/26/2009 02:00:00,         5.268872
03/26/2009 03:00:00,         5.757625
03/26/2009 04:00:00,         5.952567
03/26/2009 05:00:00,         6.201985
03/26/2009 06:00:00,         6.227450
03/26/2009 07:00:00,         6.418768
03/26/2009 08:00:00,         6.223853
03/26/2009 09:00:00,         6.335148
03/26/2009 10:00:00,         6.370816
03/26/2009 11:00:00,         5.783367
03/26/2009 12:00:00,         5.638025
03/26/2009 13:00:00,         6.025014
03/26/2009 14:00:00,         6.051629
03/26/2009 15:00:00,         6.384416
03/26/2009 16:00:00,         8.896098
03/26/2009 17:00:00,        14.695175
03/26/2009 18:00:00,        19.809413
03/26/2009 19:00:00,        21.382291
03/26/2009 20:00:00,        23.357200
03/26/2009 21:00:00,        25.780846
03/26/2009 22:00:00,        28.831223
03/26/2009 23:00:00,        32.568402
03/27/2009 00:00:00,        36.998492
03/27/2009 01:00:00,        58.806170
03/27/2009 02:00:00,        54.672045
03/27/2009 03:00:00,        50.324630
03/27/2009 04:00:00,        47.397232
03/27/2009 05:00:00,        44.223145
03/27/2009 06:00:00,        41.043512
03/27/2009 07:00:00,         0.399568
03/27/2009 08:00:00,         0.110286
03/27/2009 09:00:00,         0.000000
03/27/2009 10:00:00,         0.000000
03/27/2009 11:00:00,         0.000000
03/27/2009 12:00:00,         0.000000
03/27/2009 13:00:00,         0.000000
03/27/2009 14:00:00,         3.768107
03/27/2009 15:00:00,        25.473881
03/27/2009 16:00:00,        36.727497
03/27/2009 17:00:00,        40.050117
03/27/2009 18:00:00,        43.549713
03/27/2009 19:00:00,        47.266004
03/27/2009 20:00:00,        50.899119
03/27/2009 21:00:00,        53.969520
03/27/2009 22:00:00,        58.173857
03/27/2009 23:00:00,        60.285591
03/28/2009 00:00:00,        62.706999
03/28/2009 01:00:00,        51.040519
03/28/2009 02:00:00,        47.142323
03/28/2009 03:00:00,        43.374168
03/28/2009 04:00:00,        42.173508
03/28/2009 05:00:00,        42.041272
03/28/2009 06:00:00,        42.321474
03/28/2009 07:00:00,        40.892580
03/28/2009 08:00:00,        35.120137
03/28/2009 09:00:00,        20.836575
03/28/2009 10:00:00,        11.205930
03/28/2009 11:00:00,        18.193280
03/28/2009 12:00:00,        28.619494
03/28/2009 13:00:00,        31.482484
03/28/2009 14:00:00,        30.202027
03/28/2009 15:00:00,        28.058086
03/28/2009 16:00:00,        26.310437
03/28/2009 17:00:00,        23.637980
03/28/2009 18:00:00,        19.790363
03/28/2009 19:00:00,        17.122734
03/28/2009 20:00:00,        16.601892
03/28/2009 21:00:00,        15.796838
03/28/2009 22:00:00,        15.638917
03/28/2009 23:00:00,        15.123973
03/29/2009 00:00:00,        14.060599
03/29/2009 01:00:00,        15.556051
03/29/2009 02:00:00,        19.824751
03/29/2009 03:00:00,        23.899836
03/29/2009 04:00:00,        24.604996
03/29/2009 05:00:00,        27.217838
03/29/2009 06:00:00,        29.084350
03/29/2009 07:00:00,        33.169990
03/29/2009 08:00:00,        33.609578
03/29/2009 09:00:00,        22.618793
03/29/2009 10:00:00,        24.809756
03/29/2009 11:00:00,        10.776699
03/29/2009 12:00:00,         2.078795
03/29/2009 13:00:00,        44.406519
03/29/2009 14:00:00,        74.850500
03/29/2009 15:00:00,        84.902530
03/29/2009 16:00:00,        93.540850
03/29/2009 17:00:00,        98.547646
03/29/2009 18:00:00,       111.463536
03/29/2009 19:00:00,       120.867479
03/29/2009 20:00:00,       129.548738
03/29/2009 21:00:00,       140.488783
03/29/2009 22:00:00,       150.630011
03/29/2009 23:00:00,       161.769208
03/30/2009 00:00:00,       174.776025
03/30/2009 01:00:00,       211.910715
03/30/2009 02:00:00,       211.846805
03/30/2009 03:00:00,       212.504445
03/30/2009 04:00:00,       212.997896
03/30/2009 05:00:00,       213.307707
03/30/2009 06:00:00,       213.605500
03/30/2009 07:00:00,       213.336200
03/30/2009 08:00:00,       179.846345
03/30/2009 09:00:00,       133.178005
03/30/2009 10:00:00,         6.644097
03/30/2009 11:00:00,         1.284778
03/30/2009 12:00:00,         0.000000
03/30/2009 13:00:00,         0.000000
03/30/2009 14:00:00,         0.000000
03/30/2009 15:00:00,         0.000000
03/30/2009 16:00:00,        23.149211
03/30/2009 17:00:00,        45.056809
03/30/2009 18:00:00,        20.628243
03/30/2009 19:00:00,         0.000000
03/30/2009 20:00:00,         0.000000
03/30/2009 21:00:00,        17.793500
03/30/2009 22:00:00,        22.230000
03/30/2009 23:00:00,        21.647560
03/31/2009 00:00:00,        20.850410
03/31/2009 01:00:00,        22.093110
03/31/2009 02:00:00,        18.026040
03/31/2009 03:00:00,        24.543310
03/31/2009 04:00:00,        47.136880
03/31/2009 05:00:00,        37.892150
03/31/2009 06:00:00,        38.948850
03/31/2009 07:00:00,        38.049607
03/31/2009 08:00:00,        33.695244
03/31/2009 09:00:00,        31.240730
03/31/2009 10:00:00,        29.043840
03/31/2009 11:00:00,        28.601300
03/31/2009 12:00:00,        24.895873
03/31/2009 13:00:00,        22.133017
03/31/2009 14:00:00,        19.412050
03/31/2009 15:00:00,        17.494500
03/31/2009 16:00:00,        15.340161
03/31/2009 17:00:00,        13.571796
03/31/2009 18:00:00,        12.473652
03/31/2009 19:00:00,        11.152363
03/31/2009 20:00:00,         9.499974
03/31/2009 21:00:00,         8.098345
03/31/2009 22:00:00,         6.988028
03/31/2009 23:00:00,         6.588277
04/01/2009 00:00:00,         3.353683
04/01/2009 01:00:00,         2.918851
04/01/2009 02:00:00,         2.838667
04/01/2009 03:00:00,         3.147763
04/01/2009 04:00:00,         3.650479
04/01/2009 05:00:00,         3.942735
04/01/2009 06:00:00,         4.320485
04/01/2009 07:00:00,         3.394878
04/01/2009 08:00:00,         3.277748
04/01/2009 09:00:00,         2.895421
04/01/2009 10:00:00,         3.102103
04/01/2009 11:00:00,         1.857551
04/01/2009 12:00:00,         0.333450
04/01/2009 13:00:00,         8.092568
04/01/2009 14:00:00,        11.370514
04/01/2009 15:00:00,        14.961224
04/01/2009 16:00:00,        20.274344
04/01/2009 17:00:00,        29.543177
04/01/2009 18:00:00,        39.937454
04/01/2009 19:00:00,        43.930613
04/01/2009 20:00:00,        48.683886
04/01/2009 21:00:00,        54.314352
04/01/2009 22:00:00,        61.241899
04/01/2009 23:00:00,        68.921287
04/02/2009 00:00:00,        77.331060
04/02/2009 01:00:00,        95.362664
04/02/2009 02:00:00,        93.267036
04/02/2009 03:00:00,        91.729312
04/02/2009 04:00:00,       108.208440
04/02/2009 05:00:00,       114.160270
04/02/2009 06:00:00,       122.344779
04/02/2009 07:00:00,       123.396892
04/02/2009 08:00:00,       123.812237
04/02/2009 09:00:00,       129.345037
04/02/2009 10:00:00,       137.800682
04/02/2009 11:00:00,       145.976712
04/02/2009 12:00:00,       152.706100
04/02/2009 13:00:00,       156.674960
04/02/2009 14:00:00,       158.116961
04/02/2009 15:00:00,       154.847758
04/02/2009 16:00:00,       147.721240
04/02/2009 17:00:00,       140.777588
04/02/2009 18:00:00,       136.894512
04/02/2009 19:00:00,       136.568923
04/02/2009 20:00:00,       138.474258
04/02/2009 21:00:00,       139.694984
04/02/2009 22:00:00,       134.144059
04/02/2009 23:00:00,       125.363534
04/03/2009 00:00:00,       115.873396
04/03/2009 01:00:00,        44.095100
04/03/2009 02:00:00,        40.181968
04/03/2009 03:00:00,        36.235606
04/03/2009 04:00:00,        33.128931
04/03/2009 05:00:00,        30.033333
04/03/2009 06:00:00,        30.092881
04/03/2009 07:00:00,        29.049313
04/03/2009 08:00:00,        25.048571
04/03/2009 09:00:00,        22.059542
04/03/2009 10:00:00,        22.041978
04/03/2009 11:00:00,        26.730821
04/03/2009 12:00:00,        31.749755
04/03/2009 13:00:00,        38.184996
04/03/2009 14:00:00,        45.503082
04/03/2009 15:00:00,        55.426594
04/03/2009 16:00:00,        67.190022
04/03/2009 17:00:00,        80.842426
04/03/2009 18:00:00,        92.057534
04/03/2009 19:00:00,        98.699323
04/03/2009 20:00:00,       107.044256
04/03/2009 21:00:00,       114.148557
04/03/2009 22:00:00,       124.543000
04/03/2009 23:00:00,       132.399612
04/04/2009 00:00:00,       137.465314
04/04/2009 01:00:00,       205.144294
04/04/2009 02:00:00,       199.733186
04/04/2009 03:00:00,       192.465330
04/04/2009 04:00:00,       185.192270
04/04/2009 05:00:00,       175.467080
04/04/2009 06:00:00,       166.659818
04/04/2009 07:00:00,       155.329911
04/04/2009 08:00:00,       138.951500
04/04/2009 09:00:00,       126.292136
04/04/2009 10:00:00,       110.830687
04/04/2009 11:00:00,        97.318775
04/04/2009 12:00:00,        84.550344
04/04/2009 13:00:00,        70.039219
04/04/2009 14:00:00,        58.153138
04/04/2009 15:00:00,        47.800017
04/04/2009 16:00:00,        40.553207
04/04/2009 17:00:00,        34.219760
04/04/2009 18:00:00,        31.440903
04/04/2009 19:00:00,        30.923906
04/04/2009 20:00:00,        31.427463
04/04/2009 21:00:00,        32.843220
04/04/2009 22:00:00,        34.286556
04/04/2009 23:00:00,        37.241305
04/05/2009 00:00:00,        38.000764
04/05/2009 01:00:00,        42.438190
04/05/2009 02:00:00,        45.999377
04/05/2009 03:00:00,        48.156396
04/05/2009 04:00:00,        49.655706
04/05/2009 05:00:00,        49.298969
04/05/2009 06:00:00,        47.958510
04/05/2009 07:00:00,        43.258034
04/05/2009 08:00:00,        41.823124
04/05/2009 09:00:00,        40.617579
04/05/2009 10:00:00,        41.960402
04/05/2009 11:00:00,         7.635236
04/05/2009 12:00:00,        29.178196
04/05/2009 13:00:00,        38.921749
04/05/2009 14:00:00,        56.653481
04/05/2009 15:00:00,        67.631385
04/05/2009 16:00:00,        74.343513
04/05/2009 17:00:00,        82.407258
04/05/2009 18:00:00,        89.686451
04/05/2009 19:00:00,        94.690662
04/05/2009 20:00:00,       101.395010
04/05/2009 21:00:00,       107.878559
04/05/2009 22:00:00,       113.140971
04/05/2009 23:00:00,       117.731747
04/06/2009 00:00:00,       109.969159
04/06/2009 01:00:00,         3.437680
04/06/2009 02:00:00,         2.983594
04/06/2009 03:00:00,         2.607209
04/06/2009 04:00:00,         2.372783
04/06/2009 05:00:00,         2.072936
04/06/2009 06:00:00,         1.940592
04/06/2009 07:00:00,         1.735036
04/06/2009 08:00:00,         1.513841
04/06/2009 09:00:00,         1.907736
04/06/2009 10:00:00,         1.594654
04/06/2009 11:00:00,         0.280638
04/06/2009 12:00:00,         0.921955
04/06/2009 13:00:00,         3.668038
04/06/2009 14:00:00,        16.455141
04/06/2009 15:00:00,        25.261199
04/06/2009 16:00:00,        35.559961
04/06/2009 17:00:00,        49.571599
04/06/2009 18:00:00,        64.051093
04/06/2009 19:00:00,        71.676450
04/06/2009 20:00:00,        79.573157
04/06/2009 21:00:00,        89.386626
04/06/2009 22:00:00,        99.818393
04/06/2009 23:00:00,       111.598989
04/07/2009 00:00:00,       122.084402
04/07/2009 01:00:00,       204.827936
04/07/2009 02:00:00,       201.360735
04/07/2009 03:00:00,       196.591063
04/07/2009 04:00:00,       194.073203
04/07/2009 05:00:00,       189.675795
04/07/2009 06:00:00,       183.564186
04/07/2009 07:00:00,       180.040590
04/07/2009 08:00:00,       169.893000
04/07/2009 09:00:00,       160.427845
04/07/2009 10:00:00,       152.488781
04/07/2009 11:00:00,       147.653330
04/07/2009 12:00:00,       143.103912
04/07/2009 13:00:00,       135.536348
04/07/2009 14:00:00,       131.266530
04/07/2009 15:00:00,       124.870911
04/07/2009 16:00:00,       115.759803
04/07/2009 17:00:00,       110.206637
04/07/2009 18:00:00,       103.340830
04/07/2009 19:00:00,       101.957800
04/07/2009 20:00:00,        99.098372
04/07/2009 21:00:00,       102.529130
04/07/2009 22:00:00,       104.370921
04/07/2009 23:00:00,       104.628111
04/08/2009 00:00:00,        95.924224
04/08/2009 01:00:00,       118.732476
04/08/2009 02:00:00,       120.153221
04/08/2009 03:00:00,        77.395215
04/08/2009 04:00:00,        27.734353
04/08/2009 05:00:00,        10.219300
04/08/2009 06:00:00,        48.396540
04/08/2009 07:00:00,        71.380750
04/08/2009 08:00:00,        50.078767
04/08/2009 09:00:00,        38.332422
04/08/2009 10:00:00,        45.484040
04/08/2009 11:00:00,        54.873480
04/08/2009 12:00:00,       122.811670
04/08/2009 13:00:00,       120.111392
04/08/2009 14:00:00,       115.798132
04/08/2009 15:00:00,       107.739440
04/08/2009 16:00:00,        99.049648
04/08/2009 17:00:00,        96.942177
04/08/2009 18:00:00,       101.163117
04/08/2009 19:00:00,        99.369825
04/08/2009 20:00:00,        95.819141
04/08/2009 21:00:00,        98.415137
04/08/2009 22:00:00,        99.462350
04/08/2009 23:00:00,       100.627620
04/09/2009 00:00:00,        96.822840
04/09/2009 01:00:00,        79.741810
04/09/2009 02:00:00,        78.666550
04/09/2009 03:00:00,        73.429448
04/09/2009 04:00:00,        69.660253
04/09/2009 05:00:00,        53.277086
04/09/2009 06:00:00,        58.645640
04/09/2009 07:00:00,        50.304510
04/09/2009 08:00:00,        33.156538
04/09/2009 09:00:00,        15.671139
04/09/2009 10:00:00,        29.748238
04/09/2009 11:00:00,        14.704450
04/09/2009 12:00:00,        24.166520
04/09/2009 13:00:00,        70.542835
04/09/2009 14:00:00,       114.042222
04/09/2009 15:00:00,       121.394325
04/09/2009 16:00:00,       122.974482
04/09/2009 17:00:00,       125.462247
04/09/2009 18:00:00,       125.414417
04/09/2009 19:00:00,       126.544157
04/09/2009 20:00:00,       129.482562
04/09/2009 21:00:00,       127.551891
04/09/2009 22:00:00,       121.923685
04/09/2009 23:00:00,       116.870665
04/10/2009 00:00:00,       116.734061
04/10/2009 01:00:00,        85.255715
04/10/2009 02:00:00,        89.708668
04/10/2009 03:00:00,        85.829760
04/10/2009 04:00:00,        80.221480
04/10/2009 05:00:00,        78.500967
04/10/2009 06:00:00,        74.467470
04/10/2009 07:00:00,        58.947993
04/10/2009 08:00:00,        46.303413
04/10/2009 09:00:00,        42.742967
04/10/2009 10:00:00,        21.628729
04/10/2009 11:00:00,         5.326108
04/10/2009 12:00:00,        17.532979
04/10/2009 13:00:00,        52.475176
04/10/2009 14:00:00,        54.595751
04/10/2009 15:00:00,        55.646462
04/10/2009 16:00:00,        55.480675
04/10/2009 17:00:00,        54.235883
04/10/2009 18:00:00,        52.161459
04/10/2009 19:00:00,        53.442222
04/10/2009 20:00:00,        54.614452
04/10/2009 21:00:00,        54.355232
04/10/2009 22:00:00,        53.241401
04/10/2009 23:00:00,        52.232841
04/11/2009 00:00:00,        51.146630
04/11/2009 01:00:00,        24.246652
04/11/2009 02:00:00,        22.821450
04/11/2009 03:00:00,        21.893854
04/11/2009 04:00:00,        20.330572
04/11/2009 05:00:00,        17.641087
04/11/2009 06:00:00,        16.165536
04/11/2009 07:00:00,        14.103004
04/11/2009 08:00:00,        11.175454
04/11/2009 09:00:00,         9.368913
04/11/2009 10:00:00,         6.797329
04/11/2009 11:00:00,         5.120330
04/11/2009 12:00:00,         3.624720
04/11/2009 13:00:00,         3.294944
04/11/2009 14:00:00,         4.379442
04/11/2009 15:00:00,         6.248275
04/11/2009 16:00:00,         7.779774
04/11/2009 17:00:00,        10.892173
04/11/2009 18:00:00,        15.466230
04/11/2009 19:00:00,        17.283013
04/11/2009 20:00:00,        19.854939
04/11/2009 21:00:00,        22.951508
04/11/2009 22:00:00,        26.716539
04/11/2009 23:00:00,        31.188323
04/12/2009 00:00:00,        36.427372
04/12/2009 01:00:00,       141.216609
04/12/2009 02:00:00,       141.359815
04/12/2009 03:00:00,       144.275918
04/12/2009 04:00:00,       144.763970
04/12/2009 05:00:00,       147.003669
04/12/2009 06:00:00,       151.461343
04/12/2009 07:00:00,       155.931035
04/12/2009 08:00:00,       161.568782
04/12/2009 09:00:00,       163.629876
04/12/2009 10:00:00,       166.292251
04/12/2009 11:00:00,       164.665902
04/12/2009 12:00:00,       162.540496
04/12/2009 13:00:00,       159.327703
04/12/2009 14:00:00,       159.490447
04/12/2009 15:00:00,       160.426245
04/12/2009 16:00:00,       160.598093
04/12/2009 17:00:00,       159.336890
04/12/2009 18:00:00,       156.249164
04/12/2009 19:00:00,       155.510266
04/12/2009 20:00:00,       154.177624
04/12/2009 21:00:00,       152.769605
04/12/2009 22:00:00,       152.864532
04/12/2009 23:00:00,       152.899361
04/13/2009 00:00:00,       152.145901
04/13/2009 01:00:00,       190.062522
04/13/2009 02:00:00,       189.793602
04/13/2009 03:00:00,       190.231873
04/13/2009 04:00:00,       191.295707
04/13/2009 05:00:00,       192.513726
04/13/2009 06:00:00,       193.521764
04/13/2009 07:00:00,       195.028478
04/13/2009 08:00:00,       195.570497
04/13/2009 09:00:00,       197.245737
04/13/2009 10:00:00,       197.242939
04/13/2009 11:00:00,       199.272823
04/13/2009 12:00:00,       200.201405
04/13/2009 13:00:00,       201.990473
04/13/2009 14:00:00,       204.172647
04/13/2009 15:00:00,       204.594999
04/13/2009 16:00:00,       204.395300
04/13/2009 17:00:00,       203.516733
04/13/2009 18:00:00,       201.659322
04/13/2009 19:00:00,       201.669187
04/13/2009 20:00:00,       200.461478
04/13/2009 21:00:00,       198.724350
04/13/2009 22:00:00,       197.284446
04/13/2009 23:00:00,       195.304405
04/14/2009 00:00:00,       192.286646
04/14/2009 01:00:00,       138.912725
04/14/2009 02:00:00,       137.677438
04/14/2009 03:00:00,       134.541121
04/14/2009 04:00:00,       131.370039
04/14/2009 05:00:00,       130.630810
04/14/2009 06:00:00,       126.579950
04/14/2009 07:00:00,       121.721693
04/14/2009 08:00:00,       116.319069
04/14/2009 09:00:00,       111.863643
04/14/2009 10:00:00,       107.992753
04/14/2009 11:00:00,       103.852998
04/14/2009 12:00:00,        98.909947
04/14/2009 13:00:00,        91.885421
04/14/2009 14:00:00,        85.088250
04/14/2009 15:00:00,        78.136192
04/14/2009 16:00:00,        70.159072
04/14/2009 17:00:00,        62.511836
04/14/2009 18:00:00,        57.685153
04/14/2009 19:00:00,        53.589350
04/14/2009 20:00:00,        52.212783
04/14/2009 21:00:00,        52.425434
04/14/2009 22:00:00,        53.403129
04/14/2009 23:00:00,        54.290881
04/15/2009 00:00:00,        54.283973
04/15/2009 01:00:00,        75.436044
04/15/2009 02:00:00,        76.975166
04/15/2009 03:00:00,        79.685177
04/15/2009 04:00:00,        80.220690
04/15/2009 05:00:00,        80.093332
04/15/2009 06:00:00,        78.326887
04/15/2009 07:00:00,        75.886190
04/15/2009 08:00:00,        72.494865
04/15/2009 09:00:00,        67.388908
04/15/2009 10:00:00,        61.817168
04/15/2009 11:00:00,        57.126474
04/15/2009 12:00:00,        52.608921
04/15/2009 13:00:00,        51.093624
04/15/2009 14:00:00,        48.291061
04/15/2009 15:00:00,        42.451382
04/15/2009 16:00:00,        39.550401
04/15/2009 17:00:00,        38.771687
04/15/2009 18:00:00,        40.044776
04/15/2009 19:00:00,        39.645400
04/15/2009 20:00:00,        41.212080
04/15/2009 21:00:00,        44.583495
04/15/2009 22:00:00,        48.797818
04/15/2009 23:00:00,        52.878759
04/16/2009 00:00:00,        56.637120
04/16/2009 01:00:00,        85.159794
04/16/2009 02:00:00,        84.269238
04/16/2009 03:00:00,        85.113146
04/16/2009 04:00:00,        84.736913
04/16/2009 05:00:00,        82.396127
04/16/2009 06:00:00,        79.225108
04/16/2009 07:00:00,        75.336749
04/16/2009 08:00:00,        70.343692
04/16/2009 09:00:00,        66.990885
04/16/2009 10:00:00,        64.015503
04/16/2009 11:00:00,        56.939936
04/16/2009 12:00:00,        50.130478
04/16/2009 13:00:00,        44.400936
04/16/2009 14:00:00,        35.964847
04/16/2009 15:00:00,        29.466567
04/16/2009 16:00:00,        26.034493
04/16/2009 17:00:00,        24.725042
04/16/2009 18:00:00,        26.246863
04/16/2009 19:00:00,        25.354398
04/16/2009 20:00:00,        26.576705
04/16/2009 21:00:00,        29.458298
04/16/2009 22:00:00,        33.580460
04/16/2009 23:00:00,        36.523863
04/17/2009 00:00:00,        40.311343
04/17/2009 01:00:00,        43.226847
04/17/2009 02:00:00,        46.267532
04/17/2009 03:00:00,        47.214775
04/17/2009 04:00:00,        51.445157
04/17/2009 05:00:00,        56.767667
04/17/2009 06:00:00,        62.192990
04/17/2009 07:00:00,        71.065206
04/17/2009 08:00:00,        80.851691
04/17/2009 09:00:00,        91.102200
04/17/2009 10:00:00,       104.004520
04/17/2009 11:00:00,       120.771822
04/17/2009 12:00:00,       135.678388
04/17/2009 13:00:00,       149.512937
04/17/2009 14:00:00,       159.772307
04/17/2009 15:00:00,       166.591847
04/17/2009 16:00:00,       175.414375
04/17/2009 17:00:00,       188.130972
04/17/2009 18:00:00,       199.361038
04/17/2009 19:00:00,       206.347477
04/17/2009 20:00:00,       207.590319
04/17/2009 21:00:00,       208.117007
04/17/2009 22:00:00,       207.506944
04/17/2009 23:00:00,       205.394619
04/18/2009 00:00:00,       202.451963
04/18/2009 01:00:00,        88.900970
04/18/2009 02:00:00,        82.918162
04/18/2009 03:00:00,        73.496551
04/18/2009 04:00:00,        69.111711
04/18/2009 05:00:00,        62.073629
04/18/2009 06:00:00,        54.908988
04/18/2009 07:00:00,        46.473028
04/18/2009 08:00:00,        33.060923
04/18/2009 09:00:00,        19.601830
04/18/2009 10:00:00,        19.609810
04/18/2009 11:00:00,        18.378434
04/18/2009 12:00:00,        18.433310
04/18/2009 13:00:00,        16.790035
04/18/2009 14:00:00,        14.825852
04/18/2009 15:00:00,        13.230965
04/18/2009 16:00:00,        12.456449
04/18/2009 17:00:00,        12.136112
04/18/2009 18:00:00,        14.802949
04/18/2009 19:00:00,        15.506930
04/18/2009 20:00:00,        16.566487
04/18/2009 21:00:00,        18.340174
04/18/2009 22:00:00,        20.362314
04/18/2009 23:00:00,        22.839075
04/19/2009 00:00:00,        25.653275
04/19/2009 01:00:00,        60.193730
04/19/2009 02:00:00,        61.973200
04/19/2009 03:00:00,        65.249815
04/19/2009 04:00:00,        70.082071
04/19/2009 05:00:00,        72.594005
04/19/2009 06:00:00,        75.337268
04/19/2009 07:00:00,        76.716676
04/19/2009 08:00:00,        79.675210
04/19/2009 09:00:00,        76.114931
04/19/2009 10:00:00,        73.266148
04/19/2009 11:00:00,        70.448320
04/19/2009 12:00:00,        69.950909
04/19/2009 13:00:00,        66.678694
04/19/2009 14:00:00,        57.962172
04/19/2009 15:00:00,        54.327235
04/19/2009 16:00:00,        50.310184
04/19/2009 17:00:00,        45.335060
04/19/2009 18:00:00,        39.696963
04/19/2009 19:00:00,        37.000674
04/19/2009 20:00:00,        35.792867
04/19/2009 21:00:00,        34.637664
04/19/2009 22:00:00,        33.284602
04/19/2009 23:00:00,        32.677360
04/20/2009 00:00:00,        31.431831
04/20/2009 01:00:00,        10.954486
04/20/2009 02:00:00,        10.586144
04/20/2009 03:00:00,        10.805119
04/20/2009 04:00:00,        10.538636
04/20/2009 05:00:00,        10.046148
04/20/2009 06:00:00,         9.108617
04/20/2009 07:00:00,         8.397431
04/20/2009 08:00:00,         7.178877
04/20/2009 09:00:00,         6.940136
04/20/2009 10:00:00,         6.751143
04/20/2009 11:00:00,         6.773809
04/20/2009 12:00:00,         7.210920
04/20/2009 13:00:00,         8.330422
04/20/2009 14:00:00,         9.704063
04/20/2009 15:00:00,        11.947634
04/20/2009 16:00:00,        14.825084
04/20/2009 17:00:00,        20.786202
04/20/2009 18:00:00,        30.732039
04/20/2009 19:00:00,        34.302179
04/20/2009 20:00:00,        38.661731
04/20/2009 21:00:00,        43.619578
04/20/2009 22:00:00,        48.668519
04/20/2009 23:00:00,        55.090704
04/21/2009 00:00:00,        61.215853
04/21/2009 01:00:00,       128.110827
04/21/2009 02:00:00,       130.598544
04/21/2009 03:00:00,       135.685125
04/21/2009 04:00:00,       138.498055
04/21/2009 05:00:00,       142.126739
04/21/2009 06:00:00,       143.540195
04/21/2009 07:00:00,       145.556959
04/21/2009 08:00:00,       149.247787
04/21/2009 09:00:00,       152.402112
04/21/2009 10:00:00,       156.397632
04/21/2009 11:00:00,       163.056870
04/21/2009 12:00:00,       170.041539
04/21/2009 13:00:00,       177.410769
04/21/2009 14:00:00,       184.324797
04/21/2009 15:00:00,       189.973495
04/21/2009 16:00:00,       190.113487
04/21/2009 17:00:00,       189.196400
04/21/2009 18:00:00,       185.820214
04/21/2009 19:00:00,       186.772848
04/21/2009 20:00:00,       184.827143
04/21/2009 21:00:00,       183.474003
04/21/2009 22:00:00,       179.799642
04/21/2009 23:00:00,       176.834497
04/22/2009 00:00:00,       167.161232
04/22/2009 01:00:00,        93.808335
04/22/2009 02:00:00,        89.006685
04/22/2009 03:00:00,        90.569705
04/22/2009 04:00:00,        95.005835
04/22/2009 05:00:00,        95.562431
04/22/2009 06:00:00,        94.649204
04/22/2009 07:00:00,        95.090236
04/22/2009 08:00:00,        93.302131
04/22/2009 09:00:00,        94.567238
04/22/2009 10:00:00,        98.232107
04/22/2009 11:00:00,       100.233139
04/22/2009 12:00:00,       106.901114
04/22/2009 13:00:00,       107.663791
04/22/2009 14:00:00,       107.132752
04/22/2009 15:00:00,       107.717603
04/22/2009 16:00:00,        98.374137
04/22/2009 17:00:00,        86.828177
04/22/2009 18:00:00,        77.045180
04/22/2009 19:00:00,        76.646746
04/22/2009 20:00:00,        72.242945
04/22/2009 21:00:00,        68.973032
04/22/2009 22:00:00,        66.083461
04/22/2009 23:00:00,        59.549949
04/23/2009 00:00:00,        53.894322
04/23/2009 01:00:00,        94.488196
04/23/2009 02:00:00,       102.374122
04/23/2009 03:00:00,       110.984026
04/23/2009 04:00:00,       126.086299
04/23/2009 05:00:00,       133.152226
04/23/2009 06:00:00,       135.297271
04/23/2009 07:00:00,       142.704229
04/23/2009 08:00:00,       157.561072
04/23/2009 09:00:00,       171.374699
04/23/2009 10:00:00,       179.802430
04/23/2009 11:00:00,       187.169515
04/23/2009 12:00:00,       192.707490
04/23/2009 13:00:00,       199.219316
04/23/2009 14:00:00,       205.790404
04/23/2009 15:00:00,       210.285129
04/23/2009 16:00:00,       213.370200
04/23/2009 17:00:00,       216.247840
04/23/2009 18:00:00,       218.973101
04/23/2009 19:00:00,       221.439303
04/23/2009 20:00:00,       221.545957
04/23/2009 21:00:00,       221.309826
04/23/2009 22:00:00,       221.380608
04/23/2009 23:00:00,       220.176060
04/24/2009 00:00:00,       218.525245
04/24/2009 01:00:00,       218.471581
04/24/2009 02:00:00,       218.247560
04/24/2009 03:00:00,       217.550855
04/24/2009 04:00:00,       215.410880
04/24/2009 05:00:00,       212.252891
04/24/2009 06:00:00,       207.960032
04/24/2009 07:00:00,       200.711551
04/24/2009 08:00:00,       195.864996
04/24/2009 09:00:00,       193.405198
04/24/2009 10:00:00,       187.902117
04/24/2009 11:00:00,       179.643933
04/24/2009 12:00:00,       171.047911
04/24/2009 13:00:00,       162.590413
04/24/2009 14:00:00,       152.865425
04/24/2009 15:00:00,       144.628090
04/24/2009 16:00:00,       136.286691
04/24/2009 17:00:00,       130.928597
04/24/2009 18:00:00,       130.831354
04/24/2009 19:00:00,       127.855041
04/24/2009 20:00:00,       125.519657
04/24/2009 21:00:00,       124.471918
04/24/2009 22:00:00,       123.679730
04/24/2009 23:00:00,       124.849321
04/25/2009 00:00:00,       127.596172
04/25/2009 01:00:00,       189.666679
04/25/2009 02:00:00,       189.341554
04/25/2009 03:00:00,       189.110508
04/25/2009 04:00:00,       187.575658
04/25/2009 05:00:00,       182.933129
04/25/2009 06:00:00,       175.922513
04/25/2009 07:00:00,       166.598304
04/25/2009 08:00:00,       155.772816
04/25/2009 09:00:00,       145.319634
04/25/2009 10:00:00,       136.471844
04/25/2009 11:00:00,       125.089331
04/25/2009 12:00:00,       115.786935
04/25/2009 13:00:00,       105.679960
04/25/2009 14:00:00,        92.816887
04/25/2009 15:00:00,        85.360805
04/25/2009 16:00:00,        82.323847
04/25/2009 17:00:00,        83.594602
04/25/2009 18:00:00,        88.378924
04/25/2009 19:00:00,        90.986532
04/25/2009 20:00:00,        97.358938
04/25/2009 21:00:00,       105.917544
04/25/2009 22:00:00,       113.051459
04/25/2009 23:00:00,       120.573834
04/26/2009 00:00:00,       128.025224
04/26/2009 01:00:00,       203.607363
04/26/2009 02:00:00,       200.995627
04/26/2009 03:00:00,       191.349216
04/26/2009 04:00:00,       180.618887
04/26/2009 05:00:00,       179.656725
04/26/2009 06:00:00,       178.576102
04/26/2009 07:00:00,       177.988803
04/26/2009 08:00:00,       173.240502
04/26/2009 09:00:00,       165.257764
04/26/2009 10:00:00,       158.739853
04/26/2009 11:00:00,       146.331858
04/26/2009 12:00:00,       132.406512
04/26/2009 13:00:00,       118.512561
04/26/2009 14:00:00,       109.943611
04/26/2009 15:00:00,       101.532234
04/26/2009 16:00:00,        93.211465
04/26/2009 17:00:00,        87.191844
04/26/2009 18:00:00,        78.286610
04/26/2009 19:00:00,        70.141509
04/26/2009 20:00:00,        59.697189
04/26/2009 21:00:00,        49.432675
04/26/2009 22:00:00,        40.384370
04/26/2009 23:00:00,        33.457901
04/27/2009 00:00:00,        28.863631
04/27/2009 01:00:00,        28.640278
04/27/2009 02:00:00,        28.858456
04/27/2009 03:00:00,        30.241854
04/27/2009 04:00:00,        29.659154
04/27/2009 05:00:00,        29.376453
04/27/2009 06:00:00,        27.677020
04/27/2009 07:00:00,        26.708347
04/27/2009 08:00:00,        24.551534
04/27/2009 09:00:00,        22.772759
04/27/2009 10:00:00,        21.723790
04/27/2009 11:00:00,        21.520629
04/27/2009 12:00:00,        22.644588
04/27/2009 13:00:00,        25.240313
04/27/2009 14:00:00,        31.992496
04/27/2009 15:00:00,        40.573839
04/27/2009 16:00:00,        47.737265
04/27/2009 17:00:00,        58.937181
04/27/2009 18:00:00,        72.031202
04/27/2009 19:00:00,        79.526309
04/27/2009 20:00:00,        87.654447
04/27/2009 21:00:00,        98.054379
04/27/2009 22:00:00,       110.476202
04/27/2009 23:00:00,       123.441133
04/28/2009 00:00:00,       140.440144
04/28/2009 01:00:00,       201.123569
04/28/2009 02:00:00,       201.781781
04/28/2009 03:00:00,       208.857965
04/28/2009 04:00:00,       212.140455
04/28/2009 05:00:00,       214.718575
04/28/2009 06:00:00,       216.287998
04/28/2009 07:00:00,       216.518879
04/28/2009 08:00:00,       214.418921
04/28/2009 09:00:00,       207.720002
04/28/2009 10:00:00,       204.285469
04/28/2009 11:00:00,       199.645229
04/28/2009 12:00:00,       196.728385
04/28/2009 13:00:00,       196.156186
04/28/2009 14:00:00,       195.539940
04/28/2009 15:00:00,       194.590393
04/28/2009 16:00:00,       193.048353
04/28/2009 17:00:00,       191.261414
04/28/2009 18:00:00,       190.340482
04/28/2009 19:00:00,       187.706215
04/28/2009 20:00:00,       182.977702
04/28/2009 21:00:00,       186.552300
04/28/2009 22:00:00,       193.699629
04/28/2009 23:00:00,       196.221801
04/29/2009 00:00:00,       202.638442
04/29/2009 01:00:00,       195.690446
04/29/2009 02:00:00,       192.379507
04/29/2009 03:00:00,       186.111832
04/29/2009 04:00:00,       175.896299
04/29/2009 05:00:00,       166.082128
04/29/2009 06:00:00,       158.448834
04/29/2009 07:00:00,       151.735056
04/29/2009 08:00:00,       142.597970
04/29/2009 09:00:00,       133.317681
04/29/2009 10:00:00,       125.622998
04/29/2009 11:00:00,       120.309653
04/29/2009 12:00:00,       115.701122
04/29/2009 13:00:00,       110.785376
04/29/2009 14:00:00,       107.594786
04/29/2009 15:00:00,       106.546879
04/29/2009 16:00:00,       106.566766
04/29/2009 17:00:00,       106.061973
04/29/2009 18:00:00,       108.593216
04/29/2009 19:00:00,       112.715322
04/29/2009 20:00:00,       116.986918
04/29/2009 21:00:00,       120.862058
04/29/2009 22:00:00,       124.957606
04/29/2009 23:00:00,       122.123174
04/30/2009 00:00:00,       123.940322
04/30/2009 01:00:00,       102.362896
04/30/2009 02:00:00,        95.787549
04/30/2009 03:00:00,        86.433500
04/30/2009 04:00:00,        83.740675
04/30/2009 05:00:00,        76.163848
04/30/2009 06:00:00,        68.625025
04/30/2009 07:00:00,        63.111966
04/30/2009 08:00:00,        59.360749
04/30/2009 09:00:00,        52.535192
04/30/2009 10:00:00,        42.167789
04/30/2009 11:00:00,        35.049998
04/30/2009 12:00:00,        31.410694
04/30/2009 13:00:00,        31.096671
04/30/2009 14:00:00,        32.481266
04/30/2009 15:00:00,        33.905799
04/30/2009 16:00:00,        36.573080
04/30/2009 17:00:00,        38.184013
04/30/2009 18:00:00,        39.988408
04/30/2009 19:00:00,        43.980591
04/30/2009 20:00:00,        48.603636
04/30/2009 21:00:00,        53.169234
04/30/2009 22:00:00,        57.968752
04/30/2009 23:00:00,        63.503006
05/01/2009 00:00:00,       153.763953
05/01/2009 01:00:00,       149.405334
05/01/2009 02:00:00,       149.538692
05/01/2009 03:00:00,       147.164345
05/01/2009 04:00:00,       146.356361
05/01/2009 05:00:00,       145.582216
05/01/2009 06:00:00,       142.880280
05/01/2009 07:00:00,       145.598897
05/01/2009 08:00:00,       145.589525
05/01/2009 09:00:00,       147.478911
05/01/2009 10:00:00,       148.253945
05/01/2009 11:00:00,       150.742640
05/01/2009 12:00:00,       152.430781
05/01/2009 13:00:00,       157.678008
05/01/2009 14:00:00,       164.591915
05/01/2009 15:00:00,       170.940257
05/01/2009 16:00:00,       179.954982
05/01/2009 17:00:00,       188.929952
05/01/2009 18:00:00,       197.648707
05/01/2009 19:00:00,       205.751490
05/01/2009 20:00:00,       214.923827
05/01/2009 21:00:00,       218.241478
05/01/2009 22:00:00,       217.886393
05/01/2009 23:00:00,       217.383586
05/02/2009 00:00:00,       216.457482
05/02/2009 01:00:00,       181.425632
05/02/2009 02:00:00,       176.133701
05/02/2009 03:00:00,       165.527290
05/02/2009 04:00:00,       154.100666
05/02/2009 05:00:00,       146.062504
05/02/2009 06:00:00,       135.501019
05/02/2009 07:00:00,       122.856693
05/02/2009 08:00:00,       110.105814
05/02/2009 09:00:00,        97.793483
05/02/2009 10:00:00,        80.519715
05/02/2009 11:00:00,        77.372082
05/02/2009 12:00:00,        75.757079
05/02/2009 13:00:00,        78.744992
05/02/2009 14:00:00,        76.765907
05/02/2009 15:00:00,        73.910009
05/02/2009 16:00:00,        72.143502
05/02/2009 17:00:00,        69.622015
05/02/2009 18:00:00,        72.668494
05/02/2009 19:00:00,        77.525146
05/02/2009 20:00:00,        83.879228
05/02/2009 21:00:00,        89.836097
05/02/2009 22:00:00,        95.848488
05/02/2009 23:00:00,       100.290359
05/03/2009 00:00:00,       101.899169
05/03/2009 01:00:00,       144.817582
05/03/2009 02:00:00,       147.491026
05/03/2009 03:00:00,       155.033463
05/03/2009 04:00:00,       159.264975
05/03/2009 05:00:00,       157.081332
05/03/2009 06:00:00,       153.610833
05/03/2009 07:00:00,       152.049789
05/03/2009 08:00:00,       154.479605
05/03/2009 09:00:00,       156.517522
05/03/2009 10:00:00,       158.841853
05/03/2009 11:00:00,       155.951584
05/03/2009 12:00:00,       153.477489
05/03/2009 13:00:00,       151.120588
05/03/2009 14:00:00,       150.929476
05/03/2009 15:00:00,       153.016985
05/03/2009 16:00:00,       154.653478
05/03/2009 17:00:00,       150.627916
05/03/2009 18:00:00,       150.213828
05/03/2009 19:00:00,       154.715316
05/03/2009 20:00:00,       158.401085
05/03/2009 21:00:00,       161.126629
05/03/2009 22:00:00,       163.302081
05/03/2009 23:00:00,       159.802835
05/04/2009 00:00:00,       160.462561
05/04/2009 01:00:00,       149.309612
05/04/2009 02:00:00,       151.000215
05/04/2009 03:00:00,       155.235771
05/04/2009 04:00:00,       155.242242
05/04/2009 05:00:00,       151.332216
05/04/2009 06:00:00,       148.916947
05/04/2009 07:00:00,       142.695401
05/04/2009 08:00:00,       144.781607
05/04/2009 09:00:00,       140.630395
05/04/2009 10:00:00,       135.527721
05/04/2009 11:00:00,       129.751853
05/04/2009 12:00:00,       127.448865
05/04/2009 13:00:00,       118.438974
05/04/2009 14:00:00,       107.144062
05/04/2009 15:00:00,        97.473219
05/04/2009 16:00:00,        89.112127
05/04/2009 17:00:00,        80.957528
05/04/2009 18:00:00,        79.021501
05/04/2009 19:00:00,        79.690031
05/04/2009 20:00:00,        80.905191
05/04/2009 21:00:00,        78.357090
05/04/2009 22:00:00,        73.839914
05/04/2009 23:00:00,        71.890154
05/05/2009 00:00:00,        68.942922
05/05/2009 01:00:00,        70.274054
05/05/2009 02:00:00,        71.042641
05/05/2009 03:00:00,        70.699375
05/05/2009 04:00:00,        67.343454
05/05/2009 05:00:00,        64.526465
05/05/2009 06:00:00,        61.947372
05/05/2009 07:00:00,        62.055444
05/05/2009 08:00:00,        62.255737
05/05/2009 09:00:00,        59.789514
05/05/2009 10:00:00,        56.499255
05/05/2009 11:00:00,        50.302531
05/05/2009 12:00:00,        43.806947
05/05/2009 13:00:00,        37.509508
05/05/2009 14:00:00,        32.673083
05/05/2009 15:00:00,        28.430690
05/05/2009 16:00:00,        26.670605
05/05/2009 17:00:00,        26.562328
05/05/2009 18:00:00,        29.794446
05/05/2009 19:00:00,        30.552329
05/05/2009 20:00:00,        30.984692
05/05/2009 21:00:00,        32.508899
05/05/2009 22:00:00,        34.639760
05/05/2009 23:00:00,        37.657796
05/06/2009 00:00:00,        41.174431
05/06/2009 01:00:00,        45.706734
05/06/2009 02:00:00,        42.644238
05/06/2009 03:00:00,        39.731704
05/06/2009 04:00:00,        38.751155
05/06/2009 05:00:00,        37.780150
05/06/2009 06:00:00,        35.870330
05/06/2009 07:00:00,        33.542710
05/06/2009 08:00:00,        32.249175
05/06/2009 09:00:00,        30.269191
05/06/2009 10:00:00,        25.677502
05/06/2009 11:00:00,        20.660824
05/06/2009 12:00:00,        17.882251
05/06/2009 13:00:00,        15.146575
05/06/2009 14:00:00,        12.845441
05/06/2009 15:00:00,        10.260607
05/06/2009 16:00:00,         8.450522
05/06/2009 17:00:00,         6.143217
05/06/2009 18:00:00,         4.066513
05/06/2009 19:00:00,         2.639444
05/06/2009 20:00:00,         1.934567
05/06/2009 21:00:00,         1.218576
05/06/2009 22:00:00,         0.430523
05/06/2009 23:00:00,         0.191265
05/07/2009 00:00:00,         0.122835
05/07/2009 01:00:00,         0.287973
05/07/2009 02:00:00,         0.389812
05/07/2009 03:00:00,         1.421912
05/07/2009 04:00:00,         4.263822
05/07/2009 05:00:00,         6.476190
05/07/2009 06:00:00,         8.959777
05/07/2009 07:00:00,        11.257640
05/07/2009 08:00:00,        14.361730
05/07/2009 09:00:00,        16.869314
05/07/2009 10:00:00,        21.797265
05/07/2009 11:00:00,        32.199632
05/07/2009 12:00:00,        42.243183
05/07/2009 13:00:00,        50.587719
05/07/2009 14:00:00,        58.948784
05/07/2009 15:00:00,        67.212658
05/07/2009 16:00:00,        72.402368
05/07/2009 17:00:00,        76.987673
05/07/2009 18:00:00,        79.763164
05/07/2009 19:00:00,        83.454807
05/07/2009 20:00:00,        85.810694
05/07/2009 21:00:00,        88.651436
05/07/2009 22:00:00,        93.113234
05/07/2009 23:00:00,        95.965966
05/08/2009 00:00:00,        90.168933
05/08/2009 01:00:00,        24.955135
05/08/2009 02:00:00,        31.608731
05/08/2009 03:00:00,        39.884484
05/08/2009 04:00:00,        47.069926
05/08/2009 05:00:00,        49.526703
05/08/2009 06:00:00,        50.323587
05/08/2009 07:00:00,        48.517603
05/08/2009 08:00:00,        47.402730
05/08/2009 09:00:00,        47.291598
05/08/2009 10:00:00,        47.585366
05/08/2009 11:00:00,        47.929886
05/08/2009 12:00:00,        47.935550
05/08/2009 13:00:00,        46.071317
05/08/2009 14:00:00,        41.125787
05/08/2009 15:00:00,        38.506634
05/08/2009 16:00:00,        30.333822
05/08/2009 17:00:00,        21.895357
05/08/2009 18:00:00,        16.360051
05/08/2009 19:00:00,        13.506632
05/08/2009 20:00:00,        12.286989
05/08/2009 21:00:00,        13.585330
05/08/2009 22:00:00,        14.718678
05/08/2009 23:00:00,        16.261069
05/09/2009 00:00:00,        18.749043
05/09/2009 01:00:00,        63.428847
05/09/2009 02:00:00,        65.676836
05/09/2009 03:00:00,        68.777544
05/09/2009 04:00:00,        72.846845
05/09/2009 05:00:00,        70.704798
05/09/2009 06:00:00,        69.189774
05/09/2009 07:00:00,        66.077660
05/09/2009 08:00:00,        63.813543
05/09/2009 09:00:00,        61.788382
05/09/2009 10:00:00,        55.979953
05/09/2009 11:00:00,        50.672321
05/09/2009 12:00:00,        48.493527
05/09/2009 13:00:00,        45.277644
05/09/2009 14:00:00,        40.830560
05/09/2009 15:00:00,        33.896923
05/09/2009 16:00:00,        25.873701
05/09/2009 17:00:00,        20.688362
05/09/2009 18:00:00,        16.492400
05/09/2009 19:00:00,        13.792527
05/09/2009 20:00:00,        12.243559
05/09/2009 21:00:00,        12.135513
05/09/2009 22:00:00,        13.816068
05/09/2009 23:00:00,        14.180488
05/10/2009 00:00:00,        13.050277
05/10/2009 01:00:00,        31.618816
05/10/2009 02:00:00,        40.296100
05/10/2009 03:00:00,        53.676588
05/10/2009 04:00:00,        63.262410
05/10/2009 05:00:00,        75.319208
05/10/2009 06:00:00,        82.124672
05/10/2009 07:00:00,        86.758637
05/10/2009 08:00:00,        97.138142
05/10/2009 09:00:00,       109.820286
05/10/2009 10:00:00,       115.153009
05/10/2009 11:00:00,       122.808992
05/10/2009 12:00:00,       126.107896
05/10/2009 13:00:00,       128.787202
05/10/2009 14:00:00,       125.926716
05/10/2009 15:00:00,       121.448977
05/10/2009 16:00:00,       113.967289
05/10/2009 17:00:00,       105.566414
05/10/2009 18:00:00,        93.362375
05/10/2009 19:00:00,        83.934792
05/10/2009 20:00:00,        79.413579
05/10/2009 21:00:00,        73.302410
05/10/2009 22:00:00,        65.651442
05/10/2009 23:00:00,        58.520834
05/11/2009 00:00:00,        52.694524
05/11/2009 01:00:00,        50.166364
05/11/2009 02:00:00,        52.827890
05/11/2009 03:00:00,        56.655425
05/11/2009 04:00:00,        56.766078
05/11/2009 05:00:00,        53.625540
05/11/2009 06:00:00,        49.949950
05/11/2009 07:00:00,        45.961252
05/11/2009 08:00:00,        42.499187
05/11/2009 09:00:00,        40.359715
05/11/2009 10:00:00,        37.492252
05/11/2009 11:00:00,        32.475579
05/11/2009 12:00:00,        28.262552
05/11/2009 13:00:00,        25.576252
05/11/2009 14:00:00,        23.021789
05/11/2009 15:00:00,        18.789405
05/11/2009 16:00:00,        13.560826
05/11/2009 17:00:00,        11.119293
05/11/2009 18:00:00,        13.185486
05/11/2009 19:00:00,        14.372473
05/11/2009 20:00:00,        16.958419
05/11/2009 21:00:00,        18.197989
05/11/2009 22:00:00,        19.469810
05/11/2009 23:00:00,        22.276517
05/12/2009 00:00:00,        23.366607
05/12/2009 01:00:00,        15.447675
05/12/2009 02:00:00,        15.701078
05/12/2009 03:00:00,        14.655186
05/12/2009 04:00:00,        12.687053
05/12/2009 05:00:00,        11.352176
05/12/2009 06:00:00,        10.411960
05/12/2009 07:00:00,         9.452366
05/12/2009 08:00:00,         7.441926
05/12/2009 09:00:00,         4.659010
05/12/2009 10:00:00,         4.041997
05/12/2009 11:00:00,         3.642265
05/12/2009 12:00:00,         3.061647
05/12/2009 13:00:00,         2.118588
05/12/2009 14:00:00,         1.179117
05/12/2009 15:00:00,         1.085645
05/12/2009 16:00:00,         0.940456
05/12/2009 17:00:00,         0.782296
05/12/2009 18:00:00,         0.492327
05/12/2009 19:00:00,         0.532935
05/12/2009 20:00:00,         0.499613
05/12/2009 21:00:00,         0.387460
05/12/2009 22:00:00,         0.581103
05/12/2009 23:00:00,         0.700501
05/13/2009 00:00:00,         0.811505
05/13/2009 01:00:00,         8.746053
05/13/2009 02:00:00,        11.743796
05/13/2009 03:00:00,        15.370606
05/13/2009 04:00:00,        18.117424
05/13/2009 05:00:00,        19.088176
05/13/2009 06:00:00,        19.029275
05/13/2009 07:00:00,        18.345218
05/13/2009 08:00:00,        18.111538
05/13/2009 09:00:00,        18.109937
05/13/2009 10:00:00,        19.025644
05/13/2009 11:00:00,        19.516651
05/13/2009 12:00:00,        19.737556
05/13/2009 13:00:00,        19.538524
05/13/2009 14:00:00,        19.658324
05/13/2009 15:00:00,        18.417105
05/13/2009 16:00:00,        16.645229
05/13/2009 17:00:00,        15.447304
05/13/2009 18:00:00,        16.206935
05/13/2009 19:00:00,        17.614247
05/13/2009 20:00:00,        19.937911
05/13/2009 21:00:00,        24.512080
05/13/2009 22:00:00,        28.273648
05/13/2009 23:00:00,        30.066748
05/14/2009 00:00:00,        35.862000
05/14/2009 01:00:00,       154.359485
05/14/2009 02:00:00,       160.409392
05/14/2009 03:00:00,       163.713137
05/14/2009 04:00:00,       169.124227
05/14/2009 05:00:00,       175.534639
05/14/2009 06:00:00,       180.522042
05/14/2009 07:00:00,       184.649039
05/14/2009 08:00:00,       198.246366
05/14/2009 09:00:00,       207.580878
05/14/2009 10:00:00,       209.965484
05/14/2009 11:00:00,       212.283643
05/14/2009 12:00:00,       214.246275
05/14/2009 13:00:00,       214.455446
05/14/2009 14:00:00,       216.087006
05/14/2009 15:00:00,       218.083178
05/14/2009 16:00:00,       220.129912
05/14/2009 17:00:00,       220.954042
05/14/2009 18:00:00,       221.527196
05/14/2009 19:00:00,       222.961727
05/14/2009 20:00:00,       223.633694
05/14/2009 21:00:00,       223.835660
05/14/2009 22:00:00,       223.820509
05/14/2009 23:00:00,       223.792744
05/15/2009 00:00:00,       223.582126
05/15/2009 01:00:00,       222.463665
05/15/2009 02:00:00,       222.368422
05/15/2009 03:00:00,       221.460370
05/15/2009 04:00:00,       220.450002
05/15/2009 05:00:00,       217.797641
05/15/2009 06:00:00,       214.445852
05/15/2009 07:00:00,       210.646528
05/15/2009 08:00:00,       206.275251
05/15/2009 09:00:00,       200.403432
05/15/2009 10:00:00,       193.822241
05/15/2009 11:00:00,       186.626081
05/15/2009 12:00:00,       178.553776
05/15/2009 13:00:00,       169.779330
05/15/2009 14:00:00,       160.927226
05/15/2009 15:00:00,       150.961711
05/15/2009 16:00:00,       139.603528
05/15/2009 17:00:00,       126.168871
05/15/2009 18:00:00,       115.355129
05/15/2009 19:00:00,       109.091083
05/15/2009 20:00:00,       103.398560
05/15/2009 21:00:00,        96.979885
05/15/2009 22:00:00,        90.312896
05/15/2009 23:00:00,        83.270563
05/16/2009 00:00:00,        76.357830
05/16/2009 01:00:00,        20.855332
05/16/2009 02:00:00,        18.738059
05/16/2009 03:00:00,        17.206503
05/16/2009 04:00:00,        16.003518
05/16/2009 05:00:00,        14.933438
05/16/2009 06:00:00,        14.332486
05/16/2009 07:00:00,        15.227949
05/16/2009 08:00:00,        15.306834
05/16/2009 09:00:00,        18.001403
05/16/2009 10:00:00,        23.755550
05/16/2009 11:00:00,        32.675438
05/16/2009 12:00:00,        42.896753
05/16/2009 13:00:00,        54.632573
05/16/2009 14:00:00,        68.101641
05/16/2009 15:00:00,        82.940233
05/16/2009 16:00:00,        97.120816
05/16/2009 17:00:00,       108.959986
05/16/2009 18:00:00,       121.576224
05/16/2009 19:00:00,       132.477200
05/16/2009 20:00:00,       143.195591
05/16/2009 21:00:00,       153.105158
05/16/2009 22:00:00,       163.684308
05/16/2009 23:00:00,       172.171959
05/17/2009 00:00:00,       179.692361
05/17/2009 01:00:00,       159.450304
05/17/2009 02:00:00,       156.843364
05/17/2009 03:00:00,       160.207486
05/17/2009 04:00:00,       163.121687
05/17/2009 05:00:00,       167.122261
05/17/2009 06:00:00,       170.553285
05/17/2009 07:00:00,       174.614489
05/17/2009 08:00:00,       176.947337
05/17/2009 09:00:00,       179.800589
05/17/2009 10:00:00,       184.116076
05/17/2009 11:00:00,       189.229720
05/17/2009 12:00:00,       195.436168
05/17/2009 13:00:00,       198.995466
05/17/2009 14:00:00,       202.569413
05/17/2009 15:00:00,       207.646541
05/17/2009 16:00:00,       210.213242
05/17/2009 17:00:00,       207.624371
05/17/2009 18:00:00,       204.908084
05/17/2009 19:00:00,       204.158057
05/17/2009 20:00:00,       202.093662
05/17/2009 21:00:00,       199.689308
05/17/2009 22:00:00,       196.876789
05/17/2009 23:00:00,       194.060031
05/18/2009 00:00:00,       190.367979
05/18/2009 01:00:00,       105.172802
05/18/2009 02:00:00,        95.632060
05/18/2009 03:00:00,        84.788989
05/18/2009 04:00:00,        76.581627
05/18/2009 05:00:00,        68.603587
05/18/2009 06:00:00,        62.588250
05/18/2009 07:00:00,        58.605051
05/18/2009 08:00:00,        51.457042
05/18/2009 09:00:00,        43.636740
05/18/2009 10:00:00,        37.554010
05/18/2009 11:00:00,        32.696213
05/18/2009 12:00:00,        28.799367
05/18/2009 13:00:00,        24.343692
05/18/2009 14:00:00,        23.037607
05/18/2009 15:00:00,        22.215672
05/18/2009 16:00:00,        21.650838
05/18/2009 17:00:00,        21.464815
05/18/2009 18:00:00,        22.523336
05/18/2009 19:00:00,        23.552272
05/18/2009 20:00:00,        23.373660
05/18/2009 21:00:00,        22.211356
05/18/2009 22:00:00,        21.530771
05/18/2009 23:00:00,        21.148686
05/19/2009 00:00:00,        20.500995
05/19/2009 01:00:00,        29.470261
05/19/2009 02:00:00,        34.352068
05/19/2009 03:00:00,        40.969376
05/19/2009 04:00:00,        46.449228
05/19/2009 05:00:00,        51.337912
05/19/2009 06:00:00,        54.294183
05/19/2009 07:00:00,        56.941283
05/19/2009 08:00:00,        63.926013
05/19/2009 09:00:00,        72.199415
05/19/2009 10:00:00,        83.867719
05/19/2009 11:00:00,        96.060688
05/19/2009 12:00:00,       108.255346
05/19/2009 13:00:00,       117.624365
05/19/2009 14:00:00,       124.779287
05/19/2009 15:00:00,       132.780518
05/19/2009 16:00:00,       139.271675
05/19/2009 17:00:00,       147.980111
05/19/2009 18:00:00,       156.686873
05/19/2009 19:00:00,       165.950497
05/19/2009 20:00:00,       175.969160
05/19/2009 21:00:00,       184.554060
05/19/2009 22:00:00,       185.687776
05/19/2009 23:00:00,       186.848536
05/20/2009 00:00:00,       186.727585
05/20/2009 01:00:00,       118.812574
05/20/2009 02:00:00,       109.350835
05/20/2009 03:00:00,       103.345463
05/20/2009 04:00:00,        92.880019
05/20/2009 05:00:00,        80.115266
05/20/2009 06:00:00,        71.932011
05/20/2009 07:00:00,        64.434416
05/20/2009 08:00:00,        54.627469
05/20/2009 09:00:00,        39.228714
05/20/2009 10:00:00,        30.077567
05/20/2009 11:00:00,        24.426893
05/20/2009 12:00:00,        20.965571
05/20/2009 13:00:00,        20.349795
05/20/2009 14:00:00,        20.432474
05/20/2009 15:00:00,        22.562743
05/20/2009 16:00:00,        21.411065
05/20/2009 17:00:00,        23.082651
05/20/2009 18:00:00,        26.710275
05/20/2009 19:00:00,        30.795710
05/20/2009 20:00:00,        35.900902
05/20/2009 21:00:00,        40.751968
05/20/2009 22:00:00,        47.079098
05/20/2009 23:00:00,        52.262760
05/21/2009 00:00:00,        56.240746
05/21/2009 01:00:00,       169.873566
05/21/2009 02:00:00,       175.493996
05/21/2009 03:00:00,       181.807421
05/21/2009 04:00:00,       186.270374
05/21/2009 05:00:00,       190.899194
05/21/2009 06:00:00,       193.670994
05/21/2009 07:00:00,       196.051018
05/21/2009 08:00:00,       200.742826
05/21/2009 09:00:00,       205.834062
05/21/2009 10:00:00,       210.200075
05/21/2009 11:00:00,       213.312564
05/21/2009 12:00:00,       214.863307
05/21/2009 13:00:00,       215.464131
05/21/2009 14:00:00,       216.323876
05/21/2009 15:00:00,       216.966273
05/21/2009 16:00:00,       217.199807
05/21/2009 17:00:00,       217.903767
05/21/2009 18:00:00,       219.181566
05/21/2009 19:00:00,       220.892670
05/21/2009 20:00:00,       221.958756
05/21/2009 21:00:00,       222.217662
05/21/2009 22:00:00,       222.358499
05/21/2009 23:00:00,       221.961843
05/22/2009 00:00:00,       221.449043
05/22/2009 01:00:00,       223.298479
05/22/2009 02:00:00,       223.005136
05/22/2009 03:00:00,       222.105560
05/22/2009 04:00:00,       218.594717
05/22/2009 05:00:00,       211.531455
05/22/2009 06:00:00,       205.678665
05/22/2009 07:00:00,       200.033661
05/22/2009 08:00:00,       198.180205
05/22/2009 09:00:00,       196.046431
05/22/2009 10:00:00,       194.600286
05/22/2009 11:00:00,       192.051397
05/22/2009 12:00:00,       189.464047
05/22/2009 13:00:00,       186.528926
05/22/2009 14:00:00,       183.611409
05/22/2009 15:00:00,       181.543591
05/22/2009 16:00:00,       181.195391
05/22/2009 17:00:00,       181.759686
05/22/2009 18:00:00,       184.181846
05/22/2009 19:00:00,       188.954190
05/22/2009 20:00:00,       191.533153
05/22/2009 21:00:00,       190.736862
05/22/2009 22:00:00,       189.021297
05/22/2009 23:00:00,       186.552743
05/23/2009 00:00:00,       182.001431
05/23/2009 01:00:00,        92.441376
05/23/2009 02:00:00,        82.428761
05/23/2009 03:00:00,        75.347032
05/23/2009 04:00:00,        67.305466
05/23/2009 05:00:00,        59.987830
05/23/2009 06:00:00,        54.051169
05/23/2009 07:00:00,        46.075051
05/23/2009 08:00:00,        33.536529
05/23/2009 09:00:00,        23.754307
05/23/2009 10:00:00,        16.342091
05/23/2009 11:00:00,        13.615436
05/23/2009 12:00:00,        14.723115
05/23/2009 13:00:00,        19.133443
05/23/2009 14:00:00,        25.746619
05/23/2009 15:00:00,        33.212324
05/23/2009 16:00:00,        40.990633
05/23/2009 17:00:00,        45.596652
05/23/2009 18:00:00,        51.231148
05/23/2009 19:00:00,        56.361394
05/23/2009 20:00:00,        62.643013
05/23/2009 21:00:00,        69.615983
05/23/2009 22:00:00,        76.983539
05/23/2009 23:00:00,        84.390248
05/24/2009 00:00:00,        91.574008
05/24/2009 01:00:00,        85.526090
05/24/2009 02:00:00,        85.320899
05/24/2009 03:00:00,        86.749272
05/24/2009 04:00:00,        84.324319
05/24/2009 05:00:00,        83.125185
05/24/2009 06:00:00,        79.669698
05/24/2009 07:00:00,        79.305917
05/24/2009 08:00:00,        80.999420
05/24/2009 09:00:00,        86.536973
05/24/2009 10:00:00,        81.400372
05/24/2009 11:00:00,        88.949401
05/24/2009 12:00:00,        96.153279
05/24/2009 13:00:00,       101.408976
05/24/2009 14:00:00,       105.709960
05/24/2009 15:00:00,       109.288989
05/24/2009 16:00:00,       113.838387
05/24/2009 17:00:00,       118.947508
05/24/2009 18:00:00,       119.190759
05/24/2009 19:00:00,       132.772753
05/24/2009 20:00:00,       137.434487
05/24/2009 21:00:00,       145.780303
05/24/2009 22:00:00,       147.780214
05/24/2009 23:00:00,       152.211049
05/25/2009 00:00:00,       148.970952
05/25/2009 01:00:00,        79.323341
05/25/2009 02:00:00,        80.628691
05/25/2009 03:00:00,        80.300706
05/25/2009 04:00:00,        81.391243
05/25/2009 05:00:00,        91.072369
05/25/2009 06:00:00,        92.729323
05/25/2009 07:00:00,        97.902103
05/25/2009 08:00:00,       103.149873
05/25/2009 09:00:00,       107.426567
05/25/2009 10:00:00,       115.772354
05/25/2009 11:00:00,       126.945264
05/25/2009 12:00:00,       136.729324
05/25/2009 13:00:00,       140.042499
05/25/2009 14:00:00,       146.732654
05/25/2009 15:00:00,       155.008716
05/25/2009 16:00:00,       162.988608
05/25/2009 17:00:00,       170.564097
05/25/2009 18:00:00,       177.173204
05/25/2009 19:00:00,       183.092261
05/25/2009 20:00:00,       187.442908
05/25/2009 21:00:00,       189.183307
05/25/2009 22:00:00,       188.743701
05/25/2009 23:00:00,       189.770941
05/26/2009 00:00:00,       190.368385
05/26/2009 01:00:00,       138.366969
05/26/2009 02:00:00,       130.260981
05/26/2009 03:00:00,       126.340858
05/26/2009 04:00:00,       118.510788
05/26/2009 05:00:00,       110.560814
05/26/2009 06:00:00,       102.953691
05/26/2009 07:00:00,        96.738473
05/26/2009 08:00:00,        84.874131
05/26/2009 09:00:00,        72.479762
05/26/2009 10:00:00,        60.281631
05/26/2009 11:00:00,        48.073351
05/26/2009 12:00:00,        36.327789
05/26/2009 13:00:00,        27.687095
05/26/2009 14:00:00,        20.994092
05/26/2009 15:00:00,        15.922684
05/26/2009 16:00:00,         8.686111
05/26/2009 17:00:00,         5.288816
05/26/2009 18:00:00,         4.765393
05/26/2009 19:00:00,         4.899741
05/26/2009 20:00:00,         5.309800
05/26/2009 21:00:00,         5.812945
05/26/2009 22:00:00,         6.376853
05/26/2009 23:00:00,         6.747961
05/27/2009 00:00:00,         7.321918
05/27/2009 01:00:00,         1.425747
05/27/2009 02:00:00,         2.115892
05/27/2009 03:00:00,         2.609506
05/27/2009 04:00:00,         3.079759
05/27/2009 05:00:00,         3.422344
05/27/2009 06:00:00,         3.682236
05/27/2009 07:00:00,         3.926002
05/27/2009 08:00:00,         3.888435
05/27/2009 09:00:00,         4.580307
05/27/2009 10:00:00,         6.611851
05/27/2009 11:00:00,         9.800765
05/27/2009 12:00:00,        12.660535
05/27/2009 13:00:00,        15.307718
05/27/2009 14:00:00,        17.630826
05/27/2009 15:00:00,        19.248301
05/27/2009 16:00:00,        20.059563
05/27/2009 17:00:00,        21.490852
05/27/2009 18:00:00,        21.916357
05/27/2009 19:00:00,        23.015683
05/27/2009 20:00:00,        23.926468
05/27/2009 21:00:00,        24.927895
05/27/2009 22:00:00,        26.873184
05/27/2009 23:00:00,        26.129371
05/28/2009 00:00:00,        24.128925
05/28/2009 01:00:00,         8.057923
05/28/2009 02:00:00,         8.859668
05/28/2009 03:00:00,         8.939314
05/28/2009 04:00:00,         9.671467
05/28/2009 05:00:00,        10.902083
05/28/2009 06:00:00,        11.699830
05/28/2009 07:00:00,        12.735835
05/28/2009 08:00:00,        15.048264
05/28/2009 09:00:00,        17.887268
05/28/2009 10:00:00,        21.289314
05/28/2009 11:00:00,        26.201724
05/28/2009 12:00:00,        30.720664
05/28/2009 13:00:00,        35.632723
05/28/2009 14:00:00,        39.196157
05/28/2009 15:00:00,        42.861817
05/28/2009 16:00:00,        44.758901
05/28/2009 17:00:00,        47.364817
05/28/2009 18:00:00,        50.069047
05/28/2009 19:00:00,        52.409238
05/28/2009 20:00:00,        54.717338
05/28/2009 21:00:00,        56.852747
05/28/2009 22:00:00,        59.139285
05/28/2009 23:00:00,        60.650368
05/29/2009 00:00:00,        60.545837
05/29/2009 01:00:00,        96.706909
05/29/2009 02:00:00,        92.167187
05/29/2009 03:00:00,        89.940965
05/29/2009 04:00:00,        87.062874
05/29/2009 05:00:00,        86.457346
05/29/2009 06:00:00,        85.616261
05/29/2009 07:00:00,        84.227981
05/29/2009 08:00:00,        81.763300
05/29/2009 09:00:00,        79.794355
05/29/2009 10:00:00,        77.977655
05/29/2009 11:00:00,        78.030134
05/29/2009 12:00:00,        76.864800
05/29/2009 13:00:00,        77.372602
05/29/2009 14:00:00,        77.215304
05/29/2009 15:00:00,        78.668008
05/29/2009 16:00:00,        81.650303
05/29/2009 17:00:00,        83.042069
05/29/2009 18:00:00,        83.797471
05/29/2009 19:00:00,        85.193786
05/29/2009 20:00:00,        88.461476
05/29/2009 21:00:00,        87.165019
05/29/2009 22:00:00,        85.940344
05/29/2009 23:00:00,        84.832476
05/30/2009 00:00:00,        81.961708
05/30/2009 01:00:00,        63.467654
05/30/2009 02:00:00,        65.266037
05/30/2009 03:00:00,        63.483884
05/30/2009 04:00:00,        59.222744
05/30/2009 05:00:00,        52.628892
05/30/2009 06:00:00,        47.562530
05/30/2009 07:00:00,        45.399920
05/30/2009 08:00:00,        43.135436
05/30/2009 09:00:00,        41.895351
05/30/2009 10:00:00,        39.317633
05/30/2009 11:00:00,        38.339207
05/30/2009 12:00:00,        36.059804
05/30/2009 13:00:00,        35.770282
05/30/2009 14:00:00,        34.177869
05/30/2009 15:00:00,        33.629691
05/30/2009 16:00:00,        34.874090
05/30/2009 17:00:00,        35.988824
05/30/2009 18:00:00,        38.070226
05/30/2009 19:00:00,        40.505829
05/30/2009 20:00:00,        42.032794
05/30/2009 21:00:00,        45.842228
05/30/2009 22:00:00,        48.534742
05/30/2009 23:00:00,        49.237533
05/31/2009 00:00:00,        52.027021
05/31/2009 01:00:00,        96.702734
05/31/2009 02:00:00,        91.775059
05/31/2009 03:00:00,        86.293087
05/31/2009 04:00:00,        80.711478
05/31/2009 05:00:00,        77.331918
05/31/2009 06:00:00,        73.256195
05/31/2009 07:00:00,        75.905806
05/31/2009 08:00:00,        78.576464
05/31/2009 09:00:00,        81.101323
05/31/2009 10:00:00,        80.676503
05/31/2009 11:00:00,        77.526925
05/31/2009 12:00:00,        75.096822
05/31/2009 13:00:00,        76.563367
05/31/2009 14:00:00,        83.194315
05/31/2009 15:00:00,        95.371882
05/31/2009 16:00:00,       101.764487
05/31/2009 17:00:00,       106.243086
05/31/2009 18:00:00,       110.638853
05/31/2009 19:00:00,       115.353196
05/31/2009 20:00:00,       115.965867
05/31/2009 21:00:00,       113.453573
05/31/2009 22:00:00,       112.918812
05/31/2009 23:00:00,       117.811114
06/01/2009 00:00:00,       169.450134
06/01/2009 01:00:00,       176.683908
06/01/2009 02:00:00,       180.629476
06/01/2009 03:00:00,       187.096335
06/01/2009 04:00:00,       189.103260
06/01/2009 05:00:00,       195.041443
06/01/2009 06:00:00,       198.096763
06/01/2009 07:00:00,       207.790937
06/01/2009 08:00:00,       214.141775
06/01/2009 09:00:00,       216.455414
06/01/2009 10:00:00,       217.213634
06/01/2009 11:00:00,       220.303896
06/01/2009 12:00:00,       219.878472
06/01/2009 13:00:00,       218.526674
06/01/2009 14:00:00,       216.020246
06/01/2009 15:00:00,       212.575070
06/01/2009 16:00:00,       209.492007
06/01/2009 17:00:00,       207.657141
06/01/2009 18:00:00,       204.276125
06/01/2009 19:00:00,       201.398884
06/01/2009 20:00:00,       197.742774
06/01/2009 21:00:00,       194.010332
06/01/2009 22:00:00,       189.539545
06/01/2009 23:00:00,       184.082495
06/02/2009 00:00:00,       177.517009
06/02/2009 01:00:00,        67.106637
06/02/2009 02:00:00,        61.992445
06/02/2009 03:00:00,        58.003895
06/02/2009 04:00:00,        57.616386
06/02/2009 05:00:00,        57.756961
06/02/2009 06:00:00,        55.857898
06/02/2009 07:00:00,        53.971890
06/02/2009 08:00:00,        53.780582
06/02/2009 09:00:00,        54.712117
06/02/2009 10:00:00,        59.020164
06/02/2009 11:00:00,        65.396319
06/02/2009 12:00:00,        75.694744
06/02/2009 13:00:00,        87.170258
06/02/2009 14:00:00,        99.717475
06/02/2009 15:00:00,       112.428795
06/02/2009 16:00:00,       123.721187
06/02/2009 17:00:00,       130.219218
06/02/2009 18:00:00,       133.732019
06/02/2009 19:00:00,       141.253215
06/02/2009 20:00:00,       151.356800
06/02/2009 21:00:00,       157.540895
06/02/2009 22:00:00,       161.339897
06/02/2009 23:00:00,       160.683175
06/03/2009 00:00:00,       161.722292
06/03/2009 01:00:00,        60.207545
06/03/2009 02:00:00,        61.050539
06/03/2009 03:00:00,        51.502959
06/03/2009 04:00:00,        47.813667
06/03/2009 05:00:00,        44.862907
06/03/2009 06:00:00,        41.107375
06/03/2009 07:00:00,        37.585480
06/03/2009 08:00:00,        31.085879
06/03/2009 09:00:00,        28.899175
06/03/2009 10:00:00,        30.108552
06/03/2009 11:00:00,        31.185432
06/03/2009 12:00:00,        32.609787
06/03/2009 13:00:00,        34.808196
06/03/2009 14:00:00,        39.104753
06/03/2009 15:00:00,        44.471836
06/03/2009 16:00:00,        50.240936
06/03/2009 17:00:00,        53.815238
06/03/2009 18:00:00,        55.559181
06/03/2009 19:00:00,        58.968455
06/03/2009 20:00:00,        62.589638
06/03/2009 21:00:00,        66.094806
06/03/2009 22:00:00,        67.507766
06/03/2009 23:00:00,        69.242660
06/04/2009 00:00:00,        72.159916
06/04/2009 01:00:00,        42.379390
06/04/2009 02:00:00,        39.613645
06/04/2009 03:00:00,        37.460721
06/04/2009 04:00:00,        40.650615
06/04/2009 05:00:00,        40.723833
06/04/2009 06:00:00,        40.365212
06/04/2009 07:00:00,        38.924472
06/04/2009 08:00:00,        35.138286
06/04/2009 09:00:00,        35.504994
06/04/2009 10:00:00,        34.109182
06/04/2009 11:00:00,        33.578860
06/04/2009 12:00:00,        33.062989
06/04/2009 13:00:00,        33.350617
06/04/2009 14:00:00,        33.504993
06/04/2009 15:00:00,        33.531430
06/04/2009 16:00:00,        34.061139
06/04/2009 17:00:00,        33.907679
06/04/2009 18:00:00,        33.463783
06/04/2009 19:00:00,        35.427901
06/04/2009 20:00:00,        37.657407
06/04/2009 21:00:00,        39.304785
06/04/2009 22:00:00,        38.961321
06/04/2009 23:00:00,        38.172166
06/05/2009 00:00:00,        37.288535
06/05/2009 01:00:00,        36.857377
06/05/2009 02:00:00,        39.434726
06/05/2009 03:00:00,        42.086067
06/05/2009 04:00:00,        44.096401
06/05/2009 05:00:00,        44.088876
06/05/2009 06:00:00,        43.685080
06/05/2009 07:00:00,        44.056723
06/05/2009 08:00:00,        44.499079
06/05/2009 09:00:00,        42.737590
06/05/2009 10:00:00,        43.163269
06/05/2009 11:00:00,        45.191002
06/05/2009 12:00:00,        46.754114
06/05/2009 13:00:00,        47.311724
06/05/2009 14:00:00,        45.762831
06/05/2009 15:00:00,        42.313656
06/05/2009 16:00:00,        40.964292
06/05/2009 17:00:00,        38.499350
06/05/2009 18:00:00,        37.041200
06/05/2009 19:00:00,        37.363843
06/05/2009 20:00:00,        39.352647
06/05/2009 21:00:00,        39.519904
06/05/2009 22:00:00,        39.963682
06/05/2009 23:00:00,        40.164566
06/06/2009 00:00:00,        40.696495
06/06/2009 01:00:00,        10.565169
06/06/2009 02:00:00,        12.661661
06/06/2009 03:00:00,        14.349148
06/06/2009 04:00:00,        13.357436
06/06/2009 05:00:00,        16.193617
06/06/2009 06:00:00,        17.745750
06/06/2009 07:00:00,        17.501624
06/06/2009 08:00:00,        18.481971
06/06/2009 09:00:00,        19.267364
06/06/2009 10:00:00,        24.382842
06/06/2009 11:00:00,        29.247466
06/06/2009 12:00:00,        35.516342
06/06/2009 13:00:00,        42.869360
06/06/2009 14:00:00,        53.648654
06/06/2009 15:00:00,        67.262841
06/06/2009 16:00:00,        81.215108
06/06/2009 17:00:00,        92.088686
06/06/2009 18:00:00,       101.077351
06/06/2009 19:00:00,       113.397731
06/06/2009 20:00:00,       121.505069
06/06/2009 21:00:00,       131.306229
06/06/2009 22:00:00,       144.967778
06/06/2009 23:00:00,       148.976292
06/07/2009 00:00:00,       159.948294
06/07/2009 01:00:00,       140.358282
06/07/2009 02:00:00,       133.022616
06/07/2009 03:00:00,       124.171898
06/07/2009 04:00:00,       120.442173
06/07/2009 05:00:00,       114.430645
06/07/2009 06:00:00,       114.916335
06/07/2009 07:00:00,       115.257086
06/07/2009 08:00:00,       114.195430
06/07/2009 09:00:00,       115.425907
06/07/2009 10:00:00,       116.436203
06/07/2009 11:00:00,       121.799172
06/07/2009 12:00:00,       127.208540
06/07/2009 13:00:00,       130.993309
06/07/2009 14:00:00,       137.322208
06/07/2009 15:00:00,       145.379099
06/07/2009 16:00:00,       152.163413
06/07/2009 17:00:00,       155.634071
06/07/2009 18:00:00,       157.872684
06/07/2009 19:00:00,       160.208216
06/07/2009 20:00:00,       160.403654
06/07/2009 21:00:00,       158.851623
06/07/2009 22:00:00,       156.816881
06/07/2009 23:00:00,       153.201117
06/08/2009 00:00:00,       146.980912
06/08/2009 01:00:00,        83.085515
06/08/2009 02:00:00,        73.598273
06/08/2009 03:00:00,        65.092553
06/08/2009 04:00:00,        60.680987
06/08/2009 05:00:00,        56.541434
06/08/2009 06:00:00,        53.338911
06/08/2009 07:00:00,        53.281679
06/08/2009 08:00:00,        48.069292
06/08/2009 09:00:00,        39.326079
06/08/2009 10:00:00,        33.841235
06/08/2009 11:00:00,        31.212642
06/08/2009 12:00:00,        29.830082
06/08/2009 13:00:00,        29.330481
06/08/2009 14:00:00,        30.908807
06/08/2009 15:00:00,        33.084851
06/08/2009 16:00:00,        33.419095
06/08/2009 17:00:00,        32.845662
06/08/2009 18:00:00,        32.308475
06/08/2009 19:00:00,        33.264526
06/08/2009 20:00:00,        32.593512
06/08/2009 21:00:00,        32.192460
06/08/2009 22:00:00,        31.584575
06/08/2009 23:00:00,        29.383287
06/09/2009 00:00:00,        26.873239
06/09/2009 01:00:00,        15.270251
06/09/2009 02:00:00,        15.445453
06/09/2009 03:00:00,        15.231278
06/09/2009 04:00:00,        15.185321
06/09/2009 05:00:00,        15.183901
06/09/2009 06:00:00,        14.986814
06/09/2009 07:00:00,        15.193733
06/09/2009 08:00:00,        16.187551
06/09/2009 09:00:00,        17.052710
06/09/2009 10:00:00,        18.731102
06/09/2009 11:00:00,        19.557431
06/09/2009 12:00:00,        20.542697
06/09/2009 13:00:00,        21.658677
06/09/2009 14:00:00,        22.368035
06/09/2009 15:00:00,        24.764210
06/09/2009 16:00:00,        28.343636
06/09/2009 17:00:00,        32.480051
06/09/2009 18:00:00,        38.398676
06/09/2009 19:00:00,        41.914185
06/09/2009 20:00:00,        45.013639
06/09/2009 21:00:00,        47.898293
06/09/2009 22:00:00,        51.477683
06/09/2009 23:00:00,        54.758290
06/10/2009 00:00:00,        60.510135
06/10/2009 01:00:00,       111.812224
06/10/2009 02:00:00,       106.754835
06/10/2009 03:00:00,       102.977247
06/10/2009 04:00:00,        98.093592
06/10/2009 05:00:00,        93.644094
06/10/2009 06:00:00,        88.679327
06/10/2009 07:00:00,        82.608726
06/10/2009 08:00:00,        72.654605
06/10/2009 09:00:00,        63.189175
06/10/2009 10:00:00,        55.564738
06/10/2009 11:00:00,        49.234479
06/10/2009 12:00:00,        42.710295
06/10/2009 13:00:00,        38.038132
06/10/2009 14:00:00,        34.044738
06/10/2009 15:00:00,        30.888768
06/10/2009 16:00:00,        27.792480
06/10/2009 17:00:00,        25.770917
06/10/2009 18:00:00,        24.117728
06/10/2009 19:00:00,        22.922025
06/10/2009 20:00:00,        22.303154
06/10/2009 21:00:00,        22.187769
06/10/2009 22:00:00,        22.195378
06/10/2009 23:00:00,        22.586392
06/11/2009 00:00:00,        22.768775
06/11/2009 01:00:00,        12.695206
06/11/2009 02:00:00,        11.818957
06/11/2009 03:00:00,        11.516972
06/11/2009 04:00:00,        10.591978
06/11/2009 05:00:00,         9.637339
06/11/2009 06:00:00,         8.840525
06/11/2009 07:00:00,         7.938031
06/11/2009 08:00:00,         7.013595
06/11/2009 09:00:00,         6.124719
06/11/2009 10:00:00,         6.184110
06/11/2009 11:00:00,         6.136752
06/11/2009 12:00:00,         7.026612
06/11/2009 13:00:00,         7.112541
06/11/2009 14:00:00,         7.430792
06/11/2009 15:00:00,         7.311260
06/11/2009 16:00:00,         7.831899
06/11/2009 17:00:00,         8.728159
06/11/2009 18:00:00,        12.170689
06/11/2009 19:00:00,        13.030952
06/11/2009 20:00:00,        14.470707
06/11/2009 21:00:00,        16.039058
06/11/2009 22:00:00,        17.357062
06/11/2009 23:00:00,        17.604162
06/12/2009 00:00:00,        19.741248
06/12/2009 01:00:00,         3.244560
06/12/2009 02:00:00,         3.772470
06/12/2009 03:00:00,         6.092819
06/12/2009 04:00:00,         4.791323
06/12/2009 05:00:00,         6.254046
06/12/2009 06:00:00,         6.303189
06/12/2009 07:00:00,         7.187924
06/12/2009 08:00:00,         8.304281
06/12/2009 09:00:00,         8.162021
06/12/2009 10:00:00,         9.045840
06/12/2009 11:00:00,         8.747262
06/12/2009 12:00:00,         9.447436
06/12/2009 13:00:00,        11.566043
06/12/2009 14:00:00,        13.622232
06/12/2009 15:00:00,        19.654505
06/12/2009 16:00:00,        28.302016
06/12/2009 17:00:00,        40.090083
06/12/2009 18:00:00,        51.703438
06/12/2009 19:00:00,        54.943890
06/12/2009 20:00:00,        61.087855
06/12/2009 21:00:00,        64.885576
06/12/2009 22:00:00,        69.731367
06/12/2009 23:00:00,        75.988791
06/13/2009 00:00:00,        84.182664
06/13/2009 01:00:00,         8.898833
06/13/2009 02:00:00,         8.000950
06/13/2009 03:00:00,         6.581994
06/13/2009 04:00:00,         6.133988
06/13/2009 05:00:00,         6.365981
06/13/2009 06:00:00,         7.196190
06/13/2009 07:00:00,         6.720871
06/13/2009 08:00:00,         5.667997
06/13/2009 09:00:00,         5.091928
06/13/2009 10:00:00,         5.143518
06/13/2009 11:00:00,         5.141046
06/13/2009 12:00:00,         5.027029
06/13/2009 13:00:00,         6.638943
06/13/2009 14:00:00,         6.275111
06/13/2009 15:00:00,         6.360470
06/13/2009 16:00:00,         6.235551
06/13/2009 17:00:00,         6.553035
06/13/2009 18:00:00,         6.893332
06/13/2009 19:00:00,         6.740992
06/13/2009 20:00:00,         6.706363
06/13/2009 21:00:00,         8.244561
06/13/2009 22:00:00,         7.744140
06/13/2009 23:00:00,         6.906436
06/14/2009 00:00:00,         6.873968
06/14/2009 01:00:00,        14.186533
06/14/2009 02:00:00,        15.094474
06/14/2009 03:00:00,        13.988979
06/14/2009 04:00:00,        13.817025
06/14/2009 05:00:00,        13.467586
06/14/2009 06:00:00,        12.800656
06/14/2009 07:00:00,        12.448189
06/14/2009 08:00:00,        12.188081
06/14/2009 09:00:00,        11.177160
06/14/2009 10:00:00,        11.544497
06/14/2009 11:00:00,        12.795174
06/14/2009 12:00:00,        11.398820
06/14/2009 13:00:00,        10.641165
06/14/2009 14:00:00,         8.895313
06/14/2009 15:00:00,         7.699813
06/14/2009 16:00:00,         7.355090
06/14/2009 17:00:00,         6.471118
06/14/2009 18:00:00,         5.854083
06/14/2009 19:00:00,         5.967782
06/14/2009 20:00:00,         6.281156
06/14/2009 21:00:00,         5.789674
06/14/2009 22:00:00,         5.892127
06/14/2009 23:00:00,         6.580981
06/15/2009 00:00:00,         5.904771
06/15/2009 01:00:00,         8.769259
06/15/2009 02:00:00,         8.860236
06/15/2009 03:00:00,        10.101312
06/15/2009 04:00:00,        10.952372
06/15/2009 05:00:00,        11.447641
06/15/2009 06:00:00,        10.889175
06/15/2009 07:00:00,        10.553944
06/15/2009 08:00:00,        11.795499
06/15/2009 09:00:00,        13.811619
06/15/2009 10:00:00,        16.149619
06/15/2009 11:00:00,        17.749172
06/15/2009 12:00:00,        19.613379
06/15/2009 13:00:00,        20.716059
06/15/2009 14:00:00,        21.423348
06/15/2009 15:00:00,        23.643724
06/15/2009 16:00:00,        25.782416
06/15/2009 17:00:00,        26.906135
06/15/2009 18:00:00,        29.725132
06/15/2009 19:00:00,        31.147864
06/15/2009 20:00:00,        32.991759
06/15/2009 21:00:00,        33.435998
06/15/2009 22:00:00,        34.688782
06/15/2009 23:00:00,        34.374134
06/16/2009 00:00:00,        35.305635
06/16/2009 01:00:00,        46.144313
06/16/2009 02:00:00,        42.997268
06/16/2009 03:00:00,        41.775748
06/16/2009 04:00:00,        39.351919
06/16/2009 05:00:00,        37.646500
06/16/2009 06:00:00,        35.156601
06/16/2009 07:00:00,        32.035039
06/16/2009 08:00:00,        30.579358
06/16/2009 09:00:00,        28.752391
06/16/2009 10:00:00,        26.496472
06/16/2009 11:00:00,        20.427989
06/16/2009 12:00:00,        16.625051
06/16/2009 13:00:00,        13.767685
06/16/2009 14:00:00,        11.597766
06/16/2009 15:00:00,         9.699695
06/16/2009 16:00:00,         8.300825
06/16/2009 17:00:00,         7.760729
06/16/2009 18:00:00,         7.594190
06/16/2009 19:00:00,         7.966516
06/16/2009 20:00:00,         9.083833
06/16/2009 21:00:00,        10.870735
06/16/2009 22:00:00,        12.780752
06/16/2009 23:00:00,        14.822694
06/17/2009 00:00:00,        17.123358
06/17/2009 01:00:00,        47.580203
06/17/2009 02:00:00,        54.700778
06/17/2009 03:00:00,        64.047384
06/17/2009 04:00:00,        72.571273
06/17/2009 05:00:00,        75.329257
06/17/2009 06:00:00,        76.287689
06/17/2009 07:00:00,        74.403421
06/17/2009 08:00:00,        75.108742
06/17/2009 09:00:00,        75.610224
06/17/2009 10:00:00,        75.457089
06/17/2009 11:00:00,        75.357797
06/17/2009 12:00:00,        73.693574
06/17/2009 13:00:00,        66.985144
06/17/2009 14:00:00,        60.836143
06/17/2009 15:00:00,        55.466660
06/17/2009 16:00:00,        49.011883
06/17/2009 17:00:00,        42.172090
06/17/2009 18:00:00,        37.812103
06/17/2009 19:00:00,        35.588846
06/17/2009 20:00:00,        35.174623
06/17/2009 21:00:00,        35.479989
06/17/2009 22:00:00,        38.181660
06/17/2009 23:00:00,        39.117254
06/18/2009 00:00:00,        41.181324
06/18/2009 01:00:00,        43.503493
06/18/2009 02:00:00,        45.271051
06/18/2009 03:00:00,        51.029042
06/18/2009 04:00:00,        55.749068
06/18/2009 05:00:00,        55.579347
06/18/2009 06:00:00,        54.083702
06/18/2009 07:00:00,        51.473168
06/18/2009 08:00:00,        49.004956
06/18/2009 09:00:00,        47.844039
06/18/2009 10:00:00,        46.753368
06/18/2009 11:00:00,        44.545707
06/18/2009 12:00:00,        43.257350
06/18/2009 13:00:00,        42.602144
06/18/2009 14:00:00,        39.589933
06/18/2009 15:00:00,        37.571405
06/18/2009 16:00:00,        33.182878
06/18/2009 17:00:00,        28.517681
06/18/2009 18:00:00,        26.385467
06/18/2009 19:00:00,        26.946661
06/18/2009 20:00:00,        28.711947
06/18/2009 21:00:00,        30.787892
06/18/2009 22:00:00,        32.059997
06/18/2009 23:00:00,        32.878389
06/19/2009 00:00:00,        34.518882
06/19/2009 01:00:00,        47.742771
06/19/2009 02:00:00,        43.832968
06/19/2009 03:00:00,        49.285657
06/19/2009 04:00:00,        48.697248
06/19/2009 05:00:00,        47.695202
06/19/2009 06:00:00,        46.653120
06/19/2009 07:00:00,        45.566689
06/19/2009 08:00:00,        43.090863
06/19/2009 09:00:00,        40.808781
06/19/2009 10:00:00,        38.726160
06/19/2009 11:00:00,        36.256234
06/19/2009 12:00:00,        36.498090
06/19/2009 13:00:00,        37.732499
06/19/2009 14:00:00,        37.561805
06/19/2009 15:00:00,        36.996180
06/19/2009 16:00:00,        35.188605
06/19/2009 17:00:00,        32.943816
06/19/2009 18:00:00,        32.017879
06/19/2009 19:00:00,        31.852126
06/19/2009 20:00:00,        32.132507
06/19/2009 21:00:00,        32.249606
06/19/2009 22:00:00,        32.602835
06/19/2009 23:00:00,        32.590255
06/20/2009 00:00:00,        32.700775
06/20/2009 01:00:00,        31.326899
06/20/2009 02:00:00,        30.440018
06/20/2009 03:00:00,        29.304700
06/20/2009 04:00:00,        27.789873
06/20/2009 05:00:00,        25.979285
06/20/2009 06:00:00,        24.267384
06/20/2009 07:00:00,        23.346905
06/20/2009 08:00:00,        21.770105
06/20/2009 09:00:00,        20.969217
06/20/2009 10:00:00,        20.576248
06/20/2009 11:00:00,        20.463350
06/20/2009 12:00:00,        19.865342
06/20/2009 13:00:00,        21.950286
06/20/2009 14:00:00,        22.652223
06/20/2009 15:00:00,        23.692981
06/20/2009 16:00:00,        26.087401
06/20/2009 17:00:00,        30.012456
06/20/2009 18:00:00,        33.872265
06/20/2009 19:00:00,        35.969070
06/20/2009 20:00:00,        37.321264
06/20/2009 21:00:00,        41.538691
06/20/2009 22:00:00,        44.119195
06/20/2009 23:00:00,        46.291802
06/21/2009 00:00:00,        48.402389
06/21/2009 01:00:00,        77.002946
06/21/2009 02:00:00,        80.951327
06/21/2009 03:00:00,        83.092738
06/21/2009 04:00:00,        87.835872
06/21/2009 05:00:00,        89.377498
06/21/2009 06:00:00,        91.377910
06/21/2009 07:00:00,        91.082421
06/21/2009 08:00:00,        91.549226
06/21/2009 09:00:00,        94.052240
06/21/2009 10:00:00,        96.350065
06/21/2009 11:00:00,       100.650914
06/21/2009 12:00:00,       103.740614
06/21/2009 13:00:00,       109.203777
06/21/2009 14:00:00,       110.643623
06/21/2009 15:00:00,       110.386677
06/21/2009 16:00:00,       111.447706
06/21/2009 17:00:00,       112.350908
06/21/2009 18:00:00,       114.194379
06/21/2009 19:00:00,       115.082485
06/21/2009 20:00:00,       121.101741
06/21/2009 21:00:00,       125.961604
06/21/2009 22:00:00,       128.279731
06/21/2009 23:00:00,       133.060473
06/22/2009 00:00:00,       133.254569
06/22/2009 01:00:00,       187.628984
06/22/2009 02:00:00,       184.565834
06/22/2009 03:00:00,       181.718789
06/22/2009 04:00:00,       179.798162
06/22/2009 05:00:00,       181.016535
06/22/2009 06:00:00,       179.471519
06/22/2009 07:00:00,       177.242373
06/22/2009 08:00:00,       172.923010
06/22/2009 09:00:00,       169.190683
06/22/2009 10:00:00,       165.584280
06/22/2009 11:00:00,       162.527448
06/22/2009 12:00:00,       159.906209
06/22/2009 13:00:00,       158.786468
06/22/2009 14:00:00,       159.932840
06/22/2009 15:00:00,       158.001783
06/22/2009 16:00:00,       158.823994
06/22/2009 17:00:00,       159.159915
06/22/2009 18:00:00,       156.180864
06/22/2009 19:00:00,       154.977531
06/22/2009 20:00:00,       154.577259
06/22/2009 21:00:00,       158.002807
06/22/2009 22:00:00,       158.470298
06/22/2009 23:00:00,       159.251011
06/23/2009 00:00:00,       159.812028
06/23/2009 01:00:00,       173.605837
06/23/2009 02:00:00,       174.458527
06/23/2009 03:00:00,       173.528503
06/23/2009 04:00:00,       169.165346
06/23/2009 05:00:00,       163.641222
06/23/2009 06:00:00,       159.880707
06/23/2009 07:00:00,       157.372092
06/23/2009 08:00:00,       151.732849
06/23/2009 09:00:00,       146.929212
06/23/2009 10:00:00,       140.389710
06/23/2009 11:00:00,       133.461235
06/23/2009 12:00:00,       125.211358
06/23/2009 13:00:00,       116.035682
06/23/2009 14:00:00,       107.019452
06/23/2009 15:00:00,        98.051659
06/23/2009 16:00:00,        90.123220
06/23/2009 17:00:00,        82.134712
06/23/2009 18:00:00,        76.723942
06/23/2009 19:00:00,        73.935530
06/23/2009 20:00:00,        71.319760
06/23/2009 21:00:00,        69.288259
06/23/2009 22:00:00,        66.598606
06/23/2009 23:00:00,        63.322537
06/24/2009 00:00:00,        58.677974
06/24/2009 01:00:00,        32.569833
06/24/2009 02:00:00,        30.367799
06/24/2009 03:00:00,        29.490513
06/24/2009 04:00:00,        30.007810
06/24/2009 05:00:00,        28.040311
06/24/2009 06:00:00,        25.307011
06/24/2009 07:00:00,        22.856454
06/24/2009 08:00:00,        20.949354
06/24/2009 09:00:00,        18.011087
06/24/2009 10:00:00,        14.099491
06/24/2009 11:00:00,        10.824191
06/24/2009 12:00:00,         9.285964
06/24/2009 13:00:00,         7.975192
06/24/2009 14:00:00,         6.375190
06/24/2009 15:00:00,         5.148158
06/24/2009 16:00:00,         3.538981
06/24/2009 17:00:00,         2.517628
06/24/2009 18:00:00,         2.008411
06/24/2009 19:00:00,         1.885444
06/24/2009 20:00:00,         2.128111
06/24/2009 21:00:00,         2.097006
06/24/2009 22:00:00,         3.762562
06/24/2009 23:00:00,         2.801205
06/25/2009 00:00:00,         3.618491
06/25/2009 01:00:00,        10.158042
06/25/2009 02:00:00,        10.982544
06/25/2009 03:00:00,        13.223396
06/25/2009 04:00:00,        14.944882
06/25/2009 05:00:00,        16.453841
06/25/2009 06:00:00,        17.277743
06/25/2009 07:00:00,        18.271186
06/25/2009 08:00:00,        19.002178
06/25/2009 09:00:00,        20.741877
06/25/2009 10:00:00,        21.494863
06/25/2009 11:00:00,        23.281985
06/25/2009 12:00:00,        23.648435
06/25/2009 13:00:00,        23.531985
06/25/2009 14:00:00,        21.175061
06/25/2009 15:00:00,        19.225636
06/25/2009 16:00:00,        18.194777
06/25/2009 17:00:00,        28.525764
06/25/2009 18:00:00,        31.786269
06/25/2009 19:00:00,        33.935141
06/25/2009 20:00:00,        36.650897
06/25/2009 21:00:00,        39.919906
06/25/2009 22:00:00,        43.160150
06/25/2009 23:00:00,        47.886607
06/26/2009 00:00:00,        52.078418
06/26/2009 01:00:00,        24.900247
06/26/2009 02:00:00,        23.685488
06/26/2009 03:00:00,        22.736048
06/26/2009 04:00:00,        22.633750
06/26/2009 05:00:00,        20.862224
06/26/2009 06:00:00,        18.370465
06/26/2009 07:00:00,        18.743349
06/26/2009 08:00:00,        19.606141
06/26/2009 09:00:00,        19.781736
06/26/2009 10:00:00,        17.467137
06/26/2009 11:00:00,        13.240579
06/26/2009 12:00:00,        10.912698
06/26/2009 13:00:00,        10.599149
06/26/2009 14:00:00,         9.624965
06/26/2009 15:00:00,         9.730078
06/26/2009 16:00:00,        10.550940
06/26/2009 17:00:00,        10.730185
06/26/2009 18:00:00,        12.102056
06/26/2009 19:00:00,        13.048765
06/26/2009 20:00:00,        13.356067
06/26/2009 21:00:00,        14.305642
06/26/2009 22:00:00,        14.280022
06/26/2009 23:00:00,        16.179371
06/27/2009 00:00:00,        16.664657
06/27/2009 01:00:00,         7.223835
06/27/2009 02:00:00,         6.684337
06/27/2009 03:00:00,         5.849617
06/27/2009 04:00:00,         6.072991
06/27/2009 05:00:00,         5.629307
06/27/2009 06:00:00,        10.056100
06/27/2009 07:00:00,         4.378646
06/27/2009 08:00:00,         4.017329
06/27/2009 09:00:00,         3.998590
06/27/2009 10:00:00,         3.298056
06/27/2009 11:00:00,         5.366084
06/27/2009 12:00:00,         3.792905
06/27/2009 13:00:00,         3.697868
06/27/2009 14:00:00,         4.605480
06/27/2009 15:00:00,         5.135273
06/27/2009 16:00:00,         5.856941
06/27/2009 17:00:00,         6.423820
06/27/2009 18:00:00,         9.341509
06/27/2009 19:00:00,        10.156327
06/27/2009 20:00:00,        11.192979
06/27/2009 21:00:00,        12.514196
06/27/2009 22:00:00,        14.118709
06/27/2009 23:00:00,        15.463790
06/28/2009 00:00:00,        11.984226
06/28/2009 01:00:00,        17.040155
06/28/2009 02:00:00,        17.985050
06/28/2009 03:00:00,        19.177083
06/28/2009 04:00:00,        19.769583
06/28/2009 05:00:00,        20.525626
06/28/2009 06:00:00,        20.061760
06/28/2009 07:00:00,        21.647241
06/28/2009 08:00:00,        22.782978
06/28/2009 09:00:00,        22.960956
06/28/2009 10:00:00,        23.819428
06/28/2009 11:00:00,        26.572265
06/28/2009 12:00:00,        29.049286
06/28/2009 13:00:00,        31.096066
06/28/2009 14:00:00,        38.972085
06/28/2009 15:00:00,        43.085265
06/28/2009 16:00:00,        44.269275
06/28/2009 17:00:00,        45.133751
06/28/2009 18:00:00,        47.033913
06/28/2009 19:00:00,        50.511845
06/28/2009 20:00:00,        52.653104
06/28/2009 21:00:00,        55.576270
06/28/2009 22:00:00,        60.132128
06/28/2009 23:00:00,        62.851777
06/29/2009 00:00:00,        66.159810
06/29/2009 01:00:00,        75.406437
06/29/2009 02:00:00,        81.388288
06/29/2009 03:00:00,        84.097516
06/29/2009 04:00:00,        89.157769
06/29/2009 05:00:00,        93.659387
06/29/2009 06:00:00,        95.339541
06/29/2009 07:00:00,        96.018392
06/29/2009 08:00:00,        95.889347
06/29/2009 09:00:00,        95.452065
06/29/2009 10:00:00,        95.294780
06/29/2009 11:00:00,        94.362745
06/29/2009 12:00:00,        91.791307
06/29/2009 13:00:00,        85.485720
06/29/2009 14:00:00,        78.857153
06/29/2009 15:00:00,        71.787350
06/29/2009 16:00:00,        66.843454
06/29/2009 17:00:00,        60.576478
06/29/2009 18:00:00,        52.860553
06/29/2009 19:00:00,        47.483523
06/29/2009 20:00:00,        42.782025
06/29/2009 21:00:00,        44.808732
06/29/2009 22:00:00,        41.819798
06/29/2009 23:00:00,        40.469573
06/30/2009 00:00:00,        40.190528
06/30/2009 01:00:00,        51.545842
06/30/2009 02:00:00,        49.843349
06/30/2009 03:00:00,        47.911771
06/30/2009 04:00:00,        43.638983
06/30/2009 05:00:00,        41.049592
06/30/2009 06:00:00,        39.026934
06/30/2009 07:00:00,        36.118047
06/30/2009 08:00:00,        31.394199
06/30/2009 09:00:00,        27.900589
06/30/2009 10:00:00,        24.920736
06/30/2009 11:00:00,        22.659836
06/30/2009 12:00:00,        21.644354
06/30/2009 13:00:00,        21.885429
06/30/2009 14:00:00,        22.788218
06/30/2009 15:00:00,        23.388113
06/30/2009 16:00:00,        25.073901
06/30/2009 17:00:00,        26.618609
06/30/2009 18:00:00,        27.401537
06/30/2009 19:00:00,        29.238427
06/30/2009 20:00:00,        30.943212
06/30/2009 21:00:00,        32.306664
06/30/2009 22:00:00,        33.433380
06/30/2009 23:00:00,        35.097400
07/01/2009 00:00:00,        42.425014
07/01/2009 01:00:00,        39.882252
07/01/2009 02:00:00,        37.894616
07/01/2009 03:00:00,        35.925015
07/01/2009 04:00:00,        34.010723
07/01/2009 05:00:00,        32.850712
07/01/2009 06:00:00,        30.915571
07/01/2009 07:00:00,        29.176680
07/01/2009 08:00:00,        25.489995
07/01/2009 09:00:00,        22.857368
07/01/2009 10:00:00,        20.715272
07/01/2009 11:00:00,        18.716089
07/01/2009 12:00:00,        22.201716
07/01/2009 13:00:00,        20.151410
07/01/2009 14:00:00,        20.315428
07/01/2009 15:00:00,        20.808848
07/01/2009 16:00:00,        20.392104
07/01/2009 17:00:00,        21.854326
07/01/2009 18:00:00,        25.451307
07/01/2009 19:00:00,        26.845888
07/01/2009 20:00:00,        28.540205
07/01/2009 21:00:00,        31.093677
07/01/2009 22:00:00,        33.224917
07/01/2009 23:00:00,        35.804755
07/02/2009 00:00:00,        37.964566
07/02/2009 01:00:00,        39.281454
07/02/2009 02:00:00,        37.660789
07/02/2009 03:00:00,        35.827654
07/02/2009 04:00:00,        34.738891
07/02/2009 05:00:00,        33.004411
07/02/2009 06:00:00,        30.685732
07/02/2009 07:00:00,        28.786178
07/02/2009 08:00:00,        24.969244
07/02/2009 09:00:00,        23.159210
07/02/2009 10:00:00,        21.576019
07/02/2009 11:00:00,        21.354147
07/02/2009 12:00:00,        22.135113
07/02/2009 13:00:00,        24.048261
07/02/2009 14:00:00,        26.462775
07/02/2009 15:00:00,        29.807847
07/02/2009 16:00:00,        33.535483
07/02/2009 17:00:00,        36.832389
07/02/2009 18:00:00,        44.091682
07/02/2009 19:00:00,        46.235297
07/02/2009 20:00:00,        51.079359
07/02/2009 21:00:00,        53.019097
07/02/2009 22:00:00,        57.957057
07/02/2009 23:00:00,        61.027965
07/03/2009 00:00:00,        64.230719
07/03/2009 01:00:00,        52.585957
07/03/2009 02:00:00,        50.513544
07/03/2009 03:00:00,        50.480730
07/03/2009 04:00:00,        52.026805
07/03/2009 05:00:00,        51.551125
07/03/2009 06:00:00,        50.591030
07/03/2009 07:00:00,        50.402097
07/03/2009 08:00:00,        45.884345
07/03/2009 09:00:00,        37.777504
07/03/2009 10:00:00,        35.984145
07/03/2009 11:00:00,        32.428876
07/03/2009 12:00:00,        29.946093
07/03/2009 13:00:00,        26.718213
07/03/2009 14:00:00,        24.432108
07/03/2009 15:00:00,        23.240645
07/03/2009 16:00:00,        21.427077
07/03/2009 17:00:00,        17.172277
07/03/2009 18:00:00,        14.285848
07/03/2009 19:00:00,        12.758886
07/03/2009 20:00:00,        11.799483
07/03/2009 21:00:00,        10.456803
07/03/2009 22:00:00,        10.062030
07/03/2009 23:00:00,        10.546504
07/04/2009 00:00:00,        11.800222
07/04/2009 01:00:00,        20.260775
07/04/2009 02:00:00,        20.852631
07/04/2009 03:00:00,        21.680164
07/04/2009 04:00:00,        21.748949
07/04/2009 05:00:00,        22.318510
07/04/2009 06:00:00,        25.436177
07/04/2009 07:00:00,        25.900977
07/04/2009 08:00:00,        27.408988
07/04/2009 09:00:00,        29.983308
07/04/2009 10:00:00,        31.157774
07/04/2009 11:00:00,        32.059188
07/04/2009 12:00:00,        34.543535
07/04/2009 13:00:00,        37.431741
07/04/2009 14:00:00,        40.396916
07/04/2009 15:00:00,        50.445018
07/04/2009 16:00:00,        62.720392
07/04/2009 17:00:00,        75.843655
07/04/2009 18:00:00,        90.287988
07/04/2009 19:00:00,        95.890975
07/04/2009 20:00:00,       105.034371
07/04/2009 21:00:00,       115.754999
07/04/2009 22:00:00,       127.088506
07/04/2009 23:00:00,       135.985173
07/05/2009 00:00:00,       148.019931
07/05/2009 01:00:00,       207.989719
07/05/2009 02:00:00,       204.820251
07/05/2009 03:00:00,       202.628648
07/05/2009 04:00:00,       199.996364
07/05/2009 05:00:00,       195.975761
07/05/2009 06:00:00,       190.909806
07/05/2009 07:00:00,       186.393764
07/05/2009 08:00:00,       177.439034
07/05/2009 09:00:00,       167.789337
07/05/2009 10:00:00,       158.953469
07/05/2009 11:00:00,       149.194897
07/05/2009 12:00:00,       138.822960
07/05/2009 13:00:00,       130.355119
07/05/2009 14:00:00,       123.705427
07/05/2009 15:00:00,       117.992273
07/05/2009 16:00:00,       115.067440
07/05/2009 17:00:00,       114.239622
07/05/2009 18:00:00,       115.496439
07/05/2009 19:00:00,       113.125147
07/05/2009 20:00:00,       112.869055
07/05/2009 21:00:00,       113.818329
07/05/2009 22:00:00,       116.486656
07/05/2009 23:00:00,       118.065628
07/06/2009 00:00:00,       119.725357
07/06/2009 01:00:00,        58.559551
07/06/2009 02:00:00,        53.674364
07/06/2009 03:00:00,        48.775125
07/06/2009 04:00:00,        45.025535
07/06/2009 05:00:00,        41.592929
07/06/2009 06:00:00,        37.695799
07/06/2009 07:00:00,        33.823590
07/06/2009 08:00:00,        23.920461
07/06/2009 09:00:00,        15.504527
07/06/2009 10:00:00,         9.813853
07/06/2009 11:00:00,         5.292765
07/06/2009 12:00:00,         3.140624
07/06/2009 13:00:00,         5.686394
07/06/2009 14:00:00,         5.479947
07/06/2009 15:00:00,         5.151758
07/06/2009 16:00:00,         4.751223
07/06/2009 17:00:00,         4.319088
07/06/2009 18:00:00,         4.288743
07/06/2009 19:00:00,         5.329101
07/06/2009 20:00:00,         5.790887
07/06/2009 21:00:00,         6.436089
07/06/2009 22:00:00,         6.989403
07/06/2009 23:00:00,         9.638323
07/07/2009 00:00:00,         9.373252
07/07/2009 01:00:00,        28.728091
07/07/2009 02:00:00,        29.870240
07/07/2009 03:00:00,        29.062443
07/07/2009 04:00:00,        29.907332
07/07/2009 05:00:00,        29.608529
07/07/2009 06:00:00,        30.532201
07/07/2009 07:00:00,        29.915643
07/07/2009 08:00:00,        30.281835
07/07/2009 09:00:00,        31.756126
07/07/2009 10:00:00,        32.218044
07/07/2009 11:00:00,        30.422088
07/07/2009 12:00:00,        31.277091
07/07/2009 13:00:00,        31.321871
07/07/2009 14:00:00,        31.484337
07/07/2009 15:00:00,        31.771862
07/07/2009 16:00:00,        31.663968
07/07/2009 17:00:00,        31.191790
07/07/2009 18:00:00,        31.704820
07/07/2009 19:00:00,        32.718822
07/07/2009 20:00:00,        34.023837
07/07/2009 21:00:00,        34.987039
07/07/2009 22:00:00,        35.480656
07/07/2009 23:00:00,        36.081250
07/08/2009 00:00:00,        35.244612
07/08/2009 01:00:00,        30.325268
07/08/2009 02:00:00,        29.410740
07/08/2009 03:00:00,        28.128529
07/08/2009 04:00:00,        27.432179
07/08/2009 05:00:00,        26.828237
07/08/2009 06:00:00,        25.773785
07/08/2009 07:00:00,        24.788940
07/08/2009 08:00:00,        22.832186
07/08/2009 09:00:00,        21.466552
07/08/2009 10:00:00,        20.832355
07/08/2009 11:00:00,        20.251809
07/08/2009 12:00:00,        19.217648
07/08/2009 13:00:00,        18.184495
07/08/2009 14:00:00,        17.202664
07/08/2009 15:00:00,        15.962625
07/08/2009 16:00:00,        15.877127
07/08/2009 17:00:00,        15.547256
07/08/2009 18:00:00,        15.133724
07/08/2009 19:00:00,        14.828042
07/08/2009 20:00:00,        14.510450
07/08/2009 21:00:00,        14.101043
07/08/2009 22:00:00,        12.860454
07/08/2009 23:00:00,        10.874077
07/09/2009 00:00:00,         9.630925
07/09/2009 01:00:00,         0.387125
07/09/2009 02:00:00,         0.393580
07/09/2009 03:00:00,         0.378307
07/09/2009 04:00:00,         0.444230
07/09/2009 05:00:00,         0.574614
07/09/2009 06:00:00,         0.805609
07/09/2009 07:00:00,         1.023999
07/09/2009 08:00:00,         1.145316
07/09/2009 09:00:00,         1.267569
07/09/2009 10:00:00,         1.065496
07/09/2009 11:00:00,         1.078884
07/09/2009 12:00:00,         1.278313
07/09/2009 13:00:00,         1.567419
07/09/2009 14:00:00,         1.923046
07/09/2009 15:00:00,         1.362986
07/09/2009 16:00:00,         1.541703
07/09/2009 17:00:00,         1.530532
07/09/2009 18:00:00,         1.594058
07/09/2009 19:00:00,         1.704686
07/09/2009 20:00:00,         2.039144
07/09/2009 21:00:00,         3.325256
07/09/2009 22:00:00,         3.993539
07/09/2009 23:00:00,         4.656673
07/10/2009 00:00:00,         4.732712
07/10/2009 01:00:00,        15.091935
07/10/2009 02:00:00,        17.471215
07/10/2009 03:00:00,        19.715695
07/10/2009 04:00:00,        22.107856
07/10/2009 05:00:00,        23.172301
07/10/2009 06:00:00,        24.998227
07/10/2009 07:00:00,        26.064927
07/10/2009 08:00:00,        26.910567
07/10/2009 09:00:00,        27.278600
07/10/2009 10:00:00,        27.416219
07/10/2009 11:00:00,        27.191676
07/10/2009 12:00:00,        28.967373
07/10/2009 13:00:00,        29.309636
07/10/2009 14:00:00,        26.392146
07/10/2009 15:00:00,        24.479226
07/10/2009 16:00:00,        24.176978
07/10/2009 17:00:00,        24.161984
07/10/2009 18:00:00,        26.253319
07/10/2009 19:00:00,        26.062315
07/10/2009 20:00:00,        26.808007
07/10/2009 21:00:00,        28.754486
07/10/2009 22:00:00,        30.093162
07/10/2009 23:00:00,        33.940542
07/11/2009 00:00:00,        39.461203
07/11/2009 01:00:00,        67.652471
07/11/2009 02:00:00,        71.296709
07/11/2009 03:00:00,        76.593927
07/11/2009 04:00:00,        85.072716
07/11/2009 05:00:00,        86.170723
07/11/2009 06:00:00,        83.716275
07/11/2009 07:00:00,        81.246792
07/11/2009 08:00:00,        81.103896
07/11/2009 09:00:00,        83.996278
07/11/2009 10:00:00,        86.004253
07/11/2009 11:00:00,        91.705426
07/11/2009 12:00:00,        96.616560
07/11/2009 13:00:00,       101.777050
07/11/2009 14:00:00,       106.987479
07/11/2009 15:00:00,       108.273987
07/11/2009 16:00:00,       106.048224
07/11/2009 17:00:00,       105.001626
07/11/2009 18:00:00,       112.918623
07/11/2009 19:00:00,       120.887218
07/11/2009 20:00:00,       129.925176
07/11/2009 21:00:00,       136.724689
07/11/2009 22:00:00,       142.748546
07/11/2009 23:00:00,       150.354811
07/12/2009 00:00:00,       152.393385
07/12/2009 01:00:00,       147.438813
07/12/2009 02:00:00,       139.747831
07/12/2009 03:00:00,       135.333081
07/12/2009 04:00:00,       128.710908
07/12/2009 05:00:00,       128.155174
07/12/2009 06:00:00,       124.095475
07/12/2009 07:00:00,       123.020210
07/12/2009 08:00:00,       118.274908
07/12/2009 09:00:00,       115.458236
07/12/2009 10:00:00,       113.407777
07/12/2009 11:00:00,       110.140211
07/12/2009 12:00:00,       110.918458
07/12/2009 13:00:00,       113.685810
07/12/2009 14:00:00,       121.339252
07/12/2009 15:00:00,       121.313151
07/12/2009 16:00:00,       122.636056
07/12/2009 17:00:00,       120.109856
07/12/2009 18:00:00,       115.107832
07/12/2009 19:00:00,       116.336829
07/12/2009 20:00:00,       117.301015
07/12/2009 21:00:00,       118.439108
07/12/2009 22:00:00,       115.485509
07/12/2009 23:00:00,       110.445584
07/13/2009 00:00:00,       104.235443
07/13/2009 01:00:00,        36.953719
07/13/2009 02:00:00,        33.743377
07/13/2009 03:00:00,        30.073177
07/13/2009 04:00:00,        25.764466
07/13/2009 05:00:00,        24.287652
07/13/2009 06:00:00,        22.742185
07/13/2009 07:00:00,        20.042974
07/13/2009 08:00:00,        18.561063
07/13/2009 09:00:00,        15.290827
07/13/2009 10:00:00,        14.051904
07/13/2009 11:00:00,        10.780250
07/13/2009 12:00:00,        10.412308
07/13/2009 13:00:00,        10.689081
07/13/2009 14:00:00,        11.697649
07/13/2009 15:00:00,        21.511294
07/13/2009 16:00:00,        23.436529
07/13/2009 17:00:00,        28.092033
07/13/2009 18:00:00,        33.735862
07/13/2009 19:00:00,        37.316281
07/13/2009 20:00:00,        39.951141
07/13/2009 21:00:00,        44.702234
07/13/2009 22:00:00,        47.586790
07/13/2009 23:00:00,        49.374701
07/14/2009 00:00:00,        55.941596
07/14/2009 01:00:00,       106.579101
07/14/2009 02:00:00,       105.667537
07/14/2009 03:00:00,       102.810241
07/14/2009 04:00:00,        99.007035
07/14/2009 05:00:00,        97.623403
07/14/2009 06:00:00,        97.928493
07/14/2009 07:00:00,        97.049757
07/14/2009 08:00:00,        92.753684
07/14/2009 09:00:00,        87.238525
07/14/2009 10:00:00,        82.268021
07/14/2009 11:00:00,        76.128393
07/14/2009 12:00:00,        72.539034
07/14/2009 13:00:00,        72.727714
07/14/2009 14:00:00,        71.052928
07/14/2009 15:00:00,        70.619880
07/14/2009 16:00:00,        75.535701
07/14/2009 17:00:00,        77.740435
07/14/2009 18:00:00,        81.312844
07/14/2009 19:00:00,        81.540783
07/14/2009 20:00:00,        84.433559
07/14/2009 21:00:00,        88.306143
07/14/2009 22:00:00,        91.718950
07/14/2009 23:00:00,        93.191444
07/15/2009 00:00:00,       100.319405
07/15/2009 01:00:00,       103.469015
07/15/2009 02:00:00,        98.991847
07/15/2009 03:00:00,        96.878496
07/15/2009 04:00:00,        96.850373
07/15/2009 05:00:00,        95.752906
07/15/2009 06:00:00,        92.666857
07/15/2009 07:00:00,        91.758358
07/15/2009 08:00:00,        89.796157
07/15/2009 09:00:00,        83.679697
07/15/2009 10:00:00,        77.516619
07/15/2009 11:00:00,        73.726774
07/15/2009 12:00:00,        71.551805
07/15/2009 13:00:00,        69.564865
07/15/2009 14:00:00,        67.992659
07/15/2009 15:00:00,        70.017354
07/15/2009 16:00:00,        71.711227
07/15/2009 17:00:00,        72.171569
07/15/2009 18:00:00,        73.949640
07/15/2009 19:00:00,        75.267508
07/15/2009 20:00:00,        78.769750
07/15/2009 21:00:00,        79.934612
07/15/2009 22:00:00,        83.033171
07/15/2009 23:00:00,        84.954247
07/16/2009 00:00:00,        87.954419
07/16/2009 01:00:00,        66.374131
07/16/2009 02:00:00,        63.284428
07/16/2009 03:00:00,        58.599271
07/16/2009 04:00:00,        54.458666
07/16/2009 05:00:00,        50.720185
07/16/2009 06:00:00,        47.356349
07/16/2009 07:00:00,        44.034750
07/16/2009 08:00:00,        37.442364
07/16/2009 09:00:00,        31.048741
07/16/2009 10:00:00,        25.967045
07/16/2009 11:00:00,        21.630844
07/16/2009 12:00:00,        16.350980
07/16/2009 13:00:00,        12.399536
07/16/2009 14:00:00,         8.630351
07/16/2009 15:00:00,         5.457524
07/16/2009 16:00:00,         3.675280
07/16/2009 17:00:00,         4.168765
07/16/2009 18:00:00,         5.831284
07/16/2009 19:00:00,         6.073178
07/16/2009 20:00:00,         6.521431
07/16/2009 21:00:00,         7.510322
07/16/2009 22:00:00,         8.120792
07/16/2009 23:00:00,         9.334626
07/17/2009 00:00:00,        11.293158
07/17/2009 01:00:00,        34.634238
07/17/2009 02:00:00,        33.691674
07/17/2009 03:00:00,        32.642086
07/17/2009 04:00:00,        32.072831
07/17/2009 05:00:00,        33.692427
07/17/2009 06:00:00,        35.399777
07/17/2009 07:00:00,        36.989423
07/17/2009 08:00:00,        39.729819
07/17/2009 09:00:00,        41.339399
07/17/2009 10:00:00,        44.451964
07/17/2009 11:00:00,        46.906196
07/17/2009 12:00:00,        50.131127
07/17/2009 13:00:00,        50.948385
07/17/2009 14:00:00,        52.561353
07/17/2009 15:00:00,        52.788614
07/17/2009 16:00:00,        54.691907
07/17/2009 17:00:00,        54.826301
07/17/2009 18:00:00,        56.759981
07/17/2009 19:00:00,        58.561314
07/17/2009 20:00:00,        60.653952
07/17/2009 21:00:00,        60.096930
07/17/2009 22:00:00,        59.335265
07/17/2009 23:00:00,        54.624487
07/18/2009 00:00:00,        50.823446
07/18/2009 01:00:00,         4.344454
07/18/2009 02:00:00,         6.100945
07/18/2009 03:00:00,         5.304953
07/18/2009 04:00:00,         6.546100
07/18/2009 05:00:00,         9.172820
07/18/2009 06:00:00,         9.462843
07/18/2009 07:00:00,        14.402485
07/18/2009 08:00:00,        20.867812
07/18/2009 09:00:00,        25.667916
07/18/2009 10:00:00,        30.691385
07/18/2009 11:00:00,        31.075449
07/18/2009 12:00:00,        34.655664
07/18/2009 13:00:00,        35.323071
07/18/2009 14:00:00,        40.648851
07/18/2009 15:00:00,        40.585645
07/18/2009 16:00:00,        39.087630
07/18/2009 17:00:00,        39.397146
07/18/2009 18:00:00,        39.739189
07/18/2009 19:00:00,        41.269957
07/18/2009 20:00:00,        38.062510
07/18/2009 21:00:00,        34.657105
07/18/2009 22:00:00,        31.957831
07/18/2009 23:00:00,        28.706807
07/19/2009 00:00:00,        32.772396
07/19/2009 01:00:00,        79.877607
07/19/2009 02:00:00,        82.778351
07/19/2009 03:00:00,        91.670091
07/19/2009 04:00:00,       100.953182
07/19/2009 05:00:00,       108.280749
07/19/2009 06:00:00,       112.745385
07/19/2009 07:00:00,       112.576954
07/19/2009 08:00:00,       115.139398
07/19/2009 09:00:00,       118.639199
07/19/2009 10:00:00,       123.112680
07/19/2009 11:00:00,       130.693826
07/19/2009 12:00:00,       138.032256
07/19/2009 13:00:00,       142.008962
07/19/2009 14:00:00,       148.270994
07/19/2009 15:00:00,       151.656341
07/19/2009 16:00:00,       155.472409
07/19/2009 17:00:00,       154.950850
07/19/2009 18:00:00,       155.160893
07/19/2009 19:00:00,       156.791700
07/19/2009 20:00:00,       161.395289
07/19/2009 21:00:00,       168.773188
07/19/2009 22:00:00,       172.961999
07/19/2009 23:00:00,       175.150965
07/20/2009 00:00:00,       173.540059
07/20/2009 01:00:00,       142.735836
07/20/2009 02:00:00,       131.682931
07/20/2009 03:00:00,       120.681819
07/20/2009 04:00:00,       111.972661
07/20/2009 05:00:00,       103.942383
07/20/2009 06:00:00,        95.698025
07/20/2009 07:00:00,        86.351684
07/20/2009 08:00:00,        77.592009
07/20/2009 09:00:00,        67.038175
07/20/2009 10:00:00,        55.602596
07/20/2009 11:00:00,        44.326301
07/20/2009 12:00:00,        31.794066
07/20/2009 13:00:00,        23.692548
07/20/2009 14:00:00,        19.282411
07/20/2009 15:00:00,        17.426680
07/20/2009 16:00:00,        15.699253
07/20/2009 17:00:00,        13.543003
07/20/2009 18:00:00,        12.424743
07/20/2009 19:00:00,        12.422094
07/20/2009 20:00:00,        12.405059
07/20/2009 21:00:00,        12.621637
07/20/2009 22:00:00,        12.394600
07/20/2009 23:00:00,        11.930659
07/21/2009 00:00:00,        11.344233
07/21/2009 01:00:00,         7.869677
07/21/2009 02:00:00,         7.843416
07/21/2009 03:00:00,         7.573130
07/21/2009 04:00:00,         6.978203
07/21/2009 05:00:00,         6.654538
07/21/2009 06:00:00,         6.277417
07/21/2009 07:00:00,         5.654342
07/21/2009 08:00:00,         5.556746
07/21/2009 09:00:00,         5.342784
07/21/2009 10:00:00,         5.078088
07/21/2009 11:00:00,         4.452376
07/21/2009 12:00:00,         4.124842
07/21/2009 13:00:00,         3.276197
07/21/2009 14:00:00,         1.898619
07/21/2009 15:00:00,         0.950301
07/21/2009 16:00:00,         0.512810
07/21/2009 17:00:00,         0.647282
07/21/2009 18:00:00,         1.160714
07/21/2009 19:00:00,         1.236004
07/21/2009 20:00:00,         1.835858
07/21/2009 21:00:00,         1.826127
07/21/2009 22:00:00,         1.984921
07/21/2009 23:00:00,         2.188480
07/22/2009 00:00:00,         2.486831
07/22/2009 01:00:00,        20.344976
07/22/2009 02:00:00,        17.870610
07/22/2009 03:00:00,        17.644001
07/22/2009 04:00:00,        16.203625
07/22/2009 05:00:00,        15.012391
07/22/2009 06:00:00,        14.147992
07/22/2009 07:00:00,        13.570151
07/22/2009 08:00:00,        10.704529
07/22/2009 09:00:00,         7.839425
07/22/2009 10:00:00,         5.788287
07/22/2009 11:00:00,         5.029631
07/22/2009 12:00:00,         4.611048
07/22/2009 13:00:00,         4.584047
07/22/2009 14:00:00,         5.986366
07/22/2009 15:00:00,         8.008489
07/22/2009 16:00:00,        11.387217
07/22/2009 17:00:00,        12.727325
07/22/2009 18:00:00,        13.820226
07/22/2009 19:00:00,        15.711978
07/22/2009 20:00:00,        16.472868
07/22/2009 21:00:00,        18.059684
07/22/2009 22:00:00,        19.192312
07/22/2009 23:00:00,        22.496095
07/23/2009 00:00:00,        26.319213
07/23/2009 01:00:00,        56.393469
07/23/2009 02:00:00,        54.383237
07/23/2009 03:00:00,        51.336297
07/23/2009 04:00:00,        49.360158
07/23/2009 05:00:00,        48.241778
07/23/2009 06:00:00,        46.788697
07/23/2009 07:00:00,        45.658761
07/23/2009 08:00:00,        42.117018
07/23/2009 09:00:00,        39.891853
07/23/2009 10:00:00,        36.663172
07/23/2009 11:00:00,        35.807880
07/23/2009 12:00:00,        31.933463
07/23/2009 13:00:00,        30.078107
07/23/2009 14:00:00,        29.768772
07/23/2009 15:00:00,        29.192669
07/23/2009 16:00:00,        28.514501
07/23/2009 17:00:00,        28.877337
07/23/2009 18:00:00,        30.239014
07/23/2009 19:00:00,        29.582471
07/23/2009 20:00:00,        30.411183
07/23/2009 21:00:00,        31.616858
07/23/2009 22:00:00,        32.929610
07/23/2009 23:00:00,        34.517886
07/24/2009 00:00:00,        35.668205
07/24/2009 01:00:00,        73.229081
07/24/2009 02:00:00,        66.498493
07/24/2009 03:00:00,        62.847531
07/24/2009 04:00:00,        62.069968
07/24/2009 05:00:00,        61.511642
07/24/2009 06:00:00,        60.334195
07/24/2009 07:00:00,        59.648223
07/24/2009 08:00:00,        56.662000
07/24/2009 09:00:00,        53.216239
07/24/2009 10:00:00,        47.531248
07/24/2009 11:00:00,        44.931302
07/24/2009 12:00:00,        42.918491
07/24/2009 13:00:00,        40.430993
07/24/2009 14:00:00,        40.083395
07/24/2009 15:00:00,        41.070130
07/24/2009 16:00:00,        45.192285
07/24/2009 17:00:00,        48.128150
07/24/2009 18:00:00,        52.836613
07/24/2009 19:00:00,        55.152839
07/24/2009 20:00:00,        55.885110
07/24/2009 21:00:00,        56.049213
07/24/2009 22:00:00,        58.825122
07/24/2009 23:00:00,        62.579037
07/25/2009 00:00:00,        64.687219
07/25/2009 01:00:00,        69.641035
07/25/2009 02:00:00,        65.197791
07/25/2009 03:00:00,        61.409950
07/25/2009 04:00:00,        57.942606
07/25/2009 05:00:00,        52.997336
07/25/2009 06:00:00,        48.363812
07/25/2009 07:00:00,        44.480749
07/25/2009 08:00:00,        37.333164
07/25/2009 09:00:00,        30.774148
07/25/2009 10:00:00,        23.856769
07/25/2009 11:00:00,        17.844067
07/25/2009 12:00:00,        12.396543
07/25/2009 13:00:00,         8.612401
07/25/2009 14:00:00,         6.239763
07/25/2009 15:00:00,         4.102981
07/25/2009 16:00:00,         2.323305
07/25/2009 17:00:00,         1.278283
07/25/2009 18:00:00,         0.944650
07/25/2009 19:00:00,         1.090709
07/25/2009 20:00:00,         1.330455
07/25/2009 21:00:00,         1.552875
07/25/2009 22:00:00,         1.789044
07/25/2009 23:00:00,         2.183121
07/26/2009 00:00:00,         2.916716
07/26/2009 01:00:00,         8.379522
07/26/2009 02:00:00,         8.995394
07/26/2009 03:00:00,        10.120880
07/26/2009 04:00:00,        11.179218
07/26/2009 05:00:00,        11.817245
07/26/2009 06:00:00,        12.763692
07/26/2009 07:00:00,        13.446394
07/26/2009 08:00:00,        13.282334
07/26/2009 09:00:00,        14.540201
07/26/2009 10:00:00,        17.965102
07/26/2009 11:00:00,        21.886325
07/26/2009 12:00:00,        24.972742
07/26/2009 13:00:00,        27.295143
07/26/2009 14:00:00,        29.835773
07/26/2009 15:00:00,        35.120041
07/26/2009 16:00:00,        36.284380
07/26/2009 17:00:00,        38.055948
07/26/2009 18:00:00,        44.691855
07/26/2009 19:00:00,        48.669197
07/26/2009 20:00:00,        55.535845
07/26/2009 21:00:00,        60.357478
07/26/2009 22:00:00,        64.901036
07/26/2009 23:00:00,        63.576778
07/27/2009 00:00:00,        62.313212
07/27/2009 01:00:00,        68.971810
07/27/2009 02:00:00,        71.353388
07/27/2009 03:00:00,        70.196580
07/27/2009 04:00:00,        70.143293
07/27/2009 05:00:00,        64.798613
07/27/2009 06:00:00,        59.773894
07/27/2009 07:00:00,        56.759597
07/27/2009 08:00:00,        51.510993
07/27/2009 09:00:00,        45.555960
07/27/2009 10:00:00,        41.322290
07/27/2009 11:00:00,        40.305511
07/27/2009 12:00:00,        43.931731
07/27/2009 13:00:00,        47.508850
07/27/2009 14:00:00,        45.090009
07/27/2009 15:00:00,        41.412970
07/27/2009 16:00:00,        40.174107
07/27/2009 17:00:00,        40.731307
07/27/2009 18:00:00,        44.288510
07/27/2009 19:00:00,        47.067374
07/27/2009 20:00:00,        48.694430
07/27/2009 21:00:00,        52.548472
07/27/2009 22:00:00,        57.841604
07/27/2009 23:00:00,        62.489247
07/28/2009 00:00:00,        64.411745
07/28/2009 01:00:00,       107.894801
07/28/2009 02:00:00,       117.339329
07/28/2009 03:00:00,       119.796613
07/28/2009 04:00:00,       125.648406
07/28/2009 05:00:00,       126.624465
07/28/2009 06:00:00,       124.950845
07/28/2009 07:00:00,       122.139201
07/28/2009 08:00:00,       119.094051
07/28/2009 09:00:00,       117.554921
07/28/2009 10:00:00,       116.562664
07/28/2009 11:00:00,       114.854157
07/28/2009 12:00:00,       110.576723
07/28/2009 13:00:00,       106.466487
07/28/2009 14:00:00,        99.081418
07/28/2009 15:00:00,        89.977857
07/28/2009 16:00:00,        82.911590
07/28/2009 17:00:00,        74.011343
07/28/2009 18:00:00,        68.820437
07/28/2009 19:00:00,        66.356514
07/28/2009 20:00:00,        65.634126
07/28/2009 21:00:00,        66.203281
07/28/2009 22:00:00,        67.057105
07/28/2009 23:00:00,        64.415318
07/29/2009 00:00:00,        62.044811
07/29/2009 01:00:00,        68.518287
07/29/2009 02:00:00,        75.643504
07/29/2009 03:00:00,        79.502513
07/29/2009 04:00:00,        81.625303
07/29/2009 05:00:00,        82.178437
07/29/2009 06:00:00,        79.989983
07/29/2009 07:00:00,        77.358913
07/29/2009 08:00:00,        75.211988
07/29/2009 09:00:00,        72.829742
07/29/2009 10:00:00,        75.172155
07/29/2009 11:00:00,        72.049993
07/29/2009 12:00:00,        77.637584
07/29/2009 13:00:00,        71.014855
07/29/2009 14:00:00,        69.421047
07/29/2009 15:00:00,        63.754539
07/29/2009 16:00:00,        66.109928
07/29/2009 17:00:00,        61.235713
07/29/2009 18:00:00,        60.465884
07/29/2009 19:00:00,        62.601210
07/29/2009 20:00:00,        66.926309
07/29/2009 21:00:00,        67.086384
07/29/2009 22:00:00,        68.435124
07/29/2009 23:00:00,        64.789634
07/30/2009 00:00:00,        68.497818
07/30/2009 01:00:00,        15.151937
07/30/2009 02:00:00,        16.178163
07/30/2009 03:00:00,        13.706104
07/30/2009 04:00:00,        13.171883
07/30/2009 05:00:00,        11.812237
07/30/2009 06:00:00,        11.004129
07/30/2009 07:00:00,        11.431625
07/30/2009 08:00:00,        10.838352
07/30/2009 09:00:00,        10.921116
07/30/2009 10:00:00,        12.373781
07/30/2009 11:00:00,        14.177754
07/30/2009 12:00:00,        16.178965
07/30/2009 13:00:00,        18.947988
07/30/2009 14:00:00,        22.256610
07/30/2009 15:00:00,        25.401000
07/30/2009 16:00:00,        27.950748
07/30/2009 17:00:00,        29.447480
07/30/2009 18:00:00,        32.489702
07/30/2009 19:00:00,        35.574891
07/30/2009 20:00:00,        38.360090
07/30/2009 21:00:00,        40.766112
07/30/2009 22:00:00,        44.817187
07/30/2009 23:00:00,        45.656643
07/31/2009 00:00:00,        48.559261
07/31/2009 01:00:00,       119.982583
07/31/2009 02:00:00,       115.957891
07/31/2009 03:00:00,       117.366793
07/31/2009 04:00:00,       114.529017
07/31/2009 05:00:00,       109.584042
07/31/2009 06:00:00,       104.285815
07/31/2009 07:00:00,        99.168596
07/31/2009 08:00:00,        93.341921
07/31/2009 09:00:00,        84.652503
07/31/2009 10:00:00,        76.777953
07/31/2009 11:00:00,        68.403277
07/31/2009 12:00:00,        62.095999
07/31/2009 13:00:00,        57.112195
07/31/2009 14:00:00,        50.945849
07/31/2009 15:00:00,        46.105948
07/31/2009 16:00:00,        39.559387
07/31/2009 17:00:00,        34.332631
07/31/2009 18:00:00,        32.562822
07/31/2009 19:00:00,        33.408317
07/31/2009 20:00:00,        34.935006
07/31/2009 21:00:00,        33.910139
07/31/2009 22:00:00,        34.600261
07/31/2009 23:00:00,        34.308340
08/01/2009 00:00:00,         9.709500
08/01/2009 01:00:00,        13.464687
08/01/2009 02:00:00,        18.248317
08/01/2009 03:00:00,        22.749058
08/01/2009 04:00:00,        27.027058
08/01/2009 05:00:00,        29.845679
08/01/2009 06:00:00,        33.463919
08/01/2009 07:00:00,        36.863105
08/01/2009 08:00:00,        39.163759
08/01/2009 09:00:00,        41.633259
08/01/2009 10:00:00,        41.764572
08/01/2009 11:00:00,        42.715932
08/01/2009 12:00:00,        41.258613
08/01/2009 13:00:00,        38.940359
08/01/2009 14:00:00,        36.889998
08/01/2009 15:00:00,        33.980173
08/01/2009 16:00:00,        30.511727
08/01/2009 17:00:00,        27.195406
08/01/2009 18:00:00,        24.792237
08/01/2009 19:00:00,        24.396736
08/01/2009 20:00:00,        25.177441
08/01/2009 21:00:00,        26.245665
08/01/2009 22:00:00,        25.384551
08/01/2009 23:00:00,        24.383496
08/02/2009 00:00:00,        23.555052
08/02/2009 01:00:00,        23.614176
08/02/2009 02:00:00,        24.651323
08/02/2009 03:00:00,        24.459727
08/02/2009 04:00:00,        27.352646
08/02/2009 05:00:00,        27.156280
08/02/2009 06:00:00,        31.038713
08/02/2009 07:00:00,        26.220266
08/02/2009 08:00:00,        27.754742
08/02/2009 09:00:00,        27.041341
08/02/2009 10:00:00,        33.368973
08/02/2009 11:00:00,        40.610341
08/02/2009 12:00:00,        48.830894
08/02/2009 13:00:00,        52.380704
08/02/2009 14:00:00,        59.226144
08/02/2009 15:00:00,        64.763619
08/02/2009 16:00:00,        64.179468
08/02/2009 17:00:00,        66.202977
08/02/2009 18:00:00,        79.758839
08/02/2009 19:00:00,        86.883754
08/02/2009 20:00:00,        92.482956
08/02/2009 21:00:00,        93.952978
08/02/2009 22:00:00,       100.641729
08/02/2009 23:00:00,       102.870342
08/03/2009 00:00:00,       100.382464
08/03/2009 01:00:00,       120.728561
08/03/2009 02:00:00,       114.217152
08/03/2009 03:00:00,       105.857368
08/03/2009 04:00:00,        99.503720
08/03/2009 05:00:00,        92.824375
08/03/2009 06:00:00,        85.308780
08/03/2009 07:00:00,        78.986122
08/03/2009 08:00:00,        69.916087
08/03/2009 09:00:00,        64.321702
08/03/2009 10:00:00,        55.311366
08/03/2009 11:00:00,        48.689301
08/03/2009 12:00:00,        43.744622
08/03/2009 13:00:00,        37.127650
08/03/2009 14:00:00,        34.320019
08/03/2009 15:00:00,        33.007049
08/03/2009 16:00:00,        33.301031
08/03/2009 17:00:00,        32.777575
08/03/2009 18:00:00,        32.969542
08/03/2009 19:00:00,        34.021127
08/03/2009 20:00:00,        35.345488
08/03/2009 21:00:00,        36.325237
08/03/2009 22:00:00,        35.783511
08/03/2009 23:00:00,        34.867281
08/04/2009 00:00:00,        33.812939
08/04/2009 01:00:00,        52.143301
08/04/2009 02:00:00,        54.687485
08/04/2009 03:00:00,        54.718742
08/04/2009 04:00:00,        57.583978
08/04/2009 05:00:00,        57.642613
08/04/2009 06:00:00,        56.568578
08/04/2009 07:00:00,        55.417325
08/04/2009 08:00:00,        54.750331
08/04/2009 09:00:00,        57.400633
08/04/2009 10:00:00,        62.310773
08/04/2009 11:00:00,        67.722834
08/04/2009 12:00:00,        73.129564
08/04/2009 13:00:00,        76.559457
08/04/2009 14:00:00,        78.672806
08/04/2009 15:00:00,        78.903190
08/04/2009 16:00:00,        85.408442
08/04/2009 17:00:00,        83.834515
08/04/2009 18:00:00,        84.909744
08/04/2009 19:00:00,        90.101953
08/04/2009 20:00:00,        95.119224
08/04/2009 21:00:00,       101.055058
08/04/2009 22:00:00,       102.853548
08/04/2009 23:00:00,       103.450653
08/05/2009 00:00:00,       103.575332
08/05/2009 01:00:00,       165.292871
08/05/2009 02:00:00,       160.228258
08/05/2009 03:00:00,       156.809583
08/05/2009 04:00:00,       155.323593
08/05/2009 05:00:00,       150.980201
08/05/2009 06:00:00,       148.752545
08/05/2009 07:00:00,       147.463458
08/05/2009 08:00:00,       141.309480
08/05/2009 09:00:00,       132.510782
08/05/2009 10:00:00,       126.134676
08/05/2009 11:00:00,       119.175733
08/05/2009 12:00:00,       116.234131
08/05/2009 13:00:00,       115.308678
08/05/2009 14:00:00,       114.187580
08/05/2009 15:00:00,       114.172636
08/05/2009 16:00:00,       115.835031
08/05/2009 17:00:00,       110.471669
08/05/2009 18:00:00,       108.391214
08/05/2009 19:00:00,       106.934124
08/05/2009 20:00:00,       106.309728
08/05/2009 21:00:00,       103.695886
08/05/2009 22:00:00,       106.663714
08/05/2009 23:00:00,       111.235414
08/06/2009 00:00:00,       110.489462
08/06/2009 01:00:00,        97.043408
08/06/2009 02:00:00,        93.575393
08/06/2009 03:00:00,        85.907909
08/06/2009 04:00:00,        81.904001
08/06/2009 05:00:00,        76.995739
08/06/2009 06:00:00,        72.672294
08/06/2009 07:00:00,        69.361301
08/06/2009 08:00:00,        65.546607
08/06/2009 09:00:00,        62.206538
08/06/2009 10:00:00,        55.636623
08/06/2009 11:00:00,        47.339121
08/06/2009 12:00:00,        43.572849
08/06/2009 13:00:00,        37.937177
08/06/2009 14:00:00,        33.272012
08/06/2009 15:00:00,        32.981030
08/06/2009 16:00:00,        34.638401
08/06/2009 17:00:00,        34.699312
08/06/2009 18:00:00,        36.436328
08/06/2009 19:00:00,        38.266009
08/06/2009 20:00:00,        39.209531
08/06/2009 21:00:00,        41.406568
08/06/2009 22:00:00,        44.766391
08/06/2009 23:00:00,        47.872943
08/07/2009 00:00:00,        48.199071
08/07/2009 01:00:00,        42.124055
08/07/2009 02:00:00,        37.884664
08/07/2009 03:00:00,        34.509469
08/07/2009 04:00:00,        30.992078
08/07/2009 05:00:00,        29.409042
08/07/2009 06:00:00,        25.715754
08/07/2009 07:00:00,        23.983025
08/07/2009 08:00:00,        22.019719
08/07/2009 09:00:00,        19.395456
08/07/2009 10:00:00,        16.597211
08/07/2009 11:00:00,        13.045713
08/07/2009 12:00:00,        12.377031
08/07/2009 13:00:00,        12.875373
08/07/2009 14:00:00,        13.978254
08/07/2009 15:00:00,        16.021489
08/07/2009 16:00:00,        18.684183
08/07/2009 17:00:00,        22.813868
08/07/2009 18:00:00,        25.968109
08/07/2009 19:00:00,        30.718266
08/07/2009 20:00:00,        33.480251
08/07/2009 21:00:00,        37.146675
08/07/2009 22:00:00,        40.269507
08/07/2009 23:00:00,        42.619832
08/08/2009 00:00:00,        47.957963
08/08/2009 01:00:00,        77.091601
08/08/2009 02:00:00,        78.442199
08/08/2009 03:00:00,        81.034998
08/08/2009 04:00:00,        79.912938
08/08/2009 05:00:00,        80.662336
08/08/2009 06:00:00,        79.907379
08/08/2009 07:00:00,        78.230468
08/08/2009 08:00:00,        77.076358
08/08/2009 09:00:00,        72.720397
08/08/2009 10:00:00,        67.748497
08/08/2009 11:00:00,        63.184342
08/08/2009 12:00:00,        58.536661
08/08/2009 13:00:00,        52.106586
08/08/2009 14:00:00,        48.301159
08/08/2009 15:00:00,        43.640640
08/08/2009 16:00:00,        39.044988
08/08/2009 17:00:00,        37.504153
08/08/2009 18:00:00,        39.466159
08/08/2009 19:00:00,        40.930803
08/08/2009 20:00:00,        43.383746
08/08/2009 21:00:00,        47.136527
08/08/2009 22:00:00,        49.984277
08/08/2009 23:00:00,        52.728340
08/09/2009 00:00:00,        56.927400
08/09/2009 01:00:00,        62.260897
08/09/2009 02:00:00,        61.063236
08/09/2009 03:00:00,        59.034353
08/09/2009 04:00:00,        58.894648
08/09/2009 05:00:00,        59.295853
08/09/2009 06:00:00,        59.602058
08/09/2009 07:00:00,        58.847334
08/09/2009 08:00:00,        55.637888
08/09/2009 09:00:00,        52.691782
08/09/2009 10:00:00,        46.945391
08/09/2009 11:00:00,        45.570155
08/09/2009 12:00:00,        42.863314
08/09/2009 13:00:00,        40.629518
08/09/2009 14:00:00,        38.840435
08/09/2009 15:00:00,        36.895862
08/09/2009 16:00:00,        37.458648
08/09/2009 17:00:00,        37.745740
08/09/2009 18:00:00,        37.130702
08/09/2009 19:00:00,        38.286195
08/09/2009 20:00:00,        39.902235
08/09/2009 21:00:00,        41.861140
08/09/2009 22:00:00,        43.259358
08/09/2009 23:00:00,        44.954813
08/10/2009 00:00:00,        46.318604
08/10/2009 01:00:00,        92.032689
08/10/2009 02:00:00,        90.258226
08/10/2009 03:00:00,        92.393301
08/10/2009 04:00:00,        92.290067
08/10/2009 05:00:00,        92.777215
08/10/2009 06:00:00,        92.177879
08/10/2009 07:00:00,        92.334128
08/10/2009 08:00:00,        95.002244
08/10/2009 09:00:00,        96.054665
08/10/2009 10:00:00,        91.441695
08/10/2009 11:00:00,        84.505566
08/10/2009 12:00:00,        79.359283
08/10/2009 13:00:00,        77.281439
08/10/2009 14:00:00,        70.202798
08/10/2009 15:00:00,        69.533302
08/10/2009 16:00:00,        67.274642
08/10/2009 17:00:00,        61.917919
08/10/2009 18:00:00,        56.917679
08/10/2009 19:00:00,        54.464687
08/10/2009 20:00:00,        50.972082
08/10/2009 21:00:00,        49.010275
08/10/2009 22:00:00,        48.224220
08/10/2009 23:00:00,        47.522691
08/11/2009 00:00:00,        47.999959
08/11/2009 01:00:00,         8.787282
08/11/2009 02:00:00,         8.222893
08/11/2009 03:00:00,         7.795268
08/11/2009 04:00:00,         7.714254
08/11/2009 05:00:00,         7.566944
08/11/2009 06:00:00,         7.524089
08/11/2009 07:00:00,         8.007440
08/11/2009 08:00:00,         9.254013
08/11/2009 09:00:00,         8.873809
08/11/2009 10:00:00,         6.855178
08/11/2009 11:00:00,         5.472787
08/11/2009 12:00:00,         3.794390
08/11/2009 13:00:00,         2.554186
08/11/2009 14:00:00,         1.433697
08/11/2009 15:00:00,         1.115086
08/11/2009 16:00:00,         1.271251
08/11/2009 17:00:00,         1.256011
08/11/2009 18:00:00,         1.926572
08/11/2009 19:00:00,         2.111275
08/11/2009 20:00:00,         2.252701
08/11/2009 21:00:00,         2.412129
08/11/2009 22:00:00,         2.613221
08/11/2009 23:00:00,         2.875396
08/12/2009 00:00:00,         3.836261
08/12/2009 01:00:00,         5.267874
08/12/2009 02:00:00,         5.231520
08/12/2009 03:00:00,         4.366564
08/12/2009 04:00:00,         3.877030
08/12/2009 05:00:00,         3.428065
08/12/2009 06:00:00,         3.044116
08/12/2009 07:00:00,         2.815830
08/12/2009 08:00:00,         1.340159
08/12/2009 09:00:00,         0.630930
08/12/2009 10:00:00,         0.279880
08/12/2009 11:00:00,         0.274002
08/12/2009 12:00:00,         0.286800
08/12/2009 13:00:00,         0.448844
08/12/2009 14:00:00,         0.658199
08/12/2009 15:00:00,         1.495267
08/12/2009 16:00:00,         1.473610
08/12/2009 17:00:00,         1.552660
08/12/2009 18:00:00,         1.541337
08/12/2009 19:00:00,         1.647194
08/12/2009 20:00:00,         2.069632
08/12/2009 21:00:00,         2.225607
08/12/2009 22:00:00,         3.838650
08/12/2009 23:00:00,         2.560758
08/13/2009 00:00:00,         2.957611
08/13/2009 01:00:00,         7.818713
08/13/2009 02:00:00,         7.579499
08/13/2009 03:00:00,         7.585439
08/13/2009 04:00:00,         7.580978
08/13/2009 05:00:00,         7.592430
08/13/2009 06:00:00,         7.476203
08/13/2009 07:00:00,         7.242152
08/13/2009 08:00:00,         7.046998
08/13/2009 09:00:00,         6.241471
08/13/2009 10:00:00,         5.116734
08/13/2009 11:00:00,         3.984940
08/13/2009 12:00:00,         3.663546
08/13/2009 13:00:00,         3.396168
08/13/2009 14:00:00,         2.593785
08/13/2009 15:00:00,         2.356298
08/13/2009 16:00:00,         2.010994
08/13/2009 17:00:00,         1.870382
08/13/2009 18:00:00,         1.797770
08/13/2009 19:00:00,         1.635169
08/13/2009 20:00:00,         1.823067
08/13/2009 21:00:00,         2.495051
08/13/2009 22:00:00,         4.028453
08/13/2009 23:00:00,         5.323758
08/14/2009 00:00:00,         6.897114
08/14/2009 01:00:00,        33.561435
08/14/2009 02:00:00,        38.413209
08/14/2009 03:00:00,        43.821064
08/14/2009 04:00:00,        50.376141
08/14/2009 05:00:00,        57.071958
08/14/2009 06:00:00,        60.789908
08/14/2009 07:00:00,        62.063060
08/14/2009 08:00:00,        66.120753
08/14/2009 09:00:00,        68.363417
08/14/2009 10:00:00,        70.793873
08/14/2009 11:00:00,        72.681650
08/14/2009 12:00:00,        72.628408
08/14/2009 13:00:00,        69.555627
08/14/2009 14:00:00,        63.857878
08/14/2009 15:00:00,        59.894248
08/14/2009 16:00:00,        55.756283
08/14/2009 17:00:00,        52.671531
08/14/2009 18:00:00,        51.590230
08/14/2009 19:00:00,        49.862753
08/14/2009 20:00:00,        50.887147
08/14/2009 21:00:00,        54.173573
08/14/2009 22:00:00,        57.824004
08/14/2009 23:00:00,        59.659004
08/15/2009 00:00:00,        63.534837
08/15/2009 01:00:00,       102.966846
08/15/2009 02:00:00,       104.755991
08/15/2009 03:00:00,       107.103544
08/15/2009 04:00:00,       109.851701
08/15/2009 05:00:00,       112.749775
08/15/2009 06:00:00,       113.780441
08/15/2009 07:00:00,       112.196512
08/15/2009 08:00:00,       109.463405
08/15/2009 09:00:00,       108.072803
08/15/2009 10:00:00,       107.189387
08/15/2009 11:00:00,       106.183855
08/15/2009 12:00:00,       105.203817
08/15/2009 13:00:00,       101.950915
08/15/2009 14:00:00,        99.278140
08/15/2009 15:00:00,        98.149659
08/15/2009 16:00:00,        96.491552
08/15/2009 17:00:00,        94.084520
08/15/2009 18:00:00,        95.609470
08/15/2009 19:00:00,        95.597656
08/15/2009 20:00:00,        98.188079
08/15/2009 21:00:00,       103.536272
08/15/2009 22:00:00,       106.295759
08/15/2009 23:00:00,       107.694324
08/16/2009 00:00:00,       109.484813
08/16/2009 01:00:00,       115.158033
08/16/2009 02:00:00,       109.980594
08/16/2009 03:00:00,       104.875582
08/16/2009 04:00:00,       101.736938
08/16/2009 05:00:00,        98.258605
08/16/2009 06:00:00,        94.686993
08/16/2009 07:00:00,        90.349743
08/16/2009 08:00:00,        83.036534
08/16/2009 09:00:00,        74.420955
08/16/2009 10:00:00,        63.279718
08/16/2009 11:00:00,        54.193218
08/16/2009 12:00:00,        45.439205
08/16/2009 13:00:00,        39.039660
08/16/2009 14:00:00,        31.960213
08/16/2009 15:00:00,        27.221668
08/16/2009 16:00:00,        23.024435
08/16/2009 17:00:00,        19.405053
08/16/2009 18:00:00,        16.701569
08/16/2009 19:00:00,        16.431667
08/16/2009 20:00:00,        21.742868
08/16/2009 21:00:00,        19.873485
08/16/2009 22:00:00,        22.534186
08/16/2009 23:00:00,        25.800976
08/17/2009 00:00:00,        29.021619
08/17/2009 01:00:00,        73.946037
08/17/2009 02:00:00,        79.899432
08/17/2009 03:00:00,        76.272694
08/17/2009 04:00:00,        77.371063
08/17/2009 05:00:00,        78.844925
08/17/2009 06:00:00,        78.690464
08/17/2009 07:00:00,        77.390925
08/17/2009 08:00:00,        72.536098
08/17/2009 09:00:00,        70.673092
08/17/2009 10:00:00,        70.479061
08/17/2009 11:00:00,        70.682611
08/17/2009 12:00:00,        72.032615
08/17/2009 13:00:00,        72.521366
08/17/2009 14:00:00,        72.443537
08/17/2009 15:00:00,        74.886471
08/17/2009 16:00:00,        78.146291
08/17/2009 17:00:00,        79.189472
08/17/2009 18:00:00,        84.953936
08/17/2009 19:00:00,        87.679953
08/17/2009 20:00:00,        91.559656
08/17/2009 21:00:00,        98.601917
08/17/2009 22:00:00,       105.225743
08/17/2009 23:00:00,       111.077439
08/18/2009 00:00:00,       113.656005
08/18/2009 01:00:00,       179.371078
08/18/2009 02:00:00,       172.629261
08/18/2009 03:00:00,       163.646556
08/18/2009 04:00:00,       156.329060
08/18/2009 05:00:00,       149.517643
08/18/2009 06:00:00,       141.492079
08/18/2009 07:00:00,       132.018896
08/18/2009 08:00:00,       121.207424
08/18/2009 09:00:00,       111.081100
08/18/2009 10:00:00,        99.971344
08/18/2009 11:00:00,        87.640389
08/18/2009 12:00:00,        77.963717
08/18/2009 13:00:00,        71.220958
08/18/2009 14:00:00,        62.019088
08/18/2009 15:00:00,        56.978143
08/18/2009 16:00:00,        55.766590
08/18/2009 17:00:00,        57.162120
08/18/2009 18:00:00,        61.540351
08/18/2009 19:00:00,        68.541875
08/18/2009 20:00:00,        74.421330
08/18/2009 21:00:00,        78.414275
08/18/2009 22:00:00,        84.074765
08/18/2009 23:00:00,        87.729544
08/19/2009 00:00:00,        92.193754
08/19/2009 01:00:00,       121.057818
08/19/2009 02:00:00,       121.269385
08/19/2009 03:00:00,       123.313868
08/19/2009 04:00:00,       122.014605
08/19/2009 05:00:00,       120.958282
08/19/2009 06:00:00,       120.112145
08/19/2009 07:00:00,       116.282029
08/19/2009 08:00:00,       112.957060
08/19/2009 09:00:00,       115.588232
08/19/2009 10:00:00,       121.336666
08/19/2009 11:00:00,       128.356245
08/19/2009 12:00:00,       129.755447
08/19/2009 13:00:00,       134.538637
08/19/2009 14:00:00,       135.766229
08/19/2009 15:00:00,       138.182251
08/19/2009 16:00:00,       139.391699
08/19/2009 17:00:00,       146.371078
08/19/2009 18:00:00,       150.368911
08/19/2009 19:00:00,       152.802404
08/19/2009 20:00:00,       159.805768
08/19/2009 21:00:00,       161.801538
08/19/2009 22:00:00,       163.200396
08/19/2009 23:00:00,       160.415624
08/20/2009 00:00:00,       156.948264
08/20/2009 01:00:00,        92.185703
08/20/2009 02:00:00,        82.909826
08/20/2009 03:00:00,        73.199254
08/20/2009 04:00:00,        65.288121
08/20/2009 05:00:00,        61.510145
08/20/2009 06:00:00,        56.136125
08/20/2009 07:00:00,        52.788457
08/20/2009 08:00:00,        45.832273
08/20/2009 09:00:00,        38.141251
08/20/2009 10:00:00,        30.488311
08/20/2009 11:00:00,        23.462274
08/20/2009 12:00:00,        17.159606
08/20/2009 13:00:00,        12.433639
08/20/2009 14:00:00,         8.472039
08/20/2009 15:00:00,         6.084987
08/20/2009 16:00:00,         5.424280
08/20/2009 17:00:00,         4.659574
08/20/2009 18:00:00,         4.048355
08/20/2009 19:00:00,         3.915795
08/20/2009 20:00:00,         4.255529
08/20/2009 21:00:00,         4.062354
08/20/2009 22:00:00,         3.129225
08/20/2009 23:00:00,         2.713298
08/21/2009 00:00:00,         2.195157
08/21/2009 01:00:00,        63.573792
08/21/2009 02:00:00,        62.340192
08/21/2009 03:00:00,        63.577755
08/21/2009 04:00:00,        63.835664
08/21/2009 05:00:00,        65.055310
08/21/2009 06:00:00,        64.196026
08/21/2009 07:00:00,        61.042441
08/21/2009 08:00:00,        62.206805
08/21/2009 09:00:00,        61.234311
08/21/2009 10:00:00,        56.292759
08/21/2009 11:00:00,        51.327870
08/21/2009 12:00:00,        46.370548
08/21/2009 13:00:00,        44.496538
08/21/2009 14:00:00,        40.361852
08/21/2009 15:00:00,        43.409504
08/21/2009 16:00:00,        42.313024
08/21/2009 17:00:00,        46.279099
08/21/2009 18:00:00,        51.238674
08/21/2009 19:00:00,        52.155143
08/21/2009 20:00:00,        56.001686
08/21/2009 21:00:00,        61.439883
08/21/2009 22:00:00,        68.128677
08/21/2009 23:00:00,        74.670770
08/22/2009 00:00:00,        83.669160
08/22/2009 01:00:00,       105.321053
08/22/2009 02:00:00,       105.801112
08/22/2009 03:00:00,       104.872413
08/22/2009 04:00:00,       101.588889
08/22/2009 05:00:00,        97.591702
08/22/2009 06:00:00,        90.961954
08/22/2009 07:00:00,        85.274858
08/22/2009 08:00:00,        81.577897
08/22/2009 09:00:00,        76.103769
08/22/2009 10:00:00,        66.426003
08/22/2009 11:00:00,        58.172775
08/22/2009 12:00:00,        48.964887
08/22/2009 13:00:00,        40.002017
08/22/2009 14:00:00,        32.301285
08/22/2009 15:00:00,        24.923856
08/22/2009 16:00:00,        20.281725
08/22/2009 17:00:00,        17.330365
08/22/2009 18:00:00,        14.260351
08/22/2009 19:00:00,        13.386209
08/22/2009 20:00:00,        12.896629
08/22/2009 21:00:00,        11.990267
08/22/2009 22:00:00,        11.767507
08/22/2009 23:00:00,        10.268511
08/23/2009 00:00:00,         9.446094
08/23/2009 01:00:00,         5.683737
08/23/2009 02:00:00,         9.533635
08/23/2009 03:00:00,        19.418147
08/23/2009 04:00:00,        26.317160
08/23/2009 05:00:00,        31.286845
08/23/2009 06:00:00,        34.836825
08/23/2009 07:00:00,        37.617719
08/23/2009 08:00:00,        43.396960
08/23/2009 09:00:00,        53.299142
08/23/2009 10:00:00,        54.602683
08/23/2009 11:00:00,        55.603575
08/23/2009 12:00:00,        58.485362
08/23/2009 13:00:00,        59.850249
08/23/2009 14:00:00,        59.695636
08/23/2009 15:00:00,        58.367265
08/23/2009 16:00:00,        51.686796
08/23/2009 17:00:00,        45.031775
08/23/2009 18:00:00,        38.943688
08/23/2009 19:00:00,        36.316099
08/23/2009 20:00:00,        33.627561
08/23/2009 21:00:00,        30.047860
08/23/2009 22:00:00,        26.134752
08/23/2009 23:00:00,        22.428101
08/24/2009 00:00:00,        18.432790
08/24/2009 01:00:00,         6.474165
08/24/2009 02:00:00,         6.148799
08/24/2009 03:00:00,         4.911998
08/24/2009 04:00:00,         4.411456
08/24/2009 05:00:00,         3.374767
08/24/2009 06:00:00,         2.879807
08/24/2009 07:00:00,         2.516011
08/24/2009 08:00:00,         2.016012
08/24/2009 09:00:00,         1.324183
08/24/2009 10:00:00,         0.808901
08/24/2009 11:00:00,         0.751415
08/24/2009 12:00:00,         0.920424
08/24/2009 13:00:00,         1.085938
08/24/2009 14:00:00,         1.314618
08/24/2009 15:00:00,         1.749106
08/24/2009 16:00:00,         2.179272
08/24/2009 17:00:00,         2.847708
08/24/2009 18:00:00,         5.431124
08/24/2009 19:00:00,         6.398432
08/24/2009 20:00:00,         6.570161
08/24/2009 21:00:00,         7.528123
08/24/2009 22:00:00,         8.343396
08/24/2009 23:00:00,         9.610461
08/25/2009 00:00:00,        10.795376
08/25/2009 01:00:00,        57.155593
08/25/2009 02:00:00,        56.868896
08/25/2009 03:00:00,        54.824694
08/25/2009 04:00:00,        52.018050
08/25/2009 05:00:00,        49.288175
08/25/2009 06:00:00,        47.496101
08/25/2009 07:00:00,        44.538342
08/25/2009 08:00:00,        38.899154
08/25/2009 09:00:00,        33.498149
08/25/2009 10:00:00,        30.444781
08/25/2009 11:00:00,        28.793298
08/25/2009 12:00:00,        27.602361
08/25/2009 13:00:00,        25.911388
08/25/2009 14:00:00,        21.521039
08/25/2009 15:00:00,        18.438484
08/25/2009 16:00:00,        18.309016
08/25/2009 17:00:00,        20.247700
08/25/2009 18:00:00,        25.797088
08/25/2009 19:00:00,        28.864946
08/25/2009 20:00:00,        32.765965
08/25/2009 21:00:00,        37.796533
08/25/2009 22:00:00,        43.663154
08/25/2009 23:00:00,        51.260470
08/26/2009 00:00:00,        57.272780
08/26/2009 01:00:00,       179.415668
08/26/2009 02:00:00,       182.283118
08/26/2009 03:00:00,       186.179676
08/26/2009 04:00:00,       190.114735
08/26/2009 05:00:00,       192.424468
08/26/2009 06:00:00,       194.923394
08/26/2009 07:00:00,       196.249490
08/26/2009 08:00:00,       200.649147
08/26/2009 09:00:00,       204.652287
08/26/2009 10:00:00,       206.464039
08/26/2009 11:00:00,       208.047304
08/26/2009 12:00:00,       209.102866
08/26/2009 13:00:00,       210.003139
08/26/2009 14:00:00,       212.067039
08/26/2009 15:00:00,       213.730397
08/26/2009 16:00:00,       215.115406
08/26/2009 17:00:00,       216.108665
08/26/2009 18:00:00,       217.087133
08/26/2009 19:00:00,       216.244584
08/26/2009 20:00:00,       216.424722
08/26/2009 21:00:00,       216.404433
08/26/2009 22:00:00,       215.724819
08/26/2009 23:00:00,       215.008663
08/27/2009 00:00:00,       213.873447
08/27/2009 01:00:00,       142.625396
08/27/2009 02:00:00,       135.454716
08/27/2009 03:00:00,       129.323797
08/27/2009 04:00:00,       125.011328
08/27/2009 05:00:00,       122.457157
08/27/2009 06:00:00,       117.568926
08/27/2009 07:00:00,       114.470912
08/27/2009 08:00:00,       108.194246
08/27/2009 09:00:00,       100.450579
08/27/2009 10:00:00,        94.522229
08/27/2009 11:00:00,        91.334640
08/27/2009 12:00:00,        90.410268
08/27/2009 13:00:00,        88.963180
08/27/2009 14:00:00,        88.946087
08/27/2009 15:00:00,        89.837022
08/27/2009 16:00:00,        88.803839
08/27/2009 17:00:00,        87.222933
08/27/2009 18:00:00,        88.131721
08/27/2009 19:00:00,        89.253037
08/27/2009 20:00:00,        90.157994
08/27/2009 21:00:00,        91.310255
08/27/2009 22:00:00,        91.699095
08/27/2009 23:00:00,        89.984974
08/28/2009 00:00:00,        87.111099
08/28/2009 01:00:00,        31.963255
08/28/2009 02:00:00,        29.437250
08/28/2009 03:00:00,        27.287900
08/28/2009 04:00:00,        23.848052
08/28/2009 05:00:00,        20.052289
08/28/2009 06:00:00,        17.774605
08/28/2009 07:00:00,        16.478830
08/28/2009 08:00:00,        10.206081
08/28/2009 09:00:00,         7.553351
08/28/2009 10:00:00,         6.460439
08/28/2009 11:00:00,         5.948669
08/28/2009 12:00:00,         5.579309
08/28/2009 13:00:00,         4.555660
08/28/2009 14:00:00,         3.026549
08/28/2009 15:00:00,         1.984519
08/28/2009 16:00:00,         1.252051
08/28/2009 17:00:00,         0.973170
08/28/2009 18:00:00,         0.769595
08/28/2009 19:00:00,         0.743341
08/28/2009 20:00:00,         0.797126
08/28/2009 21:00:00,         0.955271
08/28/2009 22:00:00,         0.911968
08/28/2009 23:00:00,         1.244262
08/29/2009 00:00:00,         1.994917
08/29/2009 01:00:00,         6.864952
08/29/2009 02:00:00,         7.908844
08/29/2009 03:00:00,         9.806171
08/29/2009 04:00:00,        12.654169
08/29/2009 05:00:00,        15.842155
08/29/2009 06:00:00,        18.838339
08/29/2009 07:00:00,        23.054157
08/29/2009 08:00:00,        29.565369
08/29/2009 09:00:00,        36.548172
08/29/2009 10:00:00,        46.070118
08/29/2009 11:00:00,        58.409326
08/29/2009 12:00:00,        71.110559
08/29/2009 13:00:00,        83.198289
08/29/2009 14:00:00,        95.647548
08/29/2009 15:00:00,       108.089075
08/29/2009 16:00:00,       121.030636
08/29/2009 17:00:00,       133.997988
08/29/2009 18:00:00,       146.043540
08/29/2009 19:00:00,       158.407431
08/29/2009 20:00:00,       167.642752
08/29/2009 21:00:00,       175.087311
08/29/2009 22:00:00,       182.204481
08/29/2009 23:00:00,       187.295884
08/30/2009 00:00:00,       186.227406
08/30/2009 01:00:00,       150.775214
08/30/2009 02:00:00,       144.280831
08/30/2009 03:00:00,       134.035972
08/30/2009 04:00:00,       122.268676
08/30/2009 05:00:00,       107.762822
08/30/2009 06:00:00,        99.238651
08/30/2009 07:00:00,        86.906721
08/30/2009 08:00:00,        73.075322
08/30/2009 09:00:00,        60.798537
08/30/2009 10:00:00,        51.253647
08/30/2009 11:00:00,        44.993893
08/30/2009 12:00:00,        40.152351
08/30/2009 13:00:00,        37.740808
08/30/2009 14:00:00,        34.895273
08/30/2009 15:00:00,        32.848774
08/30/2009 16:00:00,        32.274367
08/30/2009 17:00:00,        33.706305
08/30/2009 18:00:00,        39.224617
08/30/2009 19:00:00,        42.768441
08/30/2009 20:00:00,        46.858828
08/30/2009 21:00:00,        52.285021
08/30/2009 22:00:00,        61.161359
08/30/2009 23:00:00,        60.444751
08/31/2009 00:00:00,        59.779105
08/31/2009 01:00:00,        80.628139
08/31/2009 02:00:00,        86.254493
08/31/2009 03:00:00,        92.977700
08/31/2009 04:00:00,       100.871208
08/31/2009 05:00:00,       107.951692
08/31/2009 06:00:00,       112.688316
08/31/2009 07:00:00,       119.017762
08/31/2009 08:00:00,       126.027200
08/31/2009 09:00:00,       132.270629
08/31/2009 10:00:00,       137.733210
08/31/2009 11:00:00,       148.189861
08/31/2009 12:00:00,       156.610872
08/31/2009 13:00:00,       162.392520
08/31/2009 14:00:00,       167.381983
08/31/2009 15:00:00,       166.859464
08/31/2009 16:00:00,       159.970079
08/31/2009 17:00:00,       154.443289
08/31/2009 18:00:00,       150.660913
08/31/2009 19:00:00,       149.757167
08/31/2009 20:00:00,       146.053572
08/31/2009 21:00:00,       144.302323
08/31/2009 22:00:00,       139.952511
08/31/2009 23:00:00,       133.181299
09/01/2009 00:00:00,        71.813005
09/01/2009 01:00:00,        69.124826
09/01/2009 02:00:00,        65.174375
09/01/2009 03:00:00,        62.938994
09/01/2009 04:00:00,        61.674422
09/01/2009 05:00:00,        63.688634
09/01/2009 06:00:00,        58.085908
09/01/2009 07:00:00,        52.593583
09/01/2009 08:00:00,        48.429480
09/01/2009 09:00:00,        44.228886
09/01/2009 10:00:00,        42.535215
09/01/2009 11:00:00,        42.889728
09/01/2009 12:00:00,        42.462763
09/01/2009 13:00:00,        42.910212
09/01/2009 14:00:00,        42.630346
09/01/2009 15:00:00,        41.419766
09/01/2009 16:00:00,        38.771956
09/01/2009 17:00:00,        38.765005
09/01/2009 18:00:00,        40.333695
09/01/2009 19:00:00,        43.563311
09/01/2009 20:00:00,        47.201328
09/01/2009 21:00:00,        51.045573
09/01/2009 22:00:00,        55.091423
09/01/2009 23:00:00,        57.756775
09/02/2009 00:00:00,        61.838927
09/02/2009 01:00:00,       180.652974
09/02/2009 02:00:00,       182.061975
09/02/2009 03:00:00,       184.917769
09/02/2009 04:00:00,       186.289616
09/02/2009 05:00:00,       185.773113
09/02/2009 06:00:00,       182.453194
09/02/2009 07:00:00,       177.289114
09/02/2009 08:00:00,       172.075996
09/02/2009 09:00:00,       166.695863
09/02/2009 10:00:00,       161.136242
09/02/2009 11:00:00,       155.215314
09/02/2009 12:00:00,       149.838168
09/02/2009 13:00:00,       144.531120
09/02/2009 14:00:00,       137.999392
09/02/2009 15:00:00,       130.507656
09/02/2009 16:00:00,       126.076623
09/02/2009 17:00:00,       125.575587
09/02/2009 18:00:00,       127.457586
09/02/2009 19:00:00,       128.634343
09/02/2009 20:00:00,       132.297155
09/02/2009 21:00:00,       138.306957
09/02/2009 22:00:00,       142.748529
09/02/2009 23:00:00,       147.313138
09/03/2009 00:00:00,       149.412986
09/03/2009 01:00:00,       195.166206
09/03/2009 02:00:00,       195.559981
09/03/2009 03:00:00,       196.113402
09/03/2009 04:00:00,       195.523271
09/03/2009 05:00:00,       192.319784
09/03/2009 06:00:00,       186.033883
09/03/2009 07:00:00,       179.203443
09/03/2009 08:00:00,       171.193612
09/03/2009 09:00:00,       164.364058
09/03/2009 10:00:00,       158.846709
09/03/2009 11:00:00,       153.871635
09/03/2009 12:00:00,       149.816324
09/03/2009 13:00:00,       145.350913
09/03/2009 14:00:00,       139.519516
09/03/2009 15:00:00,       131.213465
09/03/2009 16:00:00,       124.554964
09/03/2009 17:00:00,       121.973311
09/03/2009 18:00:00,       123.723845
09/03/2009 19:00:00,       125.524614
09/03/2009 20:00:00,       129.212804
09/03/2009 21:00:00,       134.612579
09/03/2009 22:00:00,       138.656142
09/03/2009 23:00:00,       139.903430
09/04/2009 00:00:00,       139.949735
09/04/2009 01:00:00,       143.718120
09/04/2009 02:00:00,       141.821386
09/04/2009 03:00:00,       137.739047
09/04/2009 04:00:00,       135.341763
09/04/2009 05:00:00,       132.164616
09/04/2009 06:00:00,       128.463823
09/04/2009 07:00:00,       123.596069
09/04/2009 08:00:00,       112.991792
09/04/2009 09:00:00,       101.598844
09/04/2009 10:00:00,        88.368503
09/04/2009 11:00:00,        79.116324
09/04/2009 12:00:00,        71.897334
09/04/2009 13:00:00,        65.226280
09/04/2009 14:00:00,        53.399452
09/04/2009 15:00:00,        43.607818
09/04/2009 16:00:00,        37.453245
09/04/2009 17:00:00,        33.473328
09/04/2009 18:00:00,        32.070734
09/04/2009 19:00:00,        29.088715
09/04/2009 20:00:00,        27.954710
09/04/2009 21:00:00,        28.263321
09/04/2009 22:00:00,        29.470369
09/04/2009 23:00:00,        31.862269
09/05/2009 00:00:00,        33.693904
09/05/2009 01:00:00,        97.706251
09/05/2009 02:00:00,        96.102246
09/05/2009 03:00:00,        91.921205
09/05/2009 04:00:00,        88.237432
09/05/2009 05:00:00,        83.360381
09/05/2009 06:00:00,        79.015190
09/05/2009 07:00:00,        74.578188
09/05/2009 08:00:00,        70.559098
09/05/2009 09:00:00,        64.215339
09/05/2009 10:00:00,        56.552530
09/05/2009 11:00:00,        49.146812
09/05/2009 12:00:00,        42.408248
09/05/2009 13:00:00,        35.548931
09/05/2009 14:00:00,        28.851741
09/05/2009 15:00:00,        23.002334
09/05/2009 16:00:00,        18.521731
09/05/2009 17:00:00,        14.817855
09/05/2009 18:00:00,        12.193694
09/05/2009 19:00:00,        11.548637
09/05/2009 20:00:00,        11.165470
09/05/2009 21:00:00,        10.954133
09/05/2009 22:00:00,        11.645072
09/05/2009 23:00:00,        12.146269
09/06/2009 00:00:00,        13.681111
09/06/2009 01:00:00,        83.643401
09/06/2009 02:00:00,        83.121224
09/06/2009 03:00:00,        81.717771
09/06/2009 04:00:00,        80.434133
09/06/2009 05:00:00,        77.795366
09/06/2009 06:00:00,        74.569542
09/06/2009 07:00:00,        72.349844
09/06/2009 08:00:00,        70.191713
09/06/2009 09:00:00,        63.497240
09/06/2009 10:00:00,        55.461021
09/06/2009 11:00:00,        46.045242
09/06/2009 12:00:00,        38.244474
09/06/2009 13:00:00,        28.694504
09/06/2009 14:00:00,        21.807930
09/06/2009 15:00:00,        13.788409
09/06/2009 16:00:00,         8.551247
09/06/2009 17:00:00,         4.639310
09/06/2009 18:00:00,         3.716264
09/06/2009 19:00:00,         3.544506
09/06/2009 20:00:00,         3.751353
09/06/2009 21:00:00,         4.701409
09/06/2009 22:00:00,         6.361910
09/06/2009 23:00:00,         8.659291
09/07/2009 00:00:00,        11.508089
09/07/2009 01:00:00,        51.835795
09/07/2009 02:00:00,        61.500013
09/07/2009 03:00:00,        68.954737
09/07/2009 04:00:00,        75.967224
09/07/2009 05:00:00,        83.453555
09/07/2009 06:00:00,        88.967395
09/07/2009 07:00:00,        90.768173
09/07/2009 08:00:00,        94.947376
09/07/2009 09:00:00,        98.069255
09/07/2009 10:00:00,       101.705882
09/07/2009 11:00:00,       104.584849
09/07/2009 12:00:00,       104.568146
09/07/2009 13:00:00,       102.674159
09/07/2009 14:00:00,        98.499906
09/07/2009 15:00:00,        92.182753
09/07/2009 16:00:00,        87.449572
09/07/2009 17:00:00,        86.137050
09/07/2009 18:00:00,        86.829326
09/07/2009 19:00:00,        86.389895
09/07/2009 20:00:00,        88.804011
09/07/2009 21:00:00,        94.520558
09/07/2009 22:00:00,       101.565113
09/07/2009 23:00:00,       107.125412
09/08/2009 00:00:00,       110.851974
09/08/2009 01:00:00,       144.678526
09/08/2009 02:00:00,       138.158188
09/08/2009 03:00:00,       132.432004
09/08/2009 04:00:00,       128.185406
09/08/2009 05:00:00,       122.049158
09/08/2009 06:00:00,       113.653203
09/08/2009 07:00:00,       105.592721
09/08/2009 08:00:00,        96.323596
09/08/2009 09:00:00,        86.720500
09/08/2009 10:00:00,        74.911458
09/08/2009 11:00:00,        62.923251
09/08/2009 12:00:00,        49.070440
09/08/2009 13:00:00,        39.310293
09/08/2009 14:00:00,        28.156504
09/08/2009 15:00:00,        22.492267
09/08/2009 16:00:00,        17.576553
09/08/2009 17:00:00,        13.989569
09/08/2009 18:00:00,        13.732001
09/08/2009 19:00:00,        14.435772
09/08/2009 20:00:00,        15.430291
09/08/2009 21:00:00,        17.508512
09/08/2009 22:00:00,        18.301266
09/08/2009 23:00:00,        19.774313
09/09/2009 00:00:00,        21.166475
09/09/2009 01:00:00,        91.972730
09/09/2009 02:00:00,        96.353300
09/09/2009 03:00:00,       101.024903
09/09/2009 04:00:00,       103.585103
09/09/2009 05:00:00,       100.988176
09/09/2009 06:00:00,        97.377934
09/09/2009 07:00:00,        93.024745
09/09/2009 08:00:00,        93.023213
09/09/2009 09:00:00,        87.490432
09/09/2009 10:00:00,        79.074207
09/09/2009 11:00:00,        70.934313
09/09/2009 12:00:00,        62.808095
09/09/2009 13:00:00,        51.494144
09/09/2009 14:00:00,        39.104019
09/09/2009 15:00:00,        27.339943
09/09/2009 16:00:00,        16.996738
09/09/2009 17:00:00,         9.457612
09/09/2009 18:00:00,         5.314223
09/09/2009 19:00:00,         3.309912
09/09/2009 20:00:00,         2.467280
09/09/2009 21:00:00,         2.468384
09/09/2009 22:00:00,         2.799631
09/09/2009 23:00:00,         3.025160
09/10/2009 00:00:00,         3.213625
09/10/2009 01:00:00,        28.964689
09/10/2009 02:00:00,        26.423785
09/10/2009 03:00:00,        23.873716
09/10/2009 04:00:00,        22.451441
09/10/2009 05:00:00,        21.900820
09/10/2009 06:00:00,        20.291564
09/10/2009 07:00:00,        18.920928
09/10/2009 08:00:00,        14.043397
09/10/2009 09:00:00,         9.206715
09/10/2009 10:00:00,         6.661181
09/10/2009 11:00:00,         5.406116
09/10/2009 12:00:00,         5.422724
09/10/2009 13:00:00,         5.833957
09/10/2009 14:00:00,         6.812238
09/10/2009 15:00:00,         6.376109
09/10/2009 16:00:00,         5.279644
09/10/2009 17:00:00,         7.014777
09/10/2009 18:00:00,        10.932968
09/10/2009 19:00:00,        11.416166
09/10/2009 20:00:00,        12.282513
09/10/2009 21:00:00,        13.662510
09/10/2009 22:00:00,        15.290428
09/10/2009 23:00:00,        17.357039
09/11/2009 00:00:00,        19.870519
09/11/2009 01:00:00,        25.185006
09/11/2009 02:00:00,        26.639309
09/11/2009 03:00:00,        29.170510
09/11/2009 04:00:00,        30.759400
09/11/2009 05:00:00,        32.213605
09/11/2009 06:00:00,        33.880502
09/11/2009 07:00:00,        34.869265
09/11/2009 08:00:00,        35.139318
09/11/2009 09:00:00,        34.272784
09/11/2009 10:00:00,        32.981846
09/11/2009 11:00:00,        31.343812
09/11/2009 12:00:00,        29.729566
09/11/2009 13:00:00,        27.612827
09/11/2009 14:00:00,        25.217655
09/11/2009 15:00:00,        19.808646
09/11/2009 16:00:00,        16.326312
09/11/2009 17:00:00,        13.141502
09/11/2009 18:00:00,        10.439581
09/11/2009 19:00:00,         8.026733
09/11/2009 20:00:00,         6.992722
09/11/2009 21:00:00,         6.813341
09/11/2009 22:00:00,         6.866329
09/11/2009 23:00:00,         7.232629
09/12/2009 00:00:00,         8.171042
09/12/2009 01:00:00,        24.095435
09/12/2009 02:00:00,        24.114182
09/12/2009 03:00:00,        24.652837
09/12/2009 04:00:00,        24.289555
09/12/2009 05:00:00,        23.641851
09/12/2009 06:00:00,        23.174902
09/12/2009 07:00:00,        23.412150
09/12/2009 08:00:00,        22.445361
09/12/2009 09:00:00,        20.353785
09/12/2009 10:00:00,        18.353196
09/12/2009 11:00:00,        15.692553
09/12/2009 12:00:00,        13.082431
09/12/2009 13:00:00,        10.427670
09/12/2009 14:00:00,         8.687634
09/12/2009 15:00:00,         6.180279
09/12/2009 16:00:00,         3.823195
09/12/2009 17:00:00,         3.167275
09/12/2009 18:00:00,         2.821661
09/12/2009 19:00:00,         2.866782
09/12/2009 20:00:00,         3.333992
09/12/2009 21:00:00,         4.333334
09/12/2009 22:00:00,         5.900631
09/12/2009 23:00:00,         7.942711
09/13/2009 00:00:00,        10.441536
09/13/2009 01:00:00,        63.820116
09/13/2009 02:00:00,        71.207496
09/13/2009 03:00:00,        76.201458
09/13/2009 04:00:00,        80.503114
09/13/2009 05:00:00,        83.255106
09/13/2009 06:00:00,        87.843988
09/13/2009 07:00:00,        91.207255
09/13/2009 08:00:00,        94.131179
09/13/2009 09:00:00,        97.400326
09/13/2009 10:00:00,        97.608828
09/13/2009 11:00:00,        95.692180
09/13/2009 12:00:00,        91.432452
09/13/2009 13:00:00,        86.023862
09/13/2009 14:00:00,        78.804104
09/13/2009 15:00:00,        71.683984
09/13/2009 16:00:00,        66.691576
09/13/2009 17:00:00,        63.239466
09/13/2009 18:00:00,        61.774266
09/13/2009 19:00:00,        59.330443
09/13/2009 20:00:00,        57.524422
09/13/2009 21:00:00,        58.526887
09/13/2009 22:00:00,        58.109807
09/13/2009 23:00:00,        55.948179
09/14/2009 00:00:00,        54.877784
09/14/2009 01:00:00,        52.210943
09/14/2009 02:00:00,        58.989442
09/14/2009 03:00:00,        63.200319
09/14/2009 04:00:00,        64.624964
09/14/2009 05:00:00,        66.821240
09/14/2009 06:00:00,        66.848878
09/14/2009 07:00:00,        72.584819
09/14/2009 08:00:00,        75.118773
09/14/2009 09:00:00,        77.928937
09/14/2009 10:00:00,        84.056766
09/14/2009 11:00:00,        90.537350
09/14/2009 12:00:00,        97.367318
09/14/2009 13:00:00,       104.619138
09/14/2009 14:00:00,       107.392118
09/14/2009 15:00:00,       100.030334
09/14/2009 16:00:00,        98.607022
09/14/2009 17:00:00,        99.639651
09/14/2009 18:00:00,       102.545750
09/14/2009 19:00:00,       104.285992
09/14/2009 20:00:00,       104.627371
09/14/2009 21:00:00,       106.460861
09/14/2009 22:00:00,       108.036833
09/14/2009 23:00:00,       107.047185
09/15/2009 00:00:00,       102.347566
09/15/2009 01:00:00,        45.394122
09/15/2009 02:00:00,        41.851372
09/15/2009 03:00:00,        40.824615
09/15/2009 04:00:00,        36.976651
09/15/2009 05:00:00,        38.343579
09/15/2009 06:00:00,        36.362996
09/15/2009 07:00:00,        34.676217
09/15/2009 08:00:00,        30.699696
09/15/2009 09:00:00,        25.641682
09/15/2009 10:00:00,        22.366784
09/15/2009 11:00:00,        19.653219
09/15/2009 12:00:00,        18.280309
09/15/2009 13:00:00,        18.728367
09/15/2009 14:00:00,        19.734603
09/15/2009 15:00:00,        20.736911
09/15/2009 16:00:00,        19.993694
09/15/2009 17:00:00,        23.566925
09/15/2009 18:00:00,        29.234952
09/15/2009 19:00:00,        30.859050
09/15/2009 20:00:00,        32.344801
09/15/2009 21:00:00,        33.808953
09/15/2009 22:00:00,        37.274223
09/15/2009 23:00:00,        41.668922
09/16/2009 00:00:00,        45.376999
09/16/2009 01:00:00,        65.910920
09/16/2009 02:00:00,        65.304436
09/16/2009 03:00:00,        65.046343
09/16/2009 04:00:00,        65.292485
09/16/2009 05:00:00,        66.095925
09/16/2009 06:00:00,        64.860492
09/16/2009 07:00:00,        63.442491
09/16/2009 08:00:00,        59.613393
09/16/2009 09:00:00,        54.950997
09/16/2009 10:00:00,        48.426508
09/16/2009 11:00:00,        44.230703
09/16/2009 12:00:00,        37.961034
09/16/2009 13:00:00,        31.997075
09/16/2009 14:00:00,        25.618373
09/16/2009 15:00:00,        20.521386
09/16/2009 16:00:00,        15.405883
09/16/2009 17:00:00,        10.607404
09/16/2009 18:00:00,         5.741582
09/16/2009 19:00:00,         3.391756
09/16/2009 20:00:00,         2.241282
09/16/2009 21:00:00,         1.603980
09/16/2009 22:00:00,         1.137173
09/16/2009 23:00:00,         0.849105
09/17/2009 00:00:00,         0.439804
09/17/2009 01:00:00,         0.144295
09/17/2009 02:00:00,         0.147737
09/17/2009 03:00:00,         0.216133
09/17/2009 04:00:00,         0.448004
09/17/2009 05:00:00,         0.928089
09/17/2009 06:00:00,         2.094936
09/17/2009 07:00:00,         3.187699
09/17/2009 08:00:00,         3.514873
09/17/2009 09:00:00,         3.576663
09/17/2009 10:00:00,         3.748696
09/17/2009 11:00:00,         4.261826
09/17/2009 12:00:00,         6.161568
09/17/2009 13:00:00,         8.440473
09/17/2009 14:00:00,        10.103581
09/17/2009 15:00:00,         8.572688
09/17/2009 16:00:00,         9.352451
09/17/2009 17:00:00,        13.691612
09/17/2009 18:00:00,        19.209833
09/17/2009 19:00:00,        20.342498
09/17/2009 20:00:00,        22.144474
09/17/2009 21:00:00,        25.906219
09/17/2009 22:00:00,        30.822329
09/17/2009 23:00:00,        36.550823
09/18/2009 00:00:00,        42.677097
09/18/2009 01:00:00,       100.580853
09/18/2009 02:00:00,       107.618930
09/18/2009 03:00:00,       116.245591
09/18/2009 04:00:00,       125.463390
09/18/2009 05:00:00,       132.768836
09/18/2009 06:00:00,       142.198359
09/18/2009 07:00:00,       149.136259
09/18/2009 08:00:00,       157.308031
09/18/2009 09:00:00,       163.283473
09/18/2009 10:00:00,       167.670058
09/18/2009 11:00:00,       169.381491
09/18/2009 12:00:00,       171.289423
09/18/2009 13:00:00,       172.980902
09/18/2009 14:00:00,       176.229358
09/18/2009 15:00:00,       179.469800
09/18/2009 16:00:00,       179.516902
09/18/2009 17:00:00,       182.113007
09/18/2009 18:00:00,       182.913543
09/18/2009 19:00:00,       181.981375
09/18/2009 20:00:00,       179.953829
09/18/2009 21:00:00,       181.878827
09/18/2009 22:00:00,       184.579596
09/18/2009 23:00:00,       188.031169
09/19/2009 00:00:00,       193.387869
09/19/2009 01:00:00,       209.168736
09/19/2009 02:00:00,       208.612593
09/19/2009 03:00:00,       207.922487
09/19/2009 04:00:00,       204.619970
09/19/2009 05:00:00,       203.016794
09/19/2009 06:00:00,       199.211390
09/19/2009 07:00:00,       194.650288
09/19/2009 08:00:00,       190.064018
09/19/2009 09:00:00,       185.572253
09/19/2009 10:00:00,       181.767602
09/19/2009 11:00:00,       175.434965
09/19/2009 12:00:00,       168.957132
09/19/2009 13:00:00,       157.141000
09/19/2009 14:00:00,       150.690234
09/19/2009 15:00:00,       140.977313
09/19/2009 16:00:00,       134.868427
09/19/2009 17:00:00,       131.477734
09/19/2009 18:00:00,       129.203477
09/19/2009 19:00:00,       128.048325
09/19/2009 20:00:00,       128.075674
09/19/2009 21:00:00,       127.505878
09/19/2009 22:00:00,       124.846424
09/19/2009 23:00:00,       121.338741
09/20/2009 00:00:00,       119.542376
09/20/2009 01:00:00,       159.713121
09/20/2009 02:00:00,       163.923806
09/20/2009 03:00:00,       164.632480
09/20/2009 04:00:00,       166.564529
09/20/2009 05:00:00,       169.224667
09/20/2009 06:00:00,       172.489767
09/20/2009 07:00:00,       175.778897
09/20/2009 08:00:00,       175.625183
09/20/2009 09:00:00,       174.034700
09/20/2009 10:00:00,       176.050007
09/20/2009 11:00:00,       175.823331
09/20/2009 12:00:00,       175.185588
09/20/2009 13:00:00,       171.074573
09/20/2009 14:00:00,       163.911325
09/20/2009 15:00:00,       156.798746
09/20/2009 16:00:00,       151.141711
09/20/2009 17:00:00,       147.234953
09/20/2009 18:00:00,       142.157507
09/20/2009 19:00:00,       138.925847
09/20/2009 20:00:00,       133.751773
09/20/2009 21:00:00,       128.331819
09/20/2009 22:00:00,       122.764739
09/20/2009 23:00:00,       120.596786
09/21/2009 00:00:00,       121.350996
09/21/2009 01:00:00,       128.550108
09/21/2009 02:00:00,       120.698349
09/21/2009 03:00:00,       113.828438
09/21/2009 04:00:00,       108.699821
09/21/2009 05:00:00,       103.836885
09/21/2009 06:00:00,        98.043910
09/21/2009 07:00:00,        91.199270
09/21/2009 08:00:00,        79.472468
09/21/2009 09:00:00,        67.890390
09/21/2009 10:00:00,        56.301911
09/21/2009 11:00:00,        45.673582
09/21/2009 12:00:00,        36.231813
09/21/2009 13:00:00,        29.401616
09/21/2009 14:00:00,        24.296285
09/21/2009 15:00:00,        20.050890
09/21/2009 16:00:00,        15.729827
09/21/2009 17:00:00,        14.007405
09/21/2009 18:00:00,        14.043250
09/21/2009 19:00:00,        12.903517
09/21/2009 20:00:00,        12.706990
09/21/2009 21:00:00,        13.114631
09/21/2009 22:00:00,        15.123687
09/21/2009 23:00:00,        17.306897
09/22/2009 00:00:00,        20.499287
09/22/2009 01:00:00,        76.029388
09/22/2009 02:00:00,        82.786896
09/22/2009 03:00:00,        89.775725
09/22/2009 04:00:00,        96.349355
09/22/2009 05:00:00,       102.771819
09/22/2009 06:00:00,       106.438011
09/22/2009 07:00:00,       109.213010
09/22/2009 08:00:00,       113.407551
09/22/2009 09:00:00,       115.892511
09/22/2009 10:00:00,       118.436841
09/22/2009 11:00:00,       118.679491
09/22/2009 12:00:00,       118.615134
09/22/2009 13:00:00,       116.385491
09/22/2009 14:00:00,       111.945834
09/22/2009 15:00:00,       108.922953
09/22/2009 16:00:00,       107.798427
09/22/2009 17:00:00,       108.171106
09/22/2009 18:00:00,       109.048884
09/22/2009 19:00:00,       106.969637
09/22/2009 20:00:00,       105.309617
09/22/2009 21:00:00,       108.472618
09/22/2009 22:00:00,       113.972245
09/22/2009 23:00:00,       117.332582
09/23/2009 00:00:00,       121.330037
09/23/2009 01:00:00,       140.169487
09/23/2009 02:00:00,       142.841919
09/23/2009 03:00:00,       142.103053
09/23/2009 04:00:00,       138.759905
09/23/2009 05:00:00,       134.406395
09/23/2009 06:00:00,       131.312118
09/23/2009 07:00:00,       130.983700
09/23/2009 08:00:00,       132.933479
09/23/2009 09:00:00,       132.320958
09/23/2009 10:00:00,       132.510585
09/23/2009 11:00:00,       137.891261
09/23/2009 12:00:00,       139.871974
09/23/2009 13:00:00,       140.683969
09/23/2009 14:00:00,       143.170317
09/23/2009 15:00:00,       142.794514
09/23/2009 16:00:00,       143.340399
09/23/2009 17:00:00,       140.235713
09/23/2009 18:00:00,       138.896544
09/23/2009 19:00:00,       142.514327
09/23/2009 20:00:00,       142.126286
09/23/2009 21:00:00,       138.907367
09/23/2009 22:00:00,       137.613022
09/23/2009 23:00:00,       128.076723
09/24/2009 00:00:00,       118.841546
09/24/2009 01:00:00,        49.702649
09/24/2009 02:00:00,        47.681057
09/24/2009 03:00:00,        42.403447
09/24/2009 04:00:00,        37.077020
09/24/2009 05:00:00,        34.083375
09/24/2009 06:00:00,        31.166251
09/24/2009 07:00:00,        28.532661
09/24/2009 08:00:00,        28.858937
09/24/2009 09:00:00,        26.854218
09/24/2009 10:00:00,        22.186394
09/24/2009 11:00:00,        17.530061
09/24/2009 12:00:00,        14.075036
09/24/2009 13:00:00,        12.072631
09/24/2009 14:00:00,        11.310613
09/24/2009 15:00:00,        14.127472
09/24/2009 16:00:00,        17.245378
09/24/2009 17:00:00,        19.387579
09/24/2009 18:00:00,        22.651822
09/24/2009 19:00:00,        25.495875
09/24/2009 20:00:00,        28.919797
09/24/2009 21:00:00,        32.497905
09/24/2009 22:00:00,        35.527653
09/24/2009 23:00:00,        39.385697
09/25/2009 00:00:00,        43.414633
09/25/2009 01:00:00,        47.916871
09/25/2009 02:00:00,        56.914234
09/25/2009 03:00:00,        61.142149
09/25/2009 04:00:00,        62.586304
09/25/2009 05:00:00,        66.931344
09/25/2009 06:00:00,        70.841590
09/25/2009 07:00:00,        70.408218
09/25/2009 08:00:00,        72.101292
09/25/2009 09:00:00,        78.772681
09/25/2009 10:00:00,        81.588490
09/25/2009 11:00:00,        86.415843
09/25/2009 12:00:00,        89.631488
09/25/2009 13:00:00,        92.278415
09/25/2009 14:00:00,        92.341037
09/25/2009 15:00:00,        82.207926
09/25/2009 16:00:00,        76.065320
09/25/2009 17:00:00,        72.019017
09/25/2009 18:00:00,        65.216939
09/25/2009 19:00:00,        61.056632
09/25/2009 20:00:00,        56.578976
09/25/2009 21:00:00,        52.876752
09/25/2009 22:00:00,        48.415727
09/25/2009 23:00:00,        42.736166
09/26/2009 00:00:00,        35.864964
09/26/2009 01:00:00,         7.958915
09/26/2009 02:00:00,         7.930041
09/26/2009 03:00:00,         7.840503
09/26/2009 04:00:00,         8.540022
09/26/2009 05:00:00,         9.316161
09/26/2009 06:00:00,        11.038378
09/26/2009 07:00:00,        12.254567
09/26/2009 08:00:00,        11.830709
09/26/2009 09:00:00,        12.188979
09/26/2009 10:00:00,        12.713737
09/26/2009 11:00:00,        14.492613
09/26/2009 12:00:00,        17.483993
09/26/2009 13:00:00,        21.604927
09/26/2009 14:00:00,        25.429626
09/26/2009 15:00:00,        25.381587
09/26/2009 16:00:00,        29.754255
09/26/2009 17:00:00,        36.162995
09/26/2009 18:00:00,        41.830344
09/26/2009 19:00:00,        43.186388
09/26/2009 20:00:00,        45.654169
09/26/2009 21:00:00,        49.721287
09/26/2009 22:00:00,        54.814124
09/26/2009 23:00:00,        60.772030
09/27/2009 00:00:00,        66.654536
09/27/2009 01:00:00,       124.879451
09/27/2009 02:00:00,       125.522701
09/27/2009 03:00:00,       124.112279
09/27/2009 04:00:00,       121.678281
09/27/2009 05:00:00,       117.964682
09/27/2009 06:00:00,       112.574450
09/27/2009 07:00:00,       106.206565
09/27/2009 08:00:00,        98.601266
09/27/2009 09:00:00,        91.887528
09/27/2009 10:00:00,        80.511958
09/27/2009 11:00:00,        73.153950
09/27/2009 12:00:00,        71.056769
09/27/2009 13:00:00,        69.157701
09/27/2009 14:00:00,        65.974713
09/27/2009 15:00:00,        63.424060
09/27/2009 16:00:00,        63.945138
09/27/2009 17:00:00,        63.758253
09/27/2009 18:00:00,        64.794461
09/27/2009 19:00:00,        67.335426
09/27/2009 20:00:00,        72.191269
09/27/2009 21:00:00,        77.409605
09/27/2009 22:00:00,        83.554932
09/27/2009 23:00:00,        90.114518
09/28/2009 00:00:00,        92.237530
09/28/2009 01:00:00,        47.454430
09/28/2009 02:00:00,        44.692210
09/28/2009 03:00:00,        39.932368
09/28/2009 04:00:00,        36.693345
09/28/2009 05:00:00,        35.347625
09/28/2009 06:00:00,        34.715602
09/28/2009 07:00:00,        36.584177
09/28/2009 08:00:00,        37.464112
09/28/2009 09:00:00,        35.187748
09/28/2009 10:00:00,        37.467020
09/28/2009 11:00:00,        38.146155
09/28/2009 12:00:00,        37.728329
09/28/2009 13:00:00,        35.656594
09/28/2009 14:00:00,        34.899005
09/28/2009 15:00:00,        35.106102
09/28/2009 16:00:00,        34.858807
09/28/2009 17:00:00,        35.664812
09/28/2009 18:00:00,        39.811888
09/28/2009 19:00:00,        40.109123
09/28/2009 20:00:00,        39.136202
09/28/2009 21:00:00,        34.541113
09/28/2009 22:00:00,        31.451461
09/28/2009 23:00:00,        28.139856
09/29/2009 00:00:00,        27.003029
09/29/2009 01:00:00,        84.869557
09/29/2009 02:00:00,        77.591059
09/29/2009 03:00:00,        72.572221
09/29/2009 04:00:00,        69.878143
09/29/2009 05:00:00,        68.095617
09/29/2009 06:00:00,        67.827477
09/29/2009 07:00:00,        65.153207
09/29/2009 08:00:00,        60.910274
09/29/2009 09:00:00,        54.294693
09/29/2009 10:00:00,        47.654649
09/29/2009 11:00:00,        36.686002
09/29/2009 12:00:00,        32.252292
09/29/2009 13:00:00,        29.102542
09/29/2009 14:00:00,        25.553185
09/29/2009 15:00:00,        22.808782
09/29/2009 16:00:00,        20.757892
09/29/2009 17:00:00,        18.312237
09/29/2009 18:00:00,        15.799104
09/29/2009 19:00:00,        13.854864
09/29/2009 20:00:00,        14.303131
09/29/2009 21:00:00,        13.670497
09/29/2009 22:00:00,        13.315123
09/29/2009 23:00:00,        14.122310
09/30/2009 00:00:00,        14.109352
09/30/2009 01:00:00,        38.645880
09/30/2009 02:00:00,        39.561438
09/30/2009 03:00:00,        41.590690
09/30/2009 04:00:00,        40.295540
09/30/2009 05:00:00,        40.371512
09/30/2009 06:00:00,        41.503523
09/30/2009 07:00:00,        39.644999
09/30/2009 08:00:00,        38.121624
09/30/2009 09:00:00,        36.660969
09/30/2009 10:00:00,        35.688734
09/30/2009 11:00:00,        34.563404
09/30/2009 12:00:00,        32.005619
09/30/2009 13:00:00,        29.597004
09/30/2009 14:00:00,        28.770409
09/30/2009 15:00:00,        27.084241
09/30/2009 16:00:00,        25.978520
09/30/2009 17:00:00,        27.760482
09/30/2009 18:00:00,        27.853796
09/30/2009 19:00:00,        27.645923
09/30/2009 20:00:00,        27.608361
09/30/2009 21:00:00,        28.449255
09/30/2009 22:00:00,        29.227099
09/30/2009 23:00:00,        28.455906
10/01/2009 00:00:00,        34.592921
10/01/2009 01:00:00,        34.263969
10/01/2009 02:00:00,        34.067403
10/01/2009 03:00:00,        34.559413
10/01/2009 04:00:00,        35.015349
10/01/2009 05:00:00,        37.088842
10/01/2009 06:00:00,        39.240608
10/01/2009 07:00:00,        41.825609
10/01/2009 08:00:00,        44.169999
10/01/2009 09:00:00,        46.399868
10/01/2009 10:00:00,        48.488663
10/01/2009 11:00:00,        50.344132
10/01/2009 12:00:00,        51.897143
10/01/2009 13:00:00,        53.957879
10/01/2009 14:00:00,        55.818461
10/01/2009 15:00:00,        57.121690
10/01/2009 16:00:00,        58.043518
10/01/2009 17:00:00,        58.899183
10/01/2009 18:00:00,        58.783235
10/01/2009 19:00:00,        58.036507
10/01/2009 20:00:00,        57.122668
10/01/2009 21:00:00,        56.088747
10/01/2009 22:00:00,        55.106821
10/01/2009 23:00:00,        53.715559
10/02/2009 00:00:00,        52.626206
10/02/2009 01:00:00,        77.859047
10/02/2009 02:00:00,        75.760400
10/02/2009 03:00:00,        73.415033
10/02/2009 04:00:00,        71.079873
10/02/2009 05:00:00,        70.151140
10/02/2009 06:00:00,        69.509819
10/02/2009 07:00:00,        68.969923
10/02/2009 08:00:00,        66.185310
10/02/2009 09:00:00,        62.715457
10/02/2009 10:00:00,        58.814441
10/02/2009 11:00:00,        55.060334
10/02/2009 12:00:00,        51.242275
10/02/2009 13:00:00,        46.924479
10/02/2009 14:00:00,        42.772927
10/02/2009 15:00:00,        38.300653
10/02/2009 16:00:00,        34.695613
10/02/2009 17:00:00,        30.554617
10/02/2009 18:00:00,        26.143393
10/02/2009 19:00:00,        22.735549
10/02/2009 20:00:00,        18.877560
10/02/2009 21:00:00,        16.335448
10/02/2009 22:00:00,        14.166356
10/02/2009 23:00:00,        12.296789
10/03/2009 00:00:00,        11.021655
10/03/2009 01:00:00,         5.476176
10/03/2009 02:00:00,         5.879242
10/03/2009 03:00:00,         7.257444
10/03/2009 04:00:00,        10.151224
10/03/2009 05:00:00,        14.193095
10/03/2009 06:00:00,        19.067243
10/03/2009 07:00:00,        21.468230
10/03/2009 08:00:00,        25.672071
10/03/2009 09:00:00,        30.623009
10/03/2009 10:00:00,        36.925831
10/03/2009 11:00:00,        43.177617
10/03/2009 12:00:00,        50.300960
10/03/2009 13:00:00,        57.189453
10/03/2009 14:00:00,        62.931527
10/03/2009 15:00:00,        68.274529
10/03/2009 16:00:00,        76.016192
10/03/2009 17:00:00,        81.218626
10/03/2009 18:00:00,        83.556716
10/03/2009 19:00:00,        85.858713
10/03/2009 20:00:00,        89.381804
10/03/2009 21:00:00,        92.621474
10/03/2009 22:00:00,        93.544980
10/03/2009 23:00:00,        92.639409
10/04/2009 00:00:00,        93.037995
10/04/2009 01:00:00,        58.812428
10/04/2009 02:00:00,        54.127149
10/04/2009 03:00:00,        50.116106
10/04/2009 04:00:00,        46.426804
10/04/2009 05:00:00,        42.536981
10/04/2009 06:00:00,        38.885600
10/04/2009 07:00:00,        35.775682
10/04/2009 08:00:00,        31.194498
10/04/2009 09:00:00,        26.569869
10/04/2009 10:00:00,        21.911859
10/04/2009 11:00:00,        16.130070
10/04/2009 12:00:00,        12.773466
10/04/2009 13:00:00,         9.688915
10/04/2009 14:00:00,         7.867474
10/04/2009 15:00:00,         7.175117
10/04/2009 16:00:00,         7.241430
10/04/2009 17:00:00,         7.194036
10/04/2009 18:00:00,         6.875646
10/04/2009 19:00:00,         6.904522
10/04/2009 20:00:00,         6.672394
10/04/2009 21:00:00,         6.203479
10/04/2009 22:00:00,         6.863629
10/04/2009 23:00:00,         7.358524
10/05/2009 00:00:00,         8.501679
10/05/2009 01:00:00,        36.970069
10/05/2009 02:00:00,        40.143618
10/05/2009 03:00:00,        44.020051
10/05/2009 04:00:00,        49.596283
10/05/2009 05:00:00,        53.522320
10/05/2009 06:00:00,        56.789276
10/05/2009 07:00:00,        59.450230
10/05/2009 08:00:00,        65.937579
10/05/2009 09:00:00,        70.258022
10/05/2009 10:00:00,        74.610597
10/05/2009 11:00:00,        77.387983
10/05/2009 12:00:00,        81.616431
10/05/2009 13:00:00,        86.133655
10/05/2009 14:00:00,        91.894048
10/05/2009 15:00:00,        96.007442
10/05/2009 16:00:00,        95.861957
10/05/2009 17:00:00,        95.258811
10/05/2009 18:00:00,        99.134377
10/05/2009 19:00:00,        99.767005
10/05/2009 20:00:00,       103.161894
10/05/2009 21:00:00,       104.223106
10/05/2009 22:00:00,       109.863019
10/05/2009 23:00:00,       111.630439
10/06/2009 00:00:00,       112.710836
10/06/2009 01:00:00,       123.251763
10/06/2009 02:00:00,       122.757672
10/06/2009 03:00:00,       121.614347
10/06/2009 04:00:00,       119.427144
10/06/2009 05:00:00,       119.435938
10/06/2009 06:00:00,       119.100235
10/06/2009 07:00:00,       118.848604
10/06/2009 08:00:00,       116.526990
10/06/2009 09:00:00,       115.455391
10/06/2009 10:00:00,       116.458977
10/06/2009 11:00:00,       116.948103
10/06/2009 12:00:00,       118.363017
10/06/2009 13:00:00,       117.051940
10/06/2009 14:00:00,       113.595430
10/06/2009 15:00:00,       112.649738
10/06/2009 16:00:00,       111.686740
10/06/2009 17:00:00,       113.424090
10/06/2009 18:00:00,       115.954655
10/06/2009 19:00:00,       117.563544
10/06/2009 20:00:00,       118.436505
10/06/2009 21:00:00,       119.227808
10/06/2009 22:00:00,       117.379203
10/06/2009 23:00:00,       112.953893
10/07/2009 00:00:00,       111.131146
10/07/2009 01:00:00,        61.623376
10/07/2009 02:00:00,        55.340657
10/07/2009 03:00:00,        50.073916
10/07/2009 04:00:00,        45.879860
10/07/2009 05:00:00,        44.677852
10/07/2009 06:00:00,        42.817851
10/07/2009 07:00:00,        44.241325
10/07/2009 08:00:00,        42.328407
10/07/2009 09:00:00,        41.219871
10/07/2009 10:00:00,        42.577134
10/07/2009 11:00:00,        45.299015
10/07/2009 12:00:00,        50.170499
10/07/2009 13:00:00,        55.484479
10/07/2009 14:00:00,        63.529570
10/07/2009 15:00:00,        72.256479
10/07/2009 16:00:00,        80.524412
10/07/2009 17:00:00,        86.940398
10/07/2009 18:00:00,        91.467830
10/07/2009 19:00:00,        95.238552
10/07/2009 20:00:00,        96.242375
10/07/2009 21:00:00,       100.020184
10/07/2009 22:00:00,       104.385360
10/07/2009 23:00:00,       106.760938
10/08/2009 00:00:00,       108.540744
10/08/2009 01:00:00,        49.241428
10/08/2009 02:00:00,        51.036877
10/08/2009 03:00:00,        53.698039
10/08/2009 04:00:00,        57.703820
10/08/2009 05:00:00,        61.004530
10/08/2009 06:00:00,        62.329065
10/08/2009 07:00:00,        61.511049
10/08/2009 08:00:00,        59.896159
10/08/2009 09:00:00,        58.867365
10/08/2009 10:00:00,        54.615273
10/08/2009 11:00:00,        51.185343
10/08/2009 12:00:00,        49.984055
10/08/2009 13:00:00,        47.990139
10/08/2009 14:00:00,        48.171863
10/08/2009 15:00:00,        49.528573
10/08/2009 16:00:00,        52.617654
10/08/2009 17:00:00,        56.502812
10/08/2009 18:00:00,        59.400401
10/08/2009 19:00:00,        58.670783
10/08/2009 20:00:00,        61.245948
10/08/2009 21:00:00,        66.220291
10/08/2009 22:00:00,        72.668701
10/08/2009 23:00:00,        79.678644
10/09/2009 00:00:00,        87.477846
10/09/2009 01:00:00,       118.143036
10/09/2009 02:00:00,       112.260790
10/09/2009 03:00:00,       108.046896
10/09/2009 04:00:00,       105.061311
10/09/2009 05:00:00,       104.307601
10/09/2009 06:00:00,       103.363869
10/09/2009 07:00:00,        99.876657
10/09/2009 08:00:00,        98.743147
10/09/2009 09:00:00,        95.595242
10/09/2009 10:00:00,        89.166967
10/09/2009 11:00:00,        81.045715
10/09/2009 12:00:00,        69.396256
10/09/2009 13:00:00,        59.454735
10/09/2009 14:00:00,        50.496066
10/09/2009 15:00:00,        45.323655
10/09/2009 16:00:00,        39.922965
10/09/2009 17:00:00,        32.988809
10/09/2009 18:00:00,        27.535297
10/09/2009 19:00:00,        22.307305
10/09/2009 20:00:00,        18.187316
10/09/2009 21:00:00,        16.324835
10/09/2009 22:00:00,        14.555443
10/09/2009 23:00:00,        12.821797
10/10/2009 00:00:00,         9.899303
10/10/2009 01:00:00,         3.019345
10/10/2009 02:00:00,         5.783700
10/10/2009 03:00:00,        10.174299
10/10/2009 04:00:00,        17.144508
10/10/2009 05:00:00,        23.506842
10/10/2009 06:00:00,        28.408566
10/10/2009 07:00:00,        30.314839
10/10/2009 08:00:00,        33.112579
10/10/2009 09:00:00,        36.181545
10/10/2009 10:00:00,        39.722835
10/10/2009 11:00:00,        48.347812
10/10/2009 12:00:00,        58.734672
10/10/2009 13:00:00,        72.131152
10/10/2009 14:00:00,        87.949673
10/10/2009 15:00:00,        98.961041
10/10/2009 16:00:00,       108.720400
10/10/2009 17:00:00,       114.316370
10/10/2009 18:00:00,       121.108409
10/10/2009 19:00:00,       127.568622
10/10/2009 20:00:00,       137.573180
10/10/2009 21:00:00,       151.279860
10/10/2009 22:00:00,       163.979893
10/10/2009 23:00:00,       178.157980
10/11/2009 00:00:00,       186.497811
10/11/2009 01:00:00,       175.879003
10/11/2009 02:00:00,       172.378279
10/11/2009 03:00:00,       171.084812
10/11/2009 04:00:00,       168.765018
10/11/2009 05:00:00,       165.871238
10/11/2009 06:00:00,       163.101542
10/11/2009 07:00:00,       159.540198
10/11/2009 08:00:00,       156.202562
10/11/2009 09:00:00,       157.442456
10/11/2009 10:00:00,       160.292601
10/11/2009 11:00:00,       164.556060
10/11/2009 12:00:00,        52.057672
10/11/2009 13:00:00,        24.605000
10/11/2009 14:00:00,       148.001695
10/11/2009 15:00:00,       177.392303
10/11/2009 16:00:00,       186.790313
10/11/2009 17:00:00,       191.706071
10/11/2009 18:00:00,       198.514805
10/11/2009 19:00:00,       205.239347
10/11/2009 20:00:00,       210.829074
10/11/2009 21:00:00,       215.451894
10/11/2009 22:00:00,       216.158621
10/11/2009 23:00:00,       218.638122
10/12/2009 00:00:00,       215.884358
10/12/2009 01:00:00,       220.216292
10/12/2009 02:00:00,       220.049278
10/12/2009 03:00:00,       218.916419
10/12/2009 04:00:00,       218.112321
10/12/2009 05:00:00,       217.615346
10/12/2009 06:00:00,       213.856961
10/12/2009 07:00:00,       207.872872
10/12/2009 08:00:00,       200.263334
10/12/2009 09:00:00,       195.523428
10/12/2009 10:00:00,       164.128206
10/12/2009 11:00:00,       182.468319
10/12/2009 12:00:00,       173.109303
10/12/2009 13:00:00,       164.631277
10/12/2009 14:00:00,       154.668950
10/12/2009 15:00:00,       144.196757
10/12/2009 16:00:00,       136.136051
10/12/2009 17:00:00,       127.537679
10/12/2009 18:00:00,       120.505409
10/12/2009 19:00:00,       113.742657
10/12/2009 20:00:00,       109.362722
10/12/2009 21:00:00,       106.454363
10/12/2009 22:00:00,       102.423460
10/12/2009 23:00:00,        95.142850
10/13/2009 00:00:00,        88.762890
10/13/2009 01:00:00,        42.607304
10/13/2009 02:00:00,        38.738592
10/13/2009 03:00:00,        34.134436
10/13/2009 04:00:00,        30.930191
10/13/2009 05:00:00,        27.550659
10/13/2009 06:00:00,        26.108859
10/13/2009 07:00:00,         0.635260
10/13/2009 08:00:00,         0.207975
10/13/2009 09:00:00,         0.000000
10/13/2009 10:00:00,         0.000000
10/13/2009 11:00:00,         0.000000
10/13/2009 12:00:00,         0.000000
10/13/2009 13:00:00,        11.835880
10/13/2009 14:00:00,        17.636320
10/13/2009 15:00:00,        22.456319
10/13/2009 16:00:00,        25.693391
10/13/2009 17:00:00,        34.593675
10/13/2009 18:00:00,        37.740883
10/13/2009 19:00:00,        40.584595
10/13/2009 20:00:00,        44.100630
10/13/2009 21:00:00,        49.120297
10/13/2009 22:00:00,        55.215682
10/13/2009 23:00:00,        61.364062
10/14/2009 00:00:00,        70.301398
10/14/2009 01:00:00,        64.676321
10/14/2009 02:00:00,        66.239049
10/14/2009 03:00:00,        66.670159
10/14/2009 04:00:00,        67.892888
10/14/2009 05:00:00,        65.264708
10/14/2009 06:00:00,        66.485166
10/14/2009 07:00:00,        70.736075
10/14/2009 08:00:00,        70.268208
10/14/2009 09:00:00,        68.331879
10/14/2009 10:00:00,        68.110445
10/14/2009 11:00:00,        69.031455
10/14/2009 12:00:00,        69.444872
10/14/2009 13:00:00,        70.167593
10/14/2009 14:00:00,        72.813109
10/14/2009 15:00:00,        75.229604
10/14/2009 16:00:00,        78.557065
10/14/2009 17:00:00,        81.541981
10/14/2009 18:00:00,        86.502173
10/14/2009 19:00:00,        89.189090
10/14/2009 20:00:00,        94.017864
10/14/2009 21:00:00,        99.268771
10/14/2009 22:00:00,       104.070399
10/14/2009 23:00:00,       108.250991
10/15/2009 00:00:00,       110.433527
10/15/2009 01:00:00,        46.283774
10/15/2009 02:00:00,        42.667663
10/15/2009 03:00:00,        39.169805
10/15/2009 04:00:00,        37.044040
10/15/2009 05:00:00,        37.437717
10/15/2009 06:00:00,        38.205840
10/15/2009 07:00:00,        38.374191
10/15/2009 08:00:00,        34.844607
10/15/2009 09:00:00,        30.799346
10/15/2009 10:00:00,        26.593315
10/15/2009 11:00:00,        23.916208
10/15/2009 12:00:00,        22.074052
10/15/2009 13:00:00,        20.945381
10/15/2009 14:00:00,        21.176357
10/15/2009 15:00:00,        19.410587
10/15/2009 16:00:00,        17.664987
10/15/2009 17:00:00,        17.406262
10/15/2009 18:00:00,        15.842850
10/15/2009 19:00:00,        13.162270
10/15/2009 20:00:00,        10.564154
10/15/2009 21:00:00,         7.876115
10/15/2009 22:00:00,         6.959159
10/15/2009 23:00:00,         6.206851
10/16/2009 00:00:00,         6.191901
10/16/2009 01:00:00,         9.905259
10/16/2009 02:00:00,        11.743311
10/16/2009 03:00:00,        13.850764
10/16/2009 04:00:00,        16.569489
10/16/2009 05:00:00,        18.831998
10/16/2009 06:00:00,        21.056110
10/16/2009 07:00:00,        22.037189
10/16/2009 08:00:00,        24.324342
10/16/2009 09:00:00,        28.158454
10/16/2009 10:00:00,        31.114361
10/16/2009 11:00:00,        34.387121
10/16/2009 12:00:00,        35.707069
10/16/2009 13:00:00,        36.416042
10/16/2009 14:00:00,        37.546304
10/16/2009 15:00:00,        41.769265
10/16/2009 16:00:00,        44.547155
10/16/2009 17:00:00,        50.439577
10/16/2009 18:00:00,        56.709345
10/16/2009 19:00:00,        60.784460
10/16/2009 20:00:00,        65.543476
10/16/2009 21:00:00,        70.299663
10/16/2009 22:00:00,        74.424207
10/16/2009 23:00:00,        76.952439
10/17/2009 00:00:00,        80.405898
10/17/2009 01:00:00,        75.127200
10/17/2009 02:00:00,        73.258612
10/17/2009 03:00:00,        69.163462
10/17/2009 04:00:00,        64.700608
10/17/2009 05:00:00,        60.359483
10/17/2009 06:00:00,        56.257790
10/17/2009 07:00:00,        52.834049
10/17/2009 08:00:00,        44.532260
10/17/2009 09:00:00,        36.335070
10/17/2009 10:00:00,        28.765460
10/17/2009 11:00:00,        23.189717
10/17/2009 12:00:00,        19.208466
10/17/2009 13:00:00,        15.228147
10/17/2009 14:00:00,        12.557651
10/17/2009 15:00:00,        10.855218
10/17/2009 16:00:00,         9.021512
10/17/2009 17:00:00,         9.312050
10/17/2009 18:00:00,         9.454483
10/17/2009 19:00:00,         9.115250
10/17/2009 20:00:00,         9.590179
10/17/2009 21:00:00,        10.305483
10/17/2009 22:00:00,        11.180025
10/17/2009 23:00:00,        12.033916
10/18/2009 00:00:00,        13.406384
10/18/2009 01:00:00,        11.043793
10/18/2009 02:00:00,        11.041538
10/18/2009 03:00:00,        11.276785
10/18/2009 04:00:00,        11.175639
10/18/2009 05:00:00,        10.852786
10/18/2009 06:00:00,        10.337797
10/18/2009 07:00:00,         9.571314
10/18/2009 08:00:00,         8.092097
10/18/2009 09:00:00,         7.021085
10/18/2009 10:00:00,         7.120878
10/18/2009 11:00:00,         7.167987
10/18/2009 12:00:00,         7.189168
10/18/2009 13:00:00,         6.883397
10/18/2009 14:00:00,         7.292516
10/18/2009 15:00:00,         7.658730
10/18/2009 16:00:00,         8.970885
10/18/2009 17:00:00,        11.352453
10/18/2009 18:00:00,        12.756871
10/18/2009 19:00:00,        13.598951
10/18/2009 20:00:00,        15.480624
10/18/2009 21:00:00,        17.232439
10/18/2009 22:00:00,        18.334815
10/18/2009 23:00:00,        19.166237
10/19/2009 00:00:00,        21.183896
10/19/2009 01:00:00,        33.077075
10/19/2009 02:00:00,        33.530471
10/19/2009 03:00:00,        34.968823
10/19/2009 04:00:00,        36.509623
10/19/2009 05:00:00,        35.628155
10/19/2009 06:00:00,        42.796410
10/19/2009 07:00:00,        43.776840
10/19/2009 08:00:00,        43.754360
10/19/2009 09:00:00,        41.393980
10/19/2009 10:00:00,        39.128350
10/19/2009 11:00:00,        36.093850
10/19/2009 12:00:00,        33.928730
10/19/2009 13:00:00,        31.806890
10/19/2009 14:00:00,        29.706730
10/19/2009 15:00:00,        26.221880
10/19/2009 16:00:00,        20.893127
10/19/2009 17:00:00,        18.298716
10/19/2009 18:00:00,        14.454054
10/19/2009 19:00:00,        11.156611
10/19/2009 20:00:00,         8.362985
10/19/2009 21:00:00,         7.531342
10/19/2009 22:00:00,         8.189027
10/19/2009 23:00:00,        10.168181
10/20/2009 00:00:00,        13.394840
10/20/2009 01:00:00,        89.952352
10/20/2009 02:00:00,        94.339697
10/20/2009 03:00:00,       100.924087
10/20/2009 04:00:00,       105.487190
10/20/2009 05:00:00,       110.109676
10/20/2009 06:00:00,       113.532500
10/20/2009 07:00:00,       117.846746
10/20/2009 08:00:00,       122.997611
10/20/2009 09:00:00,       125.517687
10/20/2009 10:00:00,       127.721614
10/20/2009 11:00:00,       128.908316
10/20/2009 12:00:00,       131.074708
10/20/2009 13:00:00,       132.242005
10/20/2009 14:00:00,       132.911759
10/20/2009 15:00:00,       133.786782
10/20/2009 16:00:00,       133.093829
10/20/2009 17:00:00,       135.774463
10/20/2009 18:00:00,       136.303363
10/20/2009 19:00:00,       137.395359
10/20/2009 20:00:00,       138.232546
10/20/2009 21:00:00,       140.344351
10/20/2009 22:00:00,       143.364562
10/20/2009 23:00:00,       145.793784
10/21/2009 00:00:00,       150.552281
10/21/2009 01:00:00,        68.461454
10/21/2009 02:00:00,        63.601951
10/21/2009 03:00:00,        59.705001
10/21/2009 04:00:00,        56.199342
10/21/2009 05:00:00,        54.199542
10/21/2009 06:00:00,        50.063032
10/21/2009 07:00:00,        45.562117
10/21/2009 08:00:00,        37.436397
10/21/2009 09:00:00,        29.463006
10/21/2009 10:00:00,        23.959960
10/21/2009 11:00:00,        20.836190
10/21/2009 12:00:00,        18.446770
10/21/2009 13:00:00,        15.937716
10/21/2009 14:00:00,        13.442484
10/21/2009 15:00:00,        13.522370
10/21/2009 16:00:00,        13.886992
10/21/2009 17:00:00,        14.421085
10/21/2009 18:00:00,        13.129879
10/21/2009 19:00:00,        12.589025
10/21/2009 20:00:00,        13.472041
10/21/2009 21:00:00,        14.579052
10/21/2009 22:00:00,        15.594144
10/21/2009 23:00:00,        16.198016
10/22/2009 00:00:00,        16.236483
10/22/2009 01:00:00,         5.909579
10/22/2009 02:00:00,         5.866539
10/22/2009 03:00:00,         6.080122
10/22/2009 04:00:00,         6.056183
10/22/2009 05:00:00,         5.751485
10/22/2009 06:00:00,         5.455636
10/22/2009 07:00:00,         5.494394
10/22/2009 08:00:00,         5.590376
10/22/2009 09:00:00,         7.255779
10/22/2009 10:00:00,         9.561272
10/22/2009 11:00:00,        11.340198
10/22/2009 12:00:00,        15.133964
10/22/2009 13:00:00,         0.000000
10/22/2009 14:00:00,         0.000000
10/22/2009 15:00:00,         0.000000
10/22/2009 16:00:00,         0.000000
10/22/2009 17:00:00,         0.000000
10/22/2009 18:00:00,         0.000000
10/22/2009 19:00:00,         0.000000
10/22/2009 20:00:00,         0.000000
10/22/2009 21:00:00,         0.000000
10/22/2009 22:00:00,         0.000000
10/22/2009 23:00:00,        20.852500
10/23/2009 00:00:00,        35.759160
10/23/2009 01:00:00,        25.948395
10/23/2009 02:00:00,        47.775746
10/23/2009 03:00:00,        78.425000
10/23/2009 04:00:00,       117.858700
10/23/2009 05:00:00,       118.170500
10/23/2009 06:00:00,       134.867900
10/23/2009 07:00:00,       149.176910
10/23/2009 08:00:00,       141.014960
10/23/2009 09:00:00,       130.016720
10/23/2009 10:00:00,       115.332577
10/23/2009 11:00:00,       100.774651
10/23/2009 12:00:00,        85.150566
10/23/2009 13:00:00,        69.155626
10/23/2009 14:00:00,        53.086670
10/23/2009 15:00:00,        39.498793
10/23/2009 16:00:00,        29.016435
10/23/2009 17:00:00,        18.850960
10/23/2009 18:00:00,         9.780160
10/23/2009 19:00:00,         6.121883
10/23/2009 20:00:00,         5.138041
10/23/2009 21:00:00,         6.362086
10/23/2009 22:00:00,         6.851020
10/23/2009 23:00:00,         7.635739
10/24/2009 00:00:00,         8.484337
10/24/2009 01:00:00,        61.949826
10/24/2009 02:00:00,        63.756831
10/24/2009 03:00:00,        67.568241
10/24/2009 04:00:00,        70.562163
10/24/2009 05:00:00,        75.457752
10/24/2009 06:00:00,        77.501169
10/24/2009 07:00:00,        80.096247
10/24/2009 08:00:00,        86.424251
10/24/2009 09:00:00,        92.373614
10/24/2009 10:00:00,         0.706461
10/24/2009 11:00:00,        16.346213
10/24/2009 12:00:00,         0.000000
10/24/2009 13:00:00,         0.000000
10/24/2009 14:00:00,         0.000000
10/24/2009 15:00:00,        25.061802
10/24/2009 16:00:00,       116.518416
10/24/2009 17:00:00,       119.907116
10/24/2009 18:00:00,       120.107217
10/24/2009 19:00:00,       121.726439
10/24/2009 20:00:00,       123.056260
10/24/2009 21:00:00,       123.570439
10/24/2009 22:00:00,       120.622765
10/24/2009 23:00:00,       117.050953
10/25/2009 00:00:00,       114.708849
10/25/2009 01:00:00,       148.965875
10/25/2009 02:00:00,       156.811281
10/25/2009 03:00:00,       163.264056
10/25/2009 04:00:00,       168.946270
10/25/2009 05:00:00,       172.416206
10/25/2009 06:00:00,       173.793949
10/25/2009 07:00:00,       178.199338
10/25/2009 08:00:00,       188.047244
10/25/2009 09:00:00,       192.232079
10/25/2009 10:00:00,       199.678690
10/25/2009 11:00:00,       206.319653
10/25/2009 12:00:00,       210.513128
10/25/2009 13:00:00,       210.985935
10/25/2009 14:00:00,       209.352741
10/25/2009 15:00:00,       206.499438
10/25/2009 16:00:00,       205.985394
10/25/2009 17:00:00,       206.806902
10/25/2009 18:00:00,       207.364628
10/25/2009 19:00:00,       206.201554
10/25/2009 20:00:00,       204.604700
10/25/2009 21:00:00,       202.940506
10/25/2009 22:00:00,       201.364569
10/25/2009 23:00:00,       199.863498
10/26/2009 00:00:00,       202.827492
10/26/2009 01:00:00,       223.633130
10/26/2009 02:00:00,       223.055285
10/26/2009 03:00:00,       221.511744
10/26/2009 04:00:00,       218.855875
10/26/2009 05:00:00,       215.601968
10/26/2009 06:00:00,       211.708870
10/26/2009 07:00:00,       206.358109
10/26/2009 08:00:00,       198.809182
10/26/2009 09:00:00,       189.078957
10/26/2009 10:00:00,       180.079609
10/26/2009 11:00:00,       169.009671
10/26/2009 12:00:00,       159.127721
10/26/2009 13:00:00,       147.512787
10/26/2009 14:00:00,       137.154938
10/26/2009 15:00:00,       127.176567
10/26/2009 16:00:00,       121.514420
10/26/2009 17:00:00,       117.786832
10/26/2009 18:00:00,       112.100147
10/26/2009 19:00:00,       107.811084
10/26/2009 20:00:00,       104.620304
10/26/2009 21:00:00,       103.265414
10/26/2009 22:00:00,       103.686240
10/26/2009 23:00:00,       103.400841
10/27/2009 00:00:00,       105.473210
10/27/2009 01:00:00,         8.694706
10/27/2009 02:00:00,         8.619905
10/27/2009 03:00:00,         9.363862
10/27/2009 04:00:00,        10.252564
10/27/2009 05:00:00,        10.975736
10/27/2009 06:00:00,        11.846716
10/27/2009 07:00:00,        12.942424
10/27/2009 08:00:00,        12.648024
10/27/2009 09:00:00,        13.992712
10/27/2009 10:00:00,        15.595691
10/27/2009 11:00:00,        17.854871
10/27/2009 12:00:00,        20.138515
10/27/2009 13:00:00,        21.286291
10/27/2009 14:00:00,        22.213563
10/27/2009 15:00:00,        23.674387
10/27/2009 16:00:00,        25.541963
10/27/2009 17:00:00,        29.425453
10/27/2009 18:00:00,        32.790400
10/27/2009 19:00:00,        33.535954
10/27/2009 20:00:00,        34.641225
10/27/2009 21:00:00,        35.995684
10/27/2009 22:00:00,        37.585990
10/27/2009 23:00:00,        39.199485
10/28/2009 00:00:00,        40.342453
10/28/2009 01:00:00,        15.242715
10/28/2009 02:00:00,        13.464407
10/28/2009 03:00:00,        12.038116
10/28/2009 04:00:00,        11.070309
10/28/2009 05:00:00,        11.155274
10/28/2009 06:00:00,        11.869211
10/28/2009 07:00:00,        12.506721
10/28/2009 08:00:00,        10.679451
10/28/2009 09:00:00,         8.508524
10/28/2009 10:00:00,         8.323843
10/28/2009 11:00:00,        10.764403
10/28/2009 12:00:00,        10.755217
10/28/2009 13:00:00,        10.545103
10/28/2009 14:00:00,        13.936387
10/28/2009 15:00:00,        18.385905
10/28/2009 16:00:00,        20.188531
10/28/2009 17:00:00,        22.998668
10/28/2009 18:00:00,        24.229772
10/28/2009 19:00:00,        24.284332
10/28/2009 20:00:00,        24.314843
10/28/2009 21:00:00,        25.097030
10/28/2009 22:00:00,        26.077250
10/28/2009 23:00:00,        27.009636
10/29/2009 00:00:00,        27.152787
10/29/2009 01:00:00,        18.010135
10/29/2009 02:00:00,        14.889681
10/29/2009 03:00:00,        11.922286
10/29/2009 04:00:00,         8.562446
10/29/2009 05:00:00,         6.273610
10/29/2009 06:00:00,         3.599948
10/29/2009 07:00:00,         3.255055
10/29/2009 08:00:00,         2.809865
10/29/2009 09:00:00,         1.549166
10/29/2009 10:00:00,         1.429647
10/29/2009 11:00:00,         0.665383
10/29/2009 12:00:00,         0.244165
10/29/2009 13:00:00,         0.147292
10/29/2009 14:00:00,         0.201170
10/29/2009 15:00:00,         0.302334
10/29/2009 16:00:00,         0.156979
10/29/2009 17:00:00,         0.153219
10/29/2009 18:00:00,         0.348017
10/29/2009 19:00:00,         0.845923
10/29/2009 20:00:00,         1.493748
10/29/2009 21:00:00,         2.135316
10/29/2009 22:00:00,         2.542506
10/29/2009 23:00:00,         2.736683
10/30/2009 00:00:00,         2.894316
10/30/2009 01:00:00,         3.667647
10/30/2009 02:00:00,         4.634763
10/30/2009 03:00:00,         6.009541
10/30/2009 04:00:00,         7.175665
10/30/2009 05:00:00,         7.908707
10/30/2009 06:00:00,         8.609032
10/30/2009 07:00:00,         9.275545
10/30/2009 08:00:00,        10.383692
10/30/2009 09:00:00,        11.821817
10/30/2009 10:00:00,        13.381333
10/30/2009 11:00:00,        17.167308
10/30/2009 12:00:00,        20.993195
10/30/2009 13:00:00,        23.923683
10/30/2009 14:00:00,        22.842781
10/30/2009 15:00:00,        27.898462
10/30/2009 16:00:00,        34.741572
10/30/2009 17:00:00,        43.076258
10/30/2009 18:00:00,        54.514963
10/30/2009 19:00:00,        59.020822
10/30/2009 20:00:00,        65.083700
10/30/2009 21:00:00,        71.967597
10/30/2009 22:00:00,        79.657544
10/30/2009 23:00:00,        89.164846
10/31/2009 00:00:00,       100.729042
10/31/2009 01:00:00,       188.932075
10/31/2009 02:00:00,       190.337983
10/31/2009 03:00:00,       190.927459
10/31/2009 04:00:00,       194.025097
10/31/2009 05:00:00,       196.729542
10/31/2009 06:00:00,       198.961324
10/31/2009 07:00:00,       201.264676
10/31/2009 08:00:00,       204.681638
10/31/2009 09:00:00,       207.172097
10/31/2009 10:00:00,       207.117221
10/31/2009 11:00:00,       207.542417
10/31/2009 12:00:00,       208.010513
10/31/2009 13:00:00,       209.196037
10/31/2009 14:00:00,       210.334512
10/31/2009 15:00:00,       211.675747
10/31/2009 16:00:00,       214.527230
10/31/2009 17:00:00,       216.837636
10/31/2009 18:00:00,       218.748189
10/31/2009 19:00:00,       219.119572
10/31/2009 20:00:00,       219.216743
10/31/2009 21:00:00,       219.189929
10/31/2009 22:00:00,       219.143347
10/31/2009 23:00:00,       221.085970
11/01/2009 00:00:00,       223.921235
11/01/2009 01:00:00,       223.927273
11/01/2009 02:00:00,       223.762336
11/01/2009 03:00:00,       223.700348
11/01/2009 04:00:00,       223.648807
11/01/2009 05:00:00,       223.542841
11/01/2009 06:00:00,       223.259063
11/01/2009 07:00:00,       221.976933
11/01/2009 08:00:00,       217.761195
11/01/2009 09:00:00,       209.777227
11/01/2009 10:00:00,       204.873137
11/01/2009 11:00:00,       202.247322
11/01/2009 12:00:00,       197.791159
11/01/2009 13:00:00,       191.839083
11/01/2009 14:00:00,       183.605313
11/01/2009 15:00:00,       172.154526
11/01/2009 16:00:00,       160.003194
11/01/2009 17:00:00,       148.480834
11/01/2009 18:00:00,       136.343145
11/01/2009 19:00:00,       128.599695
11/01/2009 20:00:00,       116.915957
11/01/2009 21:00:00,       111.602248
11/01/2009 22:00:00,       110.264923
11/01/2009 23:00:00,       101.824216
11/02/2009 00:00:00,        89.493597
11/02/2009 01:00:00,        33.504484
11/02/2009 02:00:00,        34.791028
11/02/2009 03:00:00,        33.436976
11/02/2009 04:00:00,        30.376128
11/02/2009 05:00:00,        27.245900
11/02/2009 06:00:00,        25.749212
11/02/2009 07:00:00,        24.727197
11/02/2009 08:00:00,        21.586172
11/02/2009 09:00:00,        18.198957
11/02/2009 10:00:00,        16.441045
11/02/2009 11:00:00,        15.199433
11/02/2009 12:00:00,        14.507013
11/02/2009 13:00:00,        14.236695
11/02/2009 14:00:00,        12.790925
11/02/2009 15:00:00,        11.373645
11/02/2009 16:00:00,        13.583198
11/02/2009 17:00:00,        19.511154
11/02/2009 18:00:00,        26.572616
11/02/2009 19:00:00,        29.019576
11/02/2009 20:00:00,        32.146553
11/02/2009 21:00:00,        36.158453
11/02/2009 22:00:00,        39.732760
11/02/2009 23:00:00,        43.750223
11/03/2009 00:00:00,        48.461245
11/03/2009 01:00:00,        70.422471
11/03/2009 02:00:00,        68.609425
11/03/2009 03:00:00,        43.928473
11/03/2009 04:00:00,         9.160866
11/03/2009 05:00:00,         3.381460
11/03/2009 06:00:00,         0.295761
11/03/2009 07:00:00,         0.000000
11/03/2009 08:00:00,         0.000000
11/03/2009 09:00:00,         0.000000
11/03/2009 10:00:00,         0.000000
11/03/2009 11:00:00,         0.000000
11/03/2009 12:00:00,         0.000000
11/03/2009 13:00:00,         0.000000
11/03/2009 14:00:00,         0.000000
11/03/2009 15:00:00,         3.883421
11/03/2009 16:00:00,        17.106335
11/03/2009 17:00:00,        30.446339
11/03/2009 18:00:00,        40.764946
11/03/2009 19:00:00,        45.296320
11/03/2009 20:00:00,        50.015784
11/03/2009 21:00:00,        55.353143
11/03/2009 22:00:00,        60.534685
11/03/2009 23:00:00,        68.387347
11/04/2009 00:00:00,        67.138065
11/04/2009 01:00:00,        93.285759
11/04/2009 02:00:00,        72.522737
11/04/2009 03:00:00,        21.524462
11/04/2009 04:00:00,        30.260979
11/04/2009 05:00:00,        38.129660
11/04/2009 06:00:00,        97.124964
11/04/2009 07:00:00,        67.260723
11/04/2009 08:00:00,        66.947073
11/04/2009 09:00:00,        76.038792
11/04/2009 10:00:00,        68.810559
11/04/2009 11:00:00,        70.547213
11/04/2009 12:00:00,        95.327176
11/04/2009 13:00:00,       138.781031
11/04/2009 14:00:00,       147.950384
11/04/2009 15:00:00,       143.231897
11/04/2009 16:00:00,       141.775229
11/04/2009 17:00:00,       142.136323
11/04/2009 18:00:00,       141.294780
11/04/2009 19:00:00,       139.347580
11/04/2009 20:00:00,       137.186488
11/04/2009 21:00:00,       135.026025
11/04/2009 22:00:00,       134.401674
11/04/2009 23:00:00,       131.257102
11/05/2009 00:00:00,       129.134383
11/05/2009 01:00:00,        32.591059
11/05/2009 02:00:00,        28.515456
11/05/2009 03:00:00,        24.403378
11/05/2009 04:00:00,        20.862554
11/05/2009 05:00:00,        18.671824
11/05/2009 06:00:00,        16.538390
11/05/2009 07:00:00,        14.837153
11/05/2009 08:00:00,        11.283554
11/05/2009 09:00:00,         7.165860
11/05/2009 10:00:00,         5.121324
11/05/2009 11:00:00,         3.891886
11/05/2009 12:00:00,         3.695894
11/05/2009 13:00:00,         3.695557
11/05/2009 14:00:00,         4.436549
11/05/2009 15:00:00,         4.570515
11/05/2009 16:00:00,         8.558806
11/05/2009 17:00:00,        13.151588
11/05/2009 18:00:00,        16.216002
11/05/2009 19:00:00,        17.444015
11/05/2009 20:00:00,        17.856191
11/05/2009 21:00:00,        19.311908
11/05/2009 22:00:00,        22.914750
11/05/2009 23:00:00,        20.728696
11/06/2009 00:00:00,        15.016555
11/06/2009 01:00:00,         0.273904
11/06/2009 02:00:00,         0.032119
11/06/2009 03:00:00,         0.000000
11/06/2009 04:00:00,         0.000000
11/06/2009 05:00:00,         0.000000
11/06/2009 06:00:00,         0.000000
11/06/2009 07:00:00,         0.000000
11/06/2009 08:00:00,         0.000000
11/06/2009 09:00:00,         0.000000
11/06/2009 10:00:00,         6.251000
11/06/2009 11:00:00,         1.976000
11/06/2009 12:00:00,         1.083614
11/06/2009 13:00:00,         0.498904
11/06/2009 14:00:00,        14.140795
11/06/2009 15:00:00,        18.543436
11/06/2009 16:00:00,        20.088611
11/06/2009 17:00:00,        19.021272
11/06/2009 18:00:00,        18.776484
11/06/2009 19:00:00,        20.614483
11/06/2009 20:00:00,        22.441243
11/06/2009 21:00:00,        25.174800
11/06/2009 22:00:00,        25.848450
11/06/2009 23:00:00,        25.865890
11/07/2009 00:00:00,        22.120781
11/07/2009 01:00:00,        31.436662
11/07/2009 02:00:00,        42.697320
11/07/2009 03:00:00,        49.678193
11/07/2009 04:00:00,        54.177442
11/07/2009 05:00:00,        57.576274
11/07/2009 06:00:00,        60.270597
11/07/2009 07:00:00,        57.798015
11/07/2009 08:00:00,        58.799504
11/07/2009 09:00:00,        59.505718
11/07/2009 10:00:00,        60.351926
11/07/2009 11:00:00,        61.961603
11/07/2009 12:00:00,        64.126291
11/07/2009 13:00:00,        66.678076
11/07/2009 14:00:00,        66.248086
11/07/2009 15:00:00,        66.487293
11/07/2009 16:00:00,        65.831170
11/07/2009 17:00:00,        68.593428
11/07/2009 18:00:00,        74.436314
11/07/2009 19:00:00,        75.581336
11/07/2009 20:00:00,        79.042057
11/07/2009 21:00:00,        84.755445
11/07/2009 22:00:00,        91.371541
11/07/2009 23:00:00,        99.709680
11/08/2009 00:00:00,       111.010099
11/08/2009 01:00:00,       184.387530
11/08/2009 02:00:00,       187.180758
11/08/2009 03:00:00,       190.359729
11/08/2009 04:00:00,       194.184884
11/08/2009 05:00:00,       196.731473
11/08/2009 06:00:00,       197.728334
11/08/2009 07:00:00,       199.635510
11/08/2009 08:00:00,       199.148247
11/08/2009 09:00:00,       195.993237
11/08/2009 10:00:00,       190.519011
11/08/2009 11:00:00,       183.502942
11/08/2009 12:00:00,       178.317291
11/08/2009 13:00:00,       173.387720
11/08/2009 14:00:00,       169.864003
11/08/2009 15:00:00,       168.833718
11/08/2009 16:00:00,       170.644468
11/08/2009 17:00:00,       170.777482
11/08/2009 18:00:00,       172.300946
11/08/2009 19:00:00,       173.003781
11/08/2009 20:00:00,       172.033977
11/08/2009 21:00:00,       172.874660
11/08/2009 22:00:00,       176.489703
11/08/2009 23:00:00,       181.808648
11/09/2009 00:00:00,       188.999640
11/09/2009 01:00:00,       203.251356
11/09/2009 02:00:00,       198.295017
11/09/2009 03:00:00,       192.871096
11/09/2009 04:00:00,       187.713562
11/09/2009 05:00:00,       182.340034
11/09/2009 06:00:00,       176.848451
11/09/2009 07:00:00,       170.678926
11/09/2009 08:00:00,       159.923880
11/09/2009 09:00:00,       149.316108
11/09/2009 10:00:00,       135.975581
11/09/2009 11:00:00,       122.499836
11/09/2009 12:00:00,       110.206191
11/09/2009 13:00:00,       100.639748
11/09/2009 14:00:00,        96.724784
11/09/2009 15:00:00,        94.092048
11/09/2009 16:00:00,        91.851343
11/09/2009 17:00:00,        88.539356
11/09/2009 18:00:00,        89.271563
11/09/2009 19:00:00,        89.888002
11/09/2009 20:00:00,        91.643606
11/09/2009 21:00:00,        97.068280
11/09/2009 22:00:00,       102.641425
11/09/2009 23:00:00,       113.370960
11/10/2009 00:00:00,       125.052233
11/10/2009 01:00:00,       218.050881
11/10/2009 02:00:00,       216.520275
11/10/2009 03:00:00,       214.256790
11/10/2009 04:00:00,       212.837389
11/10/2009 05:00:00,       208.486408
11/10/2009 06:00:00,       201.167038
11/10/2009 07:00:00,       194.376758
11/10/2009 08:00:00,       185.441440
11/10/2009 09:00:00,       175.595675
11/10/2009 10:00:00,       166.806907
11/10/2009 11:00:00,       157.597046
11/10/2009 12:00:00,       146.521720
11/10/2009 13:00:00,       137.469791
11/10/2009 14:00:00,       129.537511
11/10/2009 15:00:00,       124.804391
11/10/2009 16:00:00,       122.736819
11/10/2009 17:00:00,       120.000088
11/10/2009 18:00:00,       119.728804
11/10/2009 19:00:00,       122.637255
11/10/2009 20:00:00,       125.589443
11/10/2009 21:00:00,       127.833885
11/10/2009 22:00:00,       129.207239
11/10/2009 23:00:00,       129.569797
11/11/2009 00:00:00,       135.872758
11/11/2009 01:00:00,       126.399479
11/11/2009 02:00:00,       117.655869
11/11/2009 03:00:00,       114.852348
11/11/2009 04:00:00,       113.867632
11/11/2009 05:00:00,       108.919131
11/11/2009 06:00:00,       100.586908
11/11/2009 07:00:00,        92.745077
11/11/2009 08:00:00,        81.463776
11/11/2009 09:00:00,        71.602623
11/11/2009 10:00:00,        61.624095
11/11/2009 11:00:00,        56.383349
11/11/2009 12:00:00,        53.597089
11/11/2009 13:00:00,        47.601715
11/11/2009 14:00:00,        41.910814
11/11/2009 15:00:00,        40.629023
11/11/2009 16:00:00,        44.071374
11/11/2009 17:00:00,        46.096339
11/11/2009 18:00:00,        49.734867
11/11/2009 19:00:00,        51.073736
11/11/2009 20:00:00,        54.615499
11/11/2009 21:00:00,        59.666173
11/11/2009 22:00:00,        66.384683
11/11/2009 23:00:00,        74.800481
11/12/2009 00:00:00,        85.406420
11/12/2009 01:00:00,       101.643169
11/12/2009 02:00:00,       104.543021
11/12/2009 03:00:00,       110.509208
11/12/2009 04:00:00,       113.773917
11/12/2009 05:00:00,       116.567944
11/12/2009 06:00:00,       120.195919
11/12/2009 07:00:00,       123.331881
11/12/2009 08:00:00,       124.473287
11/12/2009 09:00:00,       122.369070
11/12/2009 10:00:00,       118.832152
11/12/2009 11:00:00,       113.629200
11/12/2009 12:00:00,       108.955531
11/12/2009 13:00:00,       103.541358
11/12/2009 14:00:00,        97.815632
11/12/2009 15:00:00,        92.657691
11/12/2009 16:00:00,        84.308216
11/12/2009 17:00:00,        75.352082
11/12/2009 18:00:00,        68.090909
11/12/2009 19:00:00,        61.728884
11/12/2009 20:00:00,        56.606591
11/12/2009 21:00:00,        53.187140
11/12/2009 22:00:00,        52.150646
11/12/2009 23:00:00,        52.349974
11/13/2009 00:00:00,        52.423422
11/13/2009 01:00:00,        14.415801
11/13/2009 02:00:00,        12.999748
11/13/2009 03:00:00,        11.340929
11/13/2009 04:00:00,         9.619964
11/13/2009 05:00:00,         8.797816
11/13/2009 06:00:00,         7.883328
11/13/2009 07:00:00,         6.844710
11/13/2009 08:00:00,         6.142325
11/13/2009 09:00:00,         5.227450
11/13/2009 10:00:00,         4.171741
11/13/2009 11:00:00,         3.876872
11/13/2009 12:00:00,         4.003095
11/13/2009 13:00:00,         4.413451
11/13/2009 14:00:00,         5.324536
11/13/2009 15:00:00,         7.256076
11/13/2009 16:00:00,        10.176307
11/13/2009 17:00:00,        13.319121
11/13/2009 18:00:00,        16.249245
11/13/2009 19:00:00,        17.343061
11/13/2009 20:00:00,        18.838528
11/13/2009 21:00:00,        20.314000
11/13/2009 22:00:00,        22.543617
11/13/2009 23:00:00,        26.108504
11/14/2009 00:00:00,        30.826823
11/14/2009 01:00:00,        71.883490
11/14/2009 02:00:00,        76.715380
11/14/2009 03:00:00,        82.793148
11/14/2009 04:00:00,        87.861924
11/14/2009 05:00:00,        93.524212
11/14/2009 06:00:00,       101.521188
11/14/2009 07:00:00,       106.802644
11/14/2009 08:00:00,       108.053794
11/14/2009 09:00:00,       108.117736
11/14/2009 10:00:00,       107.991447
11/14/2009 11:00:00,       104.918358
11/14/2009 12:00:00,       100.210683
11/14/2009 13:00:00,        95.842006
11/14/2009 14:00:00,        92.955784
11/14/2009 15:00:00,        90.665970
11/14/2009 16:00:00,        87.061116
11/14/2009 17:00:00,        85.376689
11/14/2009 18:00:00,        82.943518
11/14/2009 19:00:00,        77.434779
11/14/2009 20:00:00,        71.886941
11/14/2009 21:00:00,        69.386614
11/14/2009 22:00:00,        69.485967
11/14/2009 23:00:00,        72.483753
11/15/2009 00:00:00,        78.356453
11/15/2009 01:00:00,        83.376313
11/15/2009 02:00:00,        76.854093
11/15/2009 03:00:00,        73.689711
11/15/2009 04:00:00,        70.291504
11/15/2009 05:00:00,        68.104597
11/15/2009 06:00:00,        65.604999
11/15/2009 07:00:00,        62.698392
11/15/2009 08:00:00,        54.103263
11/15/2009 09:00:00,        47.697321
11/15/2009 10:00:00,        46.202350
11/15/2009 11:00:00,        43.245386
11/15/2009 12:00:00,        40.305925
11/15/2009 13:00:00,        40.816057
11/15/2009 14:00:00,        42.382149
11/15/2009 15:00:00,        47.462558
11/15/2009 16:00:00,        54.220939
11/15/2009 17:00:00,        63.692919
11/15/2009 18:00:00,        75.876243
11/15/2009 19:00:00,        82.707001
11/15/2009 20:00:00,        89.364768
11/15/2009 21:00:00,        97.826690
11/15/2009 22:00:00,       108.363060
11/15/2009 23:00:00,       117.188643
11/16/2009 00:00:00,       125.470388
11/16/2009 01:00:00,       204.768602
11/16/2009 02:00:00,       207.310927
11/16/2009 03:00:00,       210.239780
11/16/2009 04:00:00,       212.464487
11/16/2009 05:00:00,       214.309263
11/16/2009 06:00:00,       216.212437
11/16/2009 07:00:00,       217.108404
11/16/2009 08:00:00,       218.581702
11/16/2009 09:00:00,       220.735221
11/16/2009 10:00:00,       221.560968
11/16/2009 11:00:00,       222.459202
11/16/2009 12:00:00,       222.315376
11/16/2009 13:00:00,       222.069480
11/16/2009 14:00:00,       220.140123
11/16/2009 15:00:00,       221.653060
11/16/2009 16:00:00,       221.406981
11/16/2009 17:00:00,       220.972328
11/16/2009 18:00:00,       219.850660
11/16/2009 19:00:00,       218.972856
11/16/2009 20:00:00,       217.318349
11/16/2009 21:00:00,       215.818232
11/16/2009 22:00:00,       213.811875
11/16/2009 23:00:00,       211.743237
11/17/2009 00:00:00,       209.360521
11/17/2009 01:00:00,       167.758925
11/17/2009 02:00:00,       161.002412
11/17/2009 03:00:00,       149.283254
11/17/2009 04:00:00,       140.035517
11/17/2009 05:00:00,       130.667697
11/17/2009 06:00:00,       125.410789
11/17/2009 07:00:00,       118.626234
11/17/2009 08:00:00,       103.012877
11/17/2009 09:00:00,        88.399970
11/17/2009 10:00:00,        76.259577
11/17/2009 11:00:00,        66.730190
11/17/2009 12:00:00,        58.922534
11/17/2009 13:00:00,        51.216136
11/17/2009 14:00:00,        43.733843
11/17/2009 15:00:00,        35.868776
11/17/2009 16:00:00,        29.940774
11/17/2009 17:00:00,        26.926106
11/17/2009 18:00:00,        23.504975
11/17/2009 19:00:00,        18.496650
11/17/2009 20:00:00,        14.767467
11/17/2009 21:00:00,        15.283653
11/17/2009 22:00:00,        17.451580
11/17/2009 23:00:00,        20.733251
11/18/2009 00:00:00,        25.053927
11/18/2009 01:00:00,        71.608093
11/18/2009 02:00:00,        80.510089
11/18/2009 03:00:00,        90.647478
11/18/2009 04:00:00,        99.840107
11/18/2009 05:00:00,       110.657515
11/18/2009 06:00:00,       119.906703
11/18/2009 07:00:00,       127.876637
11/18/2009 08:00:00,       139.786303
11/18/2009 09:00:00,       149.637079
11/18/2009 10:00:00,       156.415451
11/18/2009 11:00:00,       160.155537
11/18/2009 12:00:00,       161.044990
11/18/2009 13:00:00,       160.775212
11/18/2009 14:00:00,       159.967639
11/18/2009 15:00:00,       161.581197
11/18/2009 16:00:00,       161.509305
11/18/2009 17:00:00,       162.491050
11/18/2009 18:00:00,       162.248066
11/18/2009 19:00:00,       162.608180
11/18/2009 20:00:00,       162.744458
11/18/2009 21:00:00,       163.468512
11/18/2009 22:00:00,       166.178442
11/18/2009 23:00:00,       170.976581
11/19/2009 00:00:00,       177.051585
11/19/2009 01:00:00,       203.065525
11/19/2009 02:00:00,       201.915800
11/19/2009 03:00:00,       202.538557
11/19/2009 04:00:00,       201.474415
11/19/2009 05:00:00,       199.332000
11/19/2009 06:00:00,       197.157364
11/19/2009 07:00:00,       193.719417
11/19/2009 08:00:00,       186.285109
11/19/2009 09:00:00,       175.989738
11/19/2009 10:00:00,       163.764832
11/19/2009 11:00:00,       150.990905
11/19/2009 12:00:00,       137.539682
11/19/2009 13:00:00,       124.300496
11/19/2009 14:00:00,       111.532417
11/19/2009 15:00:00,        97.861192
11/19/2009 16:00:00,        81.980612
11/19/2009 17:00:00,        66.460632
11/19/2009 18:00:00,        55.010708
11/19/2009 19:00:00,        45.586935
11/19/2009 20:00:00,        37.226142
11/19/2009 21:00:00,        30.980098
11/19/2009 22:00:00,        28.064660
11/19/2009 23:00:00,        28.386152
11/20/2009 00:00:00,        30.272050
11/20/2009 01:00:00,        53.840174
11/20/2009 02:00:00,        57.179937
11/20/2009 03:00:00,        59.889586
11/20/2009 04:00:00,        61.851200
11/20/2009 05:00:00,        64.558338
11/20/2009 06:00:00,        64.938773
11/20/2009 07:00:00,        66.178935
11/20/2009 08:00:00,        70.061082
11/20/2009 09:00:00,        69.399270
11/20/2009 10:00:00,        67.830733
11/20/2009 11:00:00,        64.607620
11/20/2009 12:00:00,        63.051574
11/20/2009 13:00:00,        61.330050
11/20/2009 14:00:00,        59.220385
11/20/2009 15:00:00,        59.053109
11/20/2009 16:00:00,        56.542575
11/20/2009 17:00:00,        55.898015
11/20/2009 18:00:00,        63.437158
11/20/2009 19:00:00,        65.944175
11/20/2009 20:00:00,        70.515728
11/20/2009 21:00:00,        71.849191
11/20/2009 22:00:00,        75.368775
11/20/2009 23:00:00,        81.956831
11/21/2009 00:00:00,        88.697399
11/21/2009 01:00:00,       186.510111
11/21/2009 02:00:00,       189.246027
11/21/2009 03:00:00,       195.929045
11/21/2009 04:00:00,       200.831360
11/21/2009 05:00:00,       205.256130
11/21/2009 06:00:00,       207.952146
11/21/2009 07:00:00,       209.307161
11/21/2009 08:00:00,       209.457914
11/21/2009 09:00:00,       209.896365
11/21/2009 10:00:00,       209.408680
11/21/2009 11:00:00,       210.309564
11/21/2009 12:00:00,       210.679150
11/21/2009 13:00:00,       209.219318
11/21/2009 14:00:00,       206.522833
11/21/2009 15:00:00,       203.206746
11/21/2009 16:00:00,       202.001064
11/21/2009 17:00:00,       200.902064
11/21/2009 18:00:00,       198.921570
11/21/2009 19:00:00,       195.551745
11/21/2009 20:00:00,       191.133060
11/21/2009 21:00:00,       188.835411
11/21/2009 22:00:00,       188.297820
11/21/2009 23:00:00,       187.484480
11/22/2009 00:00:00,       172.784497
11/22/2009 01:00:00,        75.972432
11/22/2009 02:00:00,        66.325967
11/22/2009 03:00:00,        50.817792
11/22/2009 04:00:00,        48.482719
11/22/2009 05:00:00,        48.945155
11/22/2009 06:00:00,        45.574749
11/22/2009 07:00:00,        42.075188
11/22/2009 08:00:00,        30.719540
11/22/2009 09:00:00,        21.185323
11/22/2009 10:00:00,        15.771289
11/22/2009 11:00:00,        13.436393
11/22/2009 12:00:00,        11.063882
11/22/2009 13:00:00,         9.492617
11/22/2009 14:00:00,         9.816508
11/22/2009 15:00:00,         9.253082
11/22/2009 16:00:00,         7.678884
11/22/2009 17:00:00,         4.656222
11/22/2009 18:00:00,         3.889797
11/22/2009 19:00:00,         2.927174
11/22/2009 20:00:00,         1.807886
11/22/2009 21:00:00,         0.837563
11/22/2009 22:00:00,         0.543508
11/22/2009 23:00:00,         0.558808
11/23/2009 00:00:00,         0.663651
11/23/2009 01:00:00,        12.195642
11/23/2009 02:00:00,        21.088393
11/23/2009 03:00:00,        22.842498
11/23/2009 04:00:00,        23.474764
11/23/2009 05:00:00,         9.772354
11/23/2009 06:00:00,         5.812606
11/23/2009 07:00:00,         9.535147
11/23/2009 08:00:00,        25.106341
11/23/2009 09:00:00,        26.031752
11/23/2009 10:00:00,        25.755035
11/23/2009 11:00:00,        25.393859
11/23/2009 12:00:00,        23.952285
11/23/2009 13:00:00,        21.878903
11/23/2009 14:00:00,        19.743226
11/23/2009 15:00:00,        17.201052
11/23/2009 16:00:00,        14.457670
11/23/2009 17:00:00,        12.118723
11/23/2009 18:00:00,         9.996225
11/23/2009 19:00:00,         8.170737
11/23/2009 20:00:00,         6.796014
11/23/2009 21:00:00,         6.172018
11/23/2009 22:00:00,         6.478153
11/23/2009 23:00:00,         7.013193
11/24/2009 00:00:00,         7.891739
11/24/2009 01:00:00,         5.952008
11/24/2009 02:00:00,         5.655284
11/24/2009 03:00:00,         5.805226
11/24/2009 04:00:00,         5.683079
11/24/2009 05:00:00,         5.424257
11/24/2009 06:00:00,         5.519264
11/24/2009 07:00:00,         5.138396
11/24/2009 08:00:00,         5.572668
11/24/2009 09:00:00,         5.153099
11/24/2009 10:00:00,         3.977230
11/24/2009 11:00:00,         3.224743
11/24/2009 12:00:00,         3.059521
11/24/2009 13:00:00,         2.612556
11/24/2009 14:00:00,         2.065418
11/24/2009 15:00:00,         1.376097
11/24/2009 16:00:00,         1.004867
11/24/2009 17:00:00,         0.768466
11/24/2009 18:00:00,         0.595600
11/24/2009 19:00:00,         0.493773
11/24/2009 20:00:00,         0.426099
11/24/2009 21:00:00,         0.411790
11/24/2009 22:00:00,         0.422923
11/24/2009 23:00:00,         0.475629
11/25/2009 00:00:00,         0.624911
11/25/2009 01:00:00,         0.857711
11/25/2009 02:00:00,         0.961801
11/25/2009 03:00:00,         0.932312
11/25/2009 04:00:00,         0.860324
11/25/2009 05:00:00,         1.035548
11/25/2009 06:00:00,         1.042988
11/25/2009 07:00:00,         1.245402
11/25/2009 08:00:00,         1.358950
11/25/2009 09:00:00,         1.377684
11/25/2009 10:00:00,         1.905200
11/25/2009 11:00:00,         2.363768
11/25/2009 12:00:00,         3.032654
11/25/2009 13:00:00,         3.621361
11/25/2009 14:00:00,         4.805201
11/25/2009 15:00:00,         5.821154
11/25/2009 16:00:00,         7.548068
11/25/2009 17:00:00,         9.622539
11/25/2009 18:00:00,        11.741867
11/25/2009 19:00:00,        12.827118
11/25/2009 20:00:00,        14.020417
11/25/2009 21:00:00,        15.868937
11/25/2009 22:00:00,        17.164125
11/25/2009 23:00:00,        18.973186
11/26/2009 00:00:00,        20.371910
11/26/2009 01:00:00,        43.193902
11/26/2009 02:00:00,        45.955068
11/26/2009 03:00:00,        47.694492
11/26/2009 04:00:00,        50.774741
11/26/2009 05:00:00,        53.695276
11/26/2009 06:00:00,        53.775940
11/26/2009 07:00:00,        54.407077
11/26/2009 08:00:00,        56.945903
11/26/2009 09:00:00,        58.030732
11/26/2009 10:00:00,        56.758595
11/26/2009 11:00:00,        53.989140
11/26/2009 12:00:00,        51.659600
11/26/2009 13:00:00,        48.942056
11/26/2009 14:00:00,        43.713147
11/26/2009 15:00:00,        38.454282
11/26/2009 16:00:00,        33.022338
11/26/2009 17:00:00,        28.296130
11/26/2009 18:00:00,        24.034118
11/26/2009 19:00:00,        19.908104
11/26/2009 20:00:00,        15.824117
11/26/2009 21:00:00,        11.149276
11/26/2009 22:00:00,         7.908053
11/26/2009 23:00:00,         6.486860
11/27/2009 00:00:00,         5.300396
11/27/2009 01:00:00,        14.440518
11/27/2009 02:00:00,        16.007000
11/27/2009 03:00:00,        18.043371
11/27/2009 04:00:00,        20.805175
11/27/2009 05:00:00,        25.650468
11/27/2009 06:00:00,        32.944272
11/27/2009 07:00:00,        38.652167
11/27/2009 08:00:00,        49.372644
11/27/2009 09:00:00,        61.287302
11/27/2009 10:00:00,        73.964408
11/27/2009 11:00:00,        87.262441
11/27/2009 12:00:00,       101.093542
11/27/2009 13:00:00,       116.199488
11/27/2009 14:00:00,       130.146156
11/27/2009 15:00:00,       143.792555
11/27/2009 16:00:00,       156.027829
11/27/2009 17:00:00,       166.176729
11/27/2009 18:00:00,       174.892808
11/27/2009 19:00:00,       179.602724
11/27/2009 20:00:00,       184.924940
11/27/2009 21:00:00,       185.482490
11/27/2009 22:00:00,       187.333671
11/27/2009 23:00:00,       185.500267
11/28/2009 00:00:00,       184.360580
11/28/2009 01:00:00,       103.848307
11/28/2009 02:00:00,        32.156257
11/28/2009 03:00:00,        45.391000
11/28/2009 04:00:00,        61.190000
11/28/2009 05:00:00,       150.486000
11/28/2009 06:00:00,       147.964987
11/28/2009 07:00:00,       149.009064
11/28/2009 08:00:00,       153.815797
11/28/2009 09:00:00,       138.957500
11/28/2009 10:00:00,        36.908500
11/28/2009 11:00:00,        21.213577
11/28/2009 12:00:00,        72.676379
11/28/2009 13:00:00,        73.832200
11/28/2009 14:00:00,       132.650100
11/28/2009 15:00:00,       134.813500
11/28/2009 16:00:00,       137.404700
11/28/2009 17:00:00,       153.747300
11/28/2009 18:00:00,       183.535609
11/28/2009 19:00:00,       183.325080
11/28/2009 20:00:00,       202.636753
11/28/2009 21:00:00,       216.256936
11/28/2009 22:00:00,       218.242265
11/28/2009 23:00:00,       223.052538
11/29/2009 00:00:00,       223.639324
11/29/2009 01:00:00,       223.989268
11/29/2009 02:00:00,       208.790093
11/29/2009 03:00:00,       208.790093
11/29/2009 04:00:00,       192.790093
11/29/2009 05:00:00,       207.962671
11/29/2009 06:00:00,       222.384086
11/29/2009 07:00:00,       223.181495
11/29/2009 08:00:00,       223.950935
11/29/2009 09:00:00,       223.868303
11/29/2009 10:00:00,       223.729270
11/29/2009 11:00:00,       223.432384
11/29/2009 12:00:00,       223.003485
11/29/2009 13:00:00,       222.469865
11/29/2009 14:00:00,       221.570971
11/29/2009 15:00:00,       220.469166
11/29/2009 16:00:00,       218.843412
11/29/2009 17:00:00,       216.494403
11/29/2009 18:00:00,       213.147631
11/29/2009 19:00:00,       208.930030
11/29/2009 20:00:00,       206.883619
11/29/2009 21:00:00,       202.396246
11/29/2009 22:00:00,       171.032360
11/29/2009 23:00:00,       167.160720
11/30/2009 00:00:00,       136.418981
11/30/2009 01:00:00,        34.880790
11/30/2009 02:00:00,        30.437384
11/30/2009 03:00:00,         2.515558
11/30/2009 04:00:00,         0.000000
11/30/2009 05:00:00,         0.000000
11/30/2009 06:00:00,         0.000000
11/30/2009 07:00:00,         0.000000
11/30/2009 08:00:00,         0.000000
11/30/2009 09:00:00,         0.000000
11/30/2009 10:00:00,         0.000000
11/30/2009 11:00:00,         0.000000
11/30/2009 12:00:00,         0.000000
11/30/2009 13:00:00,         0.000000
11/30/2009 14:00:00,         0.000000
11/30/2009 15:00:00,         0.000000
11/30/2009 16:00:00,         0.000000
11/30/2009 17:00:00,         5.091347
11/30/2009 18:00:00,         5.877567
11/30/2009 19:00:00,        12.385470
11/30/2009 20:00:00,        15.547480
11/30/2009 21:00:00,        16.731700
11/30/2009 22:00:00,        18.043820
11/30/2009 23:00:00,        24.750470
12/01/2009 00:00:00,        78.519828
12/01/2009 01:00:00,        81.487560
12/01/2009 02:00:00,        80.300282
12/01/2009 03:00:00,        72.714446
12/01/2009 04:00:00,        86.606429
12/01/2009 05:00:00,        87.667248
12/01/2009 06:00:00,        91.714858
12/01/2009 07:00:00,        94.802925
12/01/2009 08:00:00,        95.481438
12/01/2009 09:00:00,        96.850266
12/01/2009 10:00:00,        95.907682
12/01/2009 11:00:00,        94.229169
12/01/2009 12:00:00,        93.048840
12/01/2009 13:00:00,        93.229380
12/01/2009 14:00:00,        91.365940
12/01/2009 15:00:00,        90.132058
12/01/2009 16:00:00,        90.726948
12/01/2009 17:00:00,        93.308729
12/01/2009 18:00:00,        98.117717
12/01/2009 19:00:00,       102.369724
12/01/2009 20:00:00,       107.845745
12/01/2009 21:00:00,       114.694140
12/01/2009 22:00:00,       118.435296
12/01/2009 23:00:00,       105.143979
12/02/2009 00:00:00,        84.321944
12/02/2009 01:00:00,        22.884106
12/02/2009 02:00:00,        20.611429
12/02/2009 03:00:00,        20.707290
12/02/2009 04:00:00,        33.710630
12/02/2009 05:00:00,        61.321140
12/02/2009 06:00:00,        81.498510
12/02/2009 07:00:00,       101.837143
12/02/2009 08:00:00,       103.635651
12/02/2009 09:00:00,       103.777830
12/02/2009 10:00:00,       100.872280
12/02/2009 11:00:00,        97.182929
12/02/2009 12:00:00,        94.140126
12/02/2009 13:00:00,        89.042330
12/02/2009 14:00:00,        82.861532
12/02/2009 15:00:00,        76.386008
12/02/2009 16:00:00,        70.391537
12/02/2009 17:00:00,        64.781150
12/02/2009 18:00:00,        59.556511
12/02/2009 19:00:00,        53.991010
12/02/2009 20:00:00,        48.312680
12/02/2009 21:00:00,        43.670409
12/02/2009 22:00:00,        41.652813
12/02/2009 23:00:00,        41.858320
12/03/2009 00:00:00,        44.069907
12/03/2009 01:00:00,        79.820530
12/03/2009 02:00:00,        76.668886
12/03/2009 03:00:00,        73.786491
12/03/2009 04:00:00,        71.870606
12/03/2009 05:00:00,        71.123250
12/03/2009 06:00:00,        76.869217
12/03/2009 07:00:00,        85.547480
12/03/2009 08:00:00,        93.230855
12/03/2009 09:00:00,        98.682595
12/03/2009 10:00:00,       103.210535
12/03/2009 11:00:00,       110.581148
12/03/2009 12:00:00,       114.186603
12/03/2009 13:00:00,       115.367325
12/03/2009 14:00:00,       113.602880
12/03/2009 15:00:00,       114.837099
12/03/2009 16:00:00,       119.839683
12/03/2009 17:00:00,       128.362220
12/03/2009 18:00:00,       135.002357
12/03/2009 19:00:00,       132.763206
12/03/2009 20:00:00,       126.911032
12/03/2009 21:00:00,       119.646573
12/03/2009 22:00:00,       114.743666
12/03/2009 23:00:00,       110.164245
12/04/2009 00:00:00,       101.012043
12/04/2009 01:00:00,       158.289412
12/04/2009 02:00:00,       159.630866
12/04/2009 03:00:00,       159.972077
12/04/2009 04:00:00,       158.975641
12/04/2009 05:00:00,       157.200855
12/04/2009 06:00:00,        55.991672
12/04/2009 07:00:00,        22.599893
12/04/2009 08:00:00,        36.150934
12/04/2009 09:00:00,        48.599376
12/04/2009 10:00:00,        37.218032
12/04/2009 11:00:00,        14.302575
12/04/2009 12:00:00,        36.105265
12/04/2009 13:00:00,        71.296650
12/04/2009 14:00:00,        71.783440
12/04/2009 15:00:00,       122.588895
12/04/2009 16:00:00,       173.532810
12/04/2009 17:00:00,       176.342867
12/04/2009 18:00:00,       179.725875
12/04/2009 19:00:00,       191.276739
12/04/2009 20:00:00,       193.997485
12/04/2009 21:00:00,       195.388779
12/04/2009 22:00:00,       195.563132
12/04/2009 23:00:00,       196.088380
12/05/2009 00:00:00,       198.085503
12/05/2009 01:00:00,       152.107616
12/05/2009 02:00:00,       153.426518
12/05/2009 03:00:00,         8.130865
12/05/2009 04:00:00,        19.781522
12/05/2009 05:00:00,       138.000127
12/05/2009 06:00:00,       139.242276
12/05/2009 07:00:00,       132.037937
12/05/2009 08:00:00,       126.556956
12/05/2009 09:00:00,       116.789272
12/05/2009 10:00:00,       111.908556
12/05/2009 11:00:00,        99.048886
12/05/2009 12:00:00,        84.830904
12/05/2009 13:00:00,        71.398216
12/05/2009 14:00:00,        58.180093
12/05/2009 15:00:00,        45.741884
12/05/2009 16:00:00,        34.964712
12/05/2009 17:00:00,        27.466728
12/05/2009 18:00:00,        21.816951
12/05/2009 19:00:00,        15.420206
12/05/2009 20:00:00,         9.914433
12/05/2009 21:00:00,         7.272962
12/05/2009 22:00:00,         6.108115
12/05/2009 23:00:00,         5.340951
12/06/2009 00:00:00,         5.352188
12/06/2009 01:00:00,         6.371860
12/06/2009 02:00:00,         8.265341
12/06/2009 03:00:00,        10.861787
12/06/2009 04:00:00,        12.429271
12/06/2009 05:00:00,        13.407935
12/06/2009 06:00:00,        13.713597
12/06/2009 07:00:00,        14.400132
12/06/2009 08:00:00,        14.455247
12/06/2009 09:00:00,        15.376198
12/06/2009 10:00:00,        17.460360
12/06/2009 11:00:00,        23.840125
12/06/2009 12:00:00,        29.723201
12/06/2009 13:00:00,        38.457716
12/06/2009 14:00:00,        49.029884
12/06/2009 15:00:00,        59.070731
12/06/2009 16:00:00,        69.565106
12/06/2009 17:00:00,        82.048925
12/06/2009 18:00:00,        96.586258
12/06/2009 19:00:00,       107.075153
12/06/2009 20:00:00,       121.100279
12/06/2009 21:00:00,       133.231029
12/06/2009 22:00:00,       146.794441
12/06/2009 23:00:00,       159.208499
12/07/2009 00:00:00,       168.300739
12/07/2009 01:00:00,       156.831655
12/07/2009 02:00:00,       161.791316
12/07/2009 03:00:00,       162.707692
12/07/2009 04:00:00,       163.790495
12/07/2009 05:00:00,       164.855697
12/07/2009 06:00:00,       166.149959
12/07/2009 07:00:00,       161.007052
12/07/2009 08:00:00,       152.612106
12/07/2009 09:00:00,       144.864187
12/07/2009 10:00:00,       135.732370
12/07/2009 11:00:00,       128.984910
12/07/2009 12:00:00,       122.496627
12/07/2009 13:00:00,       116.363608
12/07/2009 14:00:00,       103.834439
12/07/2009 15:00:00,        90.282113
12/07/2009 16:00:00,        75.757023
12/07/2009 17:00:00,        62.539054
12/07/2009 18:00:00,        50.201631
12/07/2009 19:00:00,        41.507507
12/07/2009 20:00:00,        34.092957
12/07/2009 21:00:00,        30.585894
12/07/2009 22:00:00,        27.855251
12/07/2009 23:00:00,        24.511609
12/08/2009 00:00:00,        21.106200
12/08/2009 01:00:00,        14.154563
12/08/2009 02:00:00,        16.444851
12/08/2009 03:00:00,        19.517472
12/08/2009 04:00:00,        22.584976
12/08/2009 05:00:00,        26.010308
12/08/2009 06:00:00,        29.064645
12/08/2009 07:00:00,        32.668043
12/08/2009 08:00:00,        37.172629
12/08/2009 09:00:00,        42.831573
12/08/2009 10:00:00,        47.337550
12/08/2009 11:00:00,        49.890110
12/08/2009 12:00:00,        51.312705
12/08/2009 13:00:00,        52.478363
12/08/2009 14:00:00,        52.819310
12/08/2009 15:00:00,        55.153672
12/08/2009 16:00:00,        56.424370
12/08/2009 17:00:00,        55.467192
12/08/2009 18:00:00,        56.981981
12/08/2009 19:00:00,        58.128292
12/08/2009 20:00:00,        58.604697
12/08/2009 21:00:00,        59.314983
12/08/2009 22:00:00,        60.285511
12/08/2009 23:00:00,        60.827472
12/09/2009 00:00:00,        60.973659
12/09/2009 01:00:00,        58.431325
12/09/2009 02:00:00,        52.535738
12/09/2009 03:00:00,        47.357286
12/09/2009 04:00:00,        43.195390
12/09/2009 05:00:00,        42.415399
12/09/2009 06:00:00,        45.197909
12/09/2009 07:00:00,        50.281030
12/09/2009 08:00:00,        49.639482
12/09/2009 09:00:00,        50.018926
12/09/2009 10:00:00,        54.993045
12/09/2009 11:00:00,        66.174021
12/09/2009 12:00:00,        80.045318
12/09/2009 13:00:00,        95.403146
12/09/2009 14:00:00,       111.020560
12/09/2009 15:00:00,       128.564385
12/09/2009 16:00:00,       146.146814
12/09/2009 17:00:00,       162.268625
12/09/2009 18:00:00,       176.887017
12/09/2009 19:00:00,       188.408100
12/09/2009 20:00:00,       195.287600
12/09/2009 21:00:00,       200.676000
12/09/2009 22:00:00,       192.035219
12/09/2009 23:00:00,       195.750700
12/10/2009 00:00:00,       166.994066
12/10/2009 01:00:00,       136.862448
12/10/2009 02:00:00,       111.751526
12/10/2009 03:00:00,        49.555195
12/10/2009 04:00:00,        13.438804
12/10/2009 05:00:00,         1.445924
12/10/2009 06:00:00,         0.328410
12/10/2009 07:00:00,         0.000000
12/10/2009 08:00:00,         0.000000
12/10/2009 09:00:00,         0.000000
12/10/2009 10:00:00,         0.000000
12/10/2009 11:00:00,         0.000000
12/10/2009 12:00:00,        13.978782
12/10/2009 13:00:00,        14.144419
12/10/2009 14:00:00,        15.353793
12/10/2009 15:00:00,         0.000000
12/10/2009 16:00:00,         0.000000
12/10/2009 17:00:00,        60.790500
12/10/2009 18:00:00,       183.462700
12/10/2009 19:00:00,       192.315700
12/10/2009 20:00:00,       195.637200
12/10/2009 21:00:00,       193.960395
12/10/2009 22:00:00,       197.735643
12/10/2009 23:00:00,       201.160615
12/11/2009 00:00:00,       200.214018
12/11/2009 01:00:00,       223.945014
12/11/2009 02:00:00,       223.938081
12/11/2009 03:00:00,       223.985806
12/11/2009 04:00:00,       223.987744
12/11/2009 05:00:00,       223.965352
12/11/2009 06:00:00,       223.989698
12/11/2009 07:00:00,       223.989626
12/11/2009 08:00:00,       223.989998
12/11/2009 09:00:00,       223.989949
12/11/2009 10:00:00,       223.991276
12/11/2009 11:00:00,       223.995242
12/11/2009 12:00:00,       223.995314
12/11/2009 13:00:00,       223.995439
12/11/2009 14:00:00,       223.995082
12/11/2009 15:00:00,       223.995082
12/11/2009 16:00:00,       223.994951
12/11/2009 17:00:00,       223.994912
12/11/2009 18:00:00,       223.995503
12/11/2009 19:00:00,       223.999403
12/11/2009 20:00:00,       223.999279
12/11/2009 21:00:00,       223.999067
12/11/2009 22:00:00,       223.998719
12/11/2009 23:00:00,       223.998309
12/12/2009 00:00:00,       223.994894
12/12/2009 01:00:00,       223.973899
12/12/2009 02:00:00,       223.951259
12/12/2009 03:00:00,       223.928475
12/12/2009 04:00:00,       223.708414
12/12/2009 05:00:00,       223.466104
12/12/2009 06:00:00,       223.443002
12/12/2009 07:00:00,       223.444405
12/12/2009 08:00:00,       223.406634
12/12/2009 09:00:00,       223.363339
12/12/2009 10:00:00,       223.364153
12/12/2009 11:00:00,       223.301385
12/12/2009 12:00:00,       223.210306
12/12/2009 13:00:00,       223.129141
12/12/2009 14:00:00,       223.239330
12/12/2009 15:00:00,       223.114982
12/12/2009 16:00:00,       223.076396
12/12/2009 17:00:00,       223.131026
12/12/2009 18:00:00,       223.292296
12/12/2009 19:00:00,       223.268503
12/12/2009 20:00:00,       223.198035
12/12/2009 21:00:00,       223.108096
12/12/2009 22:00:00,       222.990114
12/12/2009 23:00:00,       222.827100
12/13/2009 00:00:00,       222.726301
12/13/2009 01:00:00,       198.509322
12/13/2009 02:00:00,       186.430170
12/13/2009 03:00:00,       175.157267
12/13/2009 04:00:00,       162.654714
12/13/2009 05:00:00,       153.802573
12/13/2009 06:00:00,       146.079715
12/13/2009 07:00:00,       130.194475
12/13/2009 08:00:00,       111.985781
12/13/2009 09:00:00,        87.072775
12/13/2009 10:00:00,        43.774070
12/13/2009 11:00:00,        10.673605
12/13/2009 12:00:00,         6.221816
12/13/2009 13:00:00,        54.509572
12/13/2009 14:00:00,        42.268670
12/13/2009 15:00:00,        67.980119
12/13/2009 16:00:00,        72.211434
12/13/2009 17:00:00,        81.454787
12/13/2009 18:00:00,        91.170307
12/13/2009 19:00:00,        94.485296
12/13/2009 20:00:00,        97.356512
12/13/2009 21:00:00,       100.062964
12/13/2009 22:00:00,       117.971020
12/13/2009 23:00:00,       105.206042
12/14/2009 00:00:00,         5.584010
12/14/2009 01:00:00,         3.359669
12/14/2009 02:00:00,         0.000000
12/14/2009 03:00:00,         0.000000
12/14/2009 04:00:00,         7.193079
12/14/2009 05:00:00,        15.254211
12/14/2009 06:00:00,        22.412077
12/14/2009 07:00:00,        57.787482
12/14/2009 08:00:00,        85.198523
12/14/2009 09:00:00,        97.232201
12/14/2009 10:00:00,       114.123612
12/14/2009 11:00:00,       107.419517
12/14/2009 12:00:00,        99.769705
12/14/2009 13:00:00,        90.722969
12/14/2009 14:00:00,        80.242446
12/14/2009 15:00:00,        71.663796
12/14/2009 16:00:00,        61.105750
12/14/2009 17:00:00,        50.684517
12/14/2009 18:00:00,        40.492365
12/14/2009 19:00:00,        33.140406
12/14/2009 20:00:00,        25.736105
12/14/2009 21:00:00,        19.764382
12/14/2009 22:00:00,        15.328003
12/14/2009 23:00:00,        12.126330
12/15/2009 00:00:00,        10.099664
12/15/2009 01:00:00,        10.485636
12/15/2009 02:00:00,         6.929756
12/15/2009 03:00:00,         0.225762
12/15/2009 04:00:00,         0.039641
12/15/2009 05:00:00,         0.593571
12/15/2009 06:00:00,         0.122991
12/15/2009 07:00:00,         0.000000
12/15/2009 08:00:00,         0.000000
12/15/2009 09:00:00,         0.000000
12/15/2009 10:00:00,         0.000000
12/15/2009 11:00:00,         0.000000
12/15/2009 12:00:00,         0.000000
12/15/2009 13:00:00,         0.000000
12/15/2009 14:00:00,         0.000000
12/15/2009 15:00:00,         0.000000
12/15/2009 16:00:00,         0.000000
12/15/2009 17:00:00,         0.000000
12/15/2009 18:00:00,         0.000000
12/15/2009 19:00:00,         0.000000
12/15/2009 20:00:00,         0.000000
12/15/2009 21:00:00,         0.000000
12/15/2009 22:00:00,         0.000000
12/15/2009 23:00:00,         0.000000
12/16/2009 00:00:00,         3.683087
12/16/2009 01:00:00,        36.365253
12/16/2009 02:00:00,        49.324017
12/16/2009 03:00:00,       116.736842
12/16/2009 04:00:00,       183.153788
12/16/2009 05:00:00,       190.707380
12/16/2009 06:00:00,       194.629006
12/16/2009 07:00:00,       198.206457
12/16/2009 08:00:00,       207.312520
12/16/2009 09:00:00,       211.372754
12/16/2009 10:00:00,       215.140552
12/16/2009 11:00:00,       216.909619
12/16/2009 12:00:00,       217.136907
12/16/2009 13:00:00,       218.396775
12/16/2009 14:00:00,       219.286244
12/16/2009 15:00:00,       219.626580
12/16/2009 16:00:00,       219.669823
12/16/2009 17:00:00,       219.367020
12/16/2009 18:00:00,       219.144555
12/16/2009 19:00:00,       219.532661
12/16/2009 20:00:00,       219.902287
12/16/2009 21:00:00,       220.392729
12/16/2009 22:00:00,       220.929914
12/16/2009 23:00:00,       221.485534
12/17/2009 00:00:00,       222.117195
12/17/2009 01:00:00,       222.449625
12/17/2009 02:00:00,       222.390782
12/17/2009 03:00:00,       222.457931
12/17/2009 04:00:00,       222.232429
12/17/2009 05:00:00,       222.275917
12/17/2009 06:00:00,       222.447693
12/17/2009 07:00:00,       222.362698
12/17/2009 08:00:00,       222.240887
12/17/2009 09:00:00,       222.170307
12/17/2009 10:00:00,       222.027708
12/17/2009 11:00:00,       221.476101
12/17/2009 12:00:00,       221.022546
12/17/2009 13:00:00,       221.163517
12/17/2009 14:00:00,       220.833566
12/17/2009 15:00:00,       220.480120
12/17/2009 16:00:00,       220.403535
12/17/2009 17:00:00,       220.242014
12/17/2009 18:00:00,       220.029445
12/17/2009 19:00:00,       220.206468
12/17/2009 20:00:00,       220.284964
12/17/2009 21:00:00,       219.849714
12/17/2009 22:00:00,       219.308169
12/17/2009 23:00:00,       218.821855
12/18/2009 00:00:00,       218.186095
12/18/2009 01:00:00,       216.671529
12/18/2009 02:00:00,       216.152291
12/18/2009 03:00:00,       215.143746
12/18/2009 04:00:00,       213.882755
12/18/2009 05:00:00,       212.088066
12/18/2009 06:00:00,       210.572178
12/18/2009 07:00:00,       208.677324
12/18/2009 08:00:00,       206.871927
12/18/2009 09:00:00,       205.321834
12/18/2009 10:00:00,       204.336084
12/18/2009 11:00:00,       203.875017
12/18/2009 12:00:00,       202.851231
12/18/2009 13:00:00,       202.417103
12/18/2009 14:00:00,       203.108959
12/18/2009 15:00:00,       204.289011
12/18/2009 16:00:00,       205.289347
12/18/2009 17:00:00,       206.568615
12/18/2009 18:00:00,       207.884865
12/18/2009 19:00:00,       209.290376
12/18/2009 20:00:00,       210.745724
12/18/2009 21:00:00,       213.181825
12/18/2009 22:00:00,       214.985715
12/18/2009 23:00:00,       216.734426
12/19/2009 00:00:00,       218.119341
12/19/2009 01:00:00,       220.180852
12/19/2009 02:00:00,       219.568977
12/19/2009 03:00:00,       219.166498
12/19/2009 04:00:00,       218.324930
12/19/2009 05:00:00,       217.011490
12/19/2009 06:00:00,       215.647073
12/19/2009 07:00:00,       214.138774
12/19/2009 08:00:00,       211.973774
12/19/2009 09:00:00,       209.251737
12/19/2009 10:00:00,       205.996927
12/19/2009 11:00:00,       201.936564
12/19/2009 12:00:00,       197.659815
12/19/2009 13:00:00,       191.017419
12/19/2009 14:00:00,       183.519028
12/19/2009 15:00:00,       179.410823
12/19/2009 16:00:00,       174.506818
12/19/2009 17:00:00,       165.114223
12/19/2009 18:00:00,       153.630028
12/19/2009 19:00:00,       148.281891
12/19/2009 20:00:00,       142.684921
12/19/2009 21:00:00,       137.594012
12/19/2009 22:00:00,       132.946433
12/19/2009 23:00:00,       131.543740
12/20/2009 00:00:00,       130.796381
12/20/2009 01:00:00,        64.401254
12/20/2009 02:00:00,        65.393213
12/20/2009 03:00:00,        70.307656
12/20/2009 04:00:00,        76.787006
12/20/2009 05:00:00,        82.220150
12/20/2009 06:00:00,        94.112122
12/20/2009 07:00:00,       101.515403
12/20/2009 08:00:00,       108.002645
12/20/2009 09:00:00,       111.795940
12/20/2009 10:00:00,       116.422113
12/20/2009 11:00:00,       117.850538
12/20/2009 12:00:00,       117.772016
12/20/2009 13:00:00,       118.691502
12/20/2009 14:00:00,       118.777181
12/20/2009 15:00:00,       120.864870
12/20/2009 16:00:00,       121.112206
12/20/2009 17:00:00,       118.091870
12/20/2009 18:00:00,       116.256583
12/20/2009 19:00:00,       112.435627
12/20/2009 20:00:00,       107.519081
12/20/2009 21:00:00,       106.034672
12/20/2009 22:00:00,       106.228411
12/20/2009 23:00:00,       105.476983
12/21/2009 00:00:00,       109.652651
12/21/2009 01:00:00,        88.512496
12/21/2009 02:00:00,        89.078789
12/21/2009 03:00:00,        91.681021
12/21/2009 04:00:00,        89.656084
12/21/2009 05:00:00,        88.825274
12/21/2009 06:00:00,        89.829899
12/21/2009 07:00:00,        91.001686
12/21/2009 08:00:00,        93.619893
12/21/2009 09:00:00,        95.329906
12/21/2009 10:00:00,        95.925769
12/21/2009 11:00:00,        98.215445
12/21/2009 12:00:00,        98.987692
12/21/2009 13:00:00,       101.234861
12/21/2009 14:00:00,       106.811940
12/21/2009 15:00:00,       113.517101
12/21/2009 16:00:00,       120.754749
12/21/2009 17:00:00,       128.294857
12/21/2009 18:00:00,       133.981223
12/21/2009 19:00:00,       136.179939
12/21/2009 20:00:00,       138.377009
12/21/2009 21:00:00,       141.624355
12/21/2009 22:00:00,       146.423950
12/21/2009 23:00:00,       152.431807
12/22/2009 00:00:00,       161.018287
12/22/2009 01:00:00,       104.264890
12/22/2009 02:00:00,       103.016599
12/22/2009 03:00:00,        99.134169
12/22/2009 04:00:00,        98.597485
12/22/2009 05:00:00,        97.095093
12/22/2009 06:00:00,        96.272413
12/22/2009 07:00:00,        95.025946
12/22/2009 08:00:00,        92.243908
12/22/2009 09:00:00,        86.986596
12/22/2009 10:00:00,        81.565069
12/22/2009 11:00:00,        78.152213
12/22/2009 12:00:00,        76.689487
12/22/2009 13:00:00,        74.867593
12/22/2009 14:00:00,        74.338048
12/22/2009 15:00:00,        73.046837
12/22/2009 16:00:00,        71.604646
12/22/2009 17:00:00,        67.702508
12/22/2009 18:00:00,        64.569318
12/22/2009 19:00:00,        62.620650
12/22/2009 20:00:00,        60.790827
12/22/2009 21:00:00,        59.851876
12/22/2009 22:00:00,        59.347325
12/22/2009 23:00:00,        59.565699
12/23/2009 00:00:00,        60.993092
12/23/2009 01:00:00,        42.721870
12/23/2009 02:00:00,        40.373527
12/23/2009 03:00:00,        38.280572
12/23/2009 04:00:00,        37.262344
12/23/2009 05:00:00,        38.207817
12/23/2009 06:00:00,        42.554120
12/23/2009 07:00:00,        48.771784
12/23/2009 08:00:00,        54.374848
12/23/2009 09:00:00,        60.046093
12/23/2009 10:00:00,        66.992019
12/23/2009 11:00:00,        75.080706
12/23/2009 12:00:00,        85.475696
12/23/2009 13:00:00,        99.038686
12/23/2009 14:00:00,       112.999250
12/23/2009 15:00:00,       127.448950
12/23/2009 16:00:00,       142.220010
12/23/2009 17:00:00,       156.346140
12/23/2009 18:00:00,       156.399112
12/23/2009 19:00:00,       165.099805
12/23/2009 20:00:00,       169.916600
12/23/2009 21:00:00,       113.495344
12/23/2009 22:00:00,        79.126904
12/23/2009 23:00:00,        63.048500
12/24/2009 00:00:00,        33.908000
12/24/2009 01:00:00,        32.156000
12/24/2009 02:00:00,         1.596353
12/24/2009 03:00:00,         1.589144
12/24/2009 04:00:00,         0.000000
12/24/2009 05:00:00,         0.000000
12/24/2009 06:00:00,         0.000000
12/24/2009 07:00:00,         0.000000
12/24/2009 08:00:00,         0.000000
12/24/2009 09:00:00,         0.000000
12/24/2009 10:00:00,        52.147818
12/24/2009 11:00:00,         7.026269
12/24/2009 12:00:00,         6.161031
12/24/2009 13:00:00,         5.300292
12/24/2009 14:00:00,         4.957438
12/24/2009 15:00:00,         0.000000
12/24/2009 16:00:00,         3.845573
12/24/2009 17:00:00,         7.849418
12/24/2009 18:00:00,         6.649878
12/24/2009 19:00:00,         0.199953
12/24/2009 20:00:00,        14.112975
12/24/2009 21:00:00,        16.379422
12/24/2009 22:00:00,        21.475986
12/24/2009 23:00:00,        21.819424
12/25/2009 00:00:00,        22.457985
12/25/2009 01:00:00,         5.062230
12/25/2009 02:00:00,         4.622435
12/25/2009 03:00:00,         4.641528
12/25/2009 04:00:00,         3.682416
12/25/2009 05:00:00,         3.978251
12/25/2009 06:00:00,         4.407506
12/25/2009 07:00:00,         5.009442
12/25/2009 08:00:00,         5.596394
12/25/2009 09:00:00,         5.965972
12/25/2009 10:00:00,         6.250884
12/25/2009 11:00:00,         6.777858
12/25/2009 12:00:00,         7.111423
12/25/2009 13:00:00,         6.484650
12/25/2009 14:00:00,         3.752472
12/25/2009 15:00:00,         3.706310
12/25/2009 16:00:00,         2.372456
12/25/2009 17:00:00,         4.863777
12/25/2009 18:00:00,         0.000000
12/25/2009 19:00:00,         0.000000
12/25/2009 20:00:00,         0.000000
12/25/2009 21:00:00,         6.343512
12/25/2009 22:00:00,         6.727715
12/25/2009 23:00:00,         0.000000
12/26/2009 00:00:00,         0.000000
12/26/2009 01:00:00,         0.000000
12/26/2009 02:00:00,         0.000000
12/26/2009 03:00:00,         0.000000
12/26/2009 04:00:00,         7.932500
12/26/2009 05:00:00,        12.939000
12/26/2009 06:00:00,        12.983400
12/26/2009 07:00:00,        12.681440
12/26/2009 08:00:00,         7.662073
12/26/2009 09:00:00,         0.298468
12/26/2009 10:00:00,         0.000000
12/26/2009 11:00:00,         0.000000
12/26/2009 12:00:00,         0.000000
12/26/2009 13:00:00,         0.000000
12/26/2009 14:00:00,         5.291500
12/26/2009 15:00:00,        17.736500
12/26/2009 16:00:00,        39.476230
12/26/2009 17:00:00,        43.624290
12/26/2009 18:00:00,        49.830560
12/26/2009 19:00:00,        49.127520
12/26/2009 20:00:00,        48.406920
12/26/2009 21:00:00,        48.218210
12/26/2009 22:00:00,        47.214167
12/26/2009 23:00:00,        50.406290
12/27/2009 00:00:00,        51.363005
12/27/2009 01:00:00,        58.141255
12/27/2009 02:00:00,        74.229832
12/27/2009 03:00:00,        72.704093
12/27/2009 04:00:00,        77.621043
12/27/2009 05:00:00,        61.338437
12/27/2009 06:00:00,        57.160152
12/27/2009 07:00:00,        51.322428
12/27/2009 08:00:00,         1.648244
12/27/2009 09:00:00,         0.256952
12/27/2009 10:00:00,         0.000000
12/27/2009 11:00:00,         0.000000
12/27/2009 12:00:00,        34.955024
12/27/2009 13:00:00,         0.000000
12/27/2009 14:00:00,         0.000000
12/27/2009 15:00:00,         0.000000
12/27/2009 16:00:00,        56.364529
12/27/2009 17:00:00,       114.713879
12/27/2009 18:00:00,       110.966593
12/27/2009 19:00:00,       111.780685
12/27/2009 20:00:00,       113.654784
12/27/2009 21:00:00,       112.487538
12/27/2009 22:00:00,       113.875800
12/27/2009 23:00:00,       112.847384
12/28/2009 00:00:00,       109.880345
12/28/2009 01:00:00,       142.822733
12/28/2009 02:00:00,         4.892723
12/28/2009 03:00:00,         0.266617
12/28/2009 04:00:00,        20.710024
12/28/2009 05:00:00,        41.514829
12/28/2009 06:00:00,       129.581184
12/28/2009 07:00:00,        72.494517
12/28/2009 08:00:00,       127.007422
12/28/2009 09:00:00,       108.956460
12/28/2009 10:00:00,       100.427803
12/28/2009 11:00:00,       125.385819
12/28/2009 12:00:00,       106.663312
12/28/2009 13:00:00,        93.581074
12/28/2009 14:00:00,        52.184510
12/28/2009 15:00:00,        28.418782
12/28/2009 16:00:00,        41.727297
12/28/2009 17:00:00,        46.598077
12/28/2009 18:00:00,        43.757360
12/28/2009 19:00:00,        36.963540
12/28/2009 20:00:00,        31.380600
12/28/2009 21:00:00,        23.820887
12/28/2009 22:00:00,        16.853784
12/28/2009 23:00:00,         9.621903
12/29/2009 00:00:00,         4.885140
12/29/2009 01:00:00,         0.002077
12/29/2009 02:00:00,        38.190000
12/29/2009 03:00:00,        51.756000
12/29/2009 04:00:00,        58.541920
12/29/2009 05:00:00,        57.488614
12/29/2009 06:00:00,        62.440786
12/29/2009 07:00:00,        61.764337
12/29/2009 08:00:00,        77.558594
12/29/2009 09:00:00,        89.603317
12/29/2009 10:00:00,       102.531686
12/29/2009 11:00:00,       117.028428
12/29/2009 12:00:00,       131.346120
12/29/2009 13:00:00,       142.196744
12/29/2009 14:00:00,       150.995897
12/29/2009 15:00:00,       159.901778
12/29/2009 16:00:00,       169.441890
12/29/2009 17:00:00,       179.905191
12/29/2009 18:00:00,       191.835079
12/29/2009 19:00:00,       203.527425
12/29/2009 20:00:00,       213.258974
12/29/2009 21:00:00,       219.355627
12/29/2009 22:00:00,       221.981893
12/29/2009 23:00:00,       222.893588
12/30/2009 00:00:00,       223.193442
12/30/2009 01:00:00,       223.054456
12/30/2009 02:00:00,       222.778090
12/30/2009 03:00:00,       222.591624
12/30/2009 04:00:00,       222.358338
12/30/2009 05:00:00,       221.803571
12/30/2009 06:00:00,       220.428007
12/30/2009 07:00:00,       219.035696
12/30/2009 08:00:00,       218.337952
12/30/2009 09:00:00,       216.162433
12/30/2009 10:00:00,       215.020642
12/30/2009 11:00:00,       212.090307
12/30/2009 12:00:00,       206.978301
12/30/2009 13:00:00,       201.132574
12/30/2009 14:00:00,       194.720083
12/30/2009 15:00:00,       189.639781
12/30/2009 16:00:00,       184.861495
12/30/2009 17:00:00,       178.023711
12/30/2009 18:00:00,       170.732172
12/30/2009 19:00:00,       167.957150
12/30/2009 20:00:00,       165.604678
12/30/2009 21:00:00,       162.640552
12/30/2009 22:00:00,       159.646077
12/30/2009 23:00:00,       158.467179
12/31/2009 00:00:00,       156.830733
12/31/2009 01:00:00,       114.509044
12/31/2009 02:00:00,       107.287285
12/31/2009 03:00:00,       101.738576
12/31/2009 04:00:00,        95.380728
12/31/2009 05:00:00,        87.505112
12/31/2009 06:00:00,        78.903533
12/31/2009 07:00:00,        70.839658
12/31/2009 08:00:00,        58.516687
12/31/2009 09:00:00,        48.686900
12/31/2009 10:00:00,        38.942809
12/31/2009 11:00:00,        30.733140
12/31/2009 12:00:00,        24.603652
12/31/2009 13:00:00,        17.075004
12/31/2009 14:00:00,        10.652771
12/31/2009 15:00:00,         8.829085
12/31/2009 16:00:00,         7.693448
12/31/2009 17:00:00,         6.285579
12/31/2009 18:00:00,         5.805565
12/31/2009 19:00:00,         5.708265
12/31/2009 20:00:00,         6.234349
12/31/2009 21:00:00,         6.682774
12/31/2009 22:00:00,         6.954853
12/31/2009 23:00:00,         7.609622
01/01/2010 00:00:00,         3.102682
01/01/2010 01:00:00,         0.633763
01/01/2010 02:00:00,         0.381004
01/01/2010 03:00:00,         0.066582
01/01/2010 04:00:00,         0.000000
01/01/2010 05:00:00,         0.000000
01/01/2010 06:00:00,         0.000000
01/01/2010 07:00:00,         0.000000
01/01/2010 08:00:00,         0.000000
01/01/2010 09:00:00,         0.000000
01/01/2010 10:00:00,         0.000000
01/01/2010 11:00:00,         0.000000
01/01/2010 12:00:00,         0.000000
01/01/2010 13:00:00,         0.000000
01/01/2010 14:00:00,         0.000000
01/01/2010 15:00:00,         0.000000
01/01/2010 16:00:00,         0.000000
01/01/2010 17:00:00,         0.000000
01/01/2010 18:00:00,         0.000000
01/01/2010 19:00:00,         3.629000
01/01/2010 20:00:00,         3.751400
01/01/2010 21:00:00,         0.056766
01/01/2010 22:00:00,         0.079754
01/01/2010 23:00:00,         0.000000
01/02/2010 00:00:00,         0.000000
01/02/2010 01:00:00,         0.000000
01/02/2010 02:00:00,         0.152547
01/02/2010 03:00:00,         0.000000
01/02/2010 04:00:00,         0.000000
01/02/2010 05:00:00,         6.213000
01/02/2010 06:00:00,         6.431500
01/02/2010 07:00:00,         6.894930
01/02/2010 08:00:00,         7.226300
01/02/2010 09:00:00,        22.793040
01/02/2010 10:00:00,        35.772480
01/02/2010 11:00:00,        37.966660
01/02/2010 12:00:00,        39.844520
01/02/2010 13:00:00,        38.095281
01/02/2010 14:00:00,        79.796734
01/02/2010 15:00:00,       119.558944
01/02/2010 16:00:00,       133.960548
01/02/2010 17:00:00,       144.445657
01/02/2010 18:00:00,       153.185503
01/02/2010 19:00:00,       155.940982
01/02/2010 20:00:00,       164.372370
01/02/2010 21:00:00,       170.592008
01/02/2010 22:00:00,       177.776555
01/02/2010 23:00:00,       185.164656
01/03/2010 00:00:00,       191.083653
01/03/2010 01:00:00,       222.863999
01/03/2010 02:00:00,       222.736137
01/03/2010 03:00:00,       221.499336
01/03/2010 04:00:00,       208.717286
01/03/2010 05:00:00,       207.952292
01/03/2010 06:00:00,       192.758547
01/03/2010 07:00:00,       192.771500
01/03/2010 08:00:00,       191.990500
01/03/2010 09:00:00,       207.190400
01/03/2010 10:00:00,       207.184300
01/03/2010 11:00:00,       192.745972
01/03/2010 12:00:00,       192.681907
01/03/2010 13:00:00,       191.684425
01/03/2010 14:00:00,       206.809770
01/03/2010 15:00:00,       222.629617
01/03/2010 16:00:00,       222.497832
01/03/2010 17:00:00,       223.116218
01/03/2010 18:00:00,       222.933599
01/03/2010 19:00:00,       222.661100
01/03/2010 20:00:00,       222.385735
01/03/2010 21:00:00,       192.014581
01/03/2010 22:00:00,       206.084165
01/03/2010 23:00:00,       205.142485
01/04/2010 00:00:00,       206.014436
01/04/2010 01:00:00,       218.445800
01/04/2010 02:00:00,       218.250200
01/04/2010 03:00:00,       203.901018
01/04/2010 04:00:00,       202.695570
01/04/2010 05:00:00,       198.291000
01/04/2010 06:00:00,       207.148639
01/04/2010 07:00:00,       201.278158
01/04/2010 08:00:00,       195.343742
01/04/2010 09:00:00,       188.232220
01/04/2010 10:00:00,       180.902830
01/04/2010 11:00:00,       174.000900
01/04/2010 12:00:00,       166.287400
01/04/2010 13:00:00,       156.752500
01/04/2010 14:00:00,       140.652967
01/04/2010 15:00:00,       125.812871
01/04/2010 16:00:00,       111.100525
01/04/2010 17:00:00,        96.247650
01/04/2010 18:00:00,        92.311960
01/04/2010 19:00:00,        80.688331
01/04/2010 20:00:00,        45.170366
01/04/2010 21:00:00,        88.212810
01/04/2010 22:00:00,        79.270040
01/04/2010 23:00:00,        80.214540
01/05/2010 00:00:00,        90.460030
01/05/2010 01:00:00,        52.414796
01/05/2010 02:00:00,        49.966779
01/05/2010 03:00:00,        53.203200
01/05/2010 04:00:00,        60.885530
01/05/2010 05:00:00,        73.294040
01/05/2010 06:00:00,        54.367226
01/05/2010 07:00:00,        72.659270
01/05/2010 08:00:00,        58.285191
01/05/2010 09:00:00,        12.872445
01/05/2010 10:00:00,         7.269501
01/05/2010 11:00:00,        35.336011
01/05/2010 12:00:00,        33.339778
01/05/2010 13:00:00,        31.417299
01/05/2010 14:00:00,         0.000000
01/05/2010 15:00:00,         0.000000
01/05/2010 16:00:00,         0.000000
01/05/2010 17:00:00,         7.733000
01/05/2010 18:00:00,        10.786509
01/05/2010 19:00:00,        14.157075
01/05/2010 20:00:00,        33.529897
01/05/2010 21:00:00,        40.107450
01/05/2010 22:00:00,        40.382640
01/05/2010 23:00:00,        41.710148
01/06/2010 00:00:00,        42.428362
01/06/2010 01:00:00,        96.874986
01/06/2010 02:00:00,        80.558289
01/06/2010 03:00:00,        65.835299
01/06/2010 04:00:00,        50.286929
01/06/2010 05:00:00,        33.838124
01/06/2010 06:00:00,        49.241783
01/06/2010 07:00:00,        41.532327
01/06/2010 08:00:00,        43.233812
01/06/2010 09:00:00,        43.304428
01/06/2010 10:00:00,        43.617432
01/06/2010 11:00:00,        44.555331
01/06/2010 12:00:00,        46.857973
01/06/2010 13:00:00,        49.295526
01/06/2010 14:00:00,        42.267237
01/06/2010 15:00:00,       115.816311
01/06/2010 16:00:00,       133.295025
01/06/2010 17:00:00,       141.995096
01/06/2010 18:00:00,       155.332985
01/06/2010 19:00:00,       170.611539
01/06/2010 20:00:00,       166.882562
01/06/2010 21:00:00,       162.561116
01/06/2010 22:00:00,       168.239037
01/06/2010 23:00:00,       171.380863
01/07/2010 00:00:00,       176.425238
01/07/2010 01:00:00,       141.027221
01/07/2010 02:00:00,       141.854246
01/07/2010 03:00:00,       142.932375
01/07/2010 04:00:00,       129.396468
01/07/2010 05:00:00,       129.599934
01/07/2010 06:00:00,       130.341324
01/07/2010 07:00:00,       130.550391
01/07/2010 08:00:00,       115.179581
01/07/2010 09:00:00,       128.263807
01/07/2010 10:00:00,       169.163988
01/07/2010 11:00:00,       170.728283
01/07/2010 12:00:00,       175.252164
01/07/2010 13:00:00,       190.028446
01/07/2010 14:00:00,       205.789710
01/07/2010 15:00:00,       209.451993
01/07/2010 16:00:00,       208.677154
01/07/2010 17:00:00,       207.220817
01/07/2010 18:00:00,       206.079605
01/07/2010 19:00:00,       204.997159
01/07/2010 20:00:00,       205.167734
01/07/2010 21:00:00,       205.130449
01/07/2010 22:00:00,       204.210297
01/07/2010 23:00:00,       204.159418
01/08/2010 00:00:00,       203.963784
01/08/2010 01:00:00,       156.396529
01/08/2010 02:00:00,       151.679842
01/08/2010 03:00:00,       144.762355
01/08/2010 04:00:00,       138.055355
01/08/2010 05:00:00,       137.557560
01/08/2010 06:00:00,       129.550098
01/08/2010 07:00:00,       120.479603
01/08/2010 08:00:00,       105.184908
01/08/2010 09:00:00,        90.655680
01/08/2010 10:00:00,        76.995477
01/08/2010 11:00:00,        63.355511
01/08/2010 12:00:00,        50.892010
01/08/2010 13:00:00,        40.025727
01/08/2010 14:00:00,        31.164311
01/08/2010 15:00:00,        24.939081
01/08/2010 16:00:00,        19.342246
01/08/2010 17:00:00,        14.788738
01/08/2010 18:00:00,        13.050215
01/08/2010 19:00:00,        12.141811
01/08/2010 20:00:00,        13.174031
01/08/2010 21:00:00,        15.114905
01/08/2010 22:00:00,        17.658581
01/08/2010 23:00:00,        21.340777
01/09/2010 00:00:00,        24.898372
01/09/2010 01:00:00,       148.897281
01/09/2010 02:00:00,       151.274561
01/09/2010 03:00:00,       152.866201
01/09/2010 04:00:00,       154.687641
01/09/2010 05:00:00,       156.524845
01/09/2010 06:00:00,       154.883627
01/09/2010 07:00:00,       149.326559
01/09/2010 08:00:00,       141.431252
01/09/2010 09:00:00,       130.594272
01/09/2010 10:00:00,       119.854906
01/09/2010 11:00:00,       109.952542
01/09/2010 12:00:00,       101.006614
01/09/2010 13:00:00,        94.602068
01/09/2010 14:00:00,        85.962832
01/09/2010 15:00:00,        80.278565
01/09/2010 16:00:00,        76.622197
01/09/2010 17:00:00,        70.822174
01/09/2010 18:00:00,        63.129957
01/09/2010 19:00:00,        58.988714
01/09/2010 20:00:00,        58.134805
01/09/2010 21:00:00,        62.380690
01/09/2010 22:00:00,        63.981118
01/09/2010 23:00:00,        67.549984
01/10/2010 00:00:00,        72.074877
01/10/2010 01:00:00,        32.388668
01/10/2010 02:00:00,        34.091303
01/10/2010 03:00:00,        37.520435
01/10/2010 04:00:00,        40.960905
01/10/2010 05:00:00,        46.939257
01/10/2010 06:00:00,        56.118150
01/10/2010 07:00:00,        66.216056
01/10/2010 08:00:00,        75.322167
01/10/2010 09:00:00,        83.517468
01/10/2010 10:00:00,        91.302586
01/10/2010 11:00:00,        95.889488
01/10/2010 12:00:00,       101.509725
01/10/2010 13:00:00,       107.089438
01/10/2010 14:00:00,       113.189198
01/10/2010 15:00:00,       119.469526
01/10/2010 16:00:00,       123.568972
01/10/2010 17:00:00,       125.473769
01/10/2010 18:00:00,       126.589656
01/10/2010 19:00:00,       125.423290
01/10/2010 20:00:00,       121.352434
01/10/2010 21:00:00,       118.000613
01/10/2010 22:00:00,       116.969782
01/10/2010 23:00:00,       118.651873
01/11/2010 00:00:00,       122.486638
01/11/2010 01:00:00,       145.593709
01/11/2010 02:00:00,       141.346896
01/11/2010 03:00:00,       137.848106
01/11/2010 04:00:00,       133.355721
01/11/2010 05:00:00,       130.051190
01/11/2010 06:00:00,       126.400465
01/11/2010 07:00:00,       127.467018
01/11/2010 08:00:00,       124.474330
01/11/2010 09:00:00,       120.086706
01/11/2010 10:00:00,       112.308058
01/11/2010 11:00:00,       107.342945
01/11/2010 12:00:00,       102.613824
01/11/2010 13:00:00,        98.277075
01/11/2010 14:00:00,        94.576025
01/11/2010 15:00:00,        94.994406
01/11/2010 16:00:00,        97.641264
01/11/2010 17:00:00,       102.546992
01/11/2010 18:00:00,       106.591351
01/11/2010 19:00:00,       108.545274
01/11/2010 20:00:00,       110.513635
01/11/2010 21:00:00,       111.843375
01/11/2010 22:00:00,       115.489145
01/11/2010 23:00:00,       117.620294
01/12/2010 00:00:00,       124.541915
01/12/2010 01:00:00,        77.159167
01/12/2010 02:00:00,        81.901259
01/12/2010 03:00:00,        83.480882
01/12/2010 04:00:00,        85.078833
01/12/2010 05:00:00,        87.244741
01/12/2010 06:00:00,        88.519467
01/12/2010 07:00:00,        88.852276
01/12/2010 08:00:00,        86.450244
01/12/2010 09:00:00,        85.295465
01/12/2010 10:00:00,        85.456514
01/12/2010 11:00:00,        84.217646
01/12/2010 12:00:00,        83.783519
01/12/2010 13:00:00,        83.645180
01/12/2010 14:00:00,        86.014447
01/12/2010 15:00:00,        89.212860
01/12/2010 16:00:00,        93.908334
01/12/2010 17:00:00,        99.147020
01/12/2010 18:00:00,       103.797403
01/12/2010 19:00:00,       106.572939
01/12/2010 20:00:00,       109.149866
01/12/2010 21:00:00,       114.712419
01/12/2010 22:00:00,       121.620250
01/12/2010 23:00:00,       130.334837
01/13/2010 00:00:00,       140.456426
01/13/2010 01:00:00,        74.832807
01/13/2010 02:00:00,        78.840449
01/13/2010 03:00:00,        82.666512
01/13/2010 04:00:00,        87.995777
01/13/2010 05:00:00,        94.350048
01/13/2010 06:00:00,       100.008424
01/13/2010 07:00:00,       106.044545
01/13/2010 08:00:00,       112.826193
01/13/2010 09:00:00,       118.796534
01/13/2010 10:00:00,       122.243237
01/13/2010 11:00:00,       121.507970
01/13/2010 12:00:00,       118.061139
01/13/2010 13:00:00,       114.247208
01/13/2010 14:00:00,       109.154180
01/13/2010 15:00:00,       103.608766
01/13/2010 16:00:00,        98.016732
01/13/2010 17:00:00,        91.019682
01/13/2010 18:00:00,        82.695259
01/13/2010 19:00:00,        76.849568
01/13/2010 20:00:00,        68.934029
01/13/2010 21:00:00,        61.827002
01/13/2010 22:00:00,        57.314904
01/13/2010 23:00:00,        54.830053
01/14/2010 00:00:00,        57.188721
01/14/2010 01:00:00,        27.353094
01/14/2010 02:00:00,        25.958112
01/14/2010 03:00:00,        24.355105
01/14/2010 04:00:00,        23.482969
01/14/2010 05:00:00,        23.568438
01/14/2010 06:00:00,        23.846046
01/14/2010 07:00:00,        23.922250
01/14/2010 08:00:00,        21.409310
01/14/2010 09:00:00,        20.632482
01/14/2010 10:00:00,        21.493654
01/14/2010 11:00:00,        22.753475
01/14/2010 12:00:00,        22.872607
01/14/2010 13:00:00,        24.861615
01/14/2010 14:00:00,        29.252817
01/14/2010 15:00:00,        36.386297
01/14/2010 16:00:00,        44.433532
01/14/2010 17:00:00,        54.279045
01/14/2010 18:00:00,        64.991614
01/14/2010 19:00:00,        69.611986
01/14/2010 20:00:00,        74.130580
01/14/2010 21:00:00,        79.392450
01/14/2010 22:00:00,        87.235580
01/14/2010 23:00:00,        96.658380
01/15/2010 00:00:00,       108.262670
01/15/2010 01:00:00,        38.736056
01/15/2010 02:00:00,         5.104142
01/15/2010 03:00:00,         0.939947
01/15/2010 04:00:00,        24.253500
01/15/2010 05:00:00,        38.719600
01/15/2010 06:00:00,        27.245916
01/15/2010 07:00:00,        40.948100
01/15/2010 08:00:00,        27.780833
01/15/2010 09:00:00,        40.838900
01/15/2010 10:00:00,        52.898200
01/15/2010 11:00:00,        52.568027
01/15/2010 12:00:00,       104.610093
01/15/2010 13:00:00,       159.872476
01/15/2010 14:00:00,       164.652052
01/15/2010 15:00:00,       165.891898
01/15/2010 16:00:00,       165.542040
01/15/2010 17:00:00,       164.207384
01/15/2010 18:00:00,       163.385154
01/15/2010 19:00:00,       174.492488
01/15/2010 20:00:00,       182.257083
01/15/2010 21:00:00,       185.610838
01/15/2010 22:00:00,       184.250432
01/15/2010 23:00:00,       188.771030
01/16/2010 00:00:00,       195.724341
01/16/2010 01:00:00,       196.882263
01/16/2010 02:00:00,       197.846714
01/16/2010 03:00:00,       197.193918
01/16/2010 04:00:00,       195.893117
01/16/2010 05:00:00,       196.557660
01/16/2010 06:00:00,       198.517893
01/16/2010 07:00:00,       201.160299
01/16/2010 08:00:00,       202.614777
01/16/2010 09:00:00,       108.161727
01/16/2010 10:00:00,        44.577464
01/16/2010 11:00:00,       149.454320
01/16/2010 12:00:00,       191.611492
01/16/2010 13:00:00,       215.380767
01/16/2010 14:00:00,       215.795823
01/16/2010 15:00:00,       216.304847
01/16/2010 16:00:00,       207.928658
01/16/2010 17:00:00,       198.454648
01/16/2010 18:00:00,       189.420857
01/16/2010 19:00:00,       186.217311
01/16/2010 20:00:00,       180.983432
01/16/2010 21:00:00,       174.535088
01/16/2010 22:00:00,       166.416244
01/16/2010 23:00:00,       157.778359
01/17/2010 00:00:00,       147.859923
01/17/2010 01:00:00,        81.657620
01/17/2010 02:00:00,        77.708187
01/17/2010 03:00:00,        67.367996
01/17/2010 04:00:00,        56.715129
01/17/2010 05:00:00,        49.547373
01/17/2010 06:00:00,        44.292067
01/17/2010 07:00:00,        39.903337
01/17/2010 08:00:00,        35.664755
01/17/2010 09:00:00,        30.268083
01/17/2010 10:00:00,        24.978108
01/17/2010 11:00:00,        22.367098
01/17/2010 12:00:00,        19.525684
01/17/2010 13:00:00,        15.949977
01/17/2010 14:00:00,        10.965179
01/17/2010 15:00:00,         9.885750
01/17/2010 16:00:00,        10.363003
01/17/2010 17:00:00,        12.499192
01/17/2010 18:00:00,        15.709953
01/17/2010 19:00:00,        16.224941
01/17/2010 20:00:00,        16.809424
01/17/2010 21:00:00,        17.768901
01/17/2010 22:00:00,        19.351997
01/17/2010 23:00:00,        21.791481
01/18/2010 00:00:00,        22.640167
01/18/2010 01:00:00,        26.652007
01/18/2010 02:00:00,        30.519017
01/18/2010 03:00:00,        27.077727
01/18/2010 04:00:00,        25.959880
01/18/2010 05:00:00,        22.435917
01/18/2010 06:00:00,        22.202128
01/18/2010 07:00:00,        32.427150
01/18/2010 08:00:00,        10.670132
01/18/2010 09:00:00,         0.255529
01/18/2010 10:00:00,         0.086258
01/18/2010 11:00:00,         0.000000
01/18/2010 12:00:00,         0.000000
01/18/2010 13:00:00,         0.000000
01/18/2010 14:00:00,         0.000000
01/18/2010 15:00:00,         1.282500
01/18/2010 16:00:00,         9.310000
01/18/2010 17:00:00,        13.431430
01/18/2010 18:00:00,        12.629529
01/18/2010 19:00:00,        13.712871
01/18/2010 20:00:00,        14.250893
01/18/2010 21:00:00,        13.206875
01/18/2010 22:00:00,        12.671093
01/18/2010 23:00:00,        12.405157
01/19/2010 00:00:00,        12.824967
01/19/2010 01:00:00,         6.172369
01/19/2010 02:00:00,         4.875546
01/19/2010 03:00:00,         3.374518
01/19/2010 04:00:00,         2.403625
01/19/2010 05:00:00,         1.862707
01/19/2010 06:00:00,         1.767614
01/19/2010 07:00:00,         1.634838
01/19/2010 08:00:00,         0.000000
01/19/2010 09:00:00,         0.000000
01/19/2010 10:00:00,         1.192096
01/19/2010 11:00:00,         2.741434
01/19/2010 12:00:00,         2.409093
01/19/2010 13:00:00,         0.668671
01/19/2010 14:00:00,         0.000000
01/19/2010 15:00:00,         0.000000
01/19/2010 16:00:00,         0.000000
01/19/2010 17:00:00,         0.000000
01/19/2010 18:00:00,         1.586500
01/19/2010 19:00:00,         1.767000
01/19/2010 20:00:00,         1.810776
01/19/2010 21:00:00,         1.718542
01/19/2010 22:00:00,         1.828243
01/19/2010 23:00:00,         1.945841
01/20/2010 00:00:00,         0.003315
01/20/2010 01:00:00,         3.073270
01/20/2010 02:00:00,         5.278407
01/20/2010 03:00:00,         7.199014
01/20/2010 04:00:00,         5.794048
01/20/2010 05:00:00,         7.278237
01/20/2010 06:00:00,         0.000000
01/20/2010 07:00:00,         3.534000
01/20/2010 08:00:00,         4.205520
01/20/2010 09:00:00,         4.720200
01/20/2010 10:00:00,         5.143540
01/20/2010 11:00:00,         5.462000
01/20/2010 12:00:00,         5.687140
01/20/2010 13:00:00,         5.888520
01/20/2010 14:00:00,         0.416979
01/20/2010 15:00:00,         0.369172
01/20/2010 16:00:00,         3.828500
01/20/2010 17:00:00,        19.683410
01/20/2010 18:00:00,        56.527520
01/20/2010 19:00:00,        58.516920
01/20/2010 20:00:00,        59.923870
01/20/2010 21:00:00,        52.263181
01/20/2010 22:00:00,        65.186800
01/20/2010 23:00:00,        70.924050
01/21/2010 00:00:00,        80.518270
01/21/2010 01:00:00,        89.720533
01/21/2010 02:00:00,        88.851615
01/21/2010 03:00:00,        87.103862
01/21/2010 04:00:00,        83.774508
01/21/2010 05:00:00,        81.699807
01/21/2010 06:00:00,        78.326954
01/21/2010 07:00:00,        76.067296
01/21/2010 08:00:00,        73.060624
01/21/2010 09:00:00,        69.276965
01/21/2010 10:00:00,        65.356957
01/21/2010 11:00:00,        63.254231
01/21/2010 12:00:00,        63.934310
01/21/2010 13:00:00,        66.636068
01/21/2010 14:00:00,        73.253118
01/21/2010 15:00:00,        80.959387
01/21/2010 16:00:00,        89.270859
01/21/2010 17:00:00,        97.330058
01/21/2010 18:00:00,       107.921035
01/21/2010 19:00:00,       112.291050
01/21/2010 20:00:00,       118.467264
01/21/2010 21:00:00,       126.414247
01/21/2010 22:00:00,       133.807181
01/21/2010 23:00:00,       145.352949
01/22/2010 00:00:00,       133.782150
01/22/2010 01:00:00,       172.000050
01/22/2010 02:00:00,       166.713301
01/22/2010 03:00:00,       159.723125
01/22/2010 04:00:00,       178.098350
01/22/2010 05:00:00,       166.333052
01/22/2010 06:00:00,       162.324407
01/22/2010 07:00:00,       155.113240
01/22/2010 08:00:00,       142.564466
01/22/2010 09:00:00,       125.941583
01/22/2010 10:00:00,       111.593967
01/22/2010 11:00:00,        97.326347
01/22/2010 12:00:00,        82.579950
01/22/2010 13:00:00,        69.397904
01/22/2010 14:00:00,        53.730778
01/22/2010 15:00:00,        42.492858
01/22/2010 16:00:00,        34.540628
01/22/2010 17:00:00,        31.718027
01/22/2010 18:00:00,        31.347167
01/22/2010 19:00:00,        30.722263
01/22/2010 20:00:00,        30.439684
01/22/2010 21:00:00,        32.153184
01/22/2010 22:00:00,        35.593587
01/22/2010 23:00:00,        39.773350
01/23/2010 00:00:00,        44.949095
01/23/2010 01:00:00,        89.481051
01/23/2010 02:00:00,        87.564625
01/23/2010 03:00:00,        87.420836
01/23/2010 04:00:00,        87.273414
01/23/2010 05:00:00,        87.002304
01/23/2010 06:00:00,        85.691075
01/23/2010 07:00:00,        84.015355
01/23/2010 08:00:00,        81.345836
01/23/2010 09:00:00,        76.599942
01/23/2010 10:00:00,        70.294635
01/23/2010 11:00:00,        62.359625
01/23/2010 12:00:00,        56.702828
01/23/2010 13:00:00,        54.967487
01/23/2010 14:00:00,        53.409939
01/23/2010 15:00:00,        51.813317
01/23/2010 16:00:00,        49.179415
01/23/2010 17:00:00,        44.878120
01/23/2010 18:00:00,        40.123673
01/23/2010 19:00:00,        40.679374
01/23/2010 20:00:00,        42.125204
01/23/2010 21:00:00,        44.080402
01/23/2010 22:00:00,        47.083390
01/23/2010 23:00:00,        52.086778
01/24/2010 00:00:00,        58.839116
01/24/2010 01:00:00,        32.295069
01/24/2010 02:00:00,        33.334767
01/24/2010 03:00:00,        34.906778
01/24/2010 04:00:00,        36.576278
01/24/2010 05:00:00,        38.420351
01/24/2010 06:00:00,        39.766559
01/24/2010 07:00:00,        40.213774
01/24/2010 08:00:00,        37.248740
01/24/2010 09:00:00,        35.614991
01/24/2010 10:00:00,        33.766580
01/24/2010 11:00:00,        31.269001
01/24/2010 12:00:00,        27.052760
01/24/2010 13:00:00,        22.133343
01/24/2010 14:00:00,        18.119375
01/24/2010 15:00:00,        14.616911
01/24/2010 16:00:00,        12.494474
01/24/2010 17:00:00,        10.677176
01/24/2010 18:00:00,         9.950048
01/24/2010 19:00:00,         9.397319
01/24/2010 20:00:00,         9.836686
01/24/2010 21:00:00,        10.851299
01/24/2010 22:00:00,        11.074591
01/24/2010 23:00:00,        12.824624
01/25/2010 00:00:00,        14.424136
01/25/2010 01:00:00,        28.527681
01/25/2010 02:00:00,        31.348793
01/25/2010 03:00:00,        32.087434
01/25/2010 04:00:00,        36.904254
01/25/2010 05:00:00,        42.213366
01/25/2010 06:00:00,        49.803221
01/25/2010 07:00:00,         0.797653
01/25/2010 08:00:00,         0.000000
01/25/2010 09:00:00,         0.000000
01/25/2010 10:00:00,         0.000000
01/25/2010 11:00:00,        56.168203
01/25/2010 12:00:00,        79.676500
01/25/2010 13:00:00,       125.898990
01/25/2010 14:00:00,       165.938778
01/25/2010 15:00:00,       174.658837
01/25/2010 16:00:00,       187.026093
01/25/2010 17:00:00,       196.927405
01/25/2010 18:00:00,       205.214226
01/25/2010 19:00:00,       210.844588
01/25/2010 20:00:00,       215.688030
01/25/2010 21:00:00,       217.770140
01/25/2010 22:00:00,       218.102778
01/25/2010 23:00:00,       217.853923
01/26/2010 00:00:00,       217.166279
01/26/2010 01:00:00,       201.728826
01/26/2010 02:00:00,       201.578629
01/26/2010 03:00:00,       197.581450
01/26/2010 04:00:00,       192.455122
01/26/2010 05:00:00,       186.293886
01/26/2010 06:00:00,       186.661957
01/26/2010 07:00:00,       177.634338
01/26/2010 08:00:00,       118.284688
01/26/2010 09:00:00,        20.399693
01/26/2010 10:00:00,         3.865711
01/26/2010 11:00:00,         0.694325
01/26/2010 12:00:00,         0.000000
01/26/2010 13:00:00,        19.503500
01/26/2010 14:00:00,        29.855100
01/26/2010 15:00:00,        59.186700
01/26/2010 16:00:00,       117.763636
01/26/2010 17:00:00,       128.419398
01/26/2010 18:00:00,       131.978869
01/26/2010 19:00:00,       138.611682
01/26/2010 20:00:00,       137.097828
01/26/2010 21:00:00,       143.998270
01/26/2010 22:00:00,       146.956510
01/26/2010 23:00:00,       127.203508
01/27/2010 00:00:00,        58.657892
01/27/2010 01:00:00,        44.991010
01/27/2010 02:00:00,        43.496082
01/27/2010 03:00:00,        56.936900
01/27/2010 04:00:00,        95.242015
01/27/2010 05:00:00,       118.435434
01/27/2010 06:00:00,        94.911420
01/27/2010 07:00:00,        69.369231
01/27/2010 08:00:00,       130.206432
01/27/2010 09:00:00,       145.434436
01/27/2010 10:00:00,       165.903583
01/27/2010 11:00:00,       163.135874
01/27/2010 12:00:00,       158.116171
01/27/2010 13:00:00,       152.813073
01/27/2010 14:00:00,       145.097572
01/27/2010 15:00:00,       135.895348
01/27/2010 16:00:00,       129.054372
01/27/2010 17:00:00,       125.077186
01/27/2010 18:00:00,       124.257673
01/27/2010 19:00:00,       124.480240
01/27/2010 20:00:00,       124.963073
01/27/2010 21:00:00,       123.517336
01/27/2010 22:00:00,       122.921031
01/27/2010 23:00:00,       120.113595
01/28/2010 00:00:00,       115.419883
01/28/2010 01:00:00,        90.999991
01/28/2010 02:00:00,        88.313219
01/28/2010 03:00:00,        87.336289
01/28/2010 04:00:00,        85.724133
01/28/2010 05:00:00,        85.961511
01/28/2010 06:00:00,        83.857568
01/28/2010 07:00:00,        76.654354
01/28/2010 08:00:00,        76.577929
01/28/2010 09:00:00,        64.826090
01/28/2010 10:00:00,        56.016751
01/28/2010 11:00:00,        51.977389
01/28/2010 12:00:00,        48.123239
01/28/2010 13:00:00,        44.234232
01/28/2010 14:00:00,        39.862680
01/28/2010 15:00:00,        34.969900
01/28/2010 16:00:00,        27.911233
01/28/2010 17:00:00,        21.263250
01/28/2010 18:00:00,        16.476672
01/28/2010 19:00:00,        11.551677
01/28/2010 20:00:00,         7.048413
01/28/2010 21:00:00,         6.660667
01/28/2010 22:00:00,         7.902767
01/28/2010 23:00:00,         9.046091
01/29/2010 00:00:00,        12.767477
01/29/2010 01:00:00,       140.631613
01/29/2010 02:00:00,       148.188554
01/29/2010 03:00:00,       155.242004
01/29/2010 04:00:00,       163.611918
01/29/2010 05:00:00,       171.887237
01/29/2010 06:00:00,       179.431274
01/29/2010 07:00:00,       186.698373
01/29/2010 08:00:00,       200.222407
01/29/2010 09:00:00,       212.991465
01/29/2010 10:00:00,       220.218619
01/29/2010 11:00:00,       221.829531
01/29/2010 12:00:00,       222.604655
01/29/2010 13:00:00,       222.696837
01/29/2010 14:00:00,       222.616993
01/29/2010 15:00:00,       222.472234
01/29/2010 16:00:00,       222.401203
01/29/2010 17:00:00,       222.417252
01/29/2010 18:00:00,       221.928041
01/29/2010 19:00:00,       222.161115
01/29/2010 20:00:00,       222.169834
01/29/2010 21:00:00,       222.254039
01/29/2010 22:00:00,       222.160390
01/29/2010 23:00:00,       222.123327
01/30/2010 00:00:00,       222.594010
01/30/2010 01:00:00,       222.814507
01/30/2010 02:00:00,       222.892849
01/30/2010 03:00:00,       223.001143
01/30/2010 04:00:00,       223.063679
01/30/2010 05:00:00,       223.169161
01/30/2010 06:00:00,       223.033773
01/30/2010 07:00:00,       222.814408
01/30/2010 08:00:00,       222.236490
01/30/2010 09:00:00,       221.843091
01/30/2010 10:00:00,       220.825487
01/30/2010 11:00:00,       218.847350
01/30/2010 12:00:00,       216.574026
01/30/2010 13:00:00,       214.255499
01/30/2010 14:00:00,       211.114839
01/30/2010 15:00:00,       207.534739
01/30/2010 16:00:00,       204.903456
01/30/2010 17:00:00,       202.929486
01/30/2010 18:00:00,       199.083096
01/30/2010 19:00:00,       196.050409
01/30/2010 20:00:00,       194.346613
01/30/2010 21:00:00,       194.347158
01/30/2010 22:00:00,       195.018292
01/30/2010 23:00:00,       192.990548
01/31/2010 00:00:00,       193.791576
01/31/2010 01:00:00,       195.615325
01/31/2010 02:00:00,       195.037233
01/31/2010 03:00:00,       193.093745
01/31/2010 04:00:00,       187.603899
01/31/2010 05:00:00,       181.527256
01/31/2010 06:00:00,       180.360513
01/31/2010 07:00:00,       178.464172
01/31/2010 08:00:00,       175.170794
01/31/2010 09:00:00,       172.599337
01/31/2010 10:00:00,       166.362727
01/31/2010 11:00:00,       160.652661
01/31/2010 12:00:00,       155.681374
01/31/2010 13:00:00,       150.373640
01/31/2010 14:00:00,       144.814643
01/31/2010 15:00:00,       142.888892
01/31/2010 16:00:00,       145.269727
01/31/2010 17:00:00,       150.647068
01/31/2010 18:00:00,       153.703950
01/31/2010 19:00:00,       155.021875
01/31/2010 20:00:00,       153.807247
01/31/2010 21:00:00,       154.043592
01/31/2010 22:00:00,       154.748390
01/31/2010 23:00:00,       154.825068
02/01/2010 00:00:00,       112.618275
02/01/2010 01:00:00,       106.972912
02/01/2010 02:00:00,       105.443928
02/01/2010 03:00:00,       104.572658
02/01/2010 04:00:00,       105.643770
02/01/2010 05:00:00,       105.254459
02/01/2010 06:00:00,       110.266001
02/01/2010 07:00:00,       116.773253
02/01/2010 08:00:00,       124.886759
02/01/2010 09:00:00,       132.482806
02/01/2010 10:00:00,       139.325398
02/01/2010 11:00:00,       147.548790
02/01/2010 12:00:00,       157.923433
02/01/2010 13:00:00,       169.248728
02/01/2010 14:00:00,       181.062164
02/01/2010 15:00:00,       188.181876
02/01/2010 16:00:00,       195.270603
02/01/2010 17:00:00,       198.568904
02/01/2010 18:00:00,       204.007570
02/01/2010 19:00:00,       206.365998
02/01/2010 20:00:00,       207.278564
02/01/2010 21:00:00,       207.771486
02/01/2010 22:00:00,       208.476121
02/01/2010 23:00:00,       208.881078
02/02/2010 00:00:00,       208.790104
02/02/2010 01:00:00,       205.639215
02/02/2010 02:00:00,       195.633619
02/02/2010 03:00:00,       187.307386
02/02/2010 04:00:00,       179.282233
02/02/2010 05:00:00,       173.319561
02/02/2010 06:00:00,       168.953362
02/02/2010 07:00:00,       165.184925
02/02/2010 08:00:00,       156.109525
02/02/2010 09:00:00,       145.540831
02/02/2010 10:00:00,       137.600928
02/02/2010 11:00:00,       130.566495
02/02/2010 12:00:00,       121.500101
02/02/2010 13:00:00,       113.427691
02/02/2010 14:00:00,       108.833523
02/02/2010 15:00:00,       109.080297
02/02/2010 16:00:00,       109.603562
02/02/2010 17:00:00,       111.792245
02/02/2010 18:00:00,       113.597894
02/02/2010 19:00:00,       114.187909
02/02/2010 20:00:00,       114.193577
02/02/2010 21:00:00,       116.986125
02/02/2010 22:00:00,       121.973974
02/02/2010 23:00:00,       124.142085
02/03/2010 00:00:00,       125.536320
02/03/2010 01:00:00,        88.592577
02/03/2010 02:00:00,        85.129612
02/03/2010 03:00:00,        83.297150
02/03/2010 04:00:00,        80.894416
02/03/2010 05:00:00,        76.959059
02/03/2010 06:00:00,        76.121156
02/03/2010 07:00:00,        74.423711
02/03/2010 08:00:00,        70.152796
02/03/2010 09:00:00,        65.392074
02/03/2010 10:00:00,        59.891372
02/03/2010 11:00:00,        55.266617
02/03/2010 12:00:00,        51.773150
02/03/2010 13:00:00,        49.261778
02/03/2010 14:00:00,        49.626249
02/03/2010 15:00:00,        51.619992
02/03/2010 16:00:00,        55.434008
02/03/2010 17:00:00,        60.646161
02/03/2010 18:00:00,        64.702804
02/03/2010 19:00:00,        64.811264
02/03/2010 20:00:00,        66.552827
02/03/2010 21:00:00,        70.479522
02/03/2010 22:00:00,        75.573743
02/03/2010 23:00:00,        81.390093
02/04/2010 00:00:00,        88.302008
02/04/2010 01:00:00,        90.720031
02/04/2010 02:00:00,        90.851193
02/04/2010 03:00:00,        88.806427
02/04/2010 04:00:00,        91.034893
02/04/2010 05:00:00,        93.598725
02/04/2010 06:00:00,        97.914764
02/04/2010 07:00:00,       106.992865
02/04/2010 08:00:00,       114.798054
02/04/2010 09:00:00,       123.757995
02/04/2010 10:00:00,       129.674947
02/04/2010 11:00:00,       131.642038
02/04/2010 12:00:00,       131.448646
02/04/2010 13:00:00,       135.390901
02/04/2010 14:00:00,       140.803142
02/04/2010 15:00:00,       150.193968
02/04/2010 16:00:00,       163.119072
02/04/2010 17:00:00,       175.539356
02/04/2010 18:00:00,       188.149096
02/04/2010 19:00:00,       194.150813
02/04/2010 20:00:00,       198.017000
02/04/2010 21:00:00,       199.769960
02/04/2010 22:00:00,       201.319528
02/04/2010 23:00:00,       203.780311
02/05/2010 00:00:00,       209.524707
02/05/2010 01:00:00,       190.002112
02/05/2010 02:00:00,       189.782901
02/05/2010 03:00:00,       190.475248
02/05/2010 04:00:00,       191.913111
02/05/2010 05:00:00,       193.335568
02/05/2010 06:00:00,       194.800329
02/05/2010 07:00:00,       195.781527
02/05/2010 08:00:00,       194.627346
02/05/2010 09:00:00,       193.674438
02/05/2010 10:00:00,       193.442850
02/05/2010 11:00:00,       193.544442
02/05/2010 12:00:00,       193.780591
02/05/2010 13:00:00,       194.204771
02/05/2010 14:00:00,       194.122356
02/05/2010 15:00:00,       192.823218
02/05/2010 16:00:00,       191.269618
02/05/2010 17:00:00,       190.946888
02/05/2010 18:00:00,       190.638360
02/05/2010 19:00:00,       189.918223
02/05/2010 20:00:00,       189.340008
02/05/2010 21:00:00,       191.037091
02/05/2010 22:00:00,       193.294395
02/05/2010 23:00:00,       195.181970
02/06/2010 00:00:00,       196.741798
02/06/2010 01:00:00,       122.034472
02/06/2010 02:00:00,       111.324432
02/06/2010 03:00:00,       102.478164
02/06/2010 04:00:00,        95.137151
02/06/2010 05:00:00,        90.132024
02/06/2010 06:00:00,        87.633193
02/06/2010 07:00:00,        83.326710
02/06/2010 08:00:00,        69.960096
02/06/2010 09:00:00,        56.877458
02/06/2010 10:00:00,        43.991801
02/06/2010 11:00:00,        32.608278
02/06/2010 12:00:00,        28.998144
02/06/2010 13:00:00,        30.091677
02/06/2010 14:00:00,        35.185954
02/06/2010 15:00:00,        39.816584
02/06/2010 16:00:00,        42.432147
02/06/2010 17:00:00,        45.563728
02/06/2010 18:00:00,        47.772502
02/06/2010 19:00:00,        46.689361
02/06/2010 20:00:00,        48.566594
02/06/2010 21:00:00,        54.279105
02/06/2010 22:00:00,        63.479209
02/06/2010 23:00:00,        69.210283
02/07/2010 00:00:00,        77.484872
02/07/2010 01:00:00,       101.599317
02/07/2010 02:00:00,       100.991219
02/07/2010 03:00:00,       101.882370
02/07/2010 04:00:00,       101.585501
02/07/2010 05:00:00,       100.657264
02/07/2010 06:00:00,        99.414585
02/07/2010 07:00:00,        98.194634
02/07/2010 08:00:00,        95.955230
02/07/2010 09:00:00,        93.608034
02/07/2010 10:00:00,        87.512075
02/07/2010 11:00:00,        84.656250
02/07/2010 12:00:00,        84.812078
02/07/2010 13:00:00,        85.656170
02/07/2010 14:00:00,        87.703876
02/07/2010 15:00:00,        88.995749
02/07/2010 16:00:00,        90.192213
02/07/2010 17:00:00,        92.634756
02/07/2010 18:00:00,        95.102178
02/07/2010 19:00:00,        97.787872
02/07/2010 20:00:00,       100.866030
02/07/2010 21:00:00,       105.292205
02/07/2010 22:00:00,       110.382789
02/07/2010 23:00:00,       114.520913
02/08/2010 00:00:00,       118.511231
02/08/2010 01:00:00,       119.884797
02/08/2010 02:00:00,       122.193209
02/08/2010 03:00:00,       123.801675
02/08/2010 04:00:00,       127.009097
02/08/2010 05:00:00,       129.386053
02/08/2010 06:00:00,       130.507918
02/08/2010 07:00:00,       129.767535
02/08/2010 08:00:00,       130.149845
02/08/2010 09:00:00,       128.271028
02/08/2010 10:00:00,       123.741822
02/08/2010 11:00:00,       118.824520
02/08/2010 12:00:00,       115.996581
02/08/2010 13:00:00,       115.127764
02/08/2010 14:00:00,       116.880798
02/08/2010 15:00:00,       119.441710
02/08/2010 16:00:00,       122.159908
02/08/2010 17:00:00,       124.824083
02/08/2010 18:00:00,       126.517004
02/08/2010 19:00:00,       127.207128
02/08/2010 20:00:00,       127.927467
02/08/2010 21:00:00,       132.335835
02/08/2010 22:00:00,       128.083612
02/08/2010 23:00:00,       126.183631
02/09/2010 00:00:00,       135.504711
02/09/2010 01:00:00,       102.773252
02/09/2010 02:00:00,        85.320077
02/09/2010 03:00:00,        93.186164
02/09/2010 04:00:00,        89.981027
02/09/2010 05:00:00,        84.179284
02/09/2010 06:00:00,        86.889972
02/09/2010 07:00:00,        67.745926
02/09/2010 08:00:00,        47.737846
02/09/2010 09:00:00,        44.021640
02/09/2010 10:00:00,        41.391829
02/09/2010 11:00:00,        45.887521
02/09/2010 12:00:00,        35.791067
02/09/2010 13:00:00,        60.059175
02/09/2010 14:00:00,        38.064316
02/09/2010 15:00:00,        70.408729
02/09/2010 16:00:00,        86.431472
02/09/2010 17:00:00,        89.892591
02/09/2010 18:00:00,        90.728477
02/09/2010 19:00:00,        85.350840
02/09/2010 20:00:00,        82.308790
02/09/2010 21:00:00,        81.167688
02/09/2010 22:00:00,        71.451652
02/09/2010 23:00:00,        90.469434
02/10/2010 00:00:00,       100.147285
02/10/2010 01:00:00,        34.717244
02/10/2010 02:00:00,        34.038157
02/10/2010 03:00:00,        34.049237
02/10/2010 04:00:00,        35.621587
02/10/2010 05:00:00,        38.822751
02/10/2010 06:00:00,        43.621430
02/10/2010 07:00:00,        45.591034
02/10/2010 08:00:00,        37.589101
02/10/2010 09:00:00,        35.204926
02/10/2010 10:00:00,        46.455170
02/10/2010 11:00:00,        49.125801
02/10/2010 12:00:00,        52.979976
02/10/2010 13:00:00,        57.216564
02/10/2010 14:00:00,        63.434240
02/10/2010 15:00:00,        70.164391
02/10/2010 16:00:00,        78.818412
02/10/2010 17:00:00,        85.663947
02/10/2010 18:00:00,        91.430532
02/10/2010 19:00:00,        91.047469
02/10/2010 20:00:00,        93.700662
02/10/2010 21:00:00,        98.792399
02/10/2010 22:00:00,       107.395667
02/10/2010 23:00:00,       119.189700
02/11/2010 00:00:00,       133.078042
02/11/2010 01:00:00,       176.837100
02/11/2010 02:00:00,       176.559300
02/11/2010 03:00:00,       176.830100
02/11/2010 04:00:00,       177.662800
02/11/2010 05:00:00,       179.594100
02/11/2010 06:00:00,       180.624600
02/11/2010 07:00:00,       180.784400
02/11/2010 08:00:00,        42.267111
02/11/2010 09:00:00,        72.076187
02/11/2010 10:00:00,       125.092100
02/11/2010 11:00:00,       138.550100
02/11/2010 12:00:00,       138.843730
02/11/2010 13:00:00,       146.480054
02/11/2010 14:00:00,       150.005695
02/11/2010 15:00:00,       150.026044
02/11/2010 16:00:00,       146.045417
02/11/2010 17:00:00,       138.957099
02/11/2010 18:00:00,       128.096286
02/11/2010 19:00:00,       122.814277
02/11/2010 20:00:00,       117.257071
02/11/2010 21:00:00,       115.889659
02/11/2010 22:00:00,       110.821902
02/11/2010 23:00:00,       105.432626
02/12/2010 00:00:00,        91.010695
02/12/2010 01:00:00,        49.119274
02/12/2010 02:00:00,        53.949710
02/12/2010 03:00:00,        54.697950
02/12/2010 04:00:00,        55.568360
02/12/2010 05:00:00,        56.986540
02/12/2010 06:00:00,        59.290800
02/12/2010 07:00:00,        62.126157
02/12/2010 08:00:00,        65.197728
02/12/2010 09:00:00,        68.134004
02/12/2010 10:00:00,        70.763786
02/12/2010 11:00:00,        70.490688
02/12/2010 12:00:00,        68.908449
02/12/2010 13:00:00,        69.191225
02/12/2010 14:00:00,        68.935269
02/12/2010 15:00:00,        69.893237
02/12/2010 16:00:00,        68.471052
02/12/2010 17:00:00,        60.441597
02/12/2010 18:00:00,        61.685048
02/12/2010 19:00:00,        58.713563
02/12/2010 20:00:00,        56.824073
02/12/2010 21:00:00,        55.799120
02/12/2010 22:00:00,        47.920936
02/12/2010 23:00:00,        50.182320
02/13/2010 00:00:00,        42.670800
02/13/2010 01:00:00,        63.170162
02/13/2010 02:00:00,        57.562641
02/13/2010 03:00:00,        29.811920
02/13/2010 04:00:00,         8.506364
02/13/2010 05:00:00,         7.327185
02/13/2010 06:00:00,         7.336060
02/13/2010 07:00:00,         7.289776
02/13/2010 08:00:00,        13.924932
02/13/2010 09:00:00,        21.115062
02/13/2010 10:00:00,        27.446290
02/13/2010 11:00:00,        27.185973
02/13/2010 12:00:00,        41.203434
02/13/2010 13:00:00,        36.554258
02/13/2010 14:00:00,        46.388071
02/13/2010 15:00:00,        89.795222
02/13/2010 16:00:00,        97.267598
02/13/2010 17:00:00,       112.308853
02/13/2010 18:00:00,       124.796206
02/13/2010 19:00:00,       134.604485
02/13/2010 20:00:00,       134.752817
02/13/2010 21:00:00,       139.158004
02/13/2010 22:00:00,       134.805550
02/13/2010 23:00:00,       132.589423
02/14/2010 00:00:00,       143.654406
02/14/2010 01:00:00,       163.393772
02/14/2010 02:00:00,       176.410689
02/14/2010 03:00:00,       175.911308
02/14/2010 04:00:00,       177.454370
02/14/2010 05:00:00,       178.456115
02/14/2010 06:00:00,       178.342738
02/14/2010 07:00:00,       190.403903
02/14/2010 08:00:00,       189.839156
02/14/2010 09:00:00,       190.538714
02/14/2010 10:00:00,       192.838946
02/14/2010 11:00:00,       194.840618
02/14/2010 12:00:00,       182.511639
02/14/2010 13:00:00,       194.062022
02/14/2010 14:00:00,       194.938660
02/14/2010 15:00:00,       196.042665
02/14/2010 16:00:00,       197.977650
02/14/2010 17:00:00,       198.209791
02/14/2010 18:00:00,       197.594118
02/14/2010 19:00:00,       198.902579
02/14/2010 20:00:00,       199.764262
02/14/2010 21:00:00,       200.605628
02/14/2010 22:00:00,       203.321377
02/14/2010 23:00:00,       204.971838
02/15/2010 00:00:00,       206.819134
02/15/2010 01:00:00,       208.529759
02/15/2010 02:00:00,       208.393487
02/15/2010 03:00:00,       194.277266
02/15/2010 04:00:00,       192.904150
02/15/2010 05:00:00,       192.637322
02/15/2010 06:00:00,       191.978515
02/15/2010 07:00:00,       190.173411
02/15/2010 08:00:00,       185.973225
02/15/2010 09:00:00,       181.767659
02/15/2010 10:00:00,       189.179746
02/15/2010 11:00:00,       180.605602
02/15/2010 12:00:00,       158.763669
02/15/2010 13:00:00,       160.958819
02/15/2010 14:00:00,       150.188763
02/15/2010 15:00:00,       139.944003
02/15/2010 16:00:00,       131.914534
02/15/2010 17:00:00,       126.271501
02/15/2010 18:00:00,       121.838518
02/15/2010 19:00:00,       116.426428
02/15/2010 20:00:00,       109.458051
02/15/2010 21:00:00,       105.201684
02/15/2010 22:00:00,        98.139630
02/15/2010 23:00:00,        96.107118
02/16/2010 00:00:00,        94.805895
02/16/2010 01:00:00,       114.285689
02/16/2010 02:00:00,        97.040907
02/16/2010 03:00:00,        83.147158
02/16/2010 04:00:00,        76.179428
02/16/2010 05:00:00,        69.476388
02/16/2010 06:00:00,        62.104721
02/16/2010 07:00:00,        67.885152
02/16/2010 08:00:00,        55.734042
02/16/2010 09:00:00,        46.328553
02/16/2010 10:00:00,        35.726205
02/16/2010 11:00:00,        27.702154
02/16/2010 12:00:00,        20.599850
02/16/2010 13:00:00,        14.902108
02/16/2010 14:00:00,        11.421601
02/16/2010 15:00:00,        10.127713
02/16/2010 16:00:00,         8.946213
02/16/2010 17:00:00,        12.110103
02/16/2010 18:00:00,        15.722500
02/16/2010 19:00:00,        16.682000
02/16/2010 20:00:00,        18.002500
02/16/2010 21:00:00,        19.931000
02/16/2010 22:00:00,        22.600500
02/16/2010 23:00:00,        19.954998
02/17/2010 00:00:00,        13.015497
02/17/2010 01:00:00,         8.308314
02/17/2010 02:00:00,         9.382477
02/17/2010 03:00:00,        12.491249
02/17/2010 04:00:00,        12.841816
02/17/2010 05:00:00,         1.027196
02/17/2010 06:00:00,         1.615000
02/17/2010 07:00:00,         0.000000
02/17/2010 08:00:00,         0.652207
02/17/2010 09:00:00,         1.007735
02/17/2010 10:00:00,         2.215069
02/17/2010 11:00:00,        16.029189
02/17/2010 12:00:00,        20.705619
02/17/2010 13:00:00,        30.823749
02/17/2010 14:00:00,         9.903203
02/17/2010 15:00:00,         4.987500
02/17/2010 16:00:00,        36.376690
02/17/2010 17:00:00,        47.278820
02/17/2010 18:00:00,        51.929110
02/17/2010 19:00:00,        53.400430
02/17/2010 20:00:00,        56.061239
02/17/2010 21:00:00,        55.653215
02/17/2010 22:00:00,        55.494053
02/17/2010 23:00:00,        59.958935
02/18/2010 00:00:00,        44.221664
02/18/2010 01:00:00,        16.706923
02/18/2010 02:00:00,         6.744626
02/18/2010 03:00:00,         5.990597
02/18/2010 04:00:00,         5.847040
02/18/2010 05:00:00,        22.641330
02/18/2010 06:00:00,        21.015923
02/18/2010 07:00:00,        27.121065
02/18/2010 08:00:00,        23.010128
02/18/2010 09:00:00,        21.819366
02/18/2010 10:00:00,        12.939024
02/18/2010 11:00:00,         9.390864
02/18/2010 12:00:00,        11.369884
02/18/2010 13:00:00,        18.071434
02/18/2010 14:00:00,        13.405095
02/18/2010 15:00:00,        22.401205
02/18/2010 16:00:00,        83.526203
02/18/2010 17:00:00,       112.837778
02/18/2010 18:00:00,       127.424470
02/18/2010 19:00:00,       144.159024
02/18/2010 20:00:00,       153.310665
02/18/2010 21:00:00,       164.378624
02/18/2010 22:00:00,       175.736219
02/18/2010 23:00:00,       172.557390
02/19/2010 00:00:00,       178.898241
02/19/2010 01:00:00,       175.427345
02/19/2010 02:00:00,       176.284078
02/19/2010 03:00:00,       176.803569
02/19/2010 04:00:00,       177.073943
02/19/2010 05:00:00,       176.664480
02/19/2010 06:00:00,       175.763081
02/19/2010 07:00:00,       175.020425
02/19/2010 08:00:00,       189.589040
02/19/2010 09:00:00,       175.991157
02/19/2010 10:00:00,       188.435179
02/19/2010 11:00:00,       187.055153
02/19/2010 12:00:00,       185.306382
02/19/2010 13:00:00,       198.578735
02/19/2010 14:00:00,       197.509249
02/19/2010 15:00:00,       180.977545
02/19/2010 16:00:00,       193.866948
02/19/2010 17:00:00,       190.769205
02/19/2010 18:00:00,       188.245200
02/19/2010 19:00:00,       186.498859
02/19/2010 20:00:00,       171.054099
02/19/2010 21:00:00,       157.232877
02/19/2010 22:00:00,       143.953192
02/19/2010 23:00:00,       106.926538
02/20/2010 00:00:00,       106.101271
02/20/2010 01:00:00,        64.498389
02/20/2010 02:00:00,        54.454836
02/20/2010 03:00:00,        52.948423
02/20/2010 04:00:00,        61.340305
02/20/2010 05:00:00,        60.372957
02/20/2010 06:00:00,        65.200291
02/20/2010 07:00:00,        67.339533
02/20/2010 08:00:00,        78.755011
02/20/2010 09:00:00,        80.147006
02/20/2010 10:00:00,        67.758657
02/20/2010 11:00:00,        81.027848
02/20/2010 12:00:00,        81.922930
02/20/2010 13:00:00,        85.878009
02/20/2010 14:00:00,        96.603238
02/20/2010 15:00:00,       120.445252
02/20/2010 16:00:00,       127.883389
02/20/2010 17:00:00,       133.062043
02/20/2010 18:00:00,       136.929883
02/20/2010 19:00:00,       141.534303
02/20/2010 20:00:00,       145.508425
02/20/2010 21:00:00,       150.963664
02/20/2010 22:00:00,       159.528053
02/20/2010 23:00:00,       167.432981
02/21/2010 00:00:00,       174.867143
02/21/2010 01:00:00,       130.243379
02/21/2010 02:00:00,       128.619949
02/21/2010 03:00:00,       125.436541
02/21/2010 04:00:00,       119.966418
02/21/2010 05:00:00,       115.910874
02/21/2010 06:00:00,       102.993003
02/21/2010 07:00:00,        90.528417
02/21/2010 08:00:00,        94.320247
02/21/2010 09:00:00,        73.093948
02/21/2010 10:00:00,        66.187006
02/21/2010 11:00:00,        60.041514
02/21/2010 12:00:00,        57.160741
02/21/2010 13:00:00,        56.523379
02/21/2010 14:00:00,        56.916309
02/21/2010 15:00:00,        60.315790
02/21/2010 16:00:00,        63.109060
02/21/2010 17:00:00,        67.244730
02/21/2010 18:00:00,        71.590090
02/21/2010 19:00:00,        74.880450
02/21/2010 20:00:00,        80.050250
02/21/2010 21:00:00,        72.245641
02/21/2010 22:00:00,        78.408842
02/21/2010 23:00:00,       100.545000
02/22/2010 00:00:00,        95.186852
02/22/2010 01:00:00,       102.070788
02/22/2010 02:00:00,       106.554678
02/22/2010 03:00:00,        51.215203
02/22/2010 04:00:00,        29.073123
02/22/2010 05:00:00,        12.872848
02/22/2010 06:00:00,        12.796616
02/22/2010 07:00:00,        12.187900
02/22/2010 08:00:00,         0.582257
02/22/2010 09:00:00,        18.516299
02/22/2010 10:00:00,        73.088710
02/22/2010 11:00:00,        78.433540
02/22/2010 12:00:00,        93.612304
02/22/2010 13:00:00,        77.288330
02/22/2010 14:00:00,        60.613171
02/22/2010 15:00:00,        55.603472
02/22/2010 16:00:00,        56.214390
02/22/2010 17:00:00,        51.313924
02/22/2010 18:00:00,        42.778841
02/22/2010 19:00:00,        36.793550
02/22/2010 20:00:00,        29.616440
02/22/2010 21:00:00,        25.649151
02/22/2010 22:00:00,        17.362185
02/22/2010 23:00:00,        19.050280
02/23/2010 00:00:00,        18.837830
02/23/2010 01:00:00,         0.212319
02/23/2010 02:00:00,         0.000000
02/23/2010 03:00:00,         0.000000
02/23/2010 04:00:00,         0.000000
02/23/2010 05:00:00,        28.675012
02/23/2010 06:00:00,        28.562600
02/23/2010 07:00:00,        28.296856
02/23/2010 08:00:00,        17.454890
02/23/2010 09:00:00,        16.376627
02/23/2010 10:00:00,         0.000000
02/23/2010 11:00:00,         0.000000
02/23/2010 12:00:00,         0.000000
02/23/2010 13:00:00,         0.000000
02/23/2010 14:00:00,         0.000000
02/23/2010 15:00:00,        26.495500
02/23/2010 16:00:00,        53.143000
02/23/2010 17:00:00,        69.341000
02/23/2010 18:00:00,        77.391250
02/23/2010 19:00:00,        87.807040
02/23/2010 20:00:00,        91.366390
02/23/2010 21:00:00,        88.681701
02/23/2010 22:00:00,        95.253426
02/23/2010 23:00:00,        81.751390
02/24/2010 00:00:00,        38.727752
02/24/2010 01:00:00,        79.914153
02/24/2010 02:00:00,        71.251040
02/24/2010 03:00:00,        89.978625
02/24/2010 04:00:00,        95.102900
02/24/2010 05:00:00,         0.372964
02/24/2010 06:00:00,        28.547500
02/24/2010 07:00:00,        88.730000
02/24/2010 08:00:00,        88.407900
02/24/2010 09:00:00,       106.069870
02/24/2010 10:00:00,       105.000100
02/24/2010 11:00:00,       104.413290
02/24/2010 12:00:00,        34.569397
02/24/2010 13:00:00,        79.290796
02/24/2010 14:00:00,        85.244090
02/24/2010 15:00:00,        79.132030
02/24/2010 16:00:00,        97.281600
02/24/2010 17:00:00,       112.277420
02/24/2010 18:00:00,       106.286790
02/24/2010 19:00:00,       107.860630
02/24/2010 20:00:00,       101.547778
02/24/2010 21:00:00,        96.607190
02/24/2010 22:00:00,        42.240824
02/24/2010 23:00:00,        16.352545
02/25/2010 00:00:00,         1.261539
02/25/2010 01:00:00,         0.000000
02/25/2010 02:00:00,         0.000000
02/25/2010 03:00:00,         0.000000
02/25/2010 04:00:00,         0.000000
02/25/2010 05:00:00,        14.440000
02/25/2010 06:00:00,        65.377300
02/25/2010 07:00:00,        81.551400
02/25/2010 08:00:00,       126.881100
02/25/2010 09:00:00,       127.200600
02/25/2010 10:00:00,       129.441200
02/25/2010 11:00:00,       115.739284
02/25/2010 12:00:00,        72.122968
02/25/2010 13:00:00,        59.905199
02/25/2010 14:00:00,        29.568361
02/25/2010 15:00:00,        29.095470
02/25/2010 16:00:00,        16.260332
02/25/2010 17:00:00,         1.308649
02/25/2010 18:00:00,         0.656733
02/25/2010 19:00:00,         0.000000
02/25/2010 20:00:00,         0.000000
02/25/2010 21:00:00,         0.000000
02/25/2010 22:00:00,         0.000000
02/25/2010 23:00:00,         0.000000
02/26/2010 00:00:00,         0.000000
02/26/2010 01:00:00,         0.000000
02/26/2010 02:00:00,         0.000000
02/26/2010 03:00:00,         0.000000
02/26/2010 04:00:00,         0.000000
02/26/2010 05:00:00,         0.000000
02/26/2010 06:00:00,         0.000000
02/26/2010 07:00:00,         0.000000
02/26/2010 08:00:00,         0.000000
02/26/2010 09:00:00,         0.000000
02/26/2010 10:00:00,         0.000000
02/26/2010 11:00:00,         0.000000
02/26/2010 12:00:00,         0.000000
02/26/2010 13:00:00,         0.000000
02/26/2010 14:00:00,         0.000000
02/26/2010 15:00:00,         0.000000
02/26/2010 16:00:00,         0.000000
02/26/2010 17:00:00,         0.000000
02/26/2010 18:00:00,         0.000000
02/26/2010 19:00:00,         0.000000
02/26/2010 20:00:00,         0.000000
02/26/2010 21:00:00,         0.000000
02/26/2010 22:00:00,         0.000000
02/26/2010 23:00:00,         0.000000
02/27/2010 00:00:00,         0.000000
02/27/2010 01:00:00,         0.000000
02/27/2010 02:00:00,         0.000000
02/27/2010 03:00:00,         0.000000
02/27/2010 04:00:00,         0.000000
02/27/2010 05:00:00,         0.000000
02/27/2010 06:00:00,         0.000000
02/27/2010 07:00:00,         0.000000
02/27/2010 08:00:00,         0.000000
02/27/2010 09:00:00,         0.000000
02/27/2010 10:00:00,         0.000000
02/27/2010 11:00:00,         0.000000
02/27/2010 12:00:00,         0.000000
02/27/2010 13:00:00,         0.000000
02/27/2010 14:00:00,         0.000000
02/27/2010 15:00:00,         0.000000
02/27/2010 16:00:00,         0.000000
02/27/2010 17:00:00,         0.000000
02/27/2010 18:00:00,         0.000000
02/27/2010 19:00:00,         0.000000
02/27/2010 20:00:00,         0.000000
02/27/2010 21:00:00,         0.000000
02/27/2010 22:00:00,         0.000000
02/27/2010 23:00:00,         0.000000
02/28/2010 00:00:00,         0.000000
02/28/2010 01:00:00,         0.000000
02/28/2010 02:00:00,         0.000000
02/28/2010 03:00:00,         0.000000
02/28/2010 04:00:00,         0.000000
02/28/2010 05:00:00,         0.000000
02/28/2010 06:00:00,         0.000000
02/28/2010 07:00:00,         0.000000
02/28/2010 08:00:00,         0.000000
02/28/2010 09:00:00,         0.000000
02/28/2010 10:00:00,        15.252192
02/28/2010 11:00:00,        15.005959
02/28/2010 12:00:00,        15.646455
02/28/2010 13:00:00,        15.795705
02/28/2010 14:00:00,         0.000000
02/28/2010 15:00:00,         0.000000
02/28/2010 16:00:00,         4.161000
02/28/2010 17:00:00,        21.992500
02/28/2010 18:00:00,        36.979020
02/28/2010 19:00:00,        50.449040
02/28/2010 20:00:00,        53.848380
02/28/2010 21:00:00,        45.545328
02/28/2010 22:00:00,        21.679045
02/28/2010 23:00:00,        20.322939
03/01/2010 00:00:00,        46.984600
03/01/2010 01:00:00,        25.026072
03/01/2010 02:00:00,        38.380371
03/01/2010 03:00:00,        86.575100
03/01/2010 04:00:00,        89.331800
03/01/2010 05:00:00,       104.766400
03/01/2010 06:00:00,       107.870000
03/01/2010 07:00:00,        61.597932
03/01/2010 08:00:00,       118.533100
03/01/2010 09:00:00,       162.792600
03/01/2010 10:00:00,       169.650000
03/01/2010 11:00:00,       187.076300
03/01/2010 12:00:00,       204.086200
03/01/2010 13:00:00,       204.746789
03/01/2010 14:00:00,       205.812326
03/01/2010 15:00:00,       205.946000
03/01/2010 16:00:00,       221.241600
03/01/2010 17:00:00,       221.292000
03/01/2010 18:00:00,       222.051800
03/01/2010 19:00:00,       222.001813
03/01/2010 20:00:00,       221.852000
03/01/2010 21:00:00,       221.498623
03/01/2010 22:00:00,       221.400947
03/01/2010 23:00:00,       221.691090
03/02/2010 00:00:00,       221.385704
03/02/2010 01:00:00,       198.615900
03/02/2010 02:00:00,       195.537700
03/02/2010 03:00:00,       192.214700
03/02/2010 04:00:00,       186.983800
03/02/2010 05:00:00,       180.841700
03/02/2010 06:00:00,       173.739620
03/02/2010 07:00:00,       165.152220
03/02/2010 08:00:00,       152.794700
03/02/2010 09:00:00,       129.713226
03/02/2010 10:00:00,       117.353271
03/02/2010 11:00:00,       112.883700
03/02/2010 12:00:00,        99.891400
03/02/2010 13:00:00,        87.295020
03/02/2010 14:00:00,        75.590530
03/02/2010 15:00:00,        63.752010
03/02/2010 16:00:00,        54.374540
03/02/2010 17:00:00,        48.571425
03/02/2010 18:00:00,        45.547694
03/02/2010 19:00:00,        40.488323
03/02/2010 20:00:00,        37.893541
03/02/2010 21:00:00,        37.127043
03/02/2010 22:00:00,        39.623824
03/02/2010 23:00:00,        41.763868
03/03/2010 00:00:00,        45.699701
03/03/2010 01:00:00,        68.049392
03/03/2010 02:00:00,        67.085274
03/03/2010 03:00:00,        67.583820
03/03/2010 04:00:00,        68.642330
03/03/2010 05:00:00,        69.857420
03/03/2010 06:00:00,        71.360510
03/03/2010 07:00:00,        70.194890
03/03/2010 08:00:00,        65.009116
03/03/2010 09:00:00,        61.889290
03/03/2010 10:00:00,        57.841590
03/03/2010 11:00:00,        54.753570
03/03/2010 12:00:00,        52.512080
03/03/2010 13:00:00,        50.821620
03/03/2010 14:00:00,        49.804930
03/03/2010 15:00:00,        47.127600
03/03/2010 16:00:00,        45.776060
03/03/2010 17:00:00,        48.715380
03/03/2010 18:00:00,        52.982890
03/03/2010 19:00:00,        52.994890
03/03/2010 20:00:00,        55.097220
03/03/2010 21:00:00,        58.270250
03/03/2010 22:00:00,        62.473070
03/03/2010 23:00:00,        67.658780
03/04/2010 00:00:00,        73.895510
03/04/2010 01:00:00,       176.680642
03/04/2010 02:00:00,       180.933000
03/04/2010 03:00:00,       185.789900
03/04/2010 04:00:00,       187.406167
03/04/2010 05:00:00,       188.630074
03/04/2010 06:00:00,       189.892432
03/04/2010 07:00:00,       187.273723
03/04/2010 08:00:00,       185.261931
03/04/2010 09:00:00,       186.901908
03/04/2010 10:00:00,       185.137800
03/04/2010 11:00:00,       182.424800
03/04/2010 12:00:00,       180.225847
03/04/2010 13:00:00,       177.633391
03/04/2010 14:00:00,       176.313293
03/04/2010 15:00:00,       174.595681
03/04/2010 16:00:00,       174.753496
03/04/2010 17:00:00,       175.657558
03/04/2010 18:00:00,       176.764646
03/04/2010 19:00:00,       175.314499
03/04/2010 20:00:00,       175.520301
03/04/2010 21:00:00,       176.377767
03/04/2010 22:00:00,       179.631450
03/04/2010 23:00:00,       183.394247
03/05/2010 00:00:00,       187.971849
03/05/2010 01:00:00,       209.832918
03/05/2010 02:00:00,       208.079588
03/05/2010 03:00:00,       207.164256
03/05/2010 04:00:00,       208.672138
03/05/2010 05:00:00,       208.311491
03/05/2010 06:00:00,       207.081814
03/05/2010 07:00:00,       201.557848
03/05/2010 08:00:00,       194.679983
03/05/2010 09:00:00,       187.318365
03/05/2010 10:00:00,       178.694555
03/05/2010 11:00:00,       169.906044
03/05/2010 12:00:00,       161.917642
03/05/2010 13:00:00,       154.326831
03/05/2010 14:00:00,       146.771969
03/05/2010 15:00:00,       139.937755
03/05/2010 16:00:00,       134.680854
03/05/2010 17:00:00,       130.569630
03/05/2010 18:00:00,       126.252261
03/05/2010 19:00:00,       121.766964
03/05/2010 20:00:00,       121.259034
03/05/2010 21:00:00,       122.485047
03/05/2010 22:00:00,       125.710548
03/05/2010 23:00:00,       129.845086
03/06/2010 00:00:00,       134.783319
03/06/2010 01:00:00,       137.791467
03/06/2010 02:00:00,       137.041922
03/06/2010 03:00:00,       135.935987
03/06/2010 04:00:00,       134.278131
03/06/2010 05:00:00,       130.710629
03/06/2010 06:00:00,       128.808656
03/06/2010 07:00:00,       129.159505
03/06/2010 08:00:00,       128.549777
03/06/2010 09:00:00,       126.814192
03/06/2010 10:00:00,       126.234820
03/06/2010 11:00:00,       125.294240
03/06/2010 12:00:00,       123.236644
03/06/2010 13:00:00,       124.878978
03/06/2010 14:00:00,       127.857048
03/06/2010 15:00:00,       129.327177
03/06/2010 16:00:00,       133.019142
03/06/2010 17:00:00,       137.970584
03/06/2010 18:00:00,       148.196754
03/06/2010 19:00:00,       154.236869
03/06/2010 20:00:00,       157.999401
03/06/2010 21:00:00,       162.897308
03/06/2010 22:00:00,       168.914997
03/06/2010 23:00:00,       175.930007
03/07/2010 00:00:00,       181.524432
03/07/2010 01:00:00,        69.287898
03/07/2010 02:00:00,        64.219670
03/07/2010 03:00:00,        60.146700
03/07/2010 04:00:00,        58.938504
03/07/2010 05:00:00,        61.481048
03/07/2010 06:00:00,        66.119907
03/07/2010 07:00:00,        71.170070
03/07/2010 08:00:00,        67.691132
03/07/2010 09:00:00,        65.339733
03/07/2010 10:00:00,        70.292969
03/07/2010 11:00:00,        65.979623
03/07/2010 12:00:00,        66.155196
03/07/2010 13:00:00,        68.275566
03/07/2010 14:00:00,        77.281323
03/07/2010 15:00:00,       103.337954
03/07/2010 16:00:00,       112.050443
03/07/2010 17:00:00,       121.435713
03/07/2010 18:00:00,       130.599288
03/07/2010 19:00:00,       133.214270
03/07/2010 20:00:00,       135.001944
03/07/2010 21:00:00,       135.660374
03/07/2010 22:00:00,       137.811420
03/07/2010 23:00:00,       139.762430
03/08/2010 00:00:00,       141.337545
03/08/2010 01:00:00,       188.245937
03/08/2010 02:00:00,       186.491718
03/08/2010 03:00:00,       169.459820
03/08/2010 04:00:00,       168.336156
03/08/2010 05:00:00,       166.243226
03/08/2010 06:00:00,       124.138234
03/08/2010 07:00:00,        95.296948
03/08/2010 08:00:00,        66.989048
03/08/2010 09:00:00,        90.274447
03/08/2010 10:00:00,       178.160158
03/08/2010 11:00:00,       180.419539
03/08/2010 12:00:00,       180.210849
03/08/2010 13:00:00,       179.987056
03/08/2010 14:00:00,       180.960330
03/08/2010 15:00:00,       182.197506
03/08/2010 16:00:00,       185.229951
03/08/2010 17:00:00,       188.079075
03/08/2010 18:00:00,       191.051878
03/08/2010 19:00:00,       192.659488
03/08/2010 20:00:00,       194.940813
03/08/2010 21:00:00,       198.792493
03/08/2010 22:00:00,       200.168515
03/08/2010 23:00:00,       202.563129
03/09/2010 00:00:00,       205.373592
03/09/2010 01:00:00,       147.961956
03/09/2010 02:00:00,       143.432957
03/09/2010 03:00:00,       137.243747
03/09/2010 04:00:00,       131.252907
03/09/2010 05:00:00,       125.397073
03/09/2010 06:00:00,       118.862218
03/09/2010 07:00:00,       111.236632
03/09/2010 08:00:00,        97.992533
03/09/2010 09:00:00,        88.453316
03/09/2010 10:00:00,        83.624636
03/09/2010 11:00:00,        78.729779
03/09/2010 12:00:00,        74.165409
03/09/2010 13:00:00,        70.305393
03/09/2010 14:00:00,        66.927804
03/09/2010 15:00:00,        65.133604
03/09/2010 16:00:00,        67.485063
03/09/2010 17:00:00,        73.123947
03/09/2010 18:00:00,        77.712739
03/09/2010 19:00:00,        79.654079
03/09/2010 20:00:00,        82.467524
03/09/2010 21:00:00,        87.808222
03/09/2010 22:00:00,        95.402159
03/09/2010 23:00:00,       100.542524
03/10/2010 00:00:00,       106.603217
03/10/2010 01:00:00,        74.975533
03/10/2010 02:00:00,        73.487044
03/10/2010 03:00:00,        70.230397
03/10/2010 04:00:00,        67.318987
03/10/2010 05:00:00,        65.442773
03/10/2010 06:00:00,        63.555785
03/10/2010 07:00:00,        60.604405
03/10/2010 08:00:00,        53.393945
03/10/2010 09:00:00,        45.399077
03/10/2010 10:00:00,        39.470501
03/10/2010 11:00:00,        36.600165
03/10/2010 12:00:00,        36.326176
03/10/2010 13:00:00,        36.881529
03/10/2010 14:00:00,        37.189289
03/10/2010 15:00:00,        34.390513
03/10/2010 16:00:00,        29.966876
03/10/2010 17:00:00,        28.609741
03/10/2010 18:00:00,        27.637557
03/10/2010 19:00:00,        25.837796
03/10/2010 20:00:00,        24.468578
03/10/2010 21:00:00,        24.295612
03/10/2010 22:00:00,        25.919330
03/10/2010 23:00:00,        26.488042
03/11/2010 00:00:00,        26.628900
03/11/2010 01:00:00,        21.046890
03/11/2010 02:00:00,        19.490705
03/11/2010 03:00:00,        17.658430
03/11/2010 04:00:00,        14.177244
03/11/2010 05:00:00,        11.550879
03/11/2010 06:00:00,        10.021122
03/11/2010 07:00:00,         8.643852
03/11/2010 08:00:00,         3.763003
03/11/2010 09:00:00,         0.920285
03/11/2010 10:00:00,         0.289209
03/11/2010 11:00:00,         0.231610
03/11/2010 12:00:00,         0.228014
03/11/2010 13:00:00,         0.208067
03/11/2010 14:00:00,         0.114647
03/11/2010 15:00:00,         0.037417
03/11/2010 16:00:00,         0.023007
03/11/2010 17:00:00,         0.082828
03/11/2010 18:00:00,         0.261225
03/11/2010 19:00:00,         0.519389
03/11/2010 20:00:00,         0.954226
03/11/2010 21:00:00,         1.464630
03/11/2010 22:00:00,         2.068501
03/11/2010 23:00:00,         2.840744
03/12/2010 00:00:00,         3.546983
03/12/2010 01:00:00,        17.352380
03/12/2010 02:00:00,        18.778068
03/12/2010 03:00:00,        18.925212
03/12/2010 04:00:00,        20.081300
03/12/2010 05:00:00,        20.748151
03/12/2010 06:00:00,        20.997390
03/12/2010 07:00:00,        20.657448
03/12/2010 08:00:00,        20.426593
03/12/2010 09:00:00,        19.910078
03/12/2010 10:00:00,        17.147882
03/12/2010 11:00:00,        14.925333
03/12/2010 12:00:00,        12.879749
03/12/2010 13:00:00,        11.176380
03/12/2010 14:00:00,        10.057008
03/12/2010 15:00:00,         9.071938
03/12/2010 16:00:00,         8.995771
03/12/2010 17:00:00,         9.588601
03/12/2010 18:00:00,        10.955309
03/12/2010 19:00:00,        11.070756
03/12/2010 20:00:00,        12.018380
03/12/2010 21:00:00,        13.104550
03/12/2010 22:00:00,        13.779298
03/12/2010 23:00:00,        15.177652
03/13/2010 00:00:00,        17.527754
03/13/2010 01:00:00,        34.653965
03/13/2010 02:00:00,        35.090872
03/13/2010 03:00:00,        37.043418
03/13/2010 04:00:00,        40.604943
03/13/2010 05:00:00,        43.055972
03/13/2010 06:00:00,        46.900781
03/13/2010 07:00:00,        48.083573
03/13/2010 08:00:00,        48.697915
03/13/2010 09:00:00,        48.630391
03/13/2010 10:00:00,        48.138398
03/13/2010 11:00:00,        46.766105
03/13/2010 12:00:00,        45.826788
03/13/2010 13:00:00,        44.763918
03/13/2010 14:00:00,        44.348910
03/13/2010 15:00:00,        41.946939
03/13/2010 16:00:00,        42.825914
03/13/2010 17:00:00,        42.069448
03/13/2010 18:00:00,        42.692002
03/13/2010 19:00:00,        42.193312
03/13/2010 20:00:00,        42.732517
03/13/2010 21:00:00,        42.714958
03/13/2010 22:00:00,        44.466140
03/13/2010 23:00:00,        49.439080
03/14/2010 00:00:00,        54.774103
03/14/2010 01:00:00,       115.498005
03/14/2010 02:00:00,       117.850303
03/14/2010 03:00:00,       122.744920
03/14/2010 04:00:00,       128.236299
03/14/2010 05:00:00,       132.624045
03/14/2010 06:00:00,       136.650503
03/14/2010 07:00:00,       139.535865
03/14/2010 08:00:00,       137.581883
03/14/2010 09:00:00,       135.535984
03/14/2010 10:00:00,       136.206240
03/14/2010 11:00:00,       135.403232
03/14/2010 12:00:00,       137.412608
03/14/2010 13:00:00,       141.238780
03/14/2010 14:00:00,       142.607660
03/14/2010 15:00:00,       142.268908
03/14/2010 16:00:00,       143.970374
03/14/2010 17:00:00,       142.588310
03/14/2010 18:00:00,       144.787576
03/14/2010 19:00:00,       144.539621
03/14/2010 20:00:00,       145.066599
03/14/2010 21:00:00,       148.542850
03/14/2010 22:00:00,       156.430410
03/14/2010 23:00:00,       161.996300
03/15/2010 00:00:00,       168.507300
03/15/2010 01:00:00,       172.909260
03/15/2010 02:00:00,       170.852472
03/15/2010 03:00:00,       173.252226
03/15/2010 04:00:00,       175.576371
03/15/2010 05:00:00,       177.059350
03/15/2010 06:00:00,       176.293109
03/15/2010 07:00:00,       173.980406
03/15/2010 08:00:00,       166.865734
03/15/2010 09:00:00,       158.110242
03/15/2010 10:00:00,       148.458387
03/15/2010 11:00:00,       141.417251
03/15/2010 12:00:00,       135.439549
03/15/2010 13:00:00,       130.138561
03/15/2010 14:00:00,       123.970785
03/15/2010 15:00:00,       116.828980
03/15/2010 16:00:00,       111.528461
03/15/2010 17:00:00,       107.066924
03/15/2010 18:00:00,       102.874117
03/15/2010 19:00:00,        98.028894
03/15/2010 20:00:00,        95.590487
03/15/2010 21:00:00,        97.391997
03/15/2010 22:00:00,       100.355702
03/15/2010 23:00:00,       105.991560
03/16/2010 00:00:00,       109.651710
03/16/2010 01:00:00,        73.689580
03/16/2010 02:00:00,        67.492330
03/16/2010 03:00:00,        61.234770
03/16/2010 04:00:00,        55.768940
03/16/2010 05:00:00,        50.512460
03/16/2010 06:00:00,        45.205920
03/16/2010 07:00:00,        40.454478
03/16/2010 08:00:00,        30.941698
03/16/2010 09:00:00,        22.361080
03/16/2010 10:00:00,        15.973729
03/16/2010 11:00:00,        11.697000
03/16/2010 12:00:00,         9.733264
03/16/2010 13:00:00,         9.864786
03/16/2010 14:00:00,        11.286207
03/16/2010 15:00:00,        14.105877
03/16/2010 16:00:00,        17.052972
03/16/2010 17:00:00,        20.903099
03/16/2010 18:00:00,        25.459199
03/16/2010 19:00:00,        28.087711
03/16/2010 20:00:00,        29.508618
03/16/2010 21:00:00,        31.171138
03/16/2010 22:00:00,        33.899193
03/16/2010 23:00:00,        37.017683
03/17/2010 00:00:00,        41.189244
03/17/2010 01:00:00,        21.520837
03/17/2010 02:00:00,        21.360936
03/17/2010 03:00:00,        19.585871
03/17/2010 04:00:00,        17.746060
03/17/2010 05:00:00,        19.919176
03/17/2010 06:00:00,        23.040961
03/17/2010 07:00:00,        26.493177
03/17/2010 08:00:00,        28.445365
03/17/2010 09:00:00,        33.402324
03/17/2010 10:00:00,        40.716603
03/17/2010 11:00:00,        51.585778
03/17/2010 12:00:00,        68.504480
03/17/2010 13:00:00,        83.752030
03/17/2010 14:00:00,        97.360600
03/17/2010 15:00:00,       105.706840
03/17/2010 16:00:00,       114.650230
03/17/2010 17:00:00,       129.369074
03/17/2010 18:00:00,       143.716297
03/17/2010 19:00:00,       154.799371
03/17/2010 20:00:00,       164.217469
03/17/2010 21:00:00,       171.872530
03/17/2010 22:00:00,       177.540505
03/17/2010 23:00:00,       182.373866
03/18/2010 00:00:00,       186.820217
03/18/2010 01:00:00,       220.399674
03/18/2010 02:00:00,       220.207705
03/18/2010 03:00:00,       219.999985
03/18/2010 04:00:00,       215.655344
03/18/2010 05:00:00,       219.042080
03/18/2010 06:00:00,       217.574187
03/18/2010 07:00:00,       214.018813
03/18/2010 08:00:00,       210.148035
03/18/2010 09:00:00,       202.962374
03/18/2010 10:00:00,       195.289259
03/18/2010 11:00:00,       186.982959
03/18/2010 12:00:00,       180.083313
03/18/2010 13:00:00,       170.429955
03/18/2010 14:00:00,       161.111121
03/18/2010 15:00:00,       150.276640
03/18/2010 16:00:00,       139.286093
03/18/2010 17:00:00,       127.718593
03/18/2010 18:00:00,       118.077359
03/18/2010 19:00:00,       110.516387
03/18/2010 20:00:00,       101.369367
03/18/2010 21:00:00,        95.051033
03/18/2010 22:00:00,        91.407166
03/18/2010 23:00:00,        86.734779
03/19/2010 00:00:00,        80.556829
03/19/2010 01:00:00,        26.110684
03/19/2010 02:00:00,        23.394730
03/19/2010 03:00:00,        18.712504
03/19/2010 04:00:00,        15.425155
03/19/2010 05:00:00,        12.437552
03/19/2010 06:00:00,        10.797168
03/19/2010 07:00:00,         9.432627
03/19/2010 08:00:00,         4.471922
03/19/2010 09:00:00,         3.502344
03/19/2010 10:00:00,         3.562360
03/19/2010 11:00:00,         3.007328
03/19/2010 12:00:00,         2.365076
03/19/2010 13:00:00,         2.604083
03/19/2010 14:00:00,         3.312512
03/19/2010 15:00:00,         4.175019
03/19/2010 16:00:00,         5.496235
03/19/2010 17:00:00,         8.489193
03/19/2010 18:00:00,        13.951422
03/19/2010 19:00:00,        17.023728
03/19/2010 20:00:00,        20.459893
03/19/2010 21:00:00,        26.752471
03/19/2010 22:00:00,        29.340947
03/19/2010 23:00:00,        33.684726
03/20/2010 00:00:00,        37.607762
03/20/2010 01:00:00,       165.856186
03/20/2010 02:00:00,       166.331247
03/20/2010 03:00:00,       169.227061
03/20/2010 04:00:00,       170.786306
03/20/2010 05:00:00,       172.445229
03/20/2010 06:00:00,       169.873774
03/20/2010 07:00:00,       164.312889
03/20/2010 08:00:00,       159.529912
03/20/2010 09:00:00,       154.306973
03/20/2010 10:00:00,       146.790249
03/20/2010 11:00:00,       137.766840
03/20/2010 12:00:00,       132.680472
03/20/2010 13:00:00,       126.915648
03/20/2010 14:00:00,       122.592406
03/20/2010 15:00:00,       120.734630
03/20/2010 16:00:00,       120.073176
03/20/2010 17:00:00,       120.662298
03/20/2010 18:00:00,       120.142497
03/20/2010 19:00:00,       118.176939
03/20/2010 20:00:00,       120.400550
03/20/2010 21:00:00,       125.860332
03/20/2010 22:00:00,       130.627875
03/20/2010 23:00:00,       134.752064
03/21/2010 00:00:00,       139.980612
03/21/2010 01:00:00,        61.266671
03/21/2010 02:00:00,        55.099543
03/21/2010 03:00:00,        48.484356
03/21/2010 04:00:00,        42.143366
03/21/2010 05:00:00,        36.096905
03/21/2010 06:00:00,        30.249554
03/21/2010 07:00:00,        25.173767
03/21/2010 08:00:00,        16.056250
03/21/2010 09:00:00,         8.684729
03/21/2010 10:00:00,         3.665473
03/21/2010 11:00:00,         1.003216
03/21/2010 12:00:00,         0.534618
03/21/2010 13:00:00,         0.656108
03/21/2010 14:00:00,         1.117527
03/21/2010 15:00:00,         1.691713
03/21/2010 16:00:00,         2.296273
03/21/2010 17:00:00,         3.163885
03/21/2010 18:00:00,         3.682585
03/21/2010 19:00:00,         4.098021
03/21/2010 20:00:00,         4.469065
03/21/2010 21:00:00,         4.890186
03/21/2010 22:00:00,         5.670525
03/21/2010 23:00:00,         6.386710
03/22/2010 00:00:00,         7.065893
03/22/2010 01:00:00,         1.928177
03/22/2010 02:00:00,         0.883143
03/22/2010 03:00:00,         0.018884
03/22/2010 04:00:00,         0.000000
03/22/2010 05:00:00,         0.000000
03/22/2010 06:00:00,         0.000000
03/22/2010 07:00:00,         0.000000
03/22/2010 08:00:00,         3.869054
03/22/2010 09:00:00,         6.794623
03/22/2010 10:00:00,         6.378977
03/22/2010 11:00:00,         9.563740
03/22/2010 12:00:00,         9.361582
03/22/2010 13:00:00,        11.356586
03/22/2010 14:00:00,        12.483937
03/22/2010 15:00:00,        12.072201
03/22/2010 16:00:00,        11.130036
03/22/2010 17:00:00,        10.432491
03/22/2010 18:00:00,         9.452779
03/22/2010 19:00:00,         9.200474
03/22/2010 20:00:00,         9.583276
03/22/2010 21:00:00,        10.424260
03/22/2010 22:00:00,        10.000217
03/22/2010 23:00:00,        10.003295
03/23/2010 00:00:00,        10.425426
03/23/2010 01:00:00,        53.914989
03/23/2010 02:00:00,        63.494288
03/23/2010 03:00:00,        73.647550
03/23/2010 04:00:00,        81.547940
03/23/2010 05:00:00,        72.803250
03/23/2010 06:00:00,        34.930892
03/23/2010 07:00:00,        93.388409
03/23/2010 08:00:00,       102.809539
03/23/2010 09:00:00,       117.516255
03/23/2010 10:00:00,       146.399830
03/23/2010 11:00:00,       130.780224
03/23/2010 12:00:00,         8.955929
03/23/2010 13:00:00,         2.027016
03/23/2010 14:00:00,         0.000000
03/23/2010 15:00:00,         0.000000
03/23/2010 16:00:00,         0.000000
03/23/2010 17:00:00,         0.000000
03/23/2010 18:00:00,         0.000000
03/23/2010 19:00:00,         0.000000
03/23/2010 20:00:00,         0.000000
03/23/2010 21:00:00,         0.000000
03/23/2010 22:00:00,         0.000000
03/23/2010 23:00:00,         0.000000
03/24/2010 00:00:00,         0.000000
03/24/2010 01:00:00,         0.000000
03/24/2010 02:00:00,         0.000000
03/24/2010 03:00:00,         0.000000
03/24/2010 04:00:00,         0.000000
03/24/2010 05:00:00,         0.000000
03/24/2010 06:00:00,        14.117000
03/24/2010 07:00:00,        41.002000
03/24/2010 08:00:00,       110.630200
03/24/2010 09:00:00,       121.566700
03/24/2010 10:00:00,       134.926630
03/24/2010 11:00:00,       145.458610
03/24/2010 12:00:00,       147.288500
03/24/2010 13:00:00,       148.598200
03/24/2010 14:00:00,       163.716900
03/24/2010 15:00:00,       179.512000
03/24/2010 16:00:00,       178.079400
03/24/2010 17:00:00,       179.582100
03/24/2010 18:00:00,       183.779200
03/24/2010 19:00:00,       186.490284
03/24/2010 20:00:00,       190.853800
03/24/2010 21:00:00,       195.445200
03/24/2010 22:00:00,       201.168400
03/24/2010 23:00:00,       204.333700
03/25/2010 00:00:00,       207.254782
03/25/2010 01:00:00,       219.824484
03/25/2010 02:00:00,       219.821246
03/25/2010 03:00:00,       219.492146
03/25/2010 04:00:00,       218.065959
03/25/2010 05:00:00,       216.959614
03/25/2010 06:00:00,       214.014527
03/25/2010 07:00:00,       207.927985
03/25/2010 08:00:00,       199.665293
03/25/2010 09:00:00,       190.359191
03/25/2010 10:00:00,       180.882092
03/25/2010 11:00:00,       173.759862
03/25/2010 12:00:00,       170.527465
03/25/2010 13:00:00,       167.977715
03/25/2010 14:00:00,       165.805903
03/25/2010 15:00:00,       162.175156
03/25/2010 16:00:00,       160.845024
03/25/2010 17:00:00,       161.790274
03/25/2010 18:00:00,       161.807040
03/25/2010 19:00:00,       163.059828
03/25/2010 20:00:00,       168.536352
03/25/2010 21:00:00,       175.309733
03/25/2010 22:00:00,       181.374553
03/25/2010 23:00:00,       191.198308
03/26/2010 00:00:00,       199.365900
03/26/2010 01:00:00,       122.154128
03/26/2010 02:00:00,       136.585580
03/26/2010 03:00:00,       130.934331
03/26/2010 04:00:00,       126.261539
03/26/2010 05:00:00,       120.410469
03/26/2010 06:00:00,       114.209991
03/26/2010 07:00:00,       108.588675
03/26/2010 08:00:00,       101.370607
03/26/2010 09:00:00,        94.253693
03/26/2010 10:00:00,        90.066917
03/26/2010 11:00:00,        86.298556
03/26/2010 12:00:00,        86.033059
03/26/2010 13:00:00,        85.409077
03/26/2010 14:00:00,        85.213866
03/26/2010 15:00:00,        84.663259
03/26/2010 16:00:00,        85.285591
03/26/2010 17:00:00,        87.361399
03/26/2010 18:00:00,        93.081068
03/26/2010 19:00:00,        94.560540
03/26/2010 20:00:00,        97.385947
03/26/2010 21:00:00,       100.141624
03/26/2010 22:00:00,       102.584289
03/26/2010 23:00:00,       103.434318
03/27/2010 00:00:00,       105.239770
03/27/2010 01:00:00,        45.935776
03/27/2010 02:00:00,        44.985952
03/27/2010 03:00:00,        43.376497
03/27/2010 04:00:00,        41.062063
03/27/2010 05:00:00,        38.967872
03/27/2010 06:00:00,        36.306705
03/27/2010 07:00:00,        32.564723
03/27/2010 08:00:00,        29.212352
03/27/2010 09:00:00,        27.386966
03/27/2010 10:00:00,        23.582243
03/27/2010 11:00:00,        20.212231
03/27/2010 12:00:00,        17.962931
03/27/2010 13:00:00,        15.396776
03/27/2010 14:00:00,        10.591253
03/27/2010 15:00:00,         7.562927
03/27/2010 16:00:00,         5.338783
03/27/2010 17:00:00,         3.426697
03/27/2010 18:00:00,         1.969194
03/27/2010 19:00:00,         1.306472
03/27/2010 20:00:00,         1.320106
03/27/2010 21:00:00,         1.443301
03/27/2010 22:00:00,         1.664870
03/27/2010 23:00:00,         1.913306
03/28/2010 00:00:00,         2.090562
03/28/2010 01:00:00,        40.013411
03/28/2010 02:00:00,        48.693698
03/28/2010 03:00:00,        53.627206
03/28/2010 04:00:00,        57.902680
03/28/2010 05:00:00,        61.307901
03/28/2010 06:00:00,        62.893987
03/28/2010 07:00:00,        63.493464
03/28/2010 08:00:00,        67.858466
03/28/2010 09:00:00,        72.416278
03/28/2010 10:00:00,        78.560348
03/28/2010 11:00:00,        84.685320
03/28/2010 12:00:00,        90.756597
03/28/2010 13:00:00,        94.474307
03/28/2010 14:00:00,        96.882382
03/28/2010 15:00:00,        98.551621
03/28/2010 16:00:00,       103.366138
03/28/2010 17:00:00,       108.021868
03/28/2010 18:00:00,       110.600564
03/28/2010 19:00:00,       114.357765
03/28/2010 20:00:00,       118.469423
03/28/2010 21:00:00,       123.456202
03/28/2010 22:00:00,       127.493586
03/28/2010 23:00:00,       130.627710
03/29/2010 00:00:00,       131.810486
03/29/2010 01:00:00,        76.840783
03/29/2010 02:00:00,        73.281352
03/29/2010 03:00:00,        67.164872
03/29/2010 04:00:00,        46.824106
03/29/2010 05:00:00,        26.540414
03/29/2010 06:00:00,         1.878298
03/29/2010 07:00:00,         0.000000
03/29/2010 08:00:00,         0.000000
03/29/2010 09:00:00,         0.000000
03/29/2010 10:00:00,         0.000000
03/29/2010 11:00:00,         0.000000
03/29/2010 12:00:00,       102.087473
03/29/2010 13:00:00,       103.200805
03/29/2010 14:00:00,       105.548154
03/29/2010 15:00:00,       110.603185
03/29/2010 16:00:00,       110.742488
03/29/2010 17:00:00,       107.762819
03/29/2010 18:00:00,       102.013175
03/29/2010 19:00:00,        98.693566
03/29/2010 20:00:00,        95.052384
03/29/2010 21:00:00,        89.290684
03/29/2010 22:00:00,        83.285583
03/29/2010 23:00:00,        74.701601
03/30/2010 00:00:00,        67.555301
03/30/2010 01:00:00,        38.620681
03/30/2010 02:00:00,        49.374249
03/30/2010 03:00:00,        59.764424
03/30/2010 04:00:00,        57.767774
03/30/2010 05:00:00,        72.464848
03/30/2010 06:00:00,        27.075715
03/30/2010 07:00:00,        58.932882
03/30/2010 08:00:00,        54.563282
03/30/2010 09:00:00,       105.178711
03/30/2010 10:00:00,        98.898427
03/30/2010 11:00:00,       116.913757
03/30/2010 12:00:00,       128.697400
03/30/2010 13:00:00,       146.426760
03/30/2010 14:00:00,       154.358200
03/30/2010 15:00:00,       157.140710
03/30/2010 16:00:00,       157.421135
03/30/2010 17:00:00,       160.354190
03/30/2010 18:00:00,       159.270410
03/30/2010 19:00:00,       159.853310
03/30/2010 20:00:00,       160.731030
03/30/2010 21:00:00,       164.687590
03/30/2010 22:00:00,       169.015810
03/30/2010 23:00:00,       173.142950
03/31/2010 00:00:00,       176.677420
03/31/2010 01:00:00,       171.403982
03/31/2010 02:00:00,       170.699076
03/31/2010 03:00:00,       178.166083
03/31/2010 04:00:00,       180.245155
03/31/2010 05:00:00,       182.008991
03/31/2010 06:00:00,       183.796419
03/31/2010 07:00:00,       185.213027
03/31/2010 08:00:00,       186.158521
03/31/2010 09:00:00,       187.262913
03/31/2010 10:00:00,       187.526375
03/31/2010 11:00:00,       186.932873
03/31/2010 12:00:00,       183.494829
03/31/2010 13:00:00,       181.190392
03/31/2010 14:00:00,       177.917100
03/31/2010 15:00:00,       174.560041
03/31/2010 16:00:00,       168.903050
03/31/2010 17:00:00,       163.009037
03/31/2010 18:00:00,       158.301532
03/31/2010 19:00:00,       152.617729
03/31/2010 20:00:00,       146.675738
03/31/2010 21:00:00,       140.631481
03/31/2010 22:00:00,       134.409762
03/31/2010 23:00:00,       127.667146
04/01/2010 00:00:00,       108.567583
04/01/2010 01:00:00,       100.868634
04/01/2010 02:00:00,        93.367742
04/01/2010 03:00:00,        86.827960
04/01/2010 04:00:00,        79.399248
04/01/2010 05:00:00,        72.648076
04/01/2010 06:00:00,        66.624165
04/01/2010 07:00:00,        57.168230
04/01/2010 08:00:00,        47.594783
04/01/2010 09:00:00,        38.089323
04/01/2010 10:00:00,        29.087059
04/01/2010 11:00:00,        21.719791
04/01/2010 12:00:00,        15.330701
04/01/2010 13:00:00,        10.190128
04/01/2010 14:00:00,         6.268100
04/01/2010 15:00:00,         3.418231
04/01/2010 16:00:00,         1.619692
04/01/2010 17:00:00,         0.787631
04/01/2010 18:00:00,         0.226669
04/01/2010 19:00:00,         0.123744
04/01/2010 20:00:00,         0.081238
04/01/2010 21:00:00,         0.091383
04/01/2010 22:00:00,         0.170336
04/01/2010 23:00:00,         0.394902
04/02/2010 00:00:00,         0.813334
04/02/2010 01:00:00,         2.985163
04/02/2010 02:00:00,         4.681288
04/02/2010 03:00:00,         6.409126
04/02/2010 04:00:00,         8.579390
04/02/2010 05:00:00,        10.825997
04/02/2010 06:00:00,        13.516984
04/02/2010 07:00:00,        16.518296
04/02/2010 08:00:00,        19.860402
04/02/2010 09:00:00,        22.933092
04/02/2010 10:00:00,        25.584058
04/02/2010 11:00:00,        28.615323
04/02/2010 12:00:00,        31.773649
04/02/2010 13:00:00,        33.552612
04/02/2010 14:00:00,        34.654345
04/02/2010 15:00:00,        32.898162
04/02/2010 16:00:00,        31.127044
04/02/2010 17:00:00,        31.730383
04/02/2010 18:00:00,        35.225164
04/02/2010 19:00:00,        36.311422
04/02/2010 20:00:00,        37.565741
04/02/2010 21:00:00,        39.905772
04/02/2010 22:00:00,        43.014375
04/02/2010 23:00:00,        45.922693
04/03/2010 00:00:00,        49.980179
04/03/2010 01:00:00,       138.786020
04/03/2010 02:00:00,       138.408453
04/03/2010 03:00:00,       140.580154
04/03/2010 04:00:00,       144.627821
04/03/2010 05:00:00,       149.888932
04/03/2010 06:00:00,       152.597026
04/03/2010 07:00:00,       154.181923
04/03/2010 08:00:00,       151.294554
04/03/2010 09:00:00,       145.793273
04/03/2010 10:00:00,       136.133797
04/03/2010 11:00:00,       125.301976
04/03/2010 12:00:00,       115.318543
04/03/2010 13:00:00,       106.104311
04/03/2010 14:00:00,        97.281216
04/03/2010 15:00:00,        87.536696
04/03/2010 16:00:00,        75.185615
04/03/2010 17:00:00,        61.680959
04/03/2010 18:00:00,        51.001956
04/03/2010 19:00:00,        42.263556
04/03/2010 20:00:00,        34.923823
04/03/2010 21:00:00,        31.514034
04/03/2010 22:00:00,        32.657936
04/03/2010 23:00:00,        34.551016
04/04/2010 00:00:00,        36.991943
04/04/2010 01:00:00,       146.261090
04/04/2010 02:00:00,       154.640412
04/04/2010 03:00:00,       164.916424
04/04/2010 04:00:00,       172.826083
04/04/2010 05:00:00,       179.735471
04/04/2010 06:00:00,       185.432062
04/04/2010 07:00:00,       190.270613
04/04/2010 08:00:00,       202.253215
04/04/2010 09:00:00,       211.286299
04/04/2010 10:00:00,       212.868029
04/04/2010 11:00:00,       213.268895
04/04/2010 12:00:00,       213.531002
04/04/2010 13:00:00,       213.441677
04/04/2010 14:00:00,       213.081962
04/04/2010 15:00:00,       210.567118
04/04/2010 16:00:00,       205.654382
04/04/2010 17:00:00,       203.212440
04/04/2010 18:00:00,       201.733598
04/04/2010 19:00:00,       199.413419
04/04/2010 20:00:00,       197.533127
04/04/2010 21:00:00,       196.411522
04/04/2010 22:00:00,       195.312967
04/04/2010 23:00:00,       194.230580
04/05/2010 00:00:00,       192.923698
04/05/2010 01:00:00,       149.818443
04/05/2010 02:00:00,       151.044418
04/05/2010 03:00:00,       148.745556
04/05/2010 04:00:00,       143.114941
04/05/2010 05:00:00,       140.970109
04/05/2010 06:00:00,       137.742248
04/05/2010 07:00:00,       132.877338
04/05/2010 08:00:00,       121.879145
04/05/2010 09:00:00,       113.957278
04/05/2010 10:00:00,       111.131806
04/05/2010 11:00:00,       108.680457
04/05/2010 12:00:00,       109.435089
04/05/2010 13:00:00,       116.277841
04/05/2010 14:00:00,       121.319938
04/05/2010 15:00:00,       119.328255
04/05/2010 16:00:00,       122.461987
04/05/2010 17:00:00,       128.111458
04/05/2010 18:00:00,       136.638718
04/05/2010 19:00:00,       142.798344
04/05/2010 20:00:00,       151.426886
04/05/2010 21:00:00,       169.528460
04/05/2010 22:00:00,       181.994018
04/05/2010 23:00:00,       191.439023
04/06/2010 00:00:00,       198.066114
04/06/2010 01:00:00,       197.048718
04/06/2010 02:00:00,       189.600174
04/06/2010 03:00:00,       182.037024
04/06/2010 04:00:00,       172.472440
04/06/2010 05:00:00,       162.535719
04/06/2010 06:00:00,       153.773852
04/06/2010 07:00:00,       145.949685
04/06/2010 08:00:00,       133.489052
04/06/2010 09:00:00,       119.962774
04/06/2010 10:00:00,       107.202989
04/06/2010 11:00:00,        95.154489
04/06/2010 12:00:00,        84.416195
04/06/2010 13:00:00,        73.750936
04/06/2010 14:00:00,        60.618369
04/06/2010 15:00:00,        51.002740
04/06/2010 16:00:00,        41.811562
04/06/2010 17:00:00,        35.872404
04/06/2010 18:00:00,        31.565734
04/06/2010 19:00:00,        30.120613
04/06/2010 20:00:00,        29.252564
04/06/2010 21:00:00,        28.087057
04/06/2010 22:00:00,        27.506412
04/06/2010 23:00:00,        25.763145
04/07/2010 00:00:00,        22.418945
04/07/2010 01:00:00,         4.839521
04/07/2010 02:00:00,         7.603086
04/07/2010 03:00:00,        10.067319
04/07/2010 04:00:00,        12.758653
04/07/2010 05:00:00,        13.549117
04/07/2010 06:00:00,        13.171025
04/07/2010 07:00:00,        12.407181
04/07/2010 08:00:00,        13.292296
04/07/2010 09:00:00,        12.488037
04/07/2010 10:00:00,        12.619125
04/07/2010 11:00:00,        12.040665
04/07/2010 12:00:00,        11.938606
04/07/2010 13:00:00,        11.420504
04/07/2010 14:00:00,        12.382245
04/07/2010 15:00:00,        11.032256
04/07/2010 16:00:00,         9.737336
04/07/2010 17:00:00,         6.664596
04/07/2010 18:00:00,         6.161177
04/07/2010 19:00:00,         6.800293
04/07/2010 20:00:00,         8.251035
04/07/2010 21:00:00,        10.267733
04/07/2010 22:00:00,        11.603755
04/07/2010 23:00:00,        12.036278
04/08/2010 00:00:00,        13.234355
04/08/2010 01:00:00,        66.776234
04/08/2010 02:00:00,        67.553180
04/08/2010 03:00:00,        70.297389
04/08/2010 04:00:00,        72.733611
04/08/2010 05:00:00,        73.226291
04/08/2010 06:00:00,        71.265346
04/08/2010 07:00:00,        67.648124
04/08/2010 08:00:00,        63.913599
04/08/2010 09:00:00,        61.214029
04/08/2010 10:00:00,        57.855321
04/08/2010 11:00:00,        54.218713
04/08/2010 12:00:00,        52.446468
04/08/2010 13:00:00,        48.789124
04/08/2010 14:00:00,        43.416949
04/08/2010 15:00:00,        45.360945
04/08/2010 16:00:00,        46.185380
04/08/2010 17:00:00,        48.708836
04/08/2010 18:00:00,        55.751923
04/08/2010 19:00:00,        57.189852
04/08/2010 20:00:00,        59.405634
04/08/2010 21:00:00,        63.420483
04/08/2010 22:00:00,        69.526644
04/08/2010 23:00:00,        78.035870
04/09/2010 00:00:00,        86.961381
04/09/2010 01:00:00,       164.846026
04/09/2010 02:00:00,       159.420151
04/09/2010 03:00:00,       154.804989
04/09/2010 04:00:00,       148.721928
04/09/2010 05:00:00,       144.561694
04/09/2010 06:00:00,       137.505958
04/09/2010 07:00:00,       131.559633
04/09/2010 08:00:00,       121.317118
04/09/2010 09:00:00,       110.037394
04/09/2010 10:00:00,        98.959328
04/09/2010 11:00:00,        87.082733
04/09/2010 12:00:00,        74.283414
04/09/2010 13:00:00,        64.061738
04/09/2010 14:00:00,        55.895412
04/09/2010 15:00:00,        47.775185
04/09/2010 16:00:00,        47.893821
04/09/2010 17:00:00,        46.326912
04/09/2010 18:00:00,        46.787990
04/09/2010 19:00:00,        45.593033
04/09/2010 20:00:00,        44.288914
04/09/2010 21:00:00,        44.908933
04/09/2010 22:00:00,        47.079915
04/09/2010 23:00:00,        49.464009
04/10/2010 00:00:00,        55.080673
04/10/2010 01:00:00,       142.972837
04/10/2010 02:00:00,       145.086128
04/10/2010 03:00:00,       147.984316
04/10/2010 04:00:00,       149.373246
04/10/2010 05:00:00,       103.121187
04/10/2010 06:00:00,        97.683115
04/10/2010 07:00:00,        40.887320
04/10/2010 08:00:00,        39.842552
04/10/2010 09:00:00,        41.892610
04/10/2010 10:00:00,        42.854100
04/10/2010 11:00:00,        57.970400
04/10/2010 12:00:00,       130.657900
04/10/2010 13:00:00,       172.106528
04/10/2010 14:00:00,       179.903623
04/10/2010 15:00:00,       208.250528
04/10/2010 16:00:00,       209.166985
04/10/2010 17:00:00,       214.329510
04/10/2010 18:00:00,       217.932720
04/10/2010 19:00:00,       220.699861
04/10/2010 20:00:00,       221.562192
04/10/2010 21:00:00,       222.470689
04/10/2010 22:00:00,       222.911505
04/10/2010 23:00:00,       222.808479
04/11/2010 00:00:00,       222.667247
04/11/2010 01:00:00,       223.664447
04/11/2010 02:00:00,       223.613759
04/11/2010 03:00:00,       223.589487
04/11/2010 04:00:00,       223.432410
04/11/2010 05:00:00,       223.141938
04/11/2010 06:00:00,       222.821227
04/11/2010 07:00:00,       221.861368
04/11/2010 08:00:00,       221.764175
04/11/2010 09:00:00,       221.596824
04/11/2010 10:00:00,       221.432203
04/11/2010 11:00:00,       221.440616
04/11/2010 12:00:00,       221.600217
04/11/2010 13:00:00,       221.444727
04/11/2010 14:00:00,       221.124647
04/11/2010 15:00:00,       220.713041
04/11/2010 16:00:00,       218.232561
04/11/2010 17:00:00,       215.768683
04/11/2010 18:00:00,       215.050450
04/11/2010 19:00:00,       214.231658
04/11/2010 20:00:00,       214.192429
04/11/2010 21:00:00,       212.923115
04/11/2010 22:00:00,       210.478332
04/11/2010 23:00:00,       208.294659
04/12/2010 00:00:00,       205.612095
04/12/2010 01:00:00,       157.456170
04/12/2010 02:00:00,       151.123943
04/12/2010 03:00:00,       146.019135
04/12/2010 04:00:00,       139.241587
04/12/2010 05:00:00,       131.735569
04/12/2010 06:00:00,       125.041105
04/12/2010 07:00:00,       118.957739
04/12/2010 08:00:00,       107.933675
04/12/2010 09:00:00,       100.086339
04/12/2010 10:00:00,        92.039231
04/12/2010 11:00:00,        86.100092
04/12/2010 12:00:00,        80.234628
04/12/2010 13:00:00,        73.358403
04/12/2010 14:00:00,        68.920261
04/12/2010 15:00:00,        64.691294
04/12/2010 16:00:00,        59.377048
04/12/2010 17:00:00,        54.446448
04/12/2010 18:00:00,        51.814507
04/12/2010 19:00:00,        51.253052
04/12/2010 20:00:00,        50.737289
04/12/2010 21:00:00,        50.038551
04/12/2010 22:00:00,        49.173202
04/12/2010 23:00:00,        48.422688
04/13/2010 00:00:00,        47.833532
04/13/2010 01:00:00,        32.274385
04/13/2010 02:00:00,        30.118351
04/13/2010 03:00:00,        27.105646
04/13/2010 04:00:00,        25.253469
04/13/2010 05:00:00,        24.038490
04/13/2010 06:00:00,        23.244370
04/13/2010 07:00:00,        22.046803
04/13/2010 08:00:00,        18.282544
04/13/2010 09:00:00,        14.478679
04/13/2010 10:00:00,        11.416384
04/13/2010 11:00:00,         9.040944
04/13/2010 12:00:00,         7.012159
04/13/2010 13:00:00,         4.634498
04/13/2010 14:00:00,         3.054893
04/13/2010 15:00:00,         2.639456
04/13/2010 16:00:00,         2.948592
04/13/2010 17:00:00,         3.463724
04/13/2010 18:00:00,         4.264014
04/13/2010 19:00:00,         5.702400
04/13/2010 20:00:00,         7.345387
04/13/2010 21:00:00,         9.558709
04/13/2010 22:00:00,        12.177586
04/13/2010 23:00:00,        14.355520
04/14/2010 00:00:00,        17.077157
04/14/2010 01:00:00,        45.362379
04/14/2010 02:00:00,        50.291646
04/14/2010 03:00:00,        52.060686
04/14/2010 04:00:00,        57.572041
04/14/2010 05:00:00,        64.508880
04/14/2010 06:00:00,        64.936776
04/14/2010 07:00:00,        63.454706
04/14/2010 08:00:00,        68.695286
04/14/2010 09:00:00,        73.394466
04/14/2010 10:00:00,        77.615167
04/14/2010 11:00:00,        79.064073
04/14/2010 12:00:00,        81.498912
04/14/2010 13:00:00,        85.922537
04/14/2010 14:00:00,        88.311915
04/14/2010 15:00:00,        88.894875
04/14/2010 16:00:00,        90.068659
04/14/2010 17:00:00,        88.380624
04/14/2010 18:00:00,        84.891577
04/14/2010 19:00:00,        85.098403
04/14/2010 20:00:00,        89.808600
04/14/2010 21:00:00,        90.058394
04/14/2010 22:00:00,        85.241777
04/14/2010 23:00:00,        86.935112
04/15/2010 00:00:00,        85.275430
04/15/2010 01:00:00,        61.633082
04/15/2010 02:00:00,        57.958188
04/15/2010 03:00:00,        59.387228
04/15/2010 04:00:00,        60.401933
04/15/2010 05:00:00,        59.359184
04/15/2010 06:00:00,        53.496127
04/15/2010 07:00:00,        53.372974
04/15/2010 08:00:00,        51.757070
04/15/2010 09:00:00,        50.287561
04/15/2010 10:00:00,        47.741690
04/15/2010 11:00:00,        46.437379
04/15/2010 12:00:00,        43.588256
04/15/2010 13:00:00,        38.835689
04/15/2010 14:00:00,        33.177711
04/15/2010 15:00:00,        29.191662
04/15/2010 16:00:00,        25.347380
04/15/2010 17:00:00,        22.155758
04/15/2010 18:00:00,        20.263626
04/15/2010 19:00:00,        17.763701
04/15/2010 20:00:00,        15.644433
04/15/2010 21:00:00,        14.458966
04/15/2010 22:00:00,        13.225857
04/15/2010 23:00:00,        12.869348
04/16/2010 00:00:00,        13.267988
04/16/2010 01:00:00,        46.238484
04/16/2010 02:00:00,        43.524526
04/16/2010 03:00:00,        41.928819
04/16/2010 04:00:00,        40.967374
04/16/2010 05:00:00,        47.225430
04/16/2010 06:00:00,        22.800709
04/16/2010 07:00:00,        20.561641
04/16/2010 08:00:00,        15.529862
04/16/2010 09:00:00,        10.732765
04/16/2010 10:00:00,         7.693029
04/16/2010 11:00:00,        25.142272
04/16/2010 12:00:00,        53.297951
04/16/2010 13:00:00,        56.496156
04/16/2010 14:00:00,        61.192796
04/16/2010 15:00:00,        65.720673
04/16/2010 16:00:00,        71.663891
04/16/2010 17:00:00,        80.283473
04/16/2010 18:00:00,        88.039441
04/16/2010 19:00:00,        92.932479
04/16/2010 20:00:00,       102.512310
04/16/2010 21:00:00,       105.701800
04/16/2010 22:00:00,       108.284300
04/16/2010 23:00:00,       107.553230
04/17/2010 00:00:00,       104.824300
04/17/2010 01:00:00,       103.489314
04/17/2010 02:00:00,       107.348122
04/17/2010 03:00:00,       109.202485
04/17/2010 04:00:00,        81.121629
04/17/2010 05:00:00,        54.300955
04/17/2010 06:00:00,        26.064612
04/17/2010 07:00:00,         7.514708
04/17/2010 08:00:00,         6.920916
04/17/2010 09:00:00,         6.565690
04/17/2010 10:00:00,        20.338734
04/17/2010 11:00:00,        69.260720
04/17/2010 12:00:00,        62.644393
04/17/2010 13:00:00,        59.000850
04/17/2010 14:00:00,        52.640785
04/17/2010 15:00:00,        46.296812
04/17/2010 16:00:00,        40.667739
04/17/2010 17:00:00,        37.307486
04/17/2010 18:00:00,        38.534277
04/17/2010 19:00:00,        35.749267
04/17/2010 20:00:00,        34.174405
04/17/2010 21:00:00,        33.253132
04/17/2010 22:00:00,        33.321947
04/17/2010 23:00:00,        34.989707
04/18/2010 00:00:00,        37.835110
04/18/2010 01:00:00,        53.274776
04/18/2010 02:00:00,        45.373703
04/18/2010 03:00:00,        62.416788
04/18/2010 04:00:00,        44.045341
04/18/2010 05:00:00,        70.380330
04/18/2010 06:00:00,        69.143610
04/18/2010 07:00:00,        61.145998
04/18/2010 08:00:00,        53.832654
04/18/2010 09:00:00,        36.532942
04/18/2010 10:00:00,         4.993840
04/18/2010 11:00:00,         2.756606
04/18/2010 12:00:00,         6.489100
04/18/2010 13:00:00,        23.124613
04/18/2010 14:00:00,        47.732593
04/18/2010 15:00:00,        50.134952
04/18/2010 16:00:00,        50.018032
04/18/2010 17:00:00,        50.027768
04/18/2010 18:00:00,        50.861955
04/18/2010 19:00:00,        52.726636
04/18/2010 20:00:00,        53.911165
04/18/2010 21:00:00,        54.238986
04/18/2010 22:00:00,        56.158419
04/18/2010 23:00:00,        54.027655
04/19/2010 00:00:00,        52.335815
04/19/2010 01:00:00,        55.915705
04/19/2010 02:00:00,        29.268788
04/19/2010 03:00:00,         0.327808
04/19/2010 04:00:00,        16.292500
04/19/2010 05:00:00,         0.000000
04/19/2010 06:00:00,         8.238292
04/19/2010 07:00:00,        78.840500
04/19/2010 08:00:00,        88.712420
04/19/2010 09:00:00,       101.912980
04/19/2010 10:00:00,       113.633090
04/19/2010 11:00:00,       117.050088
04/19/2010 12:00:00,       139.820333
04/19/2010 13:00:00,       137.541704
04/19/2010 14:00:00,       139.368936
04/19/2010 15:00:00,       138.619010
04/19/2010 16:00:00,       131.673387
04/19/2010 17:00:00,       125.252769
04/19/2010 18:00:00,       119.994795
04/19/2010 19:00:00,       119.253774
04/19/2010 20:00:00,       120.203509
04/19/2010 21:00:00,       122.499171
04/19/2010 22:00:00,       123.632653
04/19/2010 23:00:00,       120.987870
04/20/2010 00:00:00,       117.816893
04/20/2010 01:00:00,        71.055939
04/20/2010 02:00:00,        68.858805
04/20/2010 03:00:00,        70.348895
04/20/2010 04:00:00,        70.922117
04/20/2010 05:00:00,        71.502579
04/20/2010 06:00:00,        68.238119
04/20/2010 07:00:00,        66.131583
04/20/2010 08:00:00,        61.811454
04/20/2010 09:00:00,        56.660446
04/20/2010 10:00:00,        54.341862
04/20/2010 11:00:00,        49.252924
04/20/2010 12:00:00,        43.958585
04/20/2010 13:00:00,        41.293194
04/20/2010 14:00:00,        38.393049
04/20/2010 15:00:00,        33.596375
04/20/2010 16:00:00,        29.433710
04/20/2010 17:00:00,        26.427431
04/20/2010 18:00:00,        25.201882
04/20/2010 19:00:00,        26.185619
04/20/2010 20:00:00,        28.414979
04/20/2010 21:00:00,        28.113661
04/20/2010 22:00:00,        28.407747
04/20/2010 23:00:00,        29.721076
04/21/2010 00:00:00,        28.762077
04/21/2010 01:00:00,        15.181966
04/21/2010 02:00:00,        14.920465
04/21/2010 03:00:00,        16.190019
04/21/2010 04:00:00,        13.415316
04/21/2010 05:00:00,         9.344258
04/21/2010 06:00:00,         8.108750
04/21/2010 07:00:00,         7.435895
04/21/2010 08:00:00,         6.124828
04/21/2010 09:00:00,         6.288534
04/21/2010 10:00:00,         5.202811
04/21/2010 11:00:00,         6.721105
04/21/2010 12:00:00,         6.576314
04/21/2010 13:00:00,         7.575272
04/21/2010 14:00:00,         6.170975
04/21/2010 15:00:00,         5.569115
04/21/2010 16:00:00,         5.385774
04/21/2010 17:00:00,         5.120754
04/21/2010 18:00:00,         5.225484
04/21/2010 19:00:00,         4.567234
04/21/2010 20:00:00,         4.561728
04/21/2010 21:00:00,         4.644295
04/21/2010 22:00:00,         4.829440
04/21/2010 23:00:00,         4.871901
04/22/2010 00:00:00,         4.216038
04/22/2010 01:00:00,        11.150834
04/22/2010 02:00:00,        10.607491
04/22/2010 03:00:00,        11.867577
04/22/2010 04:00:00,        13.174686
04/22/2010 05:00:00,        13.466200
04/22/2010 06:00:00,        13.681744
04/22/2010 07:00:00,        13.035171
04/22/2010 08:00:00,        14.070103
04/22/2010 09:00:00,        15.728588
04/22/2010 10:00:00,        17.496151
04/22/2010 11:00:00,        16.697652
04/22/2010 12:00:00,        16.791913
04/22/2010 13:00:00,        15.690910
04/22/2010 14:00:00,        14.960354
04/22/2010 15:00:00,        14.265164
04/22/2010 16:00:00,        13.028581
04/22/2010 17:00:00,        12.806693
04/22/2010 18:00:00,        15.902568
04/22/2010 19:00:00,        16.019384
04/22/2010 20:00:00,        17.366827
04/22/2010 21:00:00,        17.319327
04/22/2010 22:00:00,        16.834703
04/22/2010 23:00:00,        16.916920
04/23/2010 00:00:00,        19.005016
04/23/2010 01:00:00,        62.885257
04/23/2010 02:00:00,        65.504621
04/23/2010 03:00:00,        66.850294
04/23/2010 04:00:00,        66.942949
04/23/2010 05:00:00,        67.371188
04/23/2010 06:00:00,        66.664137
04/23/2010 07:00:00,        66.109195
04/23/2010 08:00:00,        63.768555
04/23/2010 09:00:00,        62.598040
04/23/2010 10:00:00,        60.451424
04/23/2010 11:00:00,        60.329245
04/23/2010 12:00:00,        59.166544
04/23/2010 13:00:00,        54.894128
04/23/2010 14:00:00,        49.381353
04/23/2010 15:00:00,        46.280446
04/23/2010 16:00:00,        44.966754
04/23/2010 17:00:00,        43.400003
04/23/2010 18:00:00,        41.240019
04/23/2010 19:00:00,        41.492081
04/23/2010 20:00:00,        42.692651
04/23/2010 21:00:00,        43.592691
04/23/2010 22:00:00,        44.739351
04/23/2010 23:00:00,        46.477612
04/24/2010 00:00:00,        47.222608
04/24/2010 01:00:00,        48.809880
04/24/2010 02:00:00,        47.307717
04/24/2010 03:00:00,        45.265004
04/24/2010 04:00:00,        42.947078
04/24/2010 05:00:00,        40.256224
04/24/2010 06:00:00,        37.930891
04/24/2010 07:00:00,        35.861650
04/24/2010 08:00:00,        32.317150
04/24/2010 09:00:00,        30.084118
04/24/2010 10:00:00,        24.561311
04/24/2010 11:00:00,        21.733767
04/24/2010 12:00:00,        21.096221
04/24/2010 13:00:00,        21.664600
04/24/2010 14:00:00,        21.272931
04/24/2010 15:00:00,        19.949541
04/24/2010 16:00:00,        24.416378
04/24/2010 17:00:00,        27.765691
04/24/2010 18:00:00,        30.125476
04/24/2010 19:00:00,        30.915117
04/24/2010 20:00:00,        32.807105
04/24/2010 21:00:00,        34.816855
04/24/2010 22:00:00,        36.283136
04/24/2010 23:00:00,        42.842840
04/25/2010 00:00:00,        43.595470
04/25/2010 01:00:00,        33.635610
04/25/2010 02:00:00,        29.213482
04/25/2010 03:00:00,        27.704606
04/25/2010 04:00:00,        26.560702
04/25/2010 05:00:00,        23.944658
04/25/2010 06:00:00,        23.760139
04/25/2010 07:00:00,        23.047581
04/25/2010 08:00:00,        24.826184
04/25/2010 09:00:00,        22.435672
04/25/2010 10:00:00,        20.027148
04/25/2010 11:00:00,        18.587139
04/25/2010 12:00:00,        17.456892
04/25/2010 13:00:00,        16.121027
04/25/2010 14:00:00,        17.484741
04/25/2010 15:00:00,        15.954029
04/25/2010 16:00:00,        14.649100
04/25/2010 17:00:00,        14.649758
04/25/2010 18:00:00,        17.512631
04/25/2010 19:00:00,        16.423040
04/25/2010 20:00:00,        15.636856
04/25/2010 21:00:00,        14.830261
04/25/2010 22:00:00,        15.157094
04/25/2010 23:00:00,        15.824880
04/26/2010 00:00:00,        17.320808
04/26/2010 01:00:00,        11.062483
04/26/2010 02:00:00,        11.246070
04/26/2010 03:00:00,        11.200833
04/26/2010 04:00:00,        11.573623
04/26/2010 05:00:00,        12.392722
04/26/2010 06:00:00,        12.614179
04/26/2010 07:00:00,        14.530726
04/26/2010 08:00:00,        16.201377
04/26/2010 09:00:00,        16.513053
04/26/2010 10:00:00,        15.561055
04/26/2010 11:00:00,        14.010565
04/26/2010 12:00:00,        13.795635
04/26/2010 13:00:00,        12.322156
04/26/2010 14:00:00,        13.737275
04/26/2010 15:00:00,        16.706548
04/26/2010 16:00:00,        21.751658
04/26/2010 17:00:00,        26.629724
04/26/2010 18:00:00,        33.480596
04/26/2010 19:00:00,        36.893765
04/26/2010 20:00:00,        39.997638
04/26/2010 21:00:00,        43.489340
04/26/2010 22:00:00,        47.785518
04/26/2010 23:00:00,        53.178374
04/27/2010 00:00:00,        58.632766
04/27/2010 01:00:00,       121.960090
04/27/2010 02:00:00,       115.792688
04/27/2010 03:00:00,       116.841366
04/27/2010 04:00:00,       115.463578
04/27/2010 05:00:00,       117.230831
04/27/2010 06:00:00,         0.000000
04/27/2010 07:00:00,         0.000000
04/27/2010 08:00:00,         0.000000
04/27/2010 09:00:00,         0.000000
04/27/2010 10:00:00,         0.000000
04/27/2010 11:00:00,         0.000000
04/27/2010 12:00:00,         0.000000
04/27/2010 13:00:00,        16.474554
04/27/2010 14:00:00,        57.451504
04/27/2010 15:00:00,        80.254933
04/27/2010 16:00:00,        76.494083
04/27/2010 17:00:00,        73.990774
04/27/2010 18:00:00,        71.360139
04/27/2010 19:00:00,        70.077922
04/27/2010 20:00:00,        69.035287
04/27/2010 21:00:00,        65.324420
04/27/2010 22:00:00,        62.187532
04/27/2010 23:00:00,        56.028059
04/28/2010 00:00:00,        41.636214
04/28/2010 01:00:00,         1.275575
04/28/2010 02:00:00,         0.675769
04/28/2010 03:00:00,         0.000000
04/28/2010 04:00:00,         0.000000
04/28/2010 05:00:00,         0.000000
04/28/2010 06:00:00,         0.000000
04/28/2010 07:00:00,         0.000000
04/28/2010 08:00:00,         0.000000
04/28/2010 09:00:00,         0.000000
04/28/2010 10:00:00,         0.000000
04/28/2010 11:00:00,         0.000000
04/28/2010 12:00:00,         0.000000
04/28/2010 13:00:00,        47.877003
04/28/2010 14:00:00,       124.009175
04/28/2010 15:00:00,       118.762455
04/28/2010 16:00:00,       113.893054
04/28/2010 17:00:00,       111.628003
04/28/2010 18:00:00,       114.500122
04/28/2010 19:00:00,       113.941560
04/28/2010 20:00:00,       111.543746
04/28/2010 21:00:00,       109.562728
04/28/2010 22:00:00,       107.403997
04/28/2010 23:00:00,       106.582308
04/29/2010 00:00:00,       106.828713
04/29/2010 01:00:00,       103.644786
04/29/2010 02:00:00,       101.389176
04/29/2010 03:00:00,       102.317358
04/29/2010 04:00:00,       105.959511
04/29/2010 05:00:00,       104.911521
04/29/2010 06:00:00,       102.504267
04/29/2010 07:00:00,       103.140103
04/29/2010 08:00:00,       105.887762
04/29/2010 09:00:00,       108.367172
04/29/2010 10:00:00,       112.073594
04/29/2010 11:00:00,       117.078888
04/29/2010 12:00:00,       121.156019
04/29/2010 13:00:00,       126.746258
04/29/2010 14:00:00,       134.665153
04/29/2010 15:00:00,       141.434960
04/29/2010 16:00:00,       150.266353
04/29/2010 17:00:00,       158.748151
04/29/2010 18:00:00,       167.838597
04/29/2010 19:00:00,       177.686120
04/29/2010 20:00:00,       189.982632
04/29/2010 21:00:00,       196.707947
04/29/2010 22:00:00,       204.978262
04/29/2010 23:00:00,       210.058140
04/30/2010 00:00:00,       212.100124
04/30/2010 01:00:00,       218.158832
04/30/2010 02:00:00,       218.259831
04/30/2010 03:00:00,       218.094960
04/30/2010 04:00:00,       217.628415
04/30/2010 05:00:00,       219.493727
04/30/2010 06:00:00,       220.155831
04/30/2010 07:00:00,       220.530638
04/30/2010 08:00:00,       221.407927
04/30/2010 09:00:00,       221.640242
04/30/2010 10:00:00,       221.974795
04/30/2010 11:00:00,       222.297394
04/30/2010 12:00:00,       222.380669
04/30/2010 13:00:00,       222.122412
04/30/2010 14:00:00,       221.814309
04/30/2010 15:00:00,       221.386512
04/30/2010 16:00:00,       219.716405
04/30/2010 17:00:00,       216.225534
04/30/2010 18:00:00,       215.479041
04/30/2010 19:00:00,       214.473760
04/30/2010 20:00:00,       213.138659
04/30/2010 21:00:00,       212.120957
04/30/2010 22:00:00,       211.410454
04/30/2010 23:00:00,       210.446096
05/01/2010 00:00:00,       217.053127
05/01/2010 01:00:00,       214.807766
05/01/2010 02:00:00,       210.869600
05/01/2010 03:00:00,       203.978242
05/01/2010 04:00:00,       194.218907
05/01/2010 05:00:00,       182.597978
05/01/2010 06:00:00,       170.992258
05/01/2010 07:00:00,       156.785524
05/01/2010 08:00:00,       140.466007
05/01/2010 09:00:00,       122.471890
05/01/2010 10:00:00,       104.449700
05/01/2010 11:00:00,        88.284019
05/01/2010 12:00:00,        72.575524
05/01/2010 13:00:00,        56.727094
05/01/2010 14:00:00,        41.557876
05/01/2010 15:00:00,        28.266725
05/01/2010 16:00:00,        19.812896
05/01/2010 17:00:00,        14.732535
05/01/2010 18:00:00,        13.045233
05/01/2010 19:00:00,        12.396655
05/01/2010 20:00:00,        13.815875
05/01/2010 21:00:00,        15.919041
05/01/2010 22:00:00,        18.864622
05/01/2010 23:00:00,        21.626146
05/02/2010 00:00:00,        23.882317
05/02/2010 01:00:00,        64.247839
05/02/2010 02:00:00,        72.165892
05/02/2010 03:00:00,        79.300417
05/02/2010 04:00:00,        84.916867
05/02/2010 05:00:00,        86.931426
05/02/2010 06:00:00,        84.598156
05/02/2010 07:00:00,        81.482550
05/02/2010 08:00:00,        80.837691
05/02/2010 09:00:00,        83.543673
05/02/2010 10:00:00,        84.298294
05/02/2010 11:00:00,        88.750485
05/02/2010 12:00:00,        92.304926
05/02/2010 13:00:00,        94.915030
05/02/2010 14:00:00,        97.087179
05/02/2010 15:00:00,        97.044615
05/02/2010 16:00:00,        98.722764
05/02/2010 17:00:00,       100.524610
05/02/2010 18:00:00,       106.410937
05/02/2010 19:00:00,       112.511107
05/02/2010 20:00:00,       118.306411
05/02/2010 21:00:00,       125.873231
05/02/2010 22:00:00,       141.107899
05/02/2010 23:00:00,       146.574266
05/03/2010 00:00:00,       148.204053
05/03/2010 01:00:00,       153.116806
05/03/2010 02:00:00,       152.225372
05/03/2010 03:00:00,       153.412712
05/03/2010 04:00:00,       148.375848
05/03/2010 05:00:00,       157.107087
05/03/2010 06:00:00,       154.701077
05/03/2010 07:00:00,       159.084638
05/03/2010 08:00:00,       163.578964
05/03/2010 09:00:00,       160.244869
05/03/2010 10:00:00,       163.604321
05/03/2010 11:00:00,       165.376170
05/03/2010 12:00:00,       167.461654
05/03/2010 13:00:00,       171.134706
05/03/2010 14:00:00,       171.973885
05/03/2010 15:00:00,       174.460962
05/03/2010 16:00:00,       180.080725
05/03/2010 17:00:00,       184.319105
05/03/2010 18:00:00,       188.574205
05/03/2010 19:00:00,       191.677149
05/03/2010 20:00:00,       193.559993
05/03/2010 21:00:00,       196.901073
05/03/2010 22:00:00,       208.987697
05/03/2010 23:00:00,       213.016259
05/04/2010 00:00:00,       215.843075
05/04/2010 01:00:00,       206.019002
05/04/2010 02:00:00,       200.663543
05/04/2010 03:00:00,       197.068248
05/04/2010 04:00:00,       194.921714
05/04/2010 05:00:00,       193.841732
05/04/2010 06:00:00,       191.507215
05/04/2010 07:00:00,       189.083160
05/04/2010 08:00:00,       178.448499
05/04/2010 09:00:00,       165.381136
05/04/2010 10:00:00,       154.802151
05/04/2010 11:00:00,       145.414495
05/04/2010 12:00:00,       136.634240
05/04/2010 13:00:00,       127.760064
05/04/2010 14:00:00,       115.465647
05/04/2010 15:00:00,       107.346423
05/04/2010 16:00:00,        97.875066
05/04/2010 17:00:00,        88.146523
05/04/2010 18:00:00,        78.178096
05/04/2010 19:00:00,        69.826560
05/04/2010 20:00:00,        61.119562
05/04/2010 21:00:00,        56.063467
05/04/2010 22:00:00,        59.457379
05/04/2010 23:00:00,        53.329097
05/05/2010 00:00:00,        48.680869
05/05/2010 01:00:00,        56.075162
05/05/2010 02:00:00,        51.954572
05/05/2010 03:00:00,        53.834559
05/05/2010 04:00:00,        54.186649
05/05/2010 05:00:00,        54.213913
05/05/2010 06:00:00,        55.841933
05/05/2010 07:00:00,        57.721609
05/05/2010 08:00:00,        57.673728
05/05/2010 09:00:00,        57.593157
05/05/2010 10:00:00,        56.113155
05/05/2010 11:00:00,        53.706583
05/05/2010 12:00:00,        51.873024
05/05/2010 13:00:00,        50.160941
05/05/2010 14:00:00,        49.566344
05/05/2010 15:00:00,        47.750618
05/05/2010 16:00:00,        45.718014
05/05/2010 17:00:00,        42.991620
05/05/2010 18:00:00,        42.531373
05/05/2010 19:00:00,        42.613107
05/05/2010 20:00:00,        40.275016
05/05/2010 21:00:00,        36.420328
05/05/2010 22:00:00,        34.386424
05/05/2010 23:00:00,        33.978925
05/06/2010 00:00:00,        33.888277
05/06/2010 01:00:00,       100.866095
05/06/2010 02:00:00,       111.217329
05/06/2010 03:00:00,       119.264531
05/06/2010 04:00:00,       126.028492
05/06/2010 05:00:00,       126.745491
05/06/2010 06:00:00,       128.203701
05/06/2010 07:00:00,       131.070460
05/06/2010 08:00:00,       142.758222
05/06/2010 09:00:00,       147.680987
05/06/2010 10:00:00,       150.438818
05/06/2010 11:00:00,       158.194350
05/06/2010 12:00:00,       156.308066
05/06/2010 13:00:00,       155.082485
05/06/2010 14:00:00,       156.862783
05/06/2010 15:00:00,       151.152874
05/06/2010 16:00:00,       148.419669
05/06/2010 17:00:00,       153.067291
05/06/2010 18:00:00,       156.167478
05/06/2010 19:00:00,       158.665730
05/06/2010 20:00:00,       162.547633
05/06/2010 21:00:00,       165.253864
05/06/2010 22:00:00,       169.276200
05/06/2010 23:00:00,       170.820886
05/07/2010 00:00:00,       171.610976
05/07/2010 01:00:00,       209.595671
05/07/2010 02:00:00,       211.301936
05/07/2010 03:00:00,       213.106193
05/07/2010 04:00:00,       213.817707
05/07/2010 05:00:00,       213.941111
05/07/2010 06:00:00,       213.602057
05/07/2010 07:00:00,       215.266650
05/07/2010 08:00:00,       216.366081
05/07/2010 09:00:00,       187.181392
05/07/2010 10:00:00,       186.890410
05/07/2010 11:00:00,       201.192739
05/07/2010 12:00:00,       216.132753
05/07/2010 13:00:00,       218.051955
05/07/2010 14:00:00,       217.322776
05/07/2010 15:00:00,       216.840240
05/07/2010 16:00:00,       216.581666
05/07/2010 17:00:00,       214.813637
05/07/2010 18:00:00,       212.196830
05/07/2010 19:00:00,       211.818500
05/07/2010 20:00:00,       210.619856
05/07/2010 21:00:00,       209.026668
05/07/2010 22:00:00,       206.785554
05/07/2010 23:00:00,       203.496037
05/08/2010 00:00:00,       199.339269
05/08/2010 01:00:00,       111.920895
05/08/2010 02:00:00,        99.200899
05/08/2010 03:00:00,        86.154169
05/08/2010 04:00:00,        76.878766
05/08/2010 05:00:00,        68.767238
05/08/2010 06:00:00,        60.979612
05/08/2010 07:00:00,        53.692973
05/08/2010 08:00:00,        42.005427
05/08/2010 09:00:00,        33.553257
05/08/2010 10:00:00,        28.624473
05/08/2010 11:00:00,        26.600764
05/08/2010 12:00:00,        29.538823
05/08/2010 13:00:00,        36.133558
05/08/2010 14:00:00,        38.464026
05/08/2010 15:00:00,        39.176749
05/08/2010 16:00:00,        40.574329
05/08/2010 17:00:00,        40.770536
05/08/2010 18:00:00,        40.844565
05/08/2010 19:00:00,        44.247272
05/08/2010 20:00:00,        47.443963
05/08/2010 21:00:00,        50.331118
05/08/2010 22:00:00,        51.473087
05/08/2010 23:00:00,        47.193598
05/09/2010 00:00:00,        41.594775
05/09/2010 01:00:00,        20.565801
05/09/2010 02:00:00,        24.076809
05/09/2010 03:00:00,        30.424478
05/09/2010 04:00:00,        38.745350
05/09/2010 05:00:00,        41.716397
05/09/2010 06:00:00,        43.806159
05/09/2010 07:00:00,        46.959018
05/09/2010 08:00:00,        52.931409
05/09/2010 09:00:00,        67.558291
05/09/2010 10:00:00,        80.881564
05/09/2010 11:00:00,        93.628710
05/09/2010 12:00:00,       108.814595
05/09/2010 13:00:00,       122.566807
05/09/2010 14:00:00,       135.120111
05/09/2010 15:00:00,       149.604483
05/09/2010 16:00:00,       161.165538
05/09/2010 17:00:00,       174.067451
05/09/2010 18:00:00,       186.499057
05/09/2010 19:00:00,       197.594865
05/09/2010 20:00:00,       207.579577
05/09/2010 21:00:00,       216.429068
05/09/2010 22:00:00,       216.848717
05/09/2010 23:00:00,       215.891323
05/10/2010 00:00:00,       214.337210
05/10/2010 01:00:00,       189.189147
05/10/2010 02:00:00,       194.889733
05/10/2010 03:00:00,       187.630575
05/10/2010 04:00:00,       181.620746
05/10/2010 05:00:00,       170.921936
05/10/2010 06:00:00,       160.199543
05/10/2010 07:00:00,       151.411965
05/10/2010 08:00:00,       139.133476
05/10/2010 09:00:00,       130.567154
05/10/2010 10:00:00,       127.098144
05/10/2010 11:00:00,       118.373745
05/10/2010 12:00:00,       110.108177
05/10/2010 13:00:00,       106.151287
05/10/2010 14:00:00,       102.618126
05/10/2010 15:00:00,        99.977753
05/10/2010 16:00:00,        97.463214
05/10/2010 17:00:00,        93.442578
05/10/2010 18:00:00,        93.568072
05/10/2010 19:00:00,        95.051464
05/10/2010 20:00:00,        96.733779
05/10/2010 21:00:00,        98.120851
05/10/2010 22:00:00,        97.243552
05/10/2010 23:00:00,        95.708159
05/11/2010 00:00:00,        93.775414
05/11/2010 01:00:00,        93.238317
05/11/2010 02:00:00,        91.448936
05/11/2010 03:00:00,        90.270985
05/11/2010 04:00:00,        88.062956
05/11/2010 05:00:00,        84.167572
05/11/2010 06:00:00,        80.702270
05/11/2010 07:00:00,        78.227160
05/11/2010 08:00:00,        72.137261
05/11/2010 09:00:00,        63.776591
05/11/2010 10:00:00,        60.162514
05/11/2010 11:00:00,        58.779146
05/11/2010 12:00:00,        56.026668
05/11/2010 13:00:00,        52.515805
05/11/2010 14:00:00,        49.019075
05/11/2010 15:00:00,        47.310433
05/11/2010 16:00:00,        45.322639
05/11/2010 17:00:00,        43.981125
05/11/2010 18:00:00,        44.271032
05/11/2010 19:00:00,        45.841691
05/11/2010 20:00:00,        47.947851
05/11/2010 21:00:00,        48.178952
05/11/2010 22:00:00,        49.949051
05/11/2010 23:00:00,        48.939871
05/12/2010 00:00:00,        45.519279
05/12/2010 01:00:00,        24.833535
05/12/2010 02:00:00,        23.846787
05/12/2010 03:00:00,        23.480685
05/12/2010 04:00:00,        21.396141
05/12/2010 05:00:00,        19.296794
05/12/2010 06:00:00,        17.774464
05/12/2010 07:00:00,        17.716244
05/12/2010 08:00:00,        13.513304
05/12/2010 09:00:00,        11.625957
05/12/2010 10:00:00,         9.752140
05/12/2010 11:00:00,         9.035310
05/12/2010 12:00:00,         9.302287
05/12/2010 13:00:00,        12.856656
05/12/2010 14:00:00,        14.369529
05/12/2010 15:00:00,        17.206848
05/12/2010 16:00:00,        20.418753
05/12/2010 17:00:00,        22.780679
05/12/2010 18:00:00,        25.709057
05/12/2010 19:00:00,        28.106641
05/12/2010 20:00:00,        31.581687
05/12/2010 21:00:00,        35.707054
05/12/2010 22:00:00,        40.696051
05/12/2010 23:00:00,        44.280643
05/13/2010 00:00:00,        49.455161
05/13/2010 01:00:00,        57.949235
05/13/2010 02:00:00,        58.912318
05/13/2010 03:00:00,        58.824195
05/13/2010 04:00:00,        58.945809
05/13/2010 05:00:00,        59.966824
05/13/2010 06:00:00,        60.997363
05/13/2010 07:00:00,        60.642147
05/13/2010 08:00:00,        60.638819
05/13/2010 09:00:00,        61.165139
05/13/2010 10:00:00,        62.255101
05/13/2010 11:00:00,        63.161321
05/13/2010 12:00:00,        64.820994
05/13/2010 13:00:00,        65.186226
05/13/2010 14:00:00,        63.223329
05/13/2010 15:00:00,        64.938150
05/13/2010 16:00:00,        67.307790
05/13/2010 17:00:00,        67.047169
05/13/2010 18:00:00,        65.044544
05/13/2010 19:00:00,        65.139479
05/13/2010 20:00:00,        67.213137
05/13/2010 21:00:00,        69.161046
05/13/2010 22:00:00,        69.934228
05/13/2010 23:00:00,        67.967817
05/14/2010 00:00:00,        65.159647
05/14/2010 01:00:00,        51.179421
05/14/2010 02:00:00,        45.664425
05/14/2010 03:00:00,        41.727053
05/14/2010 04:00:00,        37.972831
05/14/2010 05:00:00,        33.702938
05/14/2010 06:00:00,        29.122555
05/14/2010 07:00:00,        26.000874
05/14/2010 08:00:00,        19.684678
05/14/2010 09:00:00,        14.157131
05/14/2010 10:00:00,         9.406176
05/14/2010 11:00:00,         6.348406
05/14/2010 12:00:00,         4.074660
05/14/2010 13:00:00,         2.789040
05/14/2010 14:00:00,         1.856671
05/14/2010 15:00:00,         1.276570
05/14/2010 16:00:00,         0.782286
05/14/2010 17:00:00,         0.714168
05/14/2010 18:00:00,         0.706598
05/14/2010 19:00:00,         0.764260
05/14/2010 20:00:00,         0.808939
05/14/2010 21:00:00,         0.958996
05/14/2010 22:00:00,         1.217447
05/14/2010 23:00:00,         1.767261
05/15/2010 00:00:00,         1.828644
05/15/2010 01:00:00,         4.595638
05/15/2010 02:00:00,         9.126657
05/15/2010 03:00:00,        13.205848
05/15/2010 04:00:00,        19.432043
05/15/2010 05:00:00,        25.307535
05/15/2010 06:00:00,        29.221086
05/15/2010 07:00:00,        33.532898
05/15/2010 08:00:00,        38.537229
05/15/2010 09:00:00,        43.554931
05/15/2010 10:00:00,        47.892487
05/15/2010 11:00:00,        51.260253
05/15/2010 12:00:00,        54.763182
05/15/2010 13:00:00,        56.688104
05/15/2010 14:00:00,        60.817000
05/15/2010 15:00:00,        63.764765
05/15/2010 16:00:00,        64.952571
05/15/2010 17:00:00,        60.415925
05/15/2010 18:00:00,        55.211692
05/15/2010 19:00:00,        54.048859
05/15/2010 20:00:00,        52.047839
05/15/2010 21:00:00,        50.350263
05/15/2010 22:00:00,        48.759369
05/15/2010 23:00:00,        48.223181
05/16/2010 00:00:00,        49.772709
05/16/2010 01:00:00,        55.873393
05/16/2010 02:00:00,        60.123507
05/16/2010 03:00:00,        66.959208
05/16/2010 04:00:00,        69.442945
05/16/2010 05:00:00,        74.060412
05/16/2010 06:00:00,        78.269276
05/16/2010 07:00:00,        83.927802
05/16/2010 08:00:00,        99.514264
05/16/2010 09:00:00,       109.323736
05/16/2010 10:00:00,       119.495564
05/16/2010 11:00:00,       124.856395
05/16/2010 12:00:00,       132.535742
05/16/2010 13:00:00,       137.773623
05/16/2010 14:00:00,       145.367520
05/16/2010 15:00:00,       155.008376
05/16/2010 16:00:00,       163.365657
05/16/2010 17:00:00,       168.377035
05/16/2010 18:00:00,       175.011394
05/16/2010 19:00:00,       180.861746
05/16/2010 20:00:00,       185.260292
05/16/2010 21:00:00,       188.272000
05/16/2010 22:00:00,       190.525373
05/16/2010 23:00:00,       192.749089
05/17/2010 00:00:00,       192.902049
05/17/2010 01:00:00,       109.405159
05/17/2010 02:00:00,       104.427259
05/17/2010 03:00:00,       102.930242
05/17/2010 04:00:00,       100.814846
05/17/2010 05:00:00,       100.765399
05/17/2010 06:00:00,        97.520885
05/17/2010 07:00:00,        95.028897
05/17/2010 08:00:00,        90.091078
05/17/2010 09:00:00,        85.763134
05/17/2010 10:00:00,        82.763694
05/17/2010 11:00:00,        80.698401
05/17/2010 12:00:00,        77.091470
05/17/2010 13:00:00,        70.695767
05/17/2010 14:00:00,        61.590197
05/17/2010 15:00:00,        57.212154
05/17/2010 16:00:00,        51.774173
05/17/2010 17:00:00,        44.106941
05/17/2010 18:00:00,        38.502464
05/17/2010 19:00:00,        34.784769
05/17/2010 20:00:00,        32.148064
05/17/2010 21:00:00,        28.317175
05/17/2010 22:00:00,        23.494721
05/17/2010 23:00:00,        18.564065
05/18/2010 00:00:00,        14.961486
05/18/2010 01:00:00,        11.577092
05/18/2010 02:00:00,        13.504752
05/18/2010 03:00:00,        16.428136
05/18/2010 04:00:00,        20.142240
05/18/2010 05:00:00,        23.275434
05/18/2010 06:00:00,        26.634127
05/18/2010 07:00:00,        30.870018
05/18/2010 08:00:00,        33.725603
05/18/2010 09:00:00,        33.916518
05/18/2010 10:00:00,        39.379327
05/18/2010 11:00:00,        43.028229
05/18/2010 12:00:00,        44.024126
05/18/2010 13:00:00,        43.164157
05/18/2010 14:00:00,        40.762313
05/18/2010 15:00:00,        35.789133
05/18/2010 16:00:00,        32.607584
05/18/2010 17:00:00,        28.864725
05/18/2010 18:00:00,        25.830919
05/18/2010 19:00:00,        25.290542
05/18/2010 20:00:00,        25.373185
05/18/2010 21:00:00,        22.775106
05/18/2010 22:00:00,        23.335883
05/18/2010 23:00:00,        22.160521
05/19/2010 00:00:00,        23.738006
05/19/2010 01:00:00,        23.482647
05/19/2010 02:00:00,        20.196446
05/19/2010 03:00:00,        21.356623
05/19/2010 04:00:00,        20.965751
05/19/2010 05:00:00,        23.146103
05/19/2010 06:00:00,        23.179270
05/19/2010 07:00:00,        22.367930
05/19/2010 08:00:00,        20.252355
05/19/2010 09:00:00,        21.811866
05/19/2010 10:00:00,        18.038761
05/19/2010 11:00:00,        13.389374
05/19/2010 12:00:00,        15.299658
05/19/2010 13:00:00,        14.146514
05/19/2010 14:00:00,         9.979886
05/19/2010 15:00:00,         6.327129
05/19/2010 16:00:00,         5.143352
05/19/2010 17:00:00,         5.107249
05/19/2010 18:00:00,         6.361351
05/19/2010 19:00:00,         6.354702
05/19/2010 20:00:00,         6.671098
05/19/2010 21:00:00,         7.349963
05/19/2010 22:00:00,         7.893929
05/19/2010 23:00:00,         8.754602
05/20/2010 00:00:00,         9.132281
05/20/2010 01:00:00,        26.087768
05/20/2010 02:00:00,        38.052531
05/20/2010 03:00:00,        48.340916
05/20/2010 04:00:00,        60.823318
05/20/2010 05:00:00,        70.673072
05/20/2010 06:00:00,        78.998080
05/20/2010 07:00:00,        84.274539
05/20/2010 08:00:00,        92.449827
05/20/2010 09:00:00,       101.985370
05/20/2010 10:00:00,       112.104303
05/20/2010 11:00:00,       121.927436
05/20/2010 12:00:00,       136.386654
05/20/2010 13:00:00,       147.984326
05/20/2010 14:00:00,       154.712703
05/20/2010 15:00:00,       156.086650
05/20/2010 16:00:00,       152.463919
05/20/2010 17:00:00,       146.916253
05/20/2010 18:00:00,       142.542355
05/20/2010 19:00:00,       141.425218
05/20/2010 20:00:00,       140.981970
05/20/2010 21:00:00,       141.907443
05/20/2010 22:00:00,       144.019040
05/20/2010 23:00:00,       143.427374
05/21/2010 00:00:00,       148.247433
05/21/2010 01:00:00,       129.771702
05/21/2010 02:00:00,       125.389290
05/21/2010 03:00:00,       120.346589
05/21/2010 04:00:00,       113.510355
05/21/2010 05:00:00,       108.229050
05/21/2010 06:00:00,       102.278856
05/21/2010 07:00:00,        96.046028
05/21/2010 08:00:00,        87.071845
05/21/2010 09:00:00,        75.797907
05/21/2010 10:00:00,        68.159523
05/21/2010 11:00:00,        57.369742
05/21/2010 12:00:00,        47.025854
05/21/2010 13:00:00,        35.756212
05/21/2010 14:00:00,        27.375334
05/21/2010 15:00:00,        20.357947
05/21/2010 16:00:00,        14.251834
05/21/2010 17:00:00,         9.384738
05/21/2010 18:00:00,         7.977370
05/21/2010 19:00:00,         6.541366
05/21/2010 20:00:00,         6.540945
05/21/2010 21:00:00,         6.811560
05/21/2010 22:00:00,         7.357755
05/21/2010 23:00:00,         8.060835
05/22/2010 00:00:00,         9.452846
05/22/2010 01:00:00,        11.799900
05/22/2010 02:00:00,        15.124476
05/22/2010 03:00:00,        16.979376
05/22/2010 04:00:00,        19.538582
05/22/2010 05:00:00,        21.025732
05/22/2010 06:00:00,        21.821557
05/22/2010 07:00:00,        21.877393
05/22/2010 08:00:00,        23.542655
05/22/2010 09:00:00,        24.904887
05/22/2010 10:00:00,        25.457871
05/22/2010 11:00:00,        24.357816
05/22/2010 12:00:00,        25.891208
05/22/2010 13:00:00,        26.502589
05/22/2010 14:00:00,        23.388891
05/22/2010 15:00:00,        19.251180
05/22/2010 16:00:00,        17.725121
05/22/2010 17:00:00,        15.315532
05/22/2010 18:00:00,        15.299757
05/22/2010 19:00:00,        15.408050
05/22/2010 20:00:00,        17.237036
05/22/2010 21:00:00,        19.914829
05/22/2010 22:00:00,        21.942779
05/22/2010 23:00:00,        24.125844
05/23/2010 00:00:00,        26.061230
05/23/2010 01:00:00,       145.073691
05/23/2010 02:00:00,       149.383187
05/23/2010 03:00:00,       155.188186
05/23/2010 04:00:00,       156.740045
05/23/2010 05:00:00,       151.310607
05/23/2010 06:00:00,       145.811428
05/23/2010 07:00:00,       141.001036
05/23/2010 08:00:00,       137.207821
05/23/2010 09:00:00,       128.874051
05/23/2010 10:00:00,       122.204863
05/23/2010 11:00:00,       112.391207
05/23/2010 12:00:00,       102.632385
05/23/2010 13:00:00,        89.717776
05/23/2010 14:00:00,        78.001945
05/23/2010 15:00:00,        67.604720
05/23/2010 16:00:00,        58.070870
05/23/2010 17:00:00,        49.931576
05/23/2010 18:00:00,        46.922997
05/23/2010 19:00:00,        44.802376
05/23/2010 20:00:00,        44.669688
05/23/2010 21:00:00,        46.078558
05/23/2010 22:00:00,        45.671554
05/23/2010 23:00:00,        48.134712
05/24/2010 00:00:00,        48.568612
05/24/2010 01:00:00,        74.028573
05/24/2010 02:00:00,        76.473957
05/24/2010 03:00:00,        79.274822
05/24/2010 04:00:00,        82.301894
05/24/2010 05:00:00,        83.840542
05/24/2010 06:00:00,        84.100384
05/24/2010 07:00:00,        83.066815
05/24/2010 08:00:00,        83.711942
05/24/2010 09:00:00,        86.319909
05/24/2010 10:00:00,        88.962925
05/24/2010 11:00:00,        89.285123
05/24/2010 12:00:00,        89.820270
05/24/2010 13:00:00,        87.690610
05/24/2010 14:00:00,        86.474169
05/24/2010 15:00:00,        85.186058
05/24/2010 16:00:00,        84.146476
05/24/2010 17:00:00,        83.269239
05/24/2010 18:00:00,        83.528083
05/24/2010 19:00:00,        86.172158
05/24/2010 20:00:00,        87.833439
05/24/2010 21:00:00,        89.160864
05/24/2010 22:00:00,        92.970951
05/24/2010 23:00:00,        93.541102
05/25/2010 00:00:00,        97.578915
05/25/2010 01:00:00,       102.808340
05/25/2010 02:00:00,        98.262487
05/25/2010 03:00:00,        96.470141
05/25/2010 04:00:00,        96.186537
05/25/2010 05:00:00,        96.192457
05/25/2010 06:00:00,        96.217647
05/25/2010 07:00:00,        95.155522
05/25/2010 08:00:00,        91.536939
05/25/2010 09:00:00,        87.985590
05/25/2010 10:00:00,        81.609220
05/25/2010 11:00:00,        77.481126
05/25/2010 12:00:00,        76.106759
05/25/2010 13:00:00,        76.697712
05/25/2010 14:00:00,        80.455611
05/25/2010 15:00:00,        82.934327
05/25/2010 16:00:00,        87.512655
05/25/2010 17:00:00,        94.099356
05/25/2010 18:00:00,        97.836336
05/25/2010 19:00:00,       101.985473
05/25/2010 20:00:00,       109.551649
05/25/2010 21:00:00,       118.119444
05/25/2010 22:00:00,       125.358008
05/25/2010 23:00:00,       131.045484
05/26/2010 00:00:00,       139.072772
05/26/2010 01:00:00,       129.148602
05/26/2010 02:00:00,       123.245320
05/26/2010 03:00:00,       123.360330
05/26/2010 04:00:00,       115.844308
05/26/2010 05:00:00,       118.697960
05/26/2010 06:00:00,       118.921691
05/26/2010 07:00:00,       119.059968
05/26/2010 08:00:00,       116.219947
05/26/2010 09:00:00,       111.168733
05/26/2010 10:00:00,       103.095160
05/26/2010 11:00:00,        99.927207
05/26/2010 12:00:00,        92.123084
05/26/2010 13:00:00,        84.374992
05/26/2010 14:00:00,        78.246206
05/26/2010 15:00:00,        71.242560
05/26/2010 16:00:00,        68.253944
05/26/2010 17:00:00,        64.514383
05/26/2010 18:00:00,        60.064577
05/26/2010 19:00:00,        56.511530
05/26/2010 20:00:00,        50.753213
05/26/2010 21:00:00,        44.295223
05/26/2010 22:00:00,        38.848681
05/26/2010 23:00:00,        34.737458
05/27/2010 00:00:00,        29.317609
05/27/2010 01:00:00,        87.708004
05/27/2010 02:00:00,        89.039461
05/27/2010 03:00:00,        89.439574
05/27/2010 04:00:00,        90.269370
05/27/2010 05:00:00,        86.308346
05/27/2010 06:00:00,        85.869906
05/27/2010 07:00:00,        82.594472
05/27/2010 08:00:00,        82.673682
05/27/2010 09:00:00,        85.163249
05/27/2010 10:00:00,        88.613497
05/27/2010 11:00:00,        91.228693
05/27/2010 12:00:00,        93.433212
05/27/2010 13:00:00,        92.352209
05/27/2010 14:00:00,        92.628854
05/27/2010 15:00:00,        97.465827
05/27/2010 16:00:00,       100.609065
05/27/2010 17:00:00,       100.291316
05/27/2010 18:00:00,       103.237579
05/27/2010 19:00:00,       106.099290
05/27/2010 20:00:00,       110.962060
05/27/2010 21:00:00,       112.661416
05/27/2010 22:00:00,       113.188370
05/27/2010 23:00:00,       112.146594
05/28/2010 00:00:00,       109.301511
05/28/2010 01:00:00,        45.931684
05/28/2010 02:00:00,        47.523700
05/28/2010 03:00:00,        49.561529
05/28/2010 04:00:00,        50.156280
05/28/2010 05:00:00,        47.610122
05/28/2010 06:00:00,        45.883643
05/28/2010 07:00:00,        43.381893
05/28/2010 08:00:00,        38.554322
05/28/2010 09:00:00,        37.845207
05/28/2010 10:00:00,        38.465589
05/28/2010 11:00:00,        39.595185
05/28/2010 12:00:00,        41.149174
05/28/2010 13:00:00,        42.086504
05/28/2010 14:00:00,        38.049031
05/28/2010 15:00:00,        35.197171
05/28/2010 16:00:00,        30.945966
05/28/2010 17:00:00,        26.933023
05/28/2010 18:00:00,        24.261686
05/28/2010 19:00:00,        23.154248
05/28/2010 20:00:00,        22.216534
05/28/2010 21:00:00,        19.929146
05/28/2010 22:00:00,        17.552886
05/28/2010 23:00:00,        15.159573
05/29/2010 00:00:00,        12.482923
05/29/2010 01:00:00,         1.267122
05/29/2010 02:00:00,         1.307177
05/29/2010 03:00:00,         2.511796
05/29/2010 04:00:00,         3.850168
05/29/2010 05:00:00,         5.210310
05/29/2010 06:00:00,         6.106490
05/29/2010 07:00:00,         7.680187
05/29/2010 08:00:00,         9.746192
05/29/2010 09:00:00,        12.278487
05/29/2010 10:00:00,        13.858331
05/29/2010 11:00:00,        21.105409
05/29/2010 12:00:00,        25.898909
05/29/2010 13:00:00,        32.205622
05/29/2010 14:00:00,        40.780246
05/29/2010 15:00:00,        45.342057
05/29/2010 16:00:00,        51.646696
05/29/2010 17:00:00,        58.491914
05/29/2010 18:00:00,        62.009226
05/29/2010 19:00:00,        63.219725
05/29/2010 20:00:00,        66.917250
05/29/2010 21:00:00,        73.836113
05/29/2010 22:00:00,        78.327879
05/29/2010 23:00:00,        83.155598
05/30/2010 00:00:00,        92.492823
05/30/2010 01:00:00,        42.003138
05/30/2010 02:00:00,        38.655850
05/30/2010 03:00:00,        43.559424
05/30/2010 04:00:00,        43.715182
05/30/2010 05:00:00,        45.110403
05/30/2010 06:00:00,        46.011805
05/30/2010 07:00:00,        56.973465
05/30/2010 08:00:00,        73.944581
05/30/2010 09:00:00,        83.919421
05/30/2010 10:00:00,        92.536431
05/30/2010 11:00:00,       105.040917
05/30/2010 12:00:00,       118.882875
05/30/2010 13:00:00,       127.558865
05/30/2010 14:00:00,       136.981731
05/30/2010 15:00:00,       151.839229
05/30/2010 16:00:00,       167.745759
05/30/2010 17:00:00,       175.042295
05/30/2010 18:00:00,       186.612773
05/30/2010 19:00:00,       190.828489
05/30/2010 20:00:00,       195.696367
05/30/2010 21:00:00,       201.729756
05/30/2010 22:00:00,       202.029997
05/30/2010 23:00:00,       200.165274
05/31/2010 00:00:00,       197.751661
05/31/2010 01:00:00,       168.734016
05/31/2010 02:00:00,       156.905455
05/31/2010 03:00:00,       152.977244
05/31/2010 04:00:00,       144.269746
05/31/2010 05:00:00,       134.013914
05/31/2010 06:00:00,       122.776424
05/31/2010 07:00:00,       114.733849
05/31/2010 08:00:00,       102.834631
05/31/2010 09:00:00,        87.178634
05/31/2010 10:00:00,        73.869024
05/31/2010 11:00:00,        60.839525
05/31/2010 12:00:00,        48.162971
05/31/2010 13:00:00,        37.329797
05/31/2010 14:00:00,        28.021008
05/31/2010 15:00:00,        21.328811
05/31/2010 16:00:00,        14.336576
05/31/2010 17:00:00,         9.957419
05/31/2010 18:00:00,         6.660536
05/31/2010 19:00:00,         4.995443
05/31/2010 20:00:00,         4.544865
05/31/2010 21:00:00,         4.112811
05/31/2010 22:00:00,         4.160162
05/31/2010 23:00:00,         4.975675
06/01/2010 00:00:00,        40.233050
06/01/2010 01:00:00,        40.281739
06/01/2010 02:00:00,        40.591079
06/01/2010 03:00:00,        39.447711
06/01/2010 04:00:00,        39.344453
06/01/2010 05:00:00,        37.977770
06/01/2010 06:00:00,        37.302716
06/01/2010 07:00:00,        38.384574
06/01/2010 08:00:00,        38.280701
06/01/2010 09:00:00,        39.329807
06/01/2010 10:00:00,        32.295620
06/01/2010 11:00:00,        30.714045
06/01/2010 12:00:00,        22.501252
06/01/2010 13:00:00,        21.105152
06/01/2010 14:00:00,        19.903976
06/01/2010 15:00:00,        16.781807
06/01/2010 16:00:00,        16.708346
06/01/2010 17:00:00,        13.630664
06/01/2010 18:00:00,        11.580650
06/01/2010 19:00:00,        10.121499
06/01/2010 20:00:00,        10.637989
06/01/2010 21:00:00,        10.836324
06/01/2010 22:00:00,        10.656584
06/01/2010 23:00:00,        11.423044
06/02/2010 00:00:00,        12.157542
06/02/2010 01:00:00,         8.402912
06/02/2010 02:00:00,         9.022856
06/02/2010 03:00:00,        11.029321
06/02/2010 04:00:00,        15.320306
06/02/2010 05:00:00,        19.534762
06/02/2010 06:00:00,        21.522128
06/02/2010 07:00:00,        22.615240
06/02/2010 08:00:00,        26.275822
06/02/2010 09:00:00,        30.170084
06/02/2010 10:00:00,        34.779629
06/02/2010 11:00:00,        41.164633
06/02/2010 12:00:00,        48.567826
06/02/2010 13:00:00,        56.839621
06/02/2010 14:00:00,        68.688059
06/02/2010 15:00:00,        79.497850
06/02/2010 16:00:00,        86.869666
06/02/2010 17:00:00,        92.028360
06/02/2010 18:00:00,        95.217820
06/02/2010 19:00:00,        98.414565
06/02/2010 20:00:00,       106.321284
06/02/2010 21:00:00,       111.249936
06/02/2010 22:00:00,       116.377100
06/02/2010 23:00:00,       118.572873
06/03/2010 00:00:00,       120.765960
06/03/2010 01:00:00,        49.832574
06/03/2010 02:00:00,        52.160090
06/03/2010 03:00:00,        49.462449
06/03/2010 04:00:00,        47.815503
06/03/2010 05:00:00,        46.440095
06/03/2010 06:00:00,        44.611998
06/03/2010 07:00:00,        41.786876
06/03/2010 08:00:00,        36.007980
06/03/2010 09:00:00,        32.542771
06/03/2010 10:00:00,        30.151985
06/03/2010 11:00:00,        31.005354
06/03/2010 12:00:00,        31.351090
06/03/2010 13:00:00,        33.506323
06/03/2010 14:00:00,        31.321642
06/03/2010 15:00:00,        32.387355
06/03/2010 16:00:00,        27.001028
06/03/2010 17:00:00,        23.221469
06/03/2010 18:00:00,        19.763193
06/03/2010 19:00:00,        17.777430
06/03/2010 20:00:00,        15.759201
06/03/2010 21:00:00,        13.118119
06/03/2010 22:00:00,        11.176974
06/03/2010 23:00:00,         8.440652
06/04/2010 00:00:00,         6.611679
06/04/2010 01:00:00,         3.457600
06/04/2010 02:00:00,         3.139355
06/04/2010 03:00:00,         2.673570
06/04/2010 04:00:00,         2.830706
06/04/2010 05:00:00,         2.890851
06/04/2010 06:00:00,         3.057447
06/04/2010 07:00:00,         3.514862
06/04/2010 08:00:00,         3.434073
06/04/2010 09:00:00,         4.109608
06/04/2010 10:00:00,         5.923103
06/04/2010 11:00:00,         8.989439
06/04/2010 12:00:00,        10.572817
06/04/2010 13:00:00,        12.932400
06/04/2010 14:00:00,        17.072281
06/04/2010 15:00:00,        20.561372
06/04/2010 16:00:00,        24.201788
06/04/2010 17:00:00,        26.110158
06/04/2010 18:00:00,        28.454636
06/04/2010 19:00:00,        30.263844
06/04/2010 20:00:00,        31.953294
06/04/2010 21:00:00,        33.964748
06/04/2010 22:00:00,        35.741035
06/04/2010 23:00:00,        38.266165
06/05/2010 00:00:00,        40.430422
06/05/2010 01:00:00,        19.431969
06/05/2010 02:00:00,        20.149001
06/05/2010 03:00:00,        20.410042
06/05/2010 04:00:00,        20.940337
06/05/2010 05:00:00,        15.697385
06/05/2010 06:00:00,        15.535867
06/05/2010 07:00:00,        14.879712
06/05/2010 08:00:00,        20.244668
06/05/2010 09:00:00,        11.035362
06/05/2010 10:00:00,         9.937055
06/05/2010 11:00:00,        10.545312
06/05/2010 12:00:00,        10.666361
06/05/2010 13:00:00,        10.857713
06/05/2010 14:00:00,         9.826800
06/05/2010 15:00:00,         9.275986
06/05/2010 16:00:00,        11.558683
06/05/2010 17:00:00,        13.978206
06/05/2010 18:00:00,        18.092989
06/05/2010 19:00:00,        19.955503
06/05/2010 20:00:00,        21.922006
06/05/2010 21:00:00,        23.744746
06/05/2010 22:00:00,        26.412662
06/05/2010 23:00:00,        29.245020
06/06/2010 00:00:00,        31.852249
06/06/2010 01:00:00,        85.921344
06/06/2010 02:00:00,        82.817119
06/06/2010 03:00:00,        82.557249
06/06/2010 04:00:00,        81.823402
06/06/2010 05:00:00,        77.637020
06/06/2010 06:00:00,        72.201685
06/06/2010 07:00:00,        70.192439
06/06/2010 08:00:00,        63.899484
06/06/2010 09:00:00,        59.446259
06/06/2010 10:00:00,        54.977407
06/06/2010 11:00:00,        48.518122
06/06/2010 12:00:00,        43.222518
06/06/2010 13:00:00,        39.847723
06/06/2010 14:00:00,        40.287357
06/06/2010 15:00:00,        39.470224
06/06/2010 16:00:00,        38.973831
06/06/2010 17:00:00,        41.219147
06/06/2010 18:00:00,        48.287785
06/06/2010 19:00:00,        51.938488
06/06/2010 20:00:00,        57.417916
06/06/2010 21:00:00,        62.700773
06/06/2010 22:00:00,        67.904395
06/06/2010 23:00:00,        73.026804
06/07/2010 00:00:00,        77.975896
06/07/2010 01:00:00,        96.324171
06/07/2010 02:00:00,       105.500752
06/07/2010 03:00:00,       114.000850
06/07/2010 04:00:00,       115.518134
06/07/2010 05:00:00,       111.527997
06/07/2010 06:00:00,       104.990268
06/07/2010 07:00:00,       101.127915
06/07/2010 08:00:00,       102.506069
06/07/2010 09:00:00,       102.589133
06/07/2010 10:00:00,       101.421495
06/07/2010 11:00:00,       100.953190
06/07/2010 12:00:00,       102.299390
06/07/2010 13:00:00,       107.861946
06/07/2010 14:00:00,       105.321898
06/07/2010 15:00:00,       101.708942
06/07/2010 16:00:00,       103.103097
06/07/2010 17:00:00,       104.745539
06/07/2010 18:00:00,       104.849638
06/07/2010 19:00:00,       110.560814
06/07/2010 20:00:00,       118.112603
06/07/2010 21:00:00,       123.517388
06/07/2010 22:00:00,       126.530839
06/07/2010 23:00:00,       127.426366
06/08/2010 00:00:00,       127.717362
06/08/2010 01:00:00,       149.247335
06/08/2010 02:00:00,       143.524426
06/08/2010 03:00:00,       143.330871
06/08/2010 04:00:00,       137.895735
06/08/2010 05:00:00,       133.237617
06/08/2010 06:00:00,       127.855386
06/08/2010 07:00:00,       122.978440
06/08/2010 08:00:00,       114.437368
06/08/2010 09:00:00,       104.720887
06/08/2010 10:00:00,        96.018335
06/08/2010 11:00:00,        92.279925
06/08/2010 12:00:00,        84.866691
06/08/2010 13:00:00,        76.975635
06/08/2010 14:00:00,        71.838528
06/08/2010 15:00:00,        64.782785
06/08/2010 16:00:00,        57.684545
06/08/2010 17:00:00,        54.810755
06/08/2010 18:00:00,        52.569175
06/08/2010 19:00:00,        53.629022
06/08/2010 20:00:00,        50.908058
06/08/2010 21:00:00,        52.356545
06/08/2010 22:00:00,        47.598105
06/08/2010 23:00:00,        48.719216
06/09/2010 00:00:00,        44.809035
06/09/2010 01:00:00,        35.247901
06/09/2010 02:00:00,        35.802406
06/09/2010 03:00:00,        35.517031
06/09/2010 04:00:00,        31.093326
06/09/2010 05:00:00,        28.709196
06/09/2010 06:00:00,        27.751921
06/09/2010 07:00:00,        22.386396
06/09/2010 08:00:00,        23.119068
06/09/2010 09:00:00,        20.216108
06/09/2010 10:00:00,        16.875922
06/09/2010 11:00:00,        12.672943
06/09/2010 12:00:00,         9.730814
06/09/2010 13:00:00,         7.153031
06/09/2010 14:00:00,         4.474096
06/09/2010 15:00:00,         2.365775
06/09/2010 16:00:00,         1.160972
06/09/2010 17:00:00,         0.735730
06/09/2010 18:00:00,         0.828280
06/09/2010 19:00:00,         0.760890
06/09/2010 20:00:00,         0.731640
06/09/2010 21:00:00,         0.737621
06/09/2010 22:00:00,         0.768426
06/09/2010 23:00:00,         0.831619
06/10/2010 00:00:00,         0.921149
06/10/2010 01:00:00,         8.782297
06/10/2010 02:00:00,         9.025708
06/10/2010 03:00:00,         8.812085
06/10/2010 04:00:00,         9.399114
06/10/2010 05:00:00,        10.431399
06/10/2010 06:00:00,        11.479626
06/10/2010 07:00:00,        11.947456
06/10/2010 08:00:00,        12.480303
06/10/2010 09:00:00,        12.303769
06/10/2010 10:00:00,        13.497370
06/10/2010 11:00:00,        12.568576
06/10/2010 12:00:00,        15.028167
06/10/2010 13:00:00,        15.413018
06/10/2010 14:00:00,        14.975966
06/10/2010 15:00:00,        13.879854
06/10/2010 16:00:00,        13.427153
06/10/2010 17:00:00,        12.589579
06/10/2010 18:00:00,        12.893258
06/10/2010 19:00:00,        12.329811
06/10/2010 20:00:00,        11.735830
06/10/2010 21:00:00,        11.542758
06/10/2010 22:00:00,        11.793876
06/10/2010 23:00:00,        11.043591
06/11/2010 00:00:00,        11.746721
06/11/2010 01:00:00,        10.294929
06/11/2010 02:00:00,        10.483006
06/11/2010 03:00:00,        10.076133
06/11/2010 04:00:00,        10.108873
06/11/2010 05:00:00,        10.113412
06/11/2010 06:00:00,        10.401847
06/11/2010 07:00:00,        10.890081
06/11/2010 08:00:00,        10.084149
06/11/2010 09:00:00,         9.748256
06/11/2010 10:00:00,         9.533870
06/11/2010 11:00:00,        10.170244
06/11/2010 12:00:00,        11.530596
06/11/2010 13:00:00,        13.840484
06/11/2010 14:00:00,        13.353036
06/11/2010 15:00:00,        14.231552
06/11/2010 16:00:00,        17.793742
06/11/2010 17:00:00,        20.775264
06/11/2010 18:00:00,        24.726504
06/11/2010 19:00:00,        26.809644
06/11/2010 20:00:00,        30.108370
06/11/2010 21:00:00,        34.467299
06/11/2010 22:00:00,        38.759695
06/11/2010 23:00:00,        43.909787
06/12/2010 00:00:00,        48.590950
06/12/2010 01:00:00,        64.257990
06/12/2010 02:00:00,        60.047500
06/12/2010 03:00:00,        60.816343
06/12/2010 04:00:00,        58.962595
06/12/2010 05:00:00,        56.156630
06/12/2010 06:00:00,        54.173675
06/12/2010 07:00:00,        51.052401
06/12/2010 08:00:00,        42.834340
06/12/2010 09:00:00,        37.502657
06/12/2010 10:00:00,        29.873634
06/12/2010 11:00:00,        23.868754
06/12/2010 12:00:00,        15.203883
06/12/2010 13:00:00,        10.689958
06/12/2010 14:00:00,         8.876576
06/12/2010 15:00:00,         7.795273
06/12/2010 16:00:00,         6.535540
06/12/2010 17:00:00,         5.392094
06/12/2010 18:00:00,         6.478535
06/12/2010 19:00:00,         6.955033
06/12/2010 20:00:00,         7.950845
06/12/2010 21:00:00,         8.604669
06/12/2010 22:00:00,        11.698349
06/12/2010 23:00:00,        10.724306
06/13/2010 00:00:00,         9.803037
06/13/2010 01:00:00,         7.612422
06/13/2010 02:00:00,         9.528501
06/13/2010 03:00:00,         8.215240
06/13/2010 04:00:00,         5.131439
06/13/2010 05:00:00,         4.146533
06/13/2010 06:00:00,         3.355798
06/13/2010 07:00:00,         3.001974
06/13/2010 08:00:00,         2.328606
06/13/2010 09:00:00,         1.374027
06/13/2010 10:00:00,         1.271559
06/13/2010 11:00:00,         1.715843
06/13/2010 12:00:00,         1.018870
06/13/2010 13:00:00,         1.020552
06/13/2010 14:00:00,         1.106135
06/13/2010 15:00:00,         0.958059
06/13/2010 16:00:00,         1.797309
06/13/2010 17:00:00,         2.971548
06/13/2010 18:00:00,         5.147252
06/13/2010 19:00:00,         6.549200
06/13/2010 20:00:00,         8.539038
06/13/2010 21:00:00,         9.346132
06/13/2010 22:00:00,        10.950232
06/13/2010 23:00:00,        14.428237
06/14/2010 00:00:00,        15.266472
06/14/2010 01:00:00,        18.304489
06/14/2010 02:00:00,        19.800536
06/14/2010 03:00:00,        20.081285
06/14/2010 04:00:00,        17.430972
06/14/2010 05:00:00,        25.558876
06/14/2010 06:00:00,        32.661476
06/14/2010 07:00:00,        33.515865
06/14/2010 08:00:00,        32.075237
06/14/2010 09:00:00,        31.892499
06/14/2010 10:00:00,        33.429627
06/14/2010 11:00:00,        37.308632
06/14/2010 12:00:00,        43.436359
06/14/2010 13:00:00,        51.027214
06/14/2010 14:00:00,        61.521902
06/14/2010 15:00:00,        69.974944
06/14/2010 16:00:00,        81.376659
06/14/2010 17:00:00,        92.290589
06/14/2010 18:00:00,        99.931580
06/14/2010 19:00:00,       103.689480
06/14/2010 20:00:00,       110.557476
06/14/2010 21:00:00,       118.700176
06/14/2010 22:00:00,       129.322821
06/14/2010 23:00:00,       146.291200
06/15/2010 00:00:00,       161.574173
06/15/2010 01:00:00,       140.116670
06/15/2010 02:00:00,       135.411630
06/15/2010 03:00:00,       131.471561
06/15/2010 04:00:00,       130.601328
06/15/2010 05:00:00,       127.685565
06/15/2010 06:00:00,       123.384219
06/15/2010 07:00:00,       121.412431
06/15/2010 08:00:00,       119.584375
06/15/2010 09:00:00,       111.079113
06/15/2010 10:00:00,       104.927768
06/15/2010 11:00:00,       100.564977
06/15/2010 12:00:00,        94.999492
06/15/2010 13:00:00,        89.231080
06/15/2010 14:00:00,        90.629868
06/15/2010 15:00:00,        95.601974
06/15/2010 16:00:00,        98.629767
06/15/2010 17:00:00,        99.559778
06/15/2010 18:00:00,       103.571824
06/15/2010 19:00:00,       106.161407
06/15/2010 20:00:00,       109.255005
06/15/2010 21:00:00,       113.538044
06/15/2010 22:00:00,       119.114736
06/15/2010 23:00:00,       126.091315
06/16/2010 00:00:00,       131.768952
06/16/2010 01:00:00,        14.585381
06/16/2010 02:00:00,        15.064915
06/16/2010 03:00:00,        17.643240
06/16/2010 04:00:00,        18.452500
06/16/2010 05:00:00,        18.671454
06/16/2010 06:00:00,        18.249870
06/16/2010 07:00:00,        16.877170
06/16/2010 08:00:00,        16.248066
06/16/2010 09:00:00,        15.239533
06/16/2010 10:00:00,        14.017462
06/16/2010 11:00:00,        13.687317
06/16/2010 12:00:00,        12.526839
06/16/2010 13:00:00,        12.036954
06/16/2010 14:00:00,        10.498329
06/16/2010 15:00:00,         7.684097
06/16/2010 16:00:00,         6.492233
06/16/2010 17:00:00,         5.488659
06/16/2010 18:00:00,         4.803769
06/16/2010 19:00:00,         3.998990
06/16/2010 20:00:00,         3.697111
06/16/2010 21:00:00,         3.829091
06/16/2010 22:00:00,         4.198974
06/16/2010 23:00:00,         3.803674
06/17/2010 00:00:00,         3.035810
06/17/2010 01:00:00,        37.055917
06/17/2010 02:00:00,        39.130849
06/17/2010 03:00:00,        40.303324
06/17/2010 04:00:00,        40.715114
06/17/2010 05:00:00,        42.373714
06/17/2010 06:00:00,        45.309493
06/17/2010 07:00:00,        48.251571
06/17/2010 08:00:00,        52.610146
06/17/2010 09:00:00,        55.249183
06/17/2010 10:00:00,        53.433761
06/17/2010 11:00:00,        49.949132
06/17/2010 12:00:00,        43.414683
06/17/2010 13:00:00,        39.477487
06/17/2010 14:00:00,        36.048954
06/17/2010 15:00:00,        33.228742
06/17/2010 16:00:00,        28.951077
06/17/2010 17:00:00,        27.129826
06/17/2010 18:00:00,        26.956176
06/17/2010 19:00:00,        25.019436
06/17/2010 20:00:00,        23.805921
06/17/2010 21:00:00,        21.870179
06/17/2010 22:00:00,        24.770626
06/17/2010 23:00:00,        27.589437
06/18/2010 00:00:00,        30.945880
06/18/2010 01:00:00,        83.526245
06/18/2010 02:00:00,        91.356129
06/18/2010 03:00:00,        99.483688
06/18/2010 04:00:00,       102.720605
06/18/2010 05:00:00,       106.411866
06/18/2010 06:00:00,       106.044526
06/18/2010 07:00:00,        99.516907
06/18/2010 08:00:00,       102.732908
06/18/2010 09:00:00,       101.824202
06/18/2010 10:00:00,       100.956747
06/18/2010 11:00:00,       100.697166
06/18/2010 12:00:00,       101.164042
06/18/2010 13:00:00,        97.836736
06/18/2010 14:00:00,        90.338790
06/18/2010 15:00:00,        84.930729
06/18/2010 16:00:00,        78.496305
06/18/2010 17:00:00,        74.470878
06/18/2010 18:00:00,        74.899796
06/18/2010 19:00:00,        79.906124
06/18/2010 20:00:00,        80.790677
06/18/2010 21:00:00,        83.355896
06/18/2010 22:00:00,        88.143999
06/18/2010 23:00:00,        89.461316
06/19/2010 00:00:00,        93.054261
06/19/2010 01:00:00,        92.516412
06/19/2010 02:00:00,        92.446477
06/19/2010 03:00:00,        93.667968
06/19/2010 04:00:00,        90.321567
06/19/2010 05:00:00,        86.339232
06/19/2010 06:00:00,        83.484173
06/19/2010 07:00:00,        81.958218
06/19/2010 08:00:00,        78.180386
06/19/2010 09:00:00,        73.982693
06/19/2010 10:00:00,        72.299400
06/19/2010 11:00:00,        74.786639
06/19/2010 12:00:00,        79.448144
06/19/2010 13:00:00,        81.894056
06/19/2010 14:00:00,        87.381362
06/19/2010 15:00:00,        92.503881
06/19/2010 16:00:00,        96.492277
06/19/2010 17:00:00,       105.140532
06/19/2010 18:00:00,       118.296406
06/19/2010 19:00:00,       125.117059
06/19/2010 20:00:00,       131.108204
06/19/2010 21:00:00,       140.299529
06/19/2010 22:00:00,       147.308849
06/19/2010 23:00:00,       153.161425
06/20/2010 00:00:00,       157.050208
06/20/2010 01:00:00,       118.530186
06/20/2010 02:00:00,       112.626739
06/20/2010 03:00:00,       103.340121
06/20/2010 04:00:00,       100.192923
06/20/2010 05:00:00,        93.044628
06/20/2010 06:00:00,        85.922374
06/20/2010 07:00:00,        80.860396
06/20/2010 08:00:00,        71.906867
06/20/2010 09:00:00,        66.242670
06/20/2010 10:00:00,        54.576932
06/20/2010 11:00:00,        51.814459
06/20/2010 12:00:00,        51.789906
06/20/2010 13:00:00,        44.915740
06/20/2010 14:00:00,        38.848715
06/20/2010 15:00:00,        31.566636
06/20/2010 16:00:00,        26.656179
06/20/2010 17:00:00,        24.087934
06/20/2010 18:00:00,        19.961063
06/20/2010 19:00:00,        19.656782
06/20/2010 20:00:00,        18.719433
06/20/2010 21:00:00,        19.425003
06/20/2010 22:00:00,        19.996969
06/20/2010 23:00:00,        21.246687
06/21/2010 00:00:00,        20.451737
06/21/2010 01:00:00,        20.079467
06/21/2010 02:00:00,        21.215169
06/21/2010 03:00:00,        18.911691
06/21/2010 04:00:00,        17.814619
06/21/2010 05:00:00,        17.304289
06/21/2010 06:00:00,        17.599532
06/21/2010 07:00:00,        16.763196
06/21/2010 08:00:00,        13.939690
06/21/2010 09:00:00,        12.892832
06/21/2010 10:00:00,        12.886980
06/21/2010 11:00:00,        11.802955
06/21/2010 12:00:00,        11.615364
06/21/2010 13:00:00,        10.989934
06/21/2010 14:00:00,        13.844041
06/21/2010 15:00:00,        17.780026
06/21/2010 16:00:00,        22.979935
06/21/2010 17:00:00,        30.339017
06/21/2010 18:00:00,        39.260441
06/21/2010 19:00:00,        43.227705
06/21/2010 20:00:00,        48.428385
06/21/2010 21:00:00,        54.926923
06/21/2010 22:00:00,        58.180107
06/21/2010 23:00:00,        65.718217
06/22/2010 00:00:00,        73.699707
06/22/2010 01:00:00,        57.979945
06/22/2010 02:00:00,        55.517814
06/22/2010 03:00:00,        50.932769
06/22/2010 04:00:00,        47.534660
06/22/2010 05:00:00,        42.100524
06/22/2010 06:00:00,        37.792211
06/22/2010 07:00:00,        33.726155
06/22/2010 08:00:00,        24.459830
06/22/2010 09:00:00,        19.844963
06/22/2010 10:00:00,        13.181437
06/22/2010 11:00:00,         9.559912
06/22/2010 12:00:00,         6.858563
06/22/2010 13:00:00,         5.350256
06/22/2010 14:00:00,         5.483365
06/22/2010 15:00:00,         5.499166
06/22/2010 16:00:00,         5.635112
06/22/2010 17:00:00,         6.239591
06/22/2010 18:00:00,         8.057771
06/22/2010 19:00:00,         9.282697
06/22/2010 20:00:00,        10.312424
06/22/2010 21:00:00,        11.413791
06/22/2010 22:00:00,        12.317792
06/22/2010 23:00:00,        13.775314
06/23/2010 00:00:00,        14.608885
06/23/2010 01:00:00,        22.996761
06/23/2010 02:00:00,        28.938400
06/23/2010 03:00:00,        27.377802
06/23/2010 04:00:00,        28.598020
06/23/2010 05:00:00,        29.183365
06/23/2010 06:00:00,        29.758096
06/23/2010 07:00:00,        30.676752
06/23/2010 08:00:00,        35.288727
06/23/2010 09:00:00,        37.934928
06/23/2010 10:00:00,        36.015454
06/23/2010 11:00:00,        31.591293
06/23/2010 12:00:00,        29.689340
06/23/2010 13:00:00,        28.499650
06/23/2010 14:00:00,        26.422969
06/23/2010 15:00:00,        24.563645
06/23/2010 16:00:00,        23.572390
06/23/2010 17:00:00,        22.760590
06/23/2010 18:00:00,        22.448757
06/23/2010 19:00:00,        21.591297
06/23/2010 20:00:00,        20.398640
06/23/2010 21:00:00,        17.780389
06/23/2010 22:00:00,        17.330017
06/23/2010 23:00:00,        18.607698
06/24/2010 00:00:00,        20.052073
06/24/2010 01:00:00,        59.249116
06/24/2010 02:00:00,        62.132171
06/24/2010 03:00:00,        61.256224
06/24/2010 04:00:00,        64.623420
06/24/2010 05:00:00,        66.700636
06/24/2010 06:00:00,        67.154959
06/24/2010 07:00:00,        65.591048
06/24/2010 08:00:00,        65.021561
06/24/2010 09:00:00,        68.312362
06/24/2010 10:00:00,        70.093550
06/24/2010 11:00:00,        71.907072
06/24/2010 12:00:00,        75.717414
06/24/2010 13:00:00,        81.813598
06/24/2010 14:00:00,        81.652626
06/24/2010 15:00:00,        79.483688
06/24/2010 16:00:00,        90.583822
06/24/2010 17:00:00,        89.647957
06/24/2010 18:00:00,        95.283131
06/24/2010 19:00:00,        98.298430
06/24/2010 20:00:00,       102.170026
06/24/2010 21:00:00,       108.816711
06/24/2010 22:00:00,       116.231405
06/24/2010 23:00:00,       121.275714
06/25/2010 00:00:00,       125.809093
06/25/2010 01:00:00,        87.330123
06/25/2010 02:00:00,        82.298356
06/25/2010 03:00:00,        78.599093
06/25/2010 04:00:00,        78.164817
06/25/2010 05:00:00,        77.013115
06/25/2010 06:00:00,        72.511823
06/25/2010 07:00:00,        70.178669
06/25/2010 08:00:00,        66.092746
06/25/2010 09:00:00,        59.875485
06/25/2010 10:00:00,        58.333632
06/25/2010 11:00:00,        58.849986
06/25/2010 12:00:00,        62.864632
06/25/2010 13:00:00,        65.452075
06/25/2010 14:00:00,        70.169819
06/25/2010 15:00:00,        76.567174
06/25/2010 16:00:00,        84.458006
06/25/2010 17:00:00,        86.908153
06/25/2010 18:00:00,        89.599441
06/25/2010 19:00:00,        96.178132
06/25/2010 20:00:00,       102.421793
06/25/2010 21:00:00,       107.673072
06/25/2010 22:00:00,       110.755935
06/25/2010 23:00:00,       112.941227
06/26/2010 00:00:00,       112.363941
06/26/2010 01:00:00,        57.826617
06/26/2010 02:00:00,        63.914599
06/26/2010 03:00:00,        68.808167
06/26/2010 04:00:00,        71.042910
06/26/2010 05:00:00,        73.409919
06/26/2010 06:00:00,        68.307584
06/26/2010 07:00:00,        69.641145
06/26/2010 08:00:00,        70.542161
06/26/2010 09:00:00,        73.686586
06/26/2010 10:00:00,        75.166858
06/26/2010 11:00:00,        81.708817
06/26/2010 12:00:00,        85.125606
06/26/2010 13:00:00,        83.351885
06/26/2010 14:00:00,        81.827518
06/26/2010 15:00:00,        77.429959
06/26/2010 16:00:00,        72.433931
06/26/2010 17:00:00,        68.716096
06/26/2010 18:00:00,        66.018185
06/26/2010 19:00:00,        66.791815
06/26/2010 20:00:00,        66.892777
06/26/2010 21:00:00,        66.575984
06/26/2010 22:00:00,        66.383936
06/26/2010 23:00:00,        67.398729
06/27/2010 00:00:00,        58.854170
06/27/2010 01:00:00,        39.426858
06/27/2010 02:00:00,        37.495185
06/27/2010 03:00:00,        34.960186
06/27/2010 04:00:00,        33.707106
06/27/2010 05:00:00,        31.267689
06/27/2010 06:00:00,        30.882864
06/27/2010 07:00:00,        32.034269
06/27/2010 08:00:00,        28.577513
06/27/2010 09:00:00,        22.566101
06/27/2010 10:00:00,        23.416463
06/27/2010 11:00:00,        23.265939
06/27/2010 12:00:00,        25.656346
06/27/2010 13:00:00,        28.317707
06/27/2010 14:00:00,        31.483423
06/27/2010 15:00:00,        33.318036
06/27/2010 16:00:00,        34.905412
06/27/2010 17:00:00,        35.248465
06/27/2010 18:00:00,        35.923072
06/27/2010 19:00:00,        36.292326
06/27/2010 20:00:00,        33.785228
06/27/2010 21:00:00,        37.222982
06/27/2010 22:00:00,        33.315664
06/27/2010 23:00:00,        33.386201
06/28/2010 00:00:00,        30.653615
06/28/2010 01:00:00,        14.437100
06/28/2010 02:00:00,        16.978532
06/28/2010 03:00:00,        17.161732
06/28/2010 04:00:00,        19.018131
06/28/2010 05:00:00,        21.032381
06/28/2010 06:00:00,        22.602843
06/28/2010 07:00:00,        24.622916
06/28/2010 08:00:00,        29.174648
06/28/2010 09:00:00,        33.345878
06/28/2010 10:00:00,        33.810011
06/28/2010 11:00:00,        34.898841
06/28/2010 12:00:00,        36.906880
06/28/2010 13:00:00,        37.342372
06/28/2010 14:00:00,        37.533820
06/28/2010 15:00:00,        34.773556
06/28/2010 16:00:00,        33.411595
06/28/2010 17:00:00,        31.455953
06/28/2010 18:00:00,        40.163877
06/28/2010 19:00:00,        40.713660
06/28/2010 20:00:00,        40.166109
06/28/2010 21:00:00,        36.721257
06/28/2010 22:00:00,        32.762024
06/28/2010 23:00:00,        35.104076
06/29/2010 00:00:00,        39.256991
06/29/2010 01:00:00,        16.576394
06/29/2010 02:00:00,        17.526679
06/29/2010 03:00:00,        17.508335
06/29/2010 04:00:00,        19.778684
06/29/2010 05:00:00,        22.577987
06/29/2010 06:00:00,        27.303296
06/29/2010 07:00:00,        28.528240
06/29/2010 08:00:00,        29.229773
06/29/2010 09:00:00,        27.056660
06/29/2010 10:00:00,        27.068176
06/29/2010 11:00:00,        26.540730
06/29/2010 12:00:00,        27.399143
06/29/2010 13:00:00,        25.105592
06/29/2010 14:00:00,        24.466514
06/29/2010 15:00:00,        24.295372
06/29/2010 16:00:00,        25.713855
06/29/2010 17:00:00,        27.919111
06/29/2010 18:00:00,        30.299816
06/29/2010 19:00:00,        31.534940
06/29/2010 20:00:00,        32.275732
06/29/2010 21:00:00,        34.778563
06/29/2010 22:00:00,        37.413786
06/29/2010 23:00:00,        40.931918
06/30/2010 00:00:00,        45.107724
06/30/2010 01:00:00,        67.083570
06/30/2010 02:00:00,        68.570703
06/30/2010 03:00:00,        73.801216
06/30/2010 04:00:00,        76.351635
06/30/2010 05:00:00,        75.714062
06/30/2010 06:00:00,        73.824912
06/30/2010 07:00:00,        73.098950
06/30/2010 08:00:00,        71.136588
06/30/2010 09:00:00,        73.070615
06/30/2010 10:00:00,        80.262055
06/30/2010 11:00:00,        91.849875
06/30/2010 12:00:00,        96.969241
06/30/2010 13:00:00,       106.166437
06/30/2010 14:00:00,       116.419764
06/30/2010 15:00:00,       126.556226
06/30/2010 16:00:00,       132.600444
06/30/2010 17:00:00,       133.744813
06/30/2010 18:00:00,       140.483878
06/30/2010 19:00:00,       149.605395
06/30/2010 20:00:00,       158.311435
06/30/2010 21:00:00,       166.718992
06/30/2010 22:00:00,       172.308514
06/30/2010 23:00:00,       169.219136
07/01/2010 00:00:00,       145.330585
07/01/2010 01:00:00,       143.274724
07/01/2010 02:00:00,       144.484676
07/01/2010 03:00:00,       141.330251
07/01/2010 04:00:00,       138.052589
07/01/2010 05:00:00,       134.063873
07/01/2010 06:00:00,       128.720256
07/01/2010 07:00:00,       121.442816
07/01/2010 08:00:00,       116.347657
07/01/2010 09:00:00,       109.831291
07/01/2010 10:00:00,       106.196197
07/01/2010 11:00:00,       107.376233
07/01/2010 12:00:00,       108.903809
07/01/2010 13:00:00,       109.494672
07/01/2010 14:00:00,       110.210577
07/01/2010 15:00:00,       108.408937
07/01/2010 16:00:00,       110.768405
07/01/2010 17:00:00,       113.324500
07/01/2010 18:00:00,       117.239011
07/01/2010 19:00:00,       121.534791
07/01/2010 20:00:00,       125.073342
07/01/2010 21:00:00,       124.867403
07/01/2010 22:00:00,       127.502469
07/01/2010 23:00:00,       129.932695
07/02/2010 00:00:00,       127.542429
07/02/2010 01:00:00,       122.031909
07/02/2010 02:00:00,       117.259408
07/02/2010 03:00:00,       113.300021
07/02/2010 04:00:00,       107.819504
07/02/2010 05:00:00,       105.998262
07/02/2010 06:00:00,       102.404645
07/02/2010 07:00:00,        95.768028
07/02/2010 08:00:00,        89.549702
07/02/2010 09:00:00,        82.439525
07/02/2010 10:00:00,        77.401547
07/02/2010 11:00:00,        71.329650
07/02/2010 12:00:00,        64.778568
07/02/2010 13:00:00,        54.860992
07/02/2010 14:00:00,        48.677946
07/02/2010 15:00:00,        43.937951
07/02/2010 16:00:00,        40.377167
07/02/2010 17:00:00,        36.536804
07/02/2010 18:00:00,        36.103128
07/02/2010 19:00:00,        34.453749
07/02/2010 20:00:00,        33.038842
07/02/2010 21:00:00,        32.169414
07/02/2010 22:00:00,        33.061377
07/02/2010 23:00:00,        33.173275
07/03/2010 00:00:00,        35.266938
07/03/2010 01:00:00,        97.697972
07/03/2010 02:00:00,       101.340451
07/03/2010 03:00:00,       110.259973
07/03/2010 04:00:00,       116.411500
07/03/2010 05:00:00,       121.121424
07/03/2010 06:00:00,       123.912428
07/03/2010 07:00:00,       126.865401
07/03/2010 08:00:00,       130.095051
07/03/2010 09:00:00,       132.275970
07/03/2010 10:00:00,       133.514991
07/03/2010 11:00:00,       130.315743
07/03/2010 12:00:00,       129.239598
07/03/2010 13:00:00,       130.833233
07/03/2010 14:00:00,       128.902550
07/03/2010 15:00:00,       126.044246
07/03/2010 16:00:00,       116.407288
07/03/2010 17:00:00,       111.122958
07/03/2010 18:00:00,       105.504752
07/03/2010 19:00:00,       101.910553
07/03/2010 20:00:00,        97.602382
07/03/2010 21:00:00,        96.141302
07/03/2010 22:00:00,        93.665896
07/03/2010 23:00:00,        93.207698
07/04/2010 00:00:00,        92.704629
07/04/2010 01:00:00,       169.930796
07/04/2010 02:00:00,       172.202501
07/04/2010 03:00:00,       174.608248
07/04/2010 04:00:00,       175.105115
07/04/2010 05:00:00,       174.706403
07/04/2010 06:00:00,       171.181989
07/04/2010 07:00:00,       165.816569
07/04/2010 08:00:00,       163.461230
07/04/2010 09:00:00,       155.227503
07/04/2010 10:00:00,       143.924058
07/04/2010 11:00:00,       135.621533
07/04/2010 12:00:00,       124.604543
07/04/2010 13:00:00,       114.701454
07/04/2010 14:00:00,       105.012144
07/04/2010 15:00:00,        95.113249
07/04/2010 16:00:00,        82.501424
07/04/2010 17:00:00,        70.026879
07/04/2010 18:00:00,        63.295312
07/04/2010 19:00:00,        57.143852
07/04/2010 20:00:00,        53.379411
07/04/2010 21:00:00,        51.884945
07/04/2010 22:00:00,        54.926190
07/04/2010 23:00:00,        49.896957
07/05/2010 00:00:00,        47.248005
07/05/2010 01:00:00,        38.039225
07/05/2010 02:00:00,        33.817287
07/05/2010 03:00:00,        29.961882
07/05/2010 04:00:00,        26.060082
07/05/2010 05:00:00,        23.439975
07/05/2010 06:00:00,        21.482475
07/05/2010 07:00:00,        19.451177
07/05/2010 08:00:00,        15.378379
07/05/2010 09:00:00,        11.775889
07/05/2010 10:00:00,        10.968283
07/05/2010 11:00:00,        10.852046
07/05/2010 12:00:00,        11.168812
07/05/2010 13:00:00,        14.363427
07/05/2010 14:00:00,        16.741234
07/05/2010 15:00:00,        22.873725
07/05/2010 16:00:00,        30.143629
07/05/2010 17:00:00,        35.727643
07/05/2010 18:00:00,        45.351721
07/05/2010 19:00:00,        48.577597
07/05/2010 20:00:00,        53.661127
07/05/2010 21:00:00,        57.056861
07/05/2010 22:00:00,        61.317714
07/05/2010 23:00:00,        67.651199
07/06/2010 00:00:00,        68.808591
07/06/2010 01:00:00,        99.666409
07/06/2010 02:00:00,        91.910588
07/06/2010 03:00:00,        83.879454
07/06/2010 04:00:00,        74.219542
07/06/2010 05:00:00,        62.957256
07/06/2010 06:00:00,        59.586262
07/06/2010 07:00:00,        53.367785
07/06/2010 08:00:00,        38.878397
07/06/2010 09:00:00,        27.052844
07/06/2010 10:00:00,        20.585613
07/06/2010 11:00:00,        17.077422
07/06/2010 12:00:00,        11.912089
07/06/2010 13:00:00,         7.707890
07/06/2010 14:00:00,         4.902891
07/06/2010 15:00:00,         3.170020
07/06/2010 16:00:00,         2.152513
07/06/2010 17:00:00,         1.533071
07/06/2010 18:00:00,         1.032071
07/06/2010 19:00:00,         0.835524
07/06/2010 20:00:00,         0.960797
07/06/2010 21:00:00,         1.282851
07/06/2010 22:00:00,         1.887250
07/06/2010 23:00:00,         2.626717
07/07/2010 00:00:00,         3.222572
07/07/2010 01:00:00,         6.782998
07/07/2010 02:00:00,        10.629045
07/07/2010 03:00:00,        13.963378
07/07/2010 04:00:00,        17.265360
07/07/2010 05:00:00,        20.178563
07/07/2010 06:00:00,        23.120340
07/07/2010 07:00:00,        23.935127
07/07/2010 08:00:00,        25.817434
07/07/2010 09:00:00,        28.810358
07/07/2010 10:00:00,        31.736545
07/07/2010 11:00:00,        32.941019
07/07/2010 12:00:00,        37.093949
07/07/2010 13:00:00,        42.882447
07/07/2010 14:00:00,        44.497887
07/07/2010 15:00:00,        44.350659
07/07/2010 16:00:00,        44.625839
07/07/2010 17:00:00,        44.386150
07/07/2010 18:00:00,        44.698704
07/07/2010 19:00:00,        44.983570
07/07/2010 20:00:00,        46.440099
07/07/2010 21:00:00,        48.136399
07/07/2010 22:00:00,        49.382340
07/07/2010 23:00:00,        48.337500
07/08/2010 00:00:00,        50.085638
07/08/2010 01:00:00,        53.750464
07/08/2010 02:00:00,        47.851099
07/08/2010 03:00:00,        45.903401
07/08/2010 04:00:00,        44.529153
07/08/2010 05:00:00,        41.085020
07/08/2010 06:00:00,        40.422631
07/08/2010 07:00:00,        40.785326
07/08/2010 08:00:00,        33.820601
07/08/2010 09:00:00,        31.397044
07/08/2010 10:00:00,        28.866114
07/08/2010 11:00:00,        26.600240
07/08/2010 12:00:00,        27.110063
07/08/2010 13:00:00,        26.055203
07/08/2010 14:00:00,        24.482597
07/08/2010 15:00:00,        25.512969
07/08/2010 16:00:00,        25.453343
07/08/2010 17:00:00,        25.762753
07/08/2010 18:00:00,        24.785927
07/08/2010 19:00:00,        25.180194
07/08/2010 20:00:00,        27.302741
07/08/2010 21:00:00,        29.023405
07/08/2010 22:00:00,        33.862396
07/08/2010 23:00:00,        36.255022
07/09/2010 00:00:00,        43.288151
07/09/2010 01:00:00,        82.757521
07/09/2010 02:00:00,        85.626269
07/09/2010 03:00:00,        87.062917
07/09/2010 04:00:00,        87.133857
07/09/2010 05:00:00,        88.007783
07/09/2010 06:00:00,        89.483970
07/09/2010 07:00:00,        88.682751
07/09/2010 08:00:00,        89.603300
07/09/2010 09:00:00,        87.883076
07/09/2010 10:00:00,        82.969948
07/09/2010 11:00:00,        78.212772
07/09/2010 12:00:00,        76.377298
07/09/2010 13:00:00,        76.507684
07/09/2010 14:00:00,        74.028183
07/09/2010 15:00:00,        73.148535
07/09/2010 16:00:00,        73.014685
07/09/2010 17:00:00,        73.657950
07/09/2010 18:00:00,        74.044342
07/09/2010 19:00:00,        75.649440
07/09/2010 20:00:00,        84.489342
07/09/2010 21:00:00,        82.052935
07/09/2010 22:00:00,        87.742159
07/09/2010 23:00:00,        94.259428
07/10/2010 00:00:00,       103.509701
07/10/2010 01:00:00,        44.496330
07/10/2010 02:00:00,        41.987936
07/10/2010 03:00:00,        40.589037
07/10/2010 04:00:00,        41.117918
07/10/2010 05:00:00,        40.277896
07/10/2010 06:00:00,        39.673341
07/10/2010 07:00:00,        38.150370
07/10/2010 08:00:00,        31.084548
07/10/2010 09:00:00,        24.256871
07/10/2010 10:00:00,        21.541130
07/10/2010 11:00:00,        19.143291
07/10/2010 12:00:00,        15.184848
07/10/2010 13:00:00,        12.240419
07/10/2010 14:00:00,        10.284315
07/10/2010 15:00:00,         9.524729
07/10/2010 16:00:00,         6.521157
07/10/2010 17:00:00,         5.713621
07/10/2010 18:00:00,         4.469123
07/10/2010 19:00:00,         4.545988
07/10/2010 20:00:00,         5.036004
07/10/2010 21:00:00,         5.182124
07/10/2010 22:00:00,         5.427742
07/10/2010 23:00:00,         5.503265
07/11/2010 00:00:00,         5.435932
07/11/2010 01:00:00,        13.257382
07/11/2010 02:00:00,        14.171137
07/11/2010 03:00:00,        12.545061
07/11/2010 04:00:00,        11.226430
07/11/2010 05:00:00,         9.441330
07/11/2010 06:00:00,         8.871931
07/11/2010 07:00:00,         8.802659
07/11/2010 08:00:00,         5.540191
07/11/2010 09:00:00,         3.412180
07/11/2010 10:00:00,         1.827785
07/11/2010 11:00:00,         1.335194
07/11/2010 12:00:00,         1.072666
07/11/2010 13:00:00,         0.720911
07/11/2010 14:00:00,         0.423550
07/11/2010 15:00:00,         0.242718
07/11/2010 16:00:00,         0.423063
07/11/2010 17:00:00,         0.761605
07/11/2010 18:00:00,         0.935842
07/11/2010 19:00:00,         1.014383
07/11/2010 20:00:00,         1.155935
07/11/2010 21:00:00,         1.289946
07/11/2010 22:00:00,         1.491737
07/11/2010 23:00:00,         1.806577
07/12/2010 00:00:00,         2.167324
07/12/2010 01:00:00,         3.822151
07/12/2010 02:00:00,         4.682385
07/12/2010 03:00:00,         6.523834
07/12/2010 04:00:00,         8.464915
07/12/2010 05:00:00,         8.281655
07/12/2010 06:00:00,         8.124117
07/12/2010 07:00:00,         8.120049
07/12/2010 08:00:00,        11.726093
07/12/2010 09:00:00,        11.312742
07/12/2010 10:00:00,         8.951340
07/12/2010 11:00:00,        10.821785
07/12/2010 12:00:00,        12.106621
07/12/2010 13:00:00,        12.825566
07/12/2010 14:00:00,        13.074151
07/12/2010 15:00:00,        13.901251
07/12/2010 16:00:00,        13.095366
07/12/2010 17:00:00,        12.568195
07/12/2010 18:00:00,        12.560148
07/12/2010 19:00:00,        22.198321
07/12/2010 20:00:00,        14.394661
07/12/2010 21:00:00,        18.272270
07/12/2010 22:00:00,        19.757947
07/12/2010 23:00:00,        18.053659
07/13/2010 00:00:00,        20.730654
07/13/2010 01:00:00,        73.066876
07/13/2010 02:00:00,        76.151412
07/13/2010 03:00:00,        75.581795
07/13/2010 04:00:00,        73.834551
07/13/2010 05:00:00,        70.807255
07/13/2010 06:00:00,        67.889127
07/13/2010 07:00:00,        65.142624
07/13/2010 08:00:00,        65.385206
07/13/2010 09:00:00,        64.203779
07/13/2010 10:00:00,        59.732814
07/13/2010 11:00:00,        54.636272
07/13/2010 12:00:00,        44.962290
07/13/2010 13:00:00,        39.854690
07/13/2010 14:00:00,        35.157719
07/13/2010 15:00:00,        31.050768
07/13/2010 16:00:00,        28.244696
07/13/2010 17:00:00,        26.242042
07/13/2010 18:00:00,        27.805539
07/13/2010 19:00:00,        25.749011
07/13/2010 20:00:00,        28.056748
07/13/2010 21:00:00,        27.414036
07/13/2010 22:00:00,        25.822160
07/13/2010 23:00:00,        25.960372
07/14/2010 00:00:00,        23.708345
07/14/2010 01:00:00,        36.431751
07/14/2010 02:00:00,        34.619947
07/14/2010 03:00:00,        32.392023
07/14/2010 04:00:00,        28.995742
07/14/2010 05:00:00,        26.113492
07/14/2010 06:00:00,        23.974907
07/14/2010 07:00:00,        22.399130
07/14/2010 08:00:00,        16.556197
07/14/2010 09:00:00,         7.813943
07/14/2010 10:00:00,         7.395279
07/14/2010 11:00:00,         8.980248
07/14/2010 12:00:00,        11.357011
07/14/2010 13:00:00,        12.546170
07/14/2010 14:00:00,        14.504261
07/14/2010 15:00:00,        14.636168
07/14/2010 16:00:00,        16.076724
07/14/2010 17:00:00,        16.996357
07/14/2010 18:00:00,        21.288977
07/14/2010 19:00:00,        22.839975
07/14/2010 20:00:00,        25.314057
07/14/2010 21:00:00,        28.092356
07/14/2010 22:00:00,        31.421183
07/14/2010 23:00:00,        33.697262
07/15/2010 00:00:00,        34.729493
07/15/2010 01:00:00,        26.660202
07/15/2010 02:00:00,        25.551806
07/15/2010 03:00:00,        24.696732
07/15/2010 04:00:00,        23.533813
07/15/2010 05:00:00,        23.133808
07/15/2010 06:00:00,        18.451128
07/15/2010 07:00:00,        16.573388
07/15/2010 08:00:00,        12.849808
07/15/2010 09:00:00,        10.087717
07/15/2010 10:00:00,         7.801969
07/15/2010 11:00:00,         5.931597
07/15/2010 12:00:00,         5.293244
07/15/2010 13:00:00,         4.557285
07/15/2010 14:00:00,         3.693737
07/15/2010 15:00:00,         2.742490
07/15/2010 16:00:00,         2.257036
07/15/2010 17:00:00,         2.030071
07/15/2010 18:00:00,         2.493938
07/15/2010 19:00:00,         2.886530
07/15/2010 20:00:00,         3.190128
07/15/2010 21:00:00,         3.181129
07/15/2010 22:00:00,         2.918366
07/15/2010 23:00:00,         3.910068
07/16/2010 00:00:00,         5.756327
07/16/2010 01:00:00,        87.592302
07/16/2010 02:00:00,        87.458565
07/16/2010 03:00:00,        85.835836
07/16/2010 04:00:00,        86.471048
07/16/2010 05:00:00,        85.640702
07/16/2010 06:00:00,        85.463618
07/16/2010 07:00:00,        86.822076
07/16/2010 08:00:00,        89.242476
07/16/2010 09:00:00,        87.725358
07/16/2010 10:00:00,        84.999981
07/16/2010 11:00:00,        82.508705
07/16/2010 12:00:00,        81.720531
07/16/2010 13:00:00,        75.549594
07/16/2010 14:00:00,        69.767457
07/16/2010 15:00:00,        72.542985
07/16/2010 16:00:00,        74.397539
07/16/2010 17:00:00,        74.950064
07/16/2010 18:00:00,        72.406815
07/16/2010 19:00:00,        72.712139
07/16/2010 20:00:00,        69.771567
07/16/2010 21:00:00,        75.718010
07/16/2010 22:00:00,        73.314635
07/16/2010 23:00:00,        78.406908
07/17/2010 00:00:00,        75.362468
07/17/2010 01:00:00,        82.104315
07/17/2010 02:00:00,        82.665421
07/17/2010 03:00:00,        81.558440
07/17/2010 04:00:00,        77.702315
07/17/2010 05:00:00,        77.406798
07/17/2010 06:00:00,        74.552896
07/17/2010 07:00:00,        79.158621
07/17/2010 08:00:00,        83.284736
07/17/2010 09:00:00,        86.616938
07/17/2010 10:00:00,        91.754255
07/17/2010 11:00:00,        98.817396
07/17/2010 12:00:00,       108.259326
07/17/2010 13:00:00,       112.472744
07/17/2010 14:00:00,       117.674645
07/17/2010 15:00:00,       125.725171
07/17/2010 16:00:00,       132.001904
07/17/2010 17:00:00,       139.486592
07/17/2010 18:00:00,       143.943214
07/17/2010 19:00:00,       149.307164
07/17/2010 20:00:00,       157.455191
07/17/2010 21:00:00,       156.728492
07/17/2010 22:00:00,       154.924249
07/17/2010 23:00:00,       160.480803
07/18/2010 00:00:00,       160.546291
07/18/2010 01:00:00,       113.060152
07/18/2010 02:00:00,       114.791806
07/18/2010 03:00:00,       118.916453
07/18/2010 04:00:00,       120.090533
07/18/2010 05:00:00,       114.951403
07/18/2010 06:00:00,       114.382818
07/18/2010 07:00:00,       114.928235
07/18/2010 08:00:00,       116.902278
07/18/2010 09:00:00,       122.529438
07/18/2010 10:00:00,       123.793476
07/18/2010 11:00:00,       126.223265
07/18/2010 12:00:00,       126.835188
07/18/2010 13:00:00,       125.760013
07/18/2010 14:00:00,       128.443179
07/18/2010 15:00:00,       130.724737
07/18/2010 16:00:00,       133.241049
07/18/2010 17:00:00,       134.101995
07/18/2010 18:00:00,       135.520931
07/18/2010 19:00:00,       138.796062
07/18/2010 20:00:00,       139.540502
07/18/2010 21:00:00,       143.448076
07/18/2010 22:00:00,       141.295575
07/18/2010 23:00:00,       139.052347
07/19/2010 00:00:00,       141.395411
07/19/2010 01:00:00,        56.397082
07/19/2010 02:00:00,        52.041191
07/19/2010 03:00:00,        46.652285
07/19/2010 04:00:00,        43.416065
07/19/2010 05:00:00,        43.921433
07/19/2010 06:00:00,        37.850983
07/19/2010 07:00:00,        34.439746
07/19/2010 08:00:00,        25.760950
07/19/2010 09:00:00,        21.116004
07/19/2010 10:00:00,        17.447319
07/19/2010 11:00:00,        16.122344
07/19/2010 12:00:00,        13.441028
07/19/2010 13:00:00,         9.563280
07/19/2010 14:00:00,         8.147177
07/19/2010 15:00:00,         6.677042
07/19/2010 16:00:00,         6.228675
07/19/2010 17:00:00,         5.076065
07/19/2010 18:00:00,         5.945162
07/19/2010 19:00:00,         5.857924
07/19/2010 20:00:00,         6.306537
07/19/2010 21:00:00,         7.481933
07/19/2010 22:00:00,         9.057773
07/19/2010 23:00:00,        10.881348
07/20/2010 00:00:00,        13.499344
07/20/2010 01:00:00,        27.266264
07/20/2010 02:00:00,        29.475077
07/20/2010 03:00:00,        30.098904
07/20/2010 04:00:00,        33.218203
07/20/2010 05:00:00,        34.778218
07/20/2010 06:00:00,        34.044951
07/20/2010 07:00:00,        34.699136
07/20/2010 08:00:00,        32.594126
07/20/2010 09:00:00,        34.026804
07/20/2010 10:00:00,        32.218935
07/20/2010 11:00:00,        31.196671
07/20/2010 12:00:00,        28.968459
07/20/2010 13:00:00,        27.674173
07/20/2010 14:00:00,        28.005654
07/20/2010 15:00:00,        28.071973
07/20/2010 16:00:00,        28.509113
07/20/2010 17:00:00,        29.732256
07/20/2010 18:00:00,        32.905142
07/20/2010 19:00:00,        34.736912
07/20/2010 20:00:00,        38.327689
07/20/2010 21:00:00,        41.661770
07/20/2010 22:00:00,        44.847538
07/20/2010 23:00:00,        47.263478
07/21/2010 00:00:00,        48.912893
07/21/2010 01:00:00,        42.746994
07/21/2010 02:00:00,        40.555742
07/21/2010 03:00:00,        39.379381
07/21/2010 04:00:00,        38.426659
07/21/2010 05:00:00,        37.103338
07/21/2010 06:00:00,        35.160317
07/21/2010 07:00:00,        34.161482
07/21/2010 08:00:00,        30.594661
07/21/2010 09:00:00,        27.561435
07/21/2010 10:00:00,        22.437978
07/21/2010 11:00:00,        18.346841
07/21/2010 12:00:00,        14.439069
07/21/2010 13:00:00,        12.147235
07/21/2010 14:00:00,        10.793751
07/21/2010 15:00:00,         8.569856
07/21/2010 16:00:00,         7.174669
07/21/2010 17:00:00,         7.300920
07/21/2010 18:00:00,        10.001045
07/21/2010 19:00:00,        10.471226
07/21/2010 20:00:00,        11.509453
07/21/2010 21:00:00,        13.299671
07/21/2010 22:00:00,        11.442974
07/21/2010 23:00:00,        11.844988
07/22/2010 00:00:00,        11.170817
07/22/2010 01:00:00,        10.998501
07/22/2010 02:00:00,        11.043146
07/22/2010 03:00:00,        11.682595
07/22/2010 04:00:00,        16.643829
07/22/2010 05:00:00,        21.713972
07/22/2010 06:00:00,        26.149096
07/22/2010 07:00:00,        28.557565
07/22/2010 08:00:00,        34.141180
07/22/2010 09:00:00,        39.305655
07/22/2010 10:00:00,        49.667156
07/22/2010 11:00:00,        53.881445
07/22/2010 12:00:00,        61.004970
07/22/2010 13:00:00,        65.145652
07/22/2010 14:00:00,        60.538205
07/22/2010 15:00:00,        65.418334
07/22/2010 16:00:00,        65.798174
07/22/2010 17:00:00,        69.699520
07/22/2010 18:00:00,        70.811827
07/22/2010 19:00:00,        69.665363
07/22/2010 20:00:00,        72.613565
07/22/2010 21:00:00,        73.876811
07/22/2010 22:00:00,        71.535846
07/22/2010 23:00:00,        70.775540
07/23/2010 00:00:00,        65.115914
07/23/2010 01:00:00,        37.825692
07/23/2010 02:00:00,        45.707924
07/23/2010 03:00:00,        36.940514
07/23/2010 04:00:00,        37.711323
07/23/2010 05:00:00,        33.802045
07/23/2010 06:00:00,        30.919044
07/23/2010 07:00:00,        32.005845
07/23/2010 08:00:00,        27.977335
07/23/2010 09:00:00,        23.414903
07/23/2010 10:00:00,        21.312886
07/23/2010 11:00:00,        21.371236
07/23/2010 12:00:00,        19.843437
07/23/2010 13:00:00,        16.144676
07/23/2010 14:00:00,        14.142394
07/23/2010 15:00:00,        12.701921
07/23/2010 16:00:00,        11.362366
07/23/2010 17:00:00,         9.855089
07/23/2010 18:00:00,         9.366497
07/23/2010 19:00:00,         9.869704
07/23/2010 20:00:00,        10.572516
07/23/2010 21:00:00,        11.027899
07/23/2010 22:00:00,        11.335019
07/23/2010 23:00:00,        11.069640
07/24/2010 00:00:00,        10.592680
07/24/2010 01:00:00,         0.868727
07/24/2010 02:00:00,         1.200483
07/24/2010 03:00:00,         1.499950
07/24/2010 04:00:00,         1.706962
07/24/2010 05:00:00,         1.964157
07/24/2010 06:00:00,         2.312147
07/24/2010 07:00:00,         2.211469
07/24/2010 08:00:00,         3.175124
07/24/2010 09:00:00,         3.122104
07/24/2010 10:00:00,         2.793054
07/24/2010 11:00:00,         2.768040
07/24/2010 12:00:00,         2.810285
07/24/2010 13:00:00,         2.966703
07/24/2010 14:00:00,         3.681738
07/24/2010 15:00:00,         4.382483
07/24/2010 16:00:00,         5.164898
07/24/2010 17:00:00,         5.680485
07/24/2010 18:00:00,         7.693414
07/24/2010 19:00:00,         8.452480
07/24/2010 20:00:00,         9.745236
07/24/2010 21:00:00,        11.777495
07/24/2010 22:00:00,        14.353782
07/24/2010 23:00:00,        17.733079
07/25/2010 00:00:00,        19.652849
07/25/2010 01:00:00,        66.356910
07/25/2010 02:00:00,        67.187263
07/25/2010 03:00:00,        72.078794
07/25/2010 04:00:00,        74.061150
07/25/2010 05:00:00,        75.325170
07/25/2010 06:00:00,        76.441849
07/25/2010 07:00:00,        73.390129
07/25/2010 08:00:00,        77.374017
07/25/2010 09:00:00,        76.464446
07/25/2010 10:00:00,        78.955672
07/25/2010 11:00:00,        72.204276
07/25/2010 12:00:00,        73.476514
07/25/2010 13:00:00,        71.141692
07/25/2010 14:00:00,        73.170466
07/25/2010 15:00:00,        73.654512
07/25/2010 16:00:00,        75.469100
07/25/2010 17:00:00,        78.727826
07/25/2010 18:00:00,        85.676111
07/25/2010 19:00:00,        88.446753
07/25/2010 20:00:00,        92.809938
07/25/2010 21:00:00,        96.728515
07/25/2010 22:00:00,       103.221044
07/25/2010 23:00:00,       108.965394
07/26/2010 00:00:00,       116.257870
07/26/2010 01:00:00,       202.196162
07/26/2010 02:00:00,       204.083753
07/26/2010 03:00:00,       207.701122
07/26/2010 04:00:00,       209.988783
07/26/2010 05:00:00,       210.685504
07/26/2010 06:00:00,       212.596445
07/26/2010 07:00:00,       212.352096
07/26/2010 08:00:00,       215.264279
07/26/2010 09:00:00,       216.175531
07/26/2010 10:00:00,       216.631502
07/26/2010 11:00:00,       217.322586
07/26/2010 12:00:00,       218.408113
07/26/2010 13:00:00,       218.791262
07/26/2010 14:00:00,       218.392619
07/26/2010 15:00:00,       217.649632
07/26/2010 16:00:00,       217.071214
07/26/2010 17:00:00,       215.531036
07/26/2010 18:00:00,       214.889763
07/26/2010 19:00:00,       214.177762
07/26/2010 20:00:00,       214.574011
07/26/2010 21:00:00,       214.756606
07/26/2010 22:00:00,       212.427642
07/26/2010 23:00:00,       212.102635
07/27/2010 00:00:00,       208.259489
07/27/2010 01:00:00,       186.242496
07/27/2010 02:00:00,       172.036599
07/27/2010 03:00:00,       162.818077
07/27/2010 04:00:00,       160.549819
07/27/2010 05:00:00,       152.781911
07/27/2010 06:00:00,       147.261193
07/27/2010 07:00:00,       141.137794
07/27/2010 08:00:00,       132.064281
07/27/2010 09:00:00,       123.087221
07/27/2010 10:00:00,       114.177360
07/27/2010 11:00:00,       105.220670
07/27/2010 12:00:00,        95.701866
07/27/2010 13:00:00,        88.434104
07/27/2010 14:00:00,        81.796436
07/27/2010 15:00:00,        78.455989
07/27/2010 16:00:00,        75.507914
07/27/2010 17:00:00,        72.345388
07/27/2010 18:00:00,        70.595579
07/27/2010 19:00:00,        69.471123
07/27/2010 20:00:00,        71.109034
07/27/2010 21:00:00,        72.880719
07/27/2010 22:00:00,        74.037253
07/27/2010 23:00:00,        73.157174
07/28/2010 00:00:00,        73.522840
07/28/2010 01:00:00,        93.975137
07/28/2010 02:00:00,        97.017292
07/28/2010 03:00:00,        99.202268
07/28/2010 04:00:00,       102.917212
07/28/2010 05:00:00,       103.255581
07/28/2010 06:00:00,       101.073374
07/28/2010 07:00:00,        97.710004
07/28/2010 08:00:00,       101.342281
07/28/2010 09:00:00,       105.946977
07/28/2010 10:00:00,       110.841470
07/28/2010 11:00:00,       115.976713
07/28/2010 12:00:00,       122.876130
07/28/2010 13:00:00,       129.048569
07/28/2010 14:00:00,       132.128379
07/28/2010 15:00:00,       137.217097
07/28/2010 16:00:00,       145.202400
07/28/2010 17:00:00,       153.065246
07/28/2010 18:00:00,       159.962189
07/28/2010 19:00:00,       168.748713
07/28/2010 20:00:00,       178.714534
07/28/2010 21:00:00,       187.667027
07/28/2010 22:00:00,       194.673004
07/28/2010 23:00:00,       195.834069
07/29/2010 00:00:00,       196.881558
07/29/2010 01:00:00,       199.418806
07/29/2010 02:00:00,       189.543013
07/29/2010 03:00:00,       181.937173
07/29/2010 04:00:00,       174.269026
07/29/2010 05:00:00,       168.248916
07/29/2010 06:00:00,       159.665331
07/29/2010 07:00:00,       152.428411
07/29/2010 08:00:00,       140.989157
07/29/2010 09:00:00,       132.224515
07/29/2010 10:00:00,       124.301897
07/29/2010 11:00:00,       116.531710
07/29/2010 12:00:00,       110.944005
07/29/2010 13:00:00,       104.299345
07/29/2010 14:00:00,       101.506838
07/29/2010 15:00:00,       102.478820
07/29/2010 16:00:00,       101.565505
07/29/2010 17:00:00,       101.838162
07/29/2010 18:00:00,       101.481584
07/29/2010 19:00:00,       104.012379
07/29/2010 20:00:00,       106.742383
07/29/2010 21:00:00,       109.235221
07/29/2010 22:00:00,       112.109201
07/29/2010 23:00:00,       111.669957
07/30/2010 00:00:00,       110.983565
07/30/2010 01:00:00,       112.739712
07/30/2010 02:00:00,       106.494099
07/30/2010 03:00:00,        96.005281
07/30/2010 04:00:00,        89.345911
07/30/2010 05:00:00,        82.932930
07/30/2010 06:00:00,        77.748657
07/30/2010 07:00:00,        71.252937
07/30/2010 08:00:00,        59.047482
07/30/2010 09:00:00,        48.309905
07/30/2010 10:00:00,        37.432758
07/30/2010 11:00:00,        31.759773
07/30/2010 12:00:00,        27.673712
07/30/2010 13:00:00,        23.610829
07/30/2010 14:00:00,        20.809576
07/30/2010 15:00:00,        20.237200
07/30/2010 16:00:00,        19.701896
07/30/2010 17:00:00,        21.117858
07/30/2010 18:00:00,        23.042613
07/30/2010 19:00:00,        23.479442
07/30/2010 20:00:00,        24.712791
07/30/2010 21:00:00,        26.589871
07/30/2010 22:00:00,        28.915539
07/30/2010 23:00:00,        30.876198
07/31/2010 00:00:00,        32.927357
07/31/2010 01:00:00,        28.211950
07/31/2010 02:00:00,        29.537163
07/31/2010 03:00:00,        27.030769
07/31/2010 04:00:00,        26.666935
07/31/2010 05:00:00,        26.266099
07/31/2010 06:00:00,        24.126957
07/31/2010 07:00:00,        21.778188
07/31/2010 08:00:00,        20.380415
07/31/2010 09:00:00,        19.002797
07/31/2010 10:00:00,        15.771117
07/31/2010 11:00:00,        12.781008
07/31/2010 12:00:00,        10.268648
07/31/2010 13:00:00,         7.730702
07/31/2010 14:00:00,         5.445273
07/31/2010 15:00:00,         3.436044
07/31/2010 16:00:00,         2.143601
07/31/2010 17:00:00,         1.171755
07/31/2010 18:00:00,         0.861247
07/31/2010 19:00:00,         0.865681
07/31/2010 20:00:00,         0.988097
07/31/2010 21:00:00,         1.062577
07/31/2010 22:00:00,         1.308740
07/31/2010 23:00:00,         1.640045
08/01/2010 00:00:00,         0.878352
08/01/2010 01:00:00,         0.919821
08/01/2010 02:00:00,         1.053551
08/01/2010 03:00:00,         1.201581
08/01/2010 04:00:00,         0.956591
08/01/2010 05:00:00,         0.823884
08/01/2010 06:00:00,         0.895083
08/01/2010 07:00:00,         0.729794
08/01/2010 08:00:00,         0.562945
08/01/2010 09:00:00,         0.549238
08/01/2010 10:00:00,         0.454390
08/01/2010 11:00:00,         0.496731
08/01/2010 12:00:00,         0.472327
08/01/2010 13:00:00,         0.476379
08/01/2010 14:00:00,         0.571311
08/01/2010 15:00:00,         0.666645
08/01/2010 16:00:00,         1.312089
08/01/2010 17:00:00,         1.784504
08/01/2010 18:00:00,         2.494943
08/01/2010 19:00:00,         3.020571
08/01/2010 20:00:00,         3.386693
08/01/2010 21:00:00,         4.399477
08/01/2010 22:00:00,         4.402993
08/01/2010 23:00:00,         7.427724
08/02/2010 00:00:00,         6.292209
08/02/2010 01:00:00,        41.670843
08/02/2010 02:00:00,        41.671196
08/02/2010 03:00:00,        41.299170
08/02/2010 04:00:00,        40.088152
08/02/2010 05:00:00,        39.051532
08/02/2010 06:00:00,        37.744058
08/02/2010 07:00:00,        35.335015
08/02/2010 08:00:00,        36.006697
08/02/2010 09:00:00,        37.167849
08/02/2010 10:00:00,        36.051740
08/02/2010 11:00:00,        29.985785
08/02/2010 12:00:00,        26.271534
08/02/2010 13:00:00,        25.025501
08/02/2010 14:00:00,        22.309578
08/02/2010 15:00:00,        20.286306
08/02/2010 16:00:00,        18.706312
08/02/2010 17:00:00,        18.517919
08/02/2010 18:00:00,        21.000252
08/02/2010 19:00:00,        21.493050
08/02/2010 20:00:00,        22.288501
08/02/2010 21:00:00,        24.475249
08/02/2010 22:00:00,        26.782007
08/02/2010 23:00:00,        28.497998
08/03/2010 00:00:00,        31.749661
08/03/2010 01:00:00,        59.043631
08/03/2010 02:00:00,        58.773643
08/03/2010 03:00:00,        57.839510
08/03/2010 04:00:00,        59.349223
08/03/2010 05:00:00,        55.919625
08/03/2010 06:00:00,        53.432853
08/03/2010 07:00:00,        51.744319
08/03/2010 08:00:00,        50.325088
08/03/2010 09:00:00,        50.638844
08/03/2010 10:00:00,        45.204004
08/03/2010 11:00:00,        40.143422
08/03/2010 12:00:00,        38.329271
08/03/2010 13:00:00,        39.647632
08/03/2010 14:00:00,        41.472879
08/03/2010 15:00:00,        47.036233
08/03/2010 16:00:00,        54.267143
08/03/2010 17:00:00,        61.767442
08/03/2010 18:00:00,        69.648945
08/03/2010 19:00:00,        73.284580
08/03/2010 20:00:00,        76.857849
08/03/2010 21:00:00,        80.222520
08/03/2010 22:00:00,        82.611407
08/03/2010 23:00:00,        90.503235
08/04/2010 00:00:00,       102.965911
08/04/2010 01:00:00,        53.164553
08/04/2010 02:00:00,        55.967286
08/04/2010 03:00:00,        59.632527
08/04/2010 04:00:00,        66.125979
08/04/2010 05:00:00,        70.575332
08/04/2010 06:00:00,        72.503440
08/04/2010 07:00:00,        74.532734
08/04/2010 08:00:00,        78.365253
08/04/2010 09:00:00,        84.964925
08/04/2010 10:00:00,        88.392920
08/04/2010 11:00:00,        91.672612
08/04/2010 12:00:00,        94.549824
08/04/2010 13:00:00,        97.120827
08/04/2010 14:00:00,       104.944574
08/04/2010 15:00:00,       108.442931
08/04/2010 16:00:00,       107.463270
08/04/2010 17:00:00,       111.657935
08/04/2010 18:00:00,       109.359563
08/04/2010 19:00:00,       109.191660
08/04/2010 20:00:00,       114.823343
08/04/2010 21:00:00,       113.923382
08/04/2010 22:00:00,       118.456986
08/04/2010 23:00:00,       125.577875
08/05/2010 00:00:00,       123.856048
08/05/2010 01:00:00,       139.880620
08/05/2010 02:00:00,       134.788235
08/05/2010 03:00:00,       126.871881
08/05/2010 04:00:00,       120.959071
08/05/2010 05:00:00,       113.202382
08/05/2010 06:00:00,       107.744158
08/05/2010 07:00:00,       101.225149
08/05/2010 08:00:00,        93.443293
08/05/2010 09:00:00,        88.028331
08/05/2010 10:00:00,        79.284307
08/05/2010 11:00:00,        74.383863
08/05/2010 12:00:00,        70.024763
08/05/2010 13:00:00,        68.778925
08/05/2010 14:00:00,        70.515686
08/05/2010 15:00:00,        73.600718
08/05/2010 16:00:00,        78.234986
08/05/2010 17:00:00,        82.896789
08/05/2010 18:00:00,        93.490261
08/05/2010 19:00:00,       100.115129
08/05/2010 20:00:00,       105.972125
08/05/2010 21:00:00,       116.591746
08/05/2010 22:00:00,       124.540595
08/05/2010 23:00:00,       132.877014
08/06/2010 00:00:00,       139.969343
08/06/2010 01:00:00,       115.325938
08/06/2010 02:00:00,       114.276840
08/06/2010 03:00:00,       115.340213
08/06/2010 04:00:00,       122.727551
08/06/2010 05:00:00,       126.771489
08/06/2010 06:00:00,       130.844988
08/06/2010 07:00:00,       129.918559
08/06/2010 08:00:00,       130.160325
08/06/2010 09:00:00,       133.531273
08/06/2010 10:00:00,       128.126688
08/06/2010 11:00:00,       127.031215
08/06/2010 12:00:00,       131.383819
08/06/2010 13:00:00,       134.380892
08/06/2010 14:00:00,       141.869557
08/06/2010 15:00:00,       148.968696
08/06/2010 16:00:00,       157.148661
08/06/2010 17:00:00,       159.182907
08/06/2010 18:00:00,       160.272487
08/06/2010 19:00:00,       162.614791
08/06/2010 20:00:00,       167.542999
08/06/2010 21:00:00,       173.412852
08/06/2010 22:00:00,       177.466639
08/06/2010 23:00:00,       183.266063
08/07/2010 00:00:00,       193.175466
08/07/2010 01:00:00,       124.926169
08/07/2010 02:00:00,       122.281024
08/07/2010 03:00:00,       117.084805
08/07/2010 04:00:00,       119.548707
08/07/2010 05:00:00,       117.486600
08/07/2010 06:00:00,       115.495955
08/07/2010 07:00:00,       114.605061
08/07/2010 08:00:00,       109.206355
08/07/2010 09:00:00,       105.326745
08/07/2010 10:00:00,       105.364312
08/07/2010 11:00:00,       103.716675
08/07/2010 12:00:00,       102.814285
08/07/2010 13:00:00,       104.741020
08/07/2010 14:00:00,       103.501492
08/07/2010 15:00:00,       104.521747
08/07/2010 16:00:00,       107.589000
08/07/2010 17:00:00,       104.741700
08/07/2010 18:00:00,       105.569324
08/07/2010 19:00:00,       106.945544
08/07/2010 20:00:00,       107.960052
08/07/2010 21:00:00,       111.107072
08/07/2010 22:00:00,       110.990664
08/07/2010 23:00:00,       108.789289
08/08/2010 00:00:00,       109.641411
08/08/2010 01:00:00,       116.162765
08/08/2010 02:00:00,       109.605194
08/08/2010 03:00:00,       103.555094
08/08/2010 04:00:00,       104.206605
08/08/2010 05:00:00,       101.957718
08/08/2010 06:00:00,        96.619711
08/08/2010 07:00:00,        91.718062
08/08/2010 08:00:00,        88.552840
08/08/2010 09:00:00,        83.358818
08/08/2010 10:00:00,        77.301488
08/08/2010 11:00:00,        74.533216
08/08/2010 12:00:00,        71.668614
08/08/2010 13:00:00,        68.764410
08/08/2010 14:00:00,        70.659312
08/08/2010 15:00:00,        72.949254
08/08/2010 16:00:00,        77.131194
08/08/2010 17:00:00,        76.177130
08/08/2010 18:00:00,        79.969302
08/08/2010 19:00:00,        87.317635
08/08/2010 20:00:00,        87.235046
08/08/2010 21:00:00,        89.957223
08/08/2010 22:00:00,        96.095953
08/08/2010 23:00:00,        96.073541
08/09/2010 00:00:00,       101.648919
08/09/2010 01:00:00,       103.735647
08/09/2010 02:00:00,       105.392367
08/09/2010 03:00:00,        98.339773
08/09/2010 04:00:00,        96.337726
08/09/2010 05:00:00,        90.439549
08/09/2010 06:00:00,        84.097206
08/09/2010 07:00:00,        78.680083
08/09/2010 08:00:00,        77.765660
08/09/2010 09:00:00,        71.685014
08/09/2010 10:00:00,        65.716079
08/09/2010 11:00:00,        60.816478
08/09/2010 12:00:00,        49.445158
08/09/2010 13:00:00,        43.706730
08/09/2010 14:00:00,        39.856881
08/09/2010 15:00:00,        35.796963
08/09/2010 16:00:00,        35.279545
08/09/2010 17:00:00,        35.440912
08/09/2010 18:00:00,        37.795718
08/09/2010 19:00:00,        38.448816
08/09/2010 20:00:00,        42.778478
08/09/2010 21:00:00,        44.183175
08/09/2010 22:00:00,        47.150907
08/09/2010 23:00:00,        46.465226
08/10/2010 00:00:00,        50.085851
08/10/2010 01:00:00,        78.275357
08/10/2010 02:00:00,        76.329262
08/10/2010 03:00:00,        76.502689
08/10/2010 04:00:00,        72.959035
08/10/2010 05:00:00,        69.866317
08/10/2010 06:00:00,        63.001510
08/10/2010 07:00:00,        60.392265
08/10/2010 08:00:00,        57.503314
08/10/2010 09:00:00,        49.516104
08/10/2010 10:00:00,        44.544713
08/10/2010 11:00:00,        44.066027
08/10/2010 12:00:00,        41.540353
08/10/2010 13:00:00,        40.800650
08/10/2010 14:00:00,        43.334016
08/10/2010 15:00:00,        41.499758
08/10/2010 16:00:00,        43.517572
08/10/2010 17:00:00,        46.405866
08/10/2010 18:00:00,        50.053977
08/10/2010 19:00:00,        54.154891
08/10/2010 20:00:00,        60.109241
08/10/2010 21:00:00,        62.352775
08/10/2010 22:00:00,        67.192025
08/10/2010 23:00:00,        71.306295
08/11/2010 00:00:00,        69.731133
08/11/2010 01:00:00,        51.187259
08/11/2010 02:00:00,        52.889943
08/11/2010 03:00:00,        49.606707
08/11/2010 04:00:00,        49.205316
08/11/2010 05:00:00,        44.532988
08/11/2010 06:00:00,        42.583706
08/11/2010 07:00:00,        38.047631
08/11/2010 08:00:00,        32.184846
08/11/2010 09:00:00,        30.480222
08/11/2010 10:00:00,        29.585583
08/11/2010 11:00:00,        27.297536
08/11/2010 12:00:00,        25.077843
08/11/2010 13:00:00,        23.403559
08/11/2010 14:00:00,        22.808262
08/11/2010 15:00:00,        20.958938
08/11/2010 16:00:00,        19.811761
08/11/2010 17:00:00,        18.764358
08/11/2010 18:00:00,        20.575020
08/11/2010 19:00:00,        20.664307
08/11/2010 20:00:00,        21.416189
08/11/2010 21:00:00,        22.437564
08/11/2010 22:00:00,        24.034633
08/11/2010 23:00:00,        25.590555
08/12/2010 00:00:00,        27.106863
08/12/2010 01:00:00,        16.554859
08/12/2010 02:00:00,        14.999226
08/12/2010 03:00:00,        14.263987
08/12/2010 04:00:00,        14.080618
08/12/2010 05:00:00,        13.592443
08/12/2010 06:00:00,        12.158083
08/12/2010 07:00:00,        11.219983
08/12/2010 08:00:00,         7.803450
08/12/2010 09:00:00,         5.738450
08/12/2010 10:00:00,         4.580777
08/12/2010 11:00:00,         3.701189
08/12/2010 12:00:00,         2.945633
08/12/2010 13:00:00,         2.480942
08/12/2010 14:00:00,         2.067289
08/12/2010 15:00:00,         2.071976
08/12/2010 16:00:00,         1.852211
08/12/2010 17:00:00,         1.795376
08/12/2010 18:00:00,         2.219587
08/12/2010 19:00:00,         2.231313
08/12/2010 20:00:00,         2.613069
08/12/2010 21:00:00,         1.795567
08/12/2010 22:00:00,         2.889687
08/12/2010 23:00:00,         1.523694
08/13/2010 00:00:00,         1.469724
08/13/2010 01:00:00,         1.947543
08/13/2010 02:00:00,         1.780097
08/13/2010 03:00:00,         1.499079
08/13/2010 04:00:00,         1.079857
08/13/2010 05:00:00,         1.045641
08/13/2010 06:00:00,         0.931119
08/13/2010 07:00:00,         0.863478
08/13/2010 08:00:00,         0.519730
08/13/2010 09:00:00,         0.340226
08/13/2010 10:00:00,         0.277050
08/13/2010 11:00:00,         0.262289
08/13/2010 12:00:00,         0.211765
08/13/2010 13:00:00,         0.180308
08/13/2010 14:00:00,         0.159349
08/13/2010 15:00:00,         0.136210
08/13/2010 16:00:00,         0.126882
08/13/2010 17:00:00,         0.111033
08/13/2010 18:00:00,         0.109455
08/13/2010 19:00:00,         0.133101
08/13/2010 20:00:00,         0.137270
08/13/2010 21:00:00,         0.162647
08/13/2010 22:00:00,         0.369426
08/13/2010 23:00:00,         0.695402
08/14/2010 00:00:00,         1.422930
08/14/2010 01:00:00,         7.398295
08/14/2010 02:00:00,         9.536847
08/14/2010 03:00:00,        12.270356
08/14/2010 04:00:00,        15.234489
08/14/2010 05:00:00,        18.227567
08/14/2010 06:00:00,        19.263966
08/14/2010 07:00:00,        20.261826
08/14/2010 08:00:00,        22.161801
08/14/2010 09:00:00,        22.909362
08/14/2010 10:00:00,        25.047463
08/14/2010 11:00:00,        27.178519
08/14/2010 12:00:00,        28.658931
08/14/2010 13:00:00,        29.270058
08/14/2010 14:00:00,        27.502422
08/14/2010 15:00:00,        26.081016
08/14/2010 16:00:00,        24.707819
08/14/2010 17:00:00,        23.467230
08/14/2010 18:00:00,        23.465046
08/14/2010 19:00:00,        23.378516
08/14/2010 20:00:00,        24.743023
08/14/2010 21:00:00,        27.009425
08/14/2010 22:00:00,        27.359388
08/14/2010 23:00:00,        29.230756
08/15/2010 00:00:00,        32.020290
08/15/2010 01:00:00,        76.945375
08/15/2010 02:00:00,        77.018300
08/15/2010 03:00:00,        78.151392
08/15/2010 04:00:00,        80.583879
08/15/2010 05:00:00,        81.234089
08/15/2010 06:00:00,        77.370512
08/15/2010 07:00:00,        75.001611
08/15/2010 08:00:00,        73.828023
08/15/2010 09:00:00,        70.911001
08/15/2010 10:00:00,        65.025606
08/15/2010 11:00:00,        59.435241
08/15/2010 12:00:00,        55.568995
08/15/2010 13:00:00,        49.909599
08/15/2010 14:00:00,        44.295263
08/15/2010 15:00:00,        40.712006
08/15/2010 16:00:00,        36.153531
08/15/2010 17:00:00,        33.392186
08/15/2010 18:00:00,        34.479122
08/15/2010 19:00:00,        34.561409
08/15/2010 20:00:00,        37.801919
08/15/2010 21:00:00,        36.100135
08/15/2010 22:00:00,        41.729388
08/15/2010 23:00:00,        42.972639
08/16/2010 00:00:00,        49.159311
08/16/2010 01:00:00,       141.641733
08/16/2010 02:00:00,       134.885311
08/16/2010 03:00:00,       129.293235
08/16/2010 04:00:00,       125.175057
08/16/2010 05:00:00,       121.530151
08/16/2010 06:00:00,       120.910213
08/16/2010 07:00:00,       119.562142
08/16/2010 08:00:00,       115.701945
08/16/2010 09:00:00,       110.657605
08/16/2010 10:00:00,       107.921307
08/16/2010 11:00:00,       100.575070
08/16/2010 12:00:00,        92.899509
08/16/2010 13:00:00,        97.183193
08/16/2010 14:00:00,        88.999053
08/16/2010 15:00:00,        85.271779
08/16/2010 16:00:00,        82.591047
08/16/2010 17:00:00,        78.973673
08/16/2010 18:00:00,        76.587313
08/16/2010 19:00:00,        74.323624
08/16/2010 20:00:00,        72.696704
08/16/2010 21:00:00,        70.306246
08/16/2010 22:00:00,        67.276458
08/16/2010 23:00:00,        58.846115
08/17/2010 00:00:00,        63.440273
08/17/2010 01:00:00,        82.101901
08/17/2010 02:00:00,        82.840046
08/17/2010 03:00:00,        83.079321
08/17/2010 04:00:00,        88.222022
08/17/2010 05:00:00,        86.086793
08/17/2010 06:00:00,        84.528757
08/17/2010 07:00:00,        82.463462
08/17/2010 08:00:00,        83.466293
08/17/2010 09:00:00,        85.420025
08/17/2010 10:00:00,        86.711035
08/17/2010 11:00:00,        88.152483
08/17/2010 12:00:00,        91.692690
08/17/2010 13:00:00,        94.568573
08/17/2010 14:00:00,        94.696666
08/17/2010 15:00:00,        98.895214
08/17/2010 16:00:00,        99.334044
08/17/2010 17:00:00,        99.961751
08/17/2010 18:00:00,       104.454348
08/17/2010 19:00:00,       105.732391
08/17/2010 20:00:00,       112.486877
08/17/2010 21:00:00,       119.875262
08/17/2010 22:00:00,       124.434549
08/17/2010 23:00:00,       126.642081
08/18/2010 00:00:00,       129.208368
08/18/2010 01:00:00,        95.740960
08/18/2010 02:00:00,        85.189270
08/18/2010 03:00:00,        88.262850
08/18/2010 04:00:00,        83.773113
08/18/2010 05:00:00,        76.186255
08/18/2010 06:00:00,        70.460220
08/18/2010 07:00:00,        64.881945
08/18/2010 08:00:00,        56.781186
08/18/2010 09:00:00,        51.368579
08/18/2010 10:00:00,        47.127914
08/18/2010 11:00:00,        41.906624
08/18/2010 12:00:00,        41.052466
08/18/2010 13:00:00,        40.683300
08/18/2010 14:00:00,        38.793065
08/18/2010 15:00:00,        38.238303
08/18/2010 16:00:00,        36.089329
08/18/2010 17:00:00,        34.098202
08/18/2010 18:00:00,        33.325763
08/18/2010 19:00:00,        34.232923
08/18/2010 20:00:00,        35.554452
08/18/2010 21:00:00,        34.966759
08/18/2010 22:00:00,        34.377186
08/18/2010 23:00:00,        34.081997
08/19/2010 00:00:00,        33.622248
08/19/2010 01:00:00,        46.415850
08/19/2010 02:00:00,        48.798347
08/19/2010 03:00:00,        49.870883
08/19/2010 04:00:00,        51.200114
08/19/2010 05:00:00,        50.483567
08/19/2010 06:00:00,        48.926977
08/19/2010 07:00:00,        44.935138
08/19/2010 08:00:00,        42.224347
08/19/2010 09:00:00,        39.798476
08/19/2010 10:00:00,        36.688423
08/19/2010 11:00:00,        33.370477
08/19/2010 12:00:00,        31.007587
08/19/2010 13:00:00,        27.964612
08/19/2010 14:00:00,        22.206878
08/19/2010 15:00:00,        18.332952
08/19/2010 16:00:00,        15.550454
08/19/2010 17:00:00,        13.062906
08/19/2010 18:00:00,        15.920753
08/19/2010 19:00:00,        16.598731
08/19/2010 20:00:00,        17.412427
08/19/2010 21:00:00,        18.811392
08/19/2010 22:00:00,        21.151117
08/19/2010 23:00:00,        23.510719
08/20/2010 00:00:00,        25.471961
08/20/2010 01:00:00,        64.076197
08/20/2010 02:00:00,        58.520603
08/20/2010 03:00:00,        54.857519
08/20/2010 04:00:00,        54.474517
08/20/2010 05:00:00,        55.677125
08/20/2010 06:00:00,        57.305747
08/20/2010 07:00:00,        57.503318
08/20/2010 08:00:00,        55.663636
08/20/2010 09:00:00,        53.879623
08/20/2010 10:00:00,        51.501639
08/20/2010 11:00:00,        53.031939
08/20/2010 12:00:00,        48.870280
08/20/2010 13:00:00,        46.582569
08/20/2010 14:00:00,        45.807498
08/20/2010 15:00:00,        46.280259
08/20/2010 16:00:00,        46.280879
08/20/2010 17:00:00,        45.609308
08/20/2010 18:00:00,        41.364976
08/20/2010 19:00:00,        41.392699
08/20/2010 20:00:00,        41.128519
08/20/2010 21:00:00,        38.560867
08/20/2010 22:00:00,        40.937074
08/20/2010 23:00:00,        39.507478
08/21/2010 00:00:00,        38.995660
08/21/2010 01:00:00,        60.973346
08/21/2010 02:00:00,        58.137466
08/21/2010 03:00:00,        59.194897
08/21/2010 04:00:00,        60.282263
08/21/2010 05:00:00,        62.415349
08/21/2010 06:00:00,        61.137740
08/21/2010 07:00:00,        59.869373
08/21/2010 08:00:00,        55.059990
08/21/2010 09:00:00,        49.379793
08/21/2010 10:00:00,        45.876797
08/21/2010 11:00:00,        40.593710
08/21/2010 12:00:00,        35.226631
08/21/2010 13:00:00,        30.563020
08/21/2010 14:00:00,        23.016560
08/21/2010 15:00:00,        17.861850
08/21/2010 16:00:00,        14.652680
08/21/2010 17:00:00,        12.391496
08/21/2010 18:00:00,        10.950328
08/21/2010 19:00:00,         9.148082
08/21/2010 20:00:00,         8.981137
08/21/2010 21:00:00,         9.125199
08/21/2010 22:00:00,         8.332508
08/21/2010 23:00:00,         7.924238
08/22/2010 00:00:00,         7.413236
08/22/2010 01:00:00,        12.348705
08/22/2010 02:00:00,        10.724057
08/22/2010 03:00:00,        11.326238
08/22/2010 04:00:00,         9.974431
08/22/2010 05:00:00,         9.933564
08/22/2010 06:00:00,        10.208359
08/22/2010 07:00:00,         9.545809
08/22/2010 08:00:00,         8.478772
08/22/2010 09:00:00,         7.949099
08/22/2010 10:00:00,         9.010635
08/22/2010 11:00:00,        10.544201
08/22/2010 12:00:00,        12.750628
08/22/2010 13:00:00,        14.046375
08/22/2010 14:00:00,        15.730464
08/22/2010 15:00:00,        17.328383
08/22/2010 16:00:00,        18.754789
08/22/2010 17:00:00,        20.222542
08/22/2010 18:00:00,        24.214105
08/22/2010 19:00:00,        25.006802
08/22/2010 20:00:00,        25.837214
08/22/2010 21:00:00,        27.266826
08/22/2010 22:00:00,        29.517850
08/22/2010 23:00:00,        30.777897
08/23/2010 00:00:00,        32.512196
08/23/2010 01:00:00,        22.556540
08/23/2010 02:00:00,        23.072170
08/23/2010 03:00:00,        25.508276
08/23/2010 04:00:00,        30.070627
08/23/2010 05:00:00,        33.540263
08/23/2010 06:00:00,        36.198828
08/23/2010 07:00:00,        40.338928
08/23/2010 08:00:00,        41.550892
08/23/2010 09:00:00,        44.106022
08/23/2010 10:00:00,        46.957400
08/23/2010 11:00:00,        48.190651
08/23/2010 12:00:00,        47.227251
08/23/2010 13:00:00,        46.600071
08/23/2010 14:00:00,        46.116125
08/23/2010 15:00:00,        45.577939
08/23/2010 16:00:00,        43.902552
08/23/2010 17:00:00,        41.159081
08/23/2010 18:00:00,        41.444913
08/23/2010 19:00:00,        39.744833
08/23/2010 20:00:00,        38.167069
08/23/2010 21:00:00,        37.693585
08/23/2010 22:00:00,        35.853751
08/23/2010 23:00:00,        35.040517
08/24/2010 00:00:00,        32.681759
08/24/2010 01:00:00,        27.731233
08/24/2010 02:00:00,        25.090485
08/24/2010 03:00:00,        22.508518
08/24/2010 04:00:00,        20.226632
08/24/2010 05:00:00,        18.550207
08/24/2010 06:00:00,        17.335021
08/24/2010 07:00:00,        16.020125
08/24/2010 08:00:00,        13.686498
08/24/2010 09:00:00,        11.520976
08/24/2010 10:00:00,         8.016229
08/24/2010 11:00:00,         6.304253
08/24/2010 12:00:00,         5.270908
08/24/2010 13:00:00,         3.946110
08/24/2010 14:00:00,         3.162820
08/24/2010 15:00:00,         3.012878
08/24/2010 16:00:00,         2.904955
08/24/2010 17:00:00,         3.010608
08/24/2010 18:00:00,         3.319062
08/24/2010 19:00:00,         3.698935
08/24/2010 20:00:00,         4.373278
08/24/2010 21:00:00,         4.451338
08/24/2010 22:00:00,         4.903159
08/24/2010 23:00:00,         5.189324
08/25/2010 00:00:00,         5.711661
08/25/2010 01:00:00,        22.430409
08/25/2010 02:00:00,        22.525485
08/25/2010 03:00:00,        23.014320
08/25/2010 04:00:00,        22.389144
08/25/2010 05:00:00,        22.368840
08/25/2010 06:00:00,        22.956230
08/25/2010 07:00:00,        22.800473
08/25/2010 08:00:00,        22.256103
08/25/2010 09:00:00,        21.959605
08/25/2010 10:00:00,        21.402532
08/25/2010 11:00:00,        20.794628
08/25/2010 12:00:00,        19.878584
08/25/2010 13:00:00,        20.009749
08/25/2010 14:00:00,        18.809737
08/25/2010 15:00:00,        18.449949
08/25/2010 16:00:00,        19.439046
08/25/2010 17:00:00,        20.872103
08/25/2010 18:00:00,        22.258373
08/25/2010 19:00:00,        22.756352
08/25/2010 20:00:00,        23.973265
08/25/2010 21:00:00,        24.081411
08/25/2010 22:00:00,        23.974084
08/25/2010 23:00:00,        25.485764
08/26/2010 00:00:00,        25.698682
08/26/2010 01:00:00,        24.778385
08/26/2010 02:00:00,        23.116609
08/26/2010 03:00:00,        20.358132
08/26/2010 04:00:00,        18.209929
08/26/2010 05:00:00,        16.577381
08/26/2010 06:00:00,        14.130677
08/26/2010 07:00:00,        12.556446
08/26/2010 08:00:00,         9.916462
08/26/2010 09:00:00,         6.585944
08/26/2010 10:00:00,         3.260742
08/26/2010 11:00:00,         3.846731
08/26/2010 12:00:00,         4.908121
08/26/2010 13:00:00,         6.369887
08/26/2010 14:00:00,         9.947978
08/26/2010 15:00:00,        15.907052
08/26/2010 16:00:00,        21.839579
08/26/2010 17:00:00,        32.755326
08/26/2010 18:00:00,        42.653793
08/26/2010 19:00:00,        48.439147
08/26/2010 20:00:00,        53.964375
08/26/2010 21:00:00,        60.865096
08/26/2010 22:00:00,        67.548007
08/26/2010 23:00:00,        76.949557
08/27/2010 00:00:00,        83.269341
08/27/2010 01:00:00,        60.985403
08/27/2010 02:00:00,        58.502940
08/27/2010 03:00:00,        54.711283
08/27/2010 04:00:00,        58.147953
08/27/2010 05:00:00,        55.578043
08/27/2010 06:00:00,        53.523333
08/27/2010 07:00:00,        48.843755
08/27/2010 08:00:00,        42.018628
08/27/2010 09:00:00,        35.311419
08/27/2010 10:00:00,        35.431903
08/27/2010 11:00:00,        38.494854
08/27/2010 12:00:00,        40.655548
08/27/2010 13:00:00,        42.989064
08/27/2010 14:00:00,        46.155838
08/27/2010 15:00:00,        49.500009
08/27/2010 16:00:00,        52.045594
08/27/2010 17:00:00,        53.658095
08/27/2010 18:00:00,        58.164913
08/27/2010 19:00:00,        61.641989
08/27/2010 20:00:00,        66.369228
08/27/2010 21:00:00,        71.263438
08/27/2010 22:00:00,        73.699768
08/27/2010 23:00:00,        75.804949
08/28/2010 00:00:00,        78.205596
08/28/2010 01:00:00,       113.772342
08/28/2010 02:00:00,       112.279427
08/28/2010 03:00:00,       115.581469
08/28/2010 04:00:00,       117.808411
08/28/2010 05:00:00,       116.321900
08/28/2010 06:00:00,       114.716329
08/28/2010 07:00:00,       111.928895
08/28/2010 08:00:00,       111.838682
08/28/2010 09:00:00,       110.053192
08/28/2010 10:00:00,       103.367031
08/28/2010 11:00:00,       105.654298
08/28/2010 12:00:00,       102.683061
08/28/2010 13:00:00,        97.057523
08/28/2010 14:00:00,        88.128239
08/28/2010 15:00:00,        86.223449
08/28/2010 16:00:00,        79.611322
08/28/2010 17:00:00,        78.805973
08/28/2010 18:00:00,        80.762321
08/28/2010 19:00:00,        82.462698
08/28/2010 20:00:00,        83.667925
08/28/2010 21:00:00,        86.460114
08/28/2010 22:00:00,        89.464458
08/28/2010 23:00:00,        91.802191
08/29/2010 00:00:00,        94.874696
08/29/2010 01:00:00,       140.393923
08/29/2010 02:00:00,       140.213294
08/29/2010 03:00:00,       141.173556
08/29/2010 04:00:00,       147.708578
08/29/2010 05:00:00,       154.417880
08/29/2010 06:00:00,       154.986794
08/29/2010 07:00:00,       152.724424
08/29/2010 08:00:00,       150.122997
08/29/2010 09:00:00,       146.224504
08/29/2010 10:00:00,       143.036719
08/29/2010 11:00:00,       140.393843
08/29/2010 12:00:00,       137.486073
08/29/2010 13:00:00,       134.936419
08/29/2010 14:00:00,       132.246830
08/29/2010 15:00:00,       130.222360
08/29/2010 16:00:00,       126.774133
08/29/2010 17:00:00,       122.403797
08/29/2010 18:00:00,       120.091343
08/29/2010 19:00:00,       118.062917
08/29/2010 20:00:00,       117.167193
08/29/2010 21:00:00,       120.461719
08/29/2010 22:00:00,       123.307930
08/29/2010 23:00:00,       126.226799
08/30/2010 00:00:00,       128.566684
08/30/2010 01:00:00,       119.413093
08/30/2010 02:00:00,       116.183702
08/30/2010 03:00:00,       111.452637
08/30/2010 04:00:00,       109.406434
08/30/2010 05:00:00,       108.987956
08/30/2010 06:00:00,       105.611921
08/30/2010 07:00:00,       101.736933
08/30/2010 08:00:00,        90.535865
08/30/2010 09:00:00,        81.621908
08/30/2010 10:00:00,        77.794900
08/30/2010 11:00:00,        73.908726
08/30/2010 12:00:00,        72.316151
08/30/2010 13:00:00,        71.329043
08/30/2010 14:00:00,        67.487372
08/30/2010 15:00:00,        64.124549
08/30/2010 16:00:00,        62.701709
08/30/2010 17:00:00,        64.965451
08/30/2010 18:00:00,        69.611804
08/30/2010 19:00:00,        70.368144
08/30/2010 20:00:00,        73.911249
08/30/2010 21:00:00,        77.879984
08/30/2010 22:00:00,        82.173179
08/30/2010 23:00:00,        89.679772
08/31/2010 00:00:00,        94.242888
08/31/2010 01:00:00,       154.581776
08/31/2010 02:00:00,       152.417341
08/31/2010 03:00:00,       152.158449
08/31/2010 04:00:00,       148.746104
08/31/2010 05:00:00,       146.346047
08/31/2010 06:00:00,       142.167476
08/31/2010 07:00:00,       139.021712
08/31/2010 08:00:00,       132.749433
08/31/2010 09:00:00,       125.415859
08/31/2010 10:00:00,       119.330657
08/31/2010 11:00:00,       113.980496
08/31/2010 12:00:00,       108.213178
08/31/2010 13:00:00,       102.899285
08/31/2010 14:00:00,        98.578938
08/31/2010 15:00:00,        92.788093
08/31/2010 16:00:00,        87.749231
08/31/2010 17:00:00,        85.968893
08/31/2010 18:00:00,        85.524705
08/31/2010 19:00:00,        85.982911
08/31/2010 20:00:00,        85.532525
08/31/2010 21:00:00,        88.572076
08/31/2010 22:00:00,        88.370131
08/31/2010 23:00:00,        93.714622
09/01/2010 00:00:00,       152.741353
09/01/2010 01:00:00,       159.185820
09/01/2010 02:00:00,       160.617562
09/01/2010 03:00:00,       156.714540
09/01/2010 04:00:00,       153.303644
09/01/2010 05:00:00,       149.910727
09/01/2010 06:00:00,       143.372208
09/01/2010 07:00:00,       136.639523
09/01/2010 08:00:00,       135.369547
09/01/2010 09:00:00,       131.686568
09/01/2010 10:00:00,       129.965387
09/01/2010 11:00:00,       127.027220
09/01/2010 12:00:00,       124.567314
09/01/2010 13:00:00,       123.360198
09/01/2010 14:00:00,       117.952143
09/01/2010 15:00:00,       115.083786
09/01/2010 16:00:00,       115.206748
09/01/2010 17:00:00,       118.616250
09/01/2010 18:00:00,       122.876176
09/01/2010 19:00:00,       128.838790
09/01/2010 20:00:00,       137.766288
09/01/2010 21:00:00,       142.815084
09/01/2010 22:00:00,       147.210898
09/01/2010 23:00:00,       149.377544
09/02/2010 00:00:00,       151.467594
09/02/2010 01:00:00,       163.570405
09/02/2010 02:00:00,       163.652352
09/02/2010 03:00:00,       162.578113
09/02/2010 04:00:00,       163.157954
09/02/2010 05:00:00,       161.128520
09/02/2010 06:00:00,       152.706153
09/02/2010 07:00:00,       144.692185
09/02/2010 08:00:00,       135.522689
09/02/2010 09:00:00,       125.815986
09/02/2010 10:00:00,       116.472303
09/02/2010 11:00:00,       105.992746
09/02/2010 12:00:00,        98.042328
09/02/2010 13:00:00,        90.542547
09/02/2010 14:00:00,        82.927769
09/02/2010 15:00:00,        75.940446
09/02/2010 16:00:00,        67.735168
09/02/2010 17:00:00,        56.240984
09/02/2010 18:00:00,        46.781132
09/02/2010 19:00:00,        43.654522
09/02/2010 20:00:00,        43.734679
09/02/2010 21:00:00,        44.687013
09/02/2010 22:00:00,        46.778952
09/02/2010 23:00:00,        48.870006
09/03/2010 00:00:00,        51.704147
09/03/2010 01:00:00,        13.769454
09/03/2010 02:00:00,        13.523547
09/03/2010 03:00:00,        14.767031
09/03/2010 04:00:00,        13.824987
09/03/2010 05:00:00,        18.001384
09/03/2010 06:00:00,        15.412441
09/03/2010 07:00:00,        18.427178
09/03/2010 08:00:00,        17.791096
09/03/2010 09:00:00,        18.041251
09/03/2010 10:00:00,        17.114201
09/03/2010 11:00:00,        15.728078
09/03/2010 12:00:00,        18.866696
09/03/2010 13:00:00,        15.423772
09/03/2010 14:00:00,        15.703780
09/03/2010 15:00:00,        16.332334
09/03/2010 16:00:00,        13.583801
09/03/2010 17:00:00,        12.661329
09/03/2010 18:00:00,        14.765752
09/03/2010 19:00:00,        15.324723
09/03/2010 20:00:00,        15.144168
09/03/2010 21:00:00,        16.006624
09/03/2010 22:00:00,        16.544192
09/03/2010 23:00:00,        17.553577
09/04/2010 00:00:00,        18.625704
09/04/2010 01:00:00,        67.762025
09/04/2010 02:00:00,        62.882365
09/04/2010 03:00:00,        58.945988
09/04/2010 04:00:00,        53.577361
09/04/2010 05:00:00,        48.082645
09/04/2010 06:00:00,        43.951725
09/04/2010 07:00:00,        39.955025
09/04/2010 08:00:00,        32.292366
09/04/2010 09:00:00,        28.036705
09/04/2010 10:00:00,        25.959441
09/04/2010 11:00:00,        30.402607
09/04/2010 12:00:00,        36.683347
09/04/2010 13:00:00,        44.063550
09/04/2010 14:00:00,        55.196255
09/04/2010 15:00:00,        66.883526
09/04/2010 16:00:00,        81.919384
09/04/2010 17:00:00,       102.267080
09/04/2010 18:00:00,       109.704860
09/04/2010 19:00:00,       127.622878
09/04/2010 20:00:00,       138.140843
09/04/2010 21:00:00,       152.052214
09/04/2010 22:00:00,       168.186391
09/04/2010 23:00:00,       181.844437
09/05/2010 00:00:00,       187.565770
09/05/2010 01:00:00,       182.940538
09/05/2010 02:00:00,       184.563427
09/05/2010 03:00:00,       186.247108
09/05/2010 04:00:00,       188.759545
09/05/2010 05:00:00,       189.706962
09/05/2010 06:00:00,       192.366704
09/05/2010 07:00:00,       191.046349
09/05/2010 08:00:00,       193.373673
09/05/2010 09:00:00,       195.138598
09/05/2010 10:00:00,       198.880088
09/05/2010 11:00:00,       201.749620
09/05/2010 12:00:00,       204.686890
09/05/2010 13:00:00,       206.701276
09/05/2010 14:00:00,       207.627560
09/05/2010 15:00:00,       205.715216
09/05/2010 16:00:00,       202.887644
09/05/2010 17:00:00,       198.342871
09/05/2010 18:00:00,       195.439559
09/05/2010 19:00:00,       192.918527
09/05/2010 20:00:00,       190.461324
09/05/2010 21:00:00,       187.560953
09/05/2010 22:00:00,       184.561549
09/05/2010 23:00:00,       180.045484
09/06/2010 00:00:00,       175.695621
09/06/2010 01:00:00,       181.612218
09/06/2010 02:00:00,       176.095344
09/06/2010 03:00:00,       171.652544
09/06/2010 04:00:00,       161.878584
09/06/2010 05:00:00,       157.509177
09/06/2010 06:00:00,       149.568832
09/06/2010 07:00:00,       143.590514
09/06/2010 08:00:00,       135.937716
09/06/2010 09:00:00,       131.136696
09/06/2010 10:00:00,       128.811238
09/06/2010 11:00:00,       125.074658
09/06/2010 12:00:00,       124.072494
09/06/2010 13:00:00,       124.706685
09/06/2010 14:00:00,       128.269933
09/06/2010 15:00:00,       127.696114
09/06/2010 16:00:00,       126.964346
09/06/2010 17:00:00,       126.365161
09/06/2010 18:00:00,       122.660058
09/06/2010 19:00:00,       125.312862
09/06/2010 20:00:00,       129.561148
09/06/2010 21:00:00,       132.807527
09/06/2010 22:00:00,       130.856584
09/06/2010 23:00:00,       124.223962
09/07/2010 00:00:00,       118.854300
09/07/2010 01:00:00,       118.495750
09/07/2010 02:00:00,       115.625144
09/07/2010 03:00:00,       111.408766
09/07/2010 04:00:00,       113.015106
09/07/2010 05:00:00,       108.881487
09/07/2010 06:00:00,       108.481946
09/07/2010 07:00:00,       105.574528
09/07/2010 08:00:00,        99.949492
09/07/2010 09:00:00,        96.686918
09/07/2010 10:00:00,        90.914962
09/07/2010 11:00:00,        83.077076
09/07/2010 12:00:00,        73.235073
09/07/2010 13:00:00,        62.065195
09/07/2010 14:00:00,        51.613155
09/07/2010 15:00:00,        44.437307
09/07/2010 16:00:00,        36.506245
09/07/2010 17:00:00,        28.443471
09/07/2010 18:00:00,        22.611308
09/07/2010 19:00:00,        17.743207
09/07/2010 20:00:00,        14.838177
09/07/2010 21:00:00,        10.249416
09/07/2010 22:00:00,         7.351502
09/07/2010 23:00:00,         6.563334
09/08/2010 00:00:00,         7.418479
09/08/2010 01:00:00,        33.827161
09/08/2010 02:00:00,        45.754553
09/08/2010 03:00:00,        47.105875
09/08/2010 04:00:00,        55.762266
09/08/2010 05:00:00,        59.157331
09/08/2010 06:00:00,        63.266741
09/08/2010 07:00:00,        68.057661
09/08/2010 08:00:00,        71.581394
09/08/2010 09:00:00,        77.672142
09/08/2010 10:00:00,        86.610212
09/08/2010 11:00:00,        87.150116
09/08/2010 12:00:00,        81.558578
09/08/2010 13:00:00,        80.959414
09/08/2010 14:00:00,        83.258830
09/08/2010 15:00:00,        69.953686
09/08/2010 16:00:00,        73.894051
09/08/2010 17:00:00,        65.068703
09/08/2010 18:00:00,        57.455792
09/08/2010 19:00:00,        55.626726
09/08/2010 20:00:00,        51.390992
09/08/2010 21:00:00,        52.078758
09/08/2010 22:00:00,        50.854670
09/08/2010 23:00:00,        47.011131
09/09/2010 00:00:00,        42.647415
09/09/2010 01:00:00,        56.458175
09/09/2010 02:00:00,        52.714906
09/09/2010 03:00:00,        49.842003
09/09/2010 04:00:00,        46.753325
09/09/2010 05:00:00,        43.947824
09/09/2010 06:00:00,        41.369207
09/09/2010 07:00:00,        40.100296
09/09/2010 08:00:00,        38.464982
09/09/2010 09:00:00,        39.322018
09/09/2010 10:00:00,        38.237840
09/09/2010 11:00:00,        36.489869
09/09/2010 12:00:00,        38.530973
09/09/2010 13:00:00,        45.005986
09/09/2010 14:00:00,        53.525832
09/09/2010 15:00:00,        62.934021
09/09/2010 16:00:00,        74.927027
09/09/2010 17:00:00,        88.573838
09/09/2010 18:00:00,       104.138341
09/09/2010 19:00:00,       113.193615
09/09/2010 20:00:00,       121.346687
09/09/2010 21:00:00,       128.843840
09/09/2010 22:00:00,       136.822805
09/09/2010 23:00:00,       146.005834
09/10/2010 00:00:00,       160.002422
09/10/2010 01:00:00,       169.531801
09/10/2010 02:00:00,       172.495327
09/10/2010 03:00:00,       175.379103
09/10/2010 04:00:00,       176.912630
09/10/2010 05:00:00,       177.274303
09/10/2010 06:00:00,       176.197452
09/10/2010 07:00:00,       173.767856
09/10/2010 08:00:00,       173.493713
09/10/2010 09:00:00,       172.849285
09/10/2010 10:00:00,       170.180729
09/10/2010 11:00:00,       166.712899
09/10/2010 12:00:00,       161.600755
09/10/2010 13:00:00,       155.405699
09/10/2010 14:00:00,       147.048408
09/10/2010 15:00:00,       139.070871
09/10/2010 16:00:00,       131.307981
09/10/2010 17:00:00,       127.044347
09/10/2010 18:00:00,       125.329179
09/10/2010 19:00:00,       120.922079
09/10/2010 20:00:00,       116.888114
09/10/2010 21:00:00,       113.944232
09/10/2010 22:00:00,       110.913883
09/10/2010 23:00:00,       107.904191
09/11/2010 00:00:00,       104.967890
09/11/2010 01:00:00,        67.882374
09/11/2010 02:00:00,        74.127066
09/11/2010 03:00:00,        79.773799
09/11/2010 04:00:00,        83.104670
09/11/2010 05:00:00,        86.370351
09/11/2010 06:00:00,        85.455074
09/11/2010 07:00:00,        85.044288
09/11/2010 08:00:00,        84.802974
09/11/2010 09:00:00,        83.100626
09/11/2010 10:00:00,        80.682463
09/11/2010 11:00:00,        77.906663
09/11/2010 12:00:00,        73.455222
09/11/2010 13:00:00,        68.497067
09/11/2010 14:00:00,        62.696930
09/11/2010 15:00:00,        50.422070
09/11/2010 16:00:00,        40.801307
09/11/2010 17:00:00,        31.825524
09/11/2010 18:00:00,        24.920687
09/11/2010 19:00:00,        20.854240
09/11/2010 20:00:00,        17.524327
09/11/2010 21:00:00,        16.304081
09/11/2010 22:00:00,        15.744117
09/11/2010 23:00:00,        14.983565
09/12/2010 00:00:00,        14.338545
09/12/2010 01:00:00,        45.602652
09/12/2010 02:00:00,        41.983370
09/12/2010 03:00:00,        38.993375
09/12/2010 04:00:00,        37.420329
09/12/2010 05:00:00,        34.875971
09/12/2010 06:00:00,        32.235540
09/12/2010 07:00:00,        30.594136
09/12/2010 08:00:00,        24.027898
09/12/2010 09:00:00,        18.673507
09/12/2010 10:00:00,        16.754796
09/12/2010 11:00:00,        15.367759
09/12/2010 12:00:00,        14.323442
09/12/2010 13:00:00,        13.532712
09/12/2010 14:00:00,        13.269746
09/12/2010 15:00:00,        14.219971
09/12/2010 16:00:00,        16.170499
09/12/2010 17:00:00,        20.553986
09/12/2010 18:00:00,        25.765651
09/12/2010 19:00:00,        27.600704
09/12/2010 20:00:00,        29.743312
09/12/2010 21:00:00,        32.429968
09/12/2010 22:00:00,        35.358763
09/12/2010 23:00:00,        37.448570
09/13/2010 00:00:00,        39.449941
09/13/2010 01:00:00,       119.555606
09/13/2010 02:00:00,       116.001958
09/13/2010 03:00:00,       109.579982
09/13/2010 04:00:00,       103.678144
09/13/2010 05:00:00,        99.591945
09/13/2010 06:00:00,        96.107136
09/13/2010 07:00:00,        93.109328
09/13/2010 08:00:00,        87.526736
09/13/2010 09:00:00,        80.377608
09/13/2010 10:00:00,        72.637811
09/13/2010 11:00:00,        65.766049
09/13/2010 12:00:00,        59.311156
09/13/2010 13:00:00,        52.597418
09/13/2010 14:00:00,        45.463259
09/13/2010 15:00:00,        40.317882
09/13/2010 16:00:00,        37.904303
09/13/2010 17:00:00,        35.041845
09/13/2010 18:00:00,        31.860894
09/13/2010 19:00:00,        30.129014
09/13/2010 20:00:00,        26.801705
09/13/2010 21:00:00,        24.127902
09/13/2010 22:00:00,        22.283480
09/13/2010 23:00:00,        22.248742
09/14/2010 00:00:00,        21.016726
09/14/2010 01:00:00,        16.053742
09/14/2010 02:00:00,        15.464659
09/14/2010 03:00:00,        15.615202
09/14/2010 04:00:00,        16.515652
09/14/2010 05:00:00,        15.822746
09/14/2010 06:00:00,        14.811410
09/14/2010 07:00:00,        14.048144
09/14/2010 08:00:00,        14.571600
09/14/2010 09:00:00,        13.844612
09/14/2010 10:00:00,        13.162001
09/14/2010 11:00:00,        13.152515
09/14/2010 12:00:00,        14.038837
09/14/2010 13:00:00,        15.270306
09/14/2010 14:00:00,        15.695928
09/14/2010 15:00:00,        18.229679
09/14/2010 16:00:00,        20.387674
09/14/2010 17:00:00,        22.159983
09/14/2010 18:00:00,        25.875016
09/14/2010 19:00:00,        26.478495
09/14/2010 20:00:00,        30.260775
09/14/2010 21:00:00,        34.629167
09/14/2010 22:00:00,        36.964704
09/14/2010 23:00:00,        37.821174
09/15/2010 00:00:00,        43.119965
09/15/2010 01:00:00,        92.338943
09/15/2010 02:00:00,        89.077419
09/15/2010 03:00:00,        89.010756
09/15/2010 04:00:00,        89.165009
09/15/2010 05:00:00,        89.845095
09/15/2010 06:00:00,        89.844104
09/15/2010 07:00:00,        91.896202
09/15/2010 08:00:00,        91.300838
09/15/2010 09:00:00,        92.696406
09/15/2010 10:00:00,        94.912612
09/15/2010 11:00:00,        97.382801
09/15/2010 12:00:00,       100.127687
09/15/2010 13:00:00,       101.095394
09/15/2010 14:00:00,       106.271981
09/15/2010 15:00:00,       111.719347
09/15/2010 16:00:00,       115.031740
09/15/2010 17:00:00,       121.260183
09/15/2010 18:00:00,       127.780835
09/15/2010 19:00:00,       131.837783
09/15/2010 20:00:00,       135.149528
09/15/2010 21:00:00,       139.709748
09/15/2010 22:00:00,       144.117073
09/15/2010 23:00:00,       146.662989
09/16/2010 00:00:00,       148.458895
09/16/2010 01:00:00,       122.193065
09/16/2010 02:00:00,       125.754250
09/16/2010 03:00:00,       127.363869
09/16/2010 04:00:00,       131.750571
09/16/2010 05:00:00,       136.969419
09/16/2010 06:00:00,       139.726559
09/16/2010 07:00:00,       138.987418
09/16/2010 08:00:00,       137.187827
09/16/2010 09:00:00,       132.285987
09/16/2010 10:00:00,       124.502341
09/16/2010 11:00:00,       116.887092
09/16/2010 12:00:00,       110.373364
09/16/2010 13:00:00,       101.841433
09/16/2010 14:00:00,        89.920314
09/16/2010 15:00:00,        79.067827
09/16/2010 16:00:00,        69.214938
09/16/2010 17:00:00,        58.160811
09/16/2010 18:00:00,        45.532759
09/16/2010 19:00:00,        36.957659
09/16/2010 20:00:00,        30.023462
09/16/2010 21:00:00,        23.252055
09/16/2010 22:00:00,        17.912335
09/16/2010 23:00:00,        15.051957
09/17/2010 00:00:00,        13.645346
09/17/2010 01:00:00,        15.689628
09/17/2010 02:00:00,        17.878451
09/17/2010 03:00:00,        19.193878
09/17/2010 04:00:00,        20.198224
09/17/2010 05:00:00,        20.619704
09/17/2010 06:00:00,        21.375408
09/17/2010 07:00:00,        21.476424
09/17/2010 08:00:00,        22.938513
09/17/2010 09:00:00,        24.809072
09/17/2010 10:00:00,        23.437275
09/17/2010 11:00:00,        22.118690
09/17/2010 12:00:00,        21.660943
09/17/2010 13:00:00,        20.895432
09/17/2010 14:00:00,        17.406707
09/17/2010 15:00:00,        13.416324
09/17/2010 16:00:00,         9.941397
09/17/2010 17:00:00,         7.481951
09/17/2010 18:00:00,         6.395553
09/17/2010 19:00:00,         4.832576
09/17/2010 20:00:00,         4.793311
09/17/2010 21:00:00,         4.558415
09/17/2010 22:00:00,         5.407654
09/17/2010 23:00:00,         6.594810
09/18/2010 00:00:00,         8.430354
09/18/2010 01:00:00,        34.643977
09/18/2010 02:00:00,        36.474343
09/18/2010 03:00:00,        38.397868
09/18/2010 04:00:00,        40.682856
09/18/2010 05:00:00,        43.951318
09/18/2010 06:00:00,        45.426937
09/18/2010 07:00:00,        46.172221
09/18/2010 08:00:00,        45.008573
09/18/2010 09:00:00,        42.256916
09/18/2010 10:00:00,        40.450934
09/18/2010 11:00:00,        38.693044
09/18/2010 12:00:00,        37.545331
09/18/2010 13:00:00,        37.849726
09/18/2010 14:00:00,        38.851461
09/18/2010 15:00:00,        38.058645
09/18/2010 16:00:00,        38.707390
09/18/2010 17:00:00,        43.381615
09/18/2010 18:00:00,        49.707743
09/18/2010 19:00:00,        53.219985
09/18/2010 20:00:00,        58.747087
09/18/2010 21:00:00,        64.959965
09/18/2010 22:00:00,        71.948930
09/18/2010 23:00:00,        79.229565
09/19/2010 00:00:00,        86.897578
09/19/2010 01:00:00,       108.035505
09/19/2010 02:00:00,       107.972147
09/19/2010 03:00:00,       104.857594
09/19/2010 04:00:00,        99.093249
09/19/2010 05:00:00,        94.145572
09/19/2010 06:00:00,        90.228653
09/19/2010 07:00:00,        84.136034
09/19/2010 08:00:00,        74.761296
09/19/2010 09:00:00,        65.285500
09/19/2010 10:00:00,        59.923716
09/19/2010 11:00:00,        55.625902
09/19/2010 12:00:00,        52.592495
09/19/2010 13:00:00,        47.348513
09/19/2010 14:00:00,        40.643750
09/19/2010 15:00:00,        36.383686
09/19/2010 16:00:00,        33.496475
09/19/2010 17:00:00,        32.315948
09/19/2010 18:00:00,        32.234578
09/19/2010 19:00:00,        33.514549
09/19/2010 20:00:00,        35.977732
09/19/2010 21:00:00,        37.770253
09/19/2010 22:00:00,        38.321072
09/19/2010 23:00:00,        39.480618
09/20/2010 00:00:00,        40.558362
09/20/2010 01:00:00,        61.303874
09/20/2010 02:00:00,        61.925932
09/20/2010 03:00:00,        64.729795
09/20/2010 04:00:00,        65.763704
09/20/2010 05:00:00,        65.548572
09/20/2010 06:00:00,        67.723743
09/20/2010 07:00:00,        65.495184
09/20/2010 08:00:00,        58.370905
09/20/2010 09:00:00,        50.789924
09/20/2010 10:00:00,        47.711148
09/20/2010 11:00:00,        44.927696
09/20/2010 12:00:00,        43.436647
09/20/2010 13:00:00,        43.870868
09/20/2010 14:00:00,        43.595493
09/20/2010 15:00:00,        42.749620
09/20/2010 16:00:00,        40.197565
09/20/2010 17:00:00,        39.774344
09/20/2010 18:00:00,        41.762243
09/20/2010 19:00:00,        43.153919
09/20/2010 20:00:00,        47.355554
09/20/2010 21:00:00,        52.072544
09/20/2010 22:00:00,        55.961809
09/20/2010 23:00:00,        56.645563
09/21/2010 00:00:00,        57.118611
09/21/2010 01:00:00,        73.536523
09/21/2010 02:00:00,        68.896960
09/21/2010 03:00:00,        68.959164
09/21/2010 04:00:00,        71.135700
09/21/2010 05:00:00,        73.186152
09/21/2010 06:00:00,        75.191206
09/21/2010 07:00:00,        75.110810
09/21/2010 08:00:00,        70.823399
09/21/2010 09:00:00,        68.270310
09/21/2010 10:00:00,        66.698255
09/21/2010 11:00:00,        64.907059
09/21/2010 12:00:00,        64.478364
09/21/2010 13:00:00,        65.541736
09/21/2010 14:00:00,        64.519403
09/21/2010 15:00:00,        67.367270
09/21/2010 16:00:00,        73.149398
09/21/2010 17:00:00,        80.833127
09/21/2010 18:00:00,        88.159813
09/21/2010 19:00:00,        88.734905
09/21/2010 20:00:00,        92.464216
09/21/2010 21:00:00,        97.464365
09/21/2010 22:00:00,       104.563049
09/21/2010 23:00:00,       115.062130
09/22/2010 00:00:00,       127.185680
09/22/2010 01:00:00,       180.616547
09/22/2010 02:00:00,       186.454012
09/22/2010 03:00:00,       190.487536
09/22/2010 04:00:00,       194.534996
09/22/2010 05:00:00,       199.222524
09/22/2010 06:00:00,       201.514830
09/22/2010 07:00:00,       203.778080
09/22/2010 08:00:00,       211.828212
09/22/2010 09:00:00,       212.135201
09/22/2010 10:00:00,       211.401820
09/22/2010 11:00:00,       211.009348
09/22/2010 12:00:00,       211.161489
09/22/2010 13:00:00,       210.158628
09/22/2010 14:00:00,       208.236758
09/22/2010 15:00:00,       205.516779
09/22/2010 16:00:00,       203.952788
09/22/2010 17:00:00,       201.822445
09/22/2010 18:00:00,       200.530161
09/22/2010 19:00:00,       198.677179
09/22/2010 20:00:00,       195.612892
09/22/2010 21:00:00,       193.011892
09/22/2010 22:00:00,       192.766941
09/22/2010 23:00:00,       192.412152
09/23/2010 00:00:00,       190.478043
09/23/2010 01:00:00,       161.860096
09/23/2010 02:00:00,       151.958755
09/23/2010 03:00:00,       142.047025
09/23/2010 04:00:00,       133.669663
09/23/2010 05:00:00,       125.946824
09/23/2010 06:00:00,       118.606600
09/23/2010 07:00:00,       110.246842
09/23/2010 08:00:00,        96.108314
09/23/2010 09:00:00,        85.625199
09/23/2010 10:00:00,        78.744652
09/23/2010 11:00:00,        72.171636
09/23/2010 12:00:00,        66.328908
09/23/2010 13:00:00,        64.606987
09/23/2010 14:00:00,        60.680956
09/23/2010 15:00:00,        57.160606
09/23/2010 16:00:00,        55.089441
09/23/2010 17:00:00,        52.732028
09/23/2010 18:00:00,        49.229092
09/23/2010 19:00:00,        48.374662
09/23/2010 20:00:00,        49.307574
09/23/2010 21:00:00,        50.403407
09/23/2010 22:00:00,        50.034629
09/23/2010 23:00:00,        48.507430
09/24/2010 00:00:00,        45.945687
09/24/2010 01:00:00,         7.391101
09/24/2010 02:00:00,         8.124960
09/24/2010 03:00:00,         8.063874
09/24/2010 04:00:00,         8.342009
09/24/2010 05:00:00,         9.844075
09/24/2010 06:00:00,        13.849588
09/24/2010 07:00:00,        17.812711
09/24/2010 08:00:00,        21.074593
09/24/2010 09:00:00,        23.955468
09/24/2010 10:00:00,        28.649814
09/24/2010 11:00:00,        31.927843
09/24/2010 12:00:00,        34.582781
09/24/2010 13:00:00,        39.612518
09/24/2010 14:00:00,        46.893573
09/24/2010 15:00:00,        53.019004
09/24/2010 16:00:00,        62.880124
09/24/2010 17:00:00,        73.696450
09/24/2010 18:00:00,        83.255044
09/24/2010 19:00:00,        85.742549
09/24/2010 20:00:00,        88.371212
09/24/2010 21:00:00,        92.740536
09/24/2010 22:00:00,       101.578541
09/24/2010 23:00:00,       107.859491
09/25/2010 00:00:00,       118.811188
09/25/2010 01:00:00,       151.488440
09/25/2010 02:00:00,       144.640151
09/25/2010 03:00:00,       135.703925
09/25/2010 04:00:00,       128.261303
09/25/2010 05:00:00,       127.686649
09/25/2010 06:00:00,       127.674323
09/25/2010 07:00:00,       130.009851
09/25/2010 08:00:00,       135.511021
09/25/2010 09:00:00,       134.161749
09/25/2010 10:00:00,       131.926159
09/25/2010 11:00:00,       124.670005
09/25/2010 12:00:00,       117.902662
09/25/2010 13:00:00,       113.361000
09/25/2010 14:00:00,       111.621881
09/25/2010 15:00:00,       109.677921
09/25/2010 16:00:00,       111.334345
09/25/2010 17:00:00,       116.954503
09/25/2010 18:00:00,       117.106227
09/25/2010 19:00:00,       119.033679
09/25/2010 20:00:00,       112.329719
09/25/2010 21:00:00,       102.352847
09/25/2010 22:00:00,        96.715618
09/25/2010 23:00:00,        85.591035
09/26/2010 00:00:00,        84.690947
09/26/2010 01:00:00,        72.916361
09/26/2010 02:00:00,        73.160824
09/26/2010 03:00:00,        74.497677
09/26/2010 04:00:00,        77.623094
09/26/2010 05:00:00,        81.286474
09/26/2010 06:00:00,        83.186446
09/26/2010 07:00:00,        83.234438
09/26/2010 08:00:00,        86.568787
09/26/2010 09:00:00,        87.668942
09/26/2010 10:00:00,        85.699078
09/26/2010 11:00:00,        80.390712
09/26/2010 12:00:00,        75.274465
09/26/2010 13:00:00,        70.182366
09/26/2010 14:00:00,        64.973520
09/26/2010 15:00:00,        60.055571
09/26/2010 16:00:00,        53.875735
09/26/2010 17:00:00,        46.012919
09/26/2010 18:00:00,        38.257124
09/26/2010 19:00:00,        32.469566
09/26/2010 20:00:00,        27.501381
09/26/2010 21:00:00,        22.497238
09/26/2010 22:00:00,        17.897414
09/26/2010 23:00:00,        13.974139
09/27/2010 00:00:00,        11.696612
09/27/2010 01:00:00,        37.083648
09/27/2010 02:00:00,        38.830875
09/27/2010 03:00:00,        38.877278
09/27/2010 04:00:00,        38.696186
09/27/2010 05:00:00,        38.506155
09/27/2010 06:00:00,        37.508967
09/27/2010 07:00:00,        35.915685
09/27/2010 08:00:00,        33.762430
09/27/2010 09:00:00,        31.249126
09/27/2010 10:00:00,        28.382210
09/27/2010 11:00:00,        25.664950
09/27/2010 12:00:00,        23.489580
09/27/2010 13:00:00,        21.305351
09/27/2010 14:00:00,        18.649398
09/27/2010 15:00:00,        16.246960
09/27/2010 16:00:00,        15.334775
09/27/2010 17:00:00,        18.332333
09/27/2010 18:00:00,        22.585520
09/27/2010 19:00:00,        23.978235
09/27/2010 20:00:00,        26.002774
09/27/2010 21:00:00,        29.186312
09/27/2010 22:00:00,        32.889907
09/27/2010 23:00:00,        37.501568
09/28/2010 00:00:00,        42.139692
09/28/2010 01:00:00,        60.368965
09/28/2010 02:00:00,        60.996370
09/28/2010 03:00:00,        64.529821
09/28/2010 04:00:00,        68.031549
09/28/2010 05:00:00,        72.300798
09/28/2010 06:00:00,        78.912646
09/28/2010 07:00:00,        86.581935
09/28/2010 08:00:00,        95.595356
09/28/2010 09:00:00,       104.189270
09/28/2010 10:00:00,       111.019569
09/28/2010 11:00:00,       113.437172
09/28/2010 12:00:00,       120.042990
09/28/2010 13:00:00,       130.070163
09/28/2010 14:00:00,       138.821687
09/28/2010 15:00:00,       147.622074
09/28/2010 16:00:00,       151.204261
09/28/2010 17:00:00,       157.102581
09/28/2010 18:00:00,       160.194070
09/28/2010 19:00:00,       160.941068
09/28/2010 20:00:00,       159.860919
09/28/2010 21:00:00,       158.614444
09/28/2010 22:00:00,       155.142151
09/28/2010 23:00:00,       157.032852
09/29/2010 00:00:00,       167.447793
09/29/2010 01:00:00,       197.068899
09/29/2010 02:00:00,       195.546415
09/29/2010 03:00:00,       196.782905
09/29/2010 04:00:00,       197.597211
09/29/2010 05:00:00,       201.192981
09/29/2010 06:00:00,       202.796941
09/29/2010 07:00:00,       203.174816
09/29/2010 08:00:00,       206.869464
09/29/2010 09:00:00,       206.609786
09/29/2010 10:00:00,       205.905105
09/29/2010 11:00:00,       205.656940
09/29/2010 12:00:00,       204.893669
09/29/2010 13:00:00,       200.783016
09/29/2010 14:00:00,       196.668603
09/29/2010 15:00:00,       191.625926
09/29/2010 16:00:00,       182.766041
09/29/2010 17:00:00,       175.016218
09/29/2010 18:00:00,       164.349907
09/29/2010 19:00:00,       156.554955
09/29/2010 20:00:00,       148.063223
09/29/2010 21:00:00,       140.752170
09/29/2010 22:00:00,       134.644526
09/29/2010 23:00:00,       127.088801
09/30/2010 00:00:00,       119.577353
09/30/2010 01:00:00,       104.740070
09/30/2010 02:00:00,        98.725838
09/30/2010 03:00:00,        93.005153
09/30/2010 04:00:00,        89.054699
09/30/2010 05:00:00,        86.609753
09/30/2010 06:00:00,        83.572661
09/30/2010 07:00:00,        81.542241
09/30/2010 08:00:00,        76.479475
09/30/2010 09:00:00,        68.676159
09/30/2010 10:00:00,        59.365765
09/30/2010 11:00:00,        49.676439
09/30/2010 12:00:00,        41.766801
09/30/2010 13:00:00,        35.379359
09/30/2010 14:00:00,        30.051412
09/30/2010 15:00:00,        25.660812
09/30/2010 16:00:00,        23.064600
09/30/2010 17:00:00,        23.769468
09/30/2010 18:00:00,        22.820226
09/30/2010 19:00:00,        22.355434
09/30/2010 20:00:00,        21.752229
09/30/2010 21:00:00,        23.273203
09/30/2010 22:00:00,        28.502506
09/30/2010 23:00:00,        32.767913
10/01/2010 00:00:00,       145.318306
10/01/2010 01:00:00,       134.424427
10/01/2010 02:00:00,       126.044774
10/01/2010 03:00:00,       120.049824
10/01/2010 04:00:00,       115.107717
10/01/2010 05:00:00,       118.131009
10/01/2010 06:00:00,       116.120169
10/01/2010 07:00:00,       109.734829
10/01/2010 08:00:00,        97.848635
10/01/2010 09:00:00,        86.091431
10/01/2010 10:00:00,        71.809518
10/01/2010 11:00:00,        55.323870
10/01/2010 12:00:00,        49.128813
10/01/2010 13:00:00,        37.709593
10/01/2010 14:00:00,        41.382134
10/01/2010 15:00:00,        33.086441
10/01/2010 16:00:00,        29.481442
10/01/2010 17:00:00,        27.600029
10/01/2010 18:00:00,        24.509369
10/01/2010 19:00:00,        23.015653
10/01/2010 20:00:00,        18.484381
10/01/2010 21:00:00,        18.301607
10/01/2010 22:00:00,        17.532323
10/01/2010 23:00:00,        16.811505
10/02/2010 00:00:00,        21.340001
10/02/2010 01:00:00,       127.992530
10/02/2010 02:00:00,       119.064296
10/02/2010 03:00:00,       110.337648
10/02/2010 04:00:00,       107.910406
10/02/2010 05:00:00,       106.819997
10/02/2010 06:00:00,       107.047101
10/02/2010 07:00:00,       105.891676
10/02/2010 08:00:00,       105.272056
10/02/2010 09:00:00,       107.139903
10/02/2010 10:00:00,       104.110909
10/02/2010 11:00:00,        99.023154
10/02/2010 12:00:00,        95.544716
10/02/2010 13:00:00,        93.069057
10/02/2010 14:00:00,        93.347974
10/02/2010 15:00:00,        97.389266
10/02/2010 16:00:00,       102.686427
10/02/2010 17:00:00,       105.789094
10/02/2010 18:00:00,       109.698843
10/02/2010 19:00:00,       113.288419
10/02/2010 20:00:00,       114.302644
10/02/2010 21:00:00,       112.093074
10/02/2010 22:00:00,       107.863383
10/02/2010 23:00:00,       105.238018
10/03/2010 00:00:00,       104.937232
10/03/2010 01:00:00,        90.114460
10/03/2010 02:00:00,        84.816907
10/03/2010 03:00:00,        77.923346
10/03/2010 04:00:00,        72.745944
10/03/2010 05:00:00,        68.787893
10/03/2010 06:00:00,        64.639729
10/03/2010 07:00:00,        61.509422
10/03/2010 08:00:00,        52.829469
10/03/2010 09:00:00,        44.035062
10/03/2010 10:00:00,        37.772384
10/03/2010 11:00:00,        32.261664
10/03/2010 12:00:00,        26.049232
10/03/2010 13:00:00,        21.375767
10/03/2010 14:00:00,        17.799190
10/03/2010 15:00:00,        14.368147
10/03/2010 16:00:00,        10.811652
10/03/2010 17:00:00,         9.845884
10/03/2010 18:00:00,         9.116168
10/03/2010 19:00:00,         8.338971
10/03/2010 20:00:00,         8.148154
10/03/2010 21:00:00,         8.631469
10/03/2010 22:00:00,         9.359934
10/03/2010 23:00:00,         9.816186
10/04/2010 00:00:00,        10.954822
10/04/2010 01:00:00,        28.845607
10/04/2010 02:00:00,        28.464279
10/04/2010 03:00:00,        28.069846
10/04/2010 04:00:00,        28.430225
10/04/2010 05:00:00,        27.350292
10/04/2010 06:00:00,        26.193218
10/04/2010 07:00:00,        24.814065
10/04/2010 08:00:00,        23.519059
10/04/2010 09:00:00,        22.464098
10/04/2010 10:00:00,        19.958999
10/04/2010 11:00:00,        17.205221
10/04/2010 12:00:00,        14.182947
10/04/2010 13:00:00,        11.334008
10/04/2010 14:00:00,         8.615981
10/04/2010 15:00:00,         6.601625
10/04/2010 16:00:00,         4.799082
10/04/2010 17:00:00,         3.220751
10/04/2010 18:00:00,         1.947410
10/04/2010 19:00:00,         0.763566
10/04/2010 20:00:00,         0.519949
10/04/2010 21:00:00,         0.324652
10/04/2010 22:00:00,         0.133165
10/04/2010 23:00:00,         0.065791
10/05/2010 00:00:00,         0.058584
10/05/2010 01:00:00,         0.100915
10/05/2010 02:00:00,         0.786070
10/05/2010 03:00:00,         1.553850
10/05/2010 04:00:00,         2.536776
10/05/2010 05:00:00,         2.988012
10/05/2010 06:00:00,         2.977412
10/05/2010 07:00:00,         3.102282
10/05/2010 08:00:00,         3.317314
10/05/2010 09:00:00,         3.350689
10/05/2010 10:00:00,         3.361361
10/05/2010 11:00:00,         3.471564
10/05/2010 12:00:00,         3.999120
10/05/2010 13:00:00,         4.297518
10/05/2010 14:00:00,         5.142878
10/05/2010 15:00:00,         5.369785
10/05/2010 16:00:00,         6.157830
10/05/2010 17:00:00,         8.711110
10/05/2010 18:00:00,        11.507097
10/05/2010 19:00:00,        13.288936
10/05/2010 20:00:00,        15.280836
10/05/2010 21:00:00,        17.359856
10/05/2010 22:00:00,        19.831095
10/05/2010 23:00:00,        22.840876
10/06/2010 00:00:00,        26.673354
10/06/2010 01:00:00,       107.635817
10/06/2010 02:00:00,       111.430271
10/06/2010 03:00:00,       114.177607
10/06/2010 04:00:00,       113.411031
10/06/2010 05:00:00,       113.256895
10/06/2010 06:00:00,       111.612308
10/06/2010 07:00:00,       110.510509
10/06/2010 08:00:00,       108.744892
10/06/2010 09:00:00,       105.614432
10/06/2010 10:00:00,       104.451858
10/06/2010 11:00:00,       103.691698
10/06/2010 12:00:00,       104.674778
10/06/2010 13:00:00,       102.471394
10/06/2010 14:00:00,        98.936846
10/06/2010 15:00:00,        98.753938
10/06/2010 16:00:00,       101.912685
10/06/2010 17:00:00,       106.815632
10/06/2010 18:00:00,       112.518477
10/06/2010 19:00:00,       115.592639
10/06/2010 20:00:00,       118.213586
10/06/2010 21:00:00,       123.124994
10/06/2010 22:00:00,       129.133815
10/06/2010 23:00:00,       133.655396
10/07/2010 00:00:00,       139.169392
10/07/2010 01:00:00,        62.578567
10/07/2010 02:00:00,        62.824353
10/07/2010 03:00:00,        61.865953
10/07/2010 04:00:00,        55.985199
10/07/2010 05:00:00,        50.690573
10/07/2010 06:00:00,        49.517529
10/07/2010 07:00:00,        45.355163
10/07/2010 08:00:00,        41.638059
10/07/2010 09:00:00,        42.637522
10/07/2010 10:00:00,        41.212670
10/07/2010 11:00:00,        45.381858
10/07/2010 12:00:00,        54.677781
10/07/2010 13:00:00,        66.965950
10/07/2010 14:00:00,        79.836875
10/07/2010 15:00:00,        92.924595
10/07/2010 16:00:00,       106.399414
10/07/2010 17:00:00,       122.862000
10/07/2010 18:00:00,       145.778510
10/07/2010 19:00:00,       152.889482
10/07/2010 20:00:00,       167.070682
10/07/2010 21:00:00,       181.155468
10/07/2010 22:00:00,       190.160091
10/07/2010 23:00:00,       203.847857
10/08/2010 00:00:00,       217.362354
10/08/2010 01:00:00,       223.117238
10/08/2010 02:00:00,       223.181519
10/08/2010 03:00:00,       223.243148
10/08/2010 04:00:00,       223.308662
10/08/2010 05:00:00,       222.699994
10/08/2010 06:00:00,       222.450418
10/08/2010 07:00:00,       222.170732
10/08/2010 08:00:00,       217.840063
10/08/2010 09:00:00,       215.056468
10/08/2010 10:00:00,       211.349667
10/08/2010 11:00:00,       206.164002
10/08/2010 12:00:00,       197.076388
10/08/2010 13:00:00,       195.621677
10/08/2010 14:00:00,       194.646624
10/08/2010 15:00:00,       193.585297
10/08/2010 16:00:00,       193.424736
10/08/2010 17:00:00,       193.404763
10/08/2010 18:00:00,       193.548422
10/08/2010 19:00:00,       191.594552
10/08/2010 20:00:00,       189.762769
10/08/2010 21:00:00,       191.700528
10/08/2010 22:00:00,       192.196414
10/08/2010 23:00:00,       194.928923
10/09/2010 00:00:00,       199.208352
10/09/2010 01:00:00,       221.697556
10/09/2010 02:00:00,       222.110498
10/09/2010 03:00:00,       222.256991
10/09/2010 04:00:00,       221.954425
10/09/2010 05:00:00,       221.898395
10/09/2010 06:00:00,       221.971750
10/09/2010 07:00:00,       221.200729
10/09/2010 08:00:00,       220.868068
10/09/2010 09:00:00,       220.832036
10/09/2010 10:00:00,       219.267499
10/09/2010 11:00:00,       218.666708
10/09/2010 12:00:00,       218.335053
10/09/2010 13:00:00,       218.428061
10/09/2010 14:00:00,       218.033495
10/09/2010 15:00:00,       217.655682
10/09/2010 16:00:00,       217.800271
10/09/2010 17:00:00,       217.962967
10/09/2010 18:00:00,       218.140885
10/09/2010 19:00:00,       218.093781
10/09/2010 20:00:00,       217.892652
10/09/2010 21:00:00,       218.114516
10/09/2010 22:00:00,       218.385782
10/09/2010 23:00:00,       219.155572
10/10/2010 00:00:00,       219.025324
10/10/2010 01:00:00,       217.748013
10/10/2010 02:00:00,       216.180896
10/10/2010 03:00:00,       212.908532
10/10/2010 04:00:00,       209.847802
10/10/2010 05:00:00,       206.312392
10/10/2010 06:00:00,       202.429847
10/10/2010 07:00:00,       185.474231
10/10/2010 08:00:00,       199.071381
10/10/2010 09:00:00,       195.940898
10/10/2010 10:00:00,       192.317488
10/10/2010 11:00:00,       192.830254
10/10/2010 12:00:00,       193.874381
10/10/2010 13:00:00,       197.160122
10/10/2010 14:00:00,       200.663447
10/10/2010 15:00:00,       204.385606
10/10/2010 16:00:00,       209.333088
10/10/2010 17:00:00,       210.439815
10/10/2010 18:00:00,       213.325565
10/10/2010 19:00:00,       214.997417
10/10/2010 20:00:00,       215.929432
10/10/2010 21:00:00,       215.523466
10/10/2010 22:00:00,       215.119576
10/10/2010 23:00:00,       213.837746
10/11/2010 00:00:00,       212.298742
10/11/2010 01:00:00,       201.764903
10/11/2010 02:00:00,       197.462455
10/11/2010 03:00:00,       199.412348
10/11/2010 04:00:00,       197.415984
10/11/2010 05:00:00,       197.980817
10/11/2010 06:00:00,       196.337132
10/11/2010 07:00:00,       195.335307
10/11/2010 08:00:00,       189.090477
10/11/2010 09:00:00,       183.331574
10/11/2010 10:00:00,       156.125176
10/11/2010 11:00:00,       103.581462
10/11/2010 12:00:00,        92.162238
10/11/2010 13:00:00,       148.006380
10/11/2010 14:00:00,       170.393043
10/11/2010 15:00:00,       166.887684
10/11/2010 16:00:00,       163.778794
10/11/2010 17:00:00,       162.848549
10/11/2010 18:00:00,       161.519073
10/11/2010 19:00:00,       159.659984
10/11/2010 20:00:00,       157.507511
10/11/2010 21:00:00,       159.016032
10/11/2010 22:00:00,       162.114742
10/11/2010 23:00:00,       163.800075
10/12/2010 00:00:00,       163.473281
10/12/2010 01:00:00,        58.649892
10/12/2010 02:00:00,        58.720070
10/12/2010 03:00:00,        58.439958
10/12/2010 04:00:00,        57.341215
10/12/2010 05:00:00,        57.383685
10/12/2010 06:00:00,        56.863562
10/12/2010 07:00:00,        53.616961
10/12/2010 08:00:00,        47.366003
10/12/2010 09:00:00,        42.612554
10/12/2010 10:00:00,        39.660264
10/12/2010 11:00:00,        37.601565
10/12/2010 12:00:00,        36.758469
10/12/2010 13:00:00,        36.871199
10/12/2010 14:00:00,        37.427041
10/12/2010 15:00:00,        36.771855
10/12/2010 16:00:00,        35.774973
10/12/2010 17:00:00,        38.581160
10/12/2010 18:00:00,        41.773339
10/12/2010 19:00:00,        41.665831
10/12/2010 20:00:00,        43.909687
10/12/2010 21:00:00,        46.483294
10/12/2010 22:00:00,        49.713238
10/12/2010 23:00:00,        53.515115
10/13/2010 00:00:00,        58.858144
10/13/2010 01:00:00,        49.744684
10/13/2010 02:00:00,        48.077371
10/13/2010 03:00:00,        48.280202
10/13/2010 04:00:00,        48.292563
10/13/2010 05:00:00,        48.755964
10/13/2010 06:00:00,        48.722143
10/13/2010 07:00:00,        47.410161
10/13/2010 08:00:00,        45.079827
10/13/2010 09:00:00,        41.537957
10/13/2010 10:00:00,        38.522120
10/13/2010 11:00:00,        37.671661
10/13/2010 12:00:00,        38.774471
10/13/2010 13:00:00,        39.063356
10/13/2010 14:00:00,        33.799577
10/13/2010 15:00:00,        31.369338
10/13/2010 16:00:00,        29.373077
10/13/2010 17:00:00,        29.570312
10/13/2010 18:00:00,        29.431018
10/13/2010 19:00:00,        28.026500
10/13/2010 20:00:00,        27.678045
10/13/2010 21:00:00,        28.846073
10/13/2010 22:00:00,        29.678227
10/13/2010 23:00:00,        30.674509
10/14/2010 00:00:00,        31.328249
10/14/2010 01:00:00,         6.856954
10/14/2010 02:00:00,         6.985156
10/14/2010 03:00:00,         6.974430
10/14/2010 04:00:00,         6.486307
10/14/2010 05:00:00,         6.105790
10/14/2010 06:00:00,         6.231327
10/14/2010 07:00:00,         6.081879
10/14/2010 08:00:00,         5.290213
10/14/2010 09:00:00,         5.304679
10/14/2010 10:00:00,         5.238946
10/14/2010 11:00:00,         5.584565
10/14/2010 12:00:00,         6.585194
10/14/2010 13:00:00,         7.467689
10/14/2010 14:00:00,         8.863241
10/14/2010 15:00:00,         9.371949
10/14/2010 16:00:00,        14.649443
10/14/2010 17:00:00,        21.677676
10/14/2010 18:00:00,        28.226491
10/14/2010 19:00:00,        30.655352
10/14/2010 20:00:00,        33.770293
10/14/2010 21:00:00,        37.243150
10/14/2010 22:00:00,        41.242662
10/14/2010 23:00:00,        45.800471
10/15/2010 00:00:00,        50.815485
10/15/2010 01:00:00,        45.618345
10/15/2010 02:00:00,        46.920366
10/15/2010 03:00:00,        50.762649
10/15/2010 04:00:00,        54.549889
10/15/2010 05:00:00,        60.422780
10/15/2010 06:00:00,        66.273378
10/15/2010 07:00:00,        73.643120
10/15/2010 08:00:00,        81.539491
10/15/2010 09:00:00,        92.847793
10/15/2010 10:00:00,       105.772917
10/15/2010 11:00:00,       119.747884
10/15/2010 12:00:00,       134.784137
10/15/2010 13:00:00,       149.221641
10/15/2010 14:00:00,       164.275444
10/15/2010 15:00:00,       178.823606
10/15/2010 16:00:00,       190.969641
10/15/2010 17:00:00,       201.204584
10/15/2010 18:00:00,       209.331917
10/15/2010 19:00:00,       215.384377
10/15/2010 20:00:00,       219.913119
10/15/2010 21:00:00,       222.918530
10/15/2010 22:00:00,       223.589639
10/15/2010 23:00:00,       223.527399
10/16/2010 00:00:00,       223.387768
10/16/2010 01:00:00,       220.143769
10/16/2010 02:00:00,       216.972266
10/16/2010 03:00:00,       213.311198
10/16/2010 04:00:00,       209.619942
10/16/2010 05:00:00,       206.502785
10/16/2010 06:00:00,       203.635634
10/16/2010 07:00:00,       201.470830
10/16/2010 08:00:00,       198.674802
10/16/2010 09:00:00,       196.619423
10/16/2010 10:00:00,       194.024329
10/16/2010 11:00:00,       191.948197
10/16/2010 12:00:00,       189.774209
10/16/2010 13:00:00,       187.920316
10/16/2010 14:00:00,       187.025029
10/16/2010 15:00:00,       187.264926
10/16/2010 16:00:00,       190.060532
10/16/2010 17:00:00,       191.210855
10/16/2010 18:00:00,       190.253476
10/16/2010 19:00:00,       191.540805
10/16/2010 20:00:00,       191.221920
10/16/2010 21:00:00,       189.589707
10/16/2010 22:00:00,       186.471110
10/16/2010 23:00:00,       184.695133
10/17/2010 00:00:00,       182.898424
10/17/2010 01:00:00,        91.440466
10/17/2010 02:00:00,        91.260792
10/17/2010 03:00:00,        92.045634
10/17/2010 04:00:00,        94.392364
10/17/2010 05:00:00,        98.976513
10/17/2010 06:00:00,       102.684995
10/17/2010 07:00:00,       103.287591
10/17/2010 08:00:00,       103.292889
10/17/2010 09:00:00,       103.392730
10/17/2010 10:00:00,       107.443011
10/17/2010 11:00:00,       113.691012
10/17/2010 12:00:00,       123.978307
10/17/2010 13:00:00,       132.525487
10/17/2010 14:00:00,       143.009890
10/17/2010 15:00:00,       150.286719
10/17/2010 16:00:00,       154.196999
10/17/2010 17:00:00,       160.217911
10/17/2010 18:00:00,       164.927146
10/17/2010 19:00:00,       165.869934
10/17/2010 20:00:00,       171.137907
10/17/2010 21:00:00,       179.293609
10/17/2010 22:00:00,       189.532165
10/17/2010 23:00:00,       193.335854
10/18/2010 00:00:00,       198.325904
10/18/2010 01:00:00,       217.144073
10/18/2010 02:00:00,       217.007143
10/18/2010 03:00:00,       219.154384
10/18/2010 04:00:00,       219.751725
10/18/2010 05:00:00,       220.203123
10/18/2010 06:00:00,       190.405803
10/18/2010 07:00:00,       188.786416
10/18/2010 08:00:00,       188.313035
10/18/2010 09:00:00,       187.991220
10/18/2010 10:00:00,       187.848509
10/18/2010 11:00:00,       188.096619
10/18/2010 12:00:00,       188.197779
10/18/2010 13:00:00,       218.644628
10/18/2010 14:00:00,       219.729713
10/18/2010 15:00:00,       216.890772
10/18/2010 16:00:00,       217.172726
10/18/2010 17:00:00,       217.455086
10/18/2010 18:00:00,       217.922709
10/18/2010 19:00:00,       217.711149
10/18/2010 20:00:00,       217.510855
10/18/2010 21:00:00,       217.855715
10/18/2010 22:00:00,       217.810150
10/18/2010 23:00:00,       217.691113
10/19/2010 00:00:00,       217.266659
10/19/2010 01:00:00,       214.148620
10/19/2010 02:00:00,       211.857487
10/19/2010 03:00:00,       208.651688
10/19/2010 04:00:00,       208.055010
10/19/2010 05:00:00,       206.100583
10/19/2010 06:00:00,       203.058624
10/19/2010 07:00:00,       198.459917
10/19/2010 08:00:00,       193.556336
10/19/2010 09:00:00,       188.844453
10/19/2010 10:00:00,       184.899729
10/19/2010 11:00:00,       179.214225
10/19/2010 12:00:00,       172.104048
10/19/2010 13:00:00,       166.618096
10/19/2010 14:00:00,       159.430106
10/19/2010 15:00:00,       148.935034
10/19/2010 16:00:00,       141.433160
10/19/2010 17:00:00,       135.405931
10/19/2010 18:00:00,       132.748629
10/19/2010 19:00:00,       130.785681
10/19/2010 20:00:00,       130.111498
10/19/2010 21:00:00,       130.352196
10/19/2010 22:00:00,       127.638895
10/19/2010 23:00:00,       126.678813
10/20/2010 00:00:00,       123.259892
10/20/2010 01:00:00,       127.351902
10/20/2010 02:00:00,       128.330688
10/20/2010 03:00:00,       127.224615
10/20/2010 04:00:00,       130.663569
10/20/2010 05:00:00,       135.072037
10/20/2010 06:00:00,       134.447396
10/20/2010 07:00:00,       133.426350
10/20/2010 08:00:00,       131.093625
10/20/2010 09:00:00,       127.584364
10/20/2010 10:00:00,       120.642902
10/20/2010 11:00:00,       115.779013
10/20/2010 12:00:00,       110.646135
10/20/2010 13:00:00,       105.616951
10/20/2010 14:00:00,       101.760855
10/20/2010 15:00:00,        96.157416
10/20/2010 16:00:00,        90.073931
10/20/2010 17:00:00,        81.140759
10/20/2010 18:00:00,        76.438060
10/20/2010 19:00:00,        70.568752
10/20/2010 20:00:00,        68.144744
10/20/2010 21:00:00,        67.179391
10/20/2010 22:00:00,        63.975540
10/20/2010 23:00:00,        62.027300
10/21/2010 00:00:00,        59.580824
10/21/2010 01:00:00,       150.732681
10/21/2010 02:00:00,       144.138172
10/21/2010 03:00:00,       137.573600
10/21/2010 04:00:00,       129.502087
10/21/2010 05:00:00,       125.429362
10/21/2010 06:00:00,       123.526731
10/21/2010 07:00:00,       123.245933
10/21/2010 08:00:00,       121.887270
10/21/2010 09:00:00,       116.498268
10/21/2010 10:00:00,       108.626606
10/21/2010 11:00:00,       101.044148
10/21/2010 12:00:00,        96.731524
10/21/2010 13:00:00,        90.991771
10/21/2010 14:00:00,        84.040065
10/21/2010 15:00:00,        76.863453
10/21/2010 16:00:00,        76.516212
10/21/2010 17:00:00,        79.105731
10/21/2010 18:00:00,        82.228291
10/21/2010 19:00:00,        76.708135
10/21/2010 20:00:00,        72.654724
10/21/2010 21:00:00,        64.523707
10/21/2010 22:00:00,        61.265981
10/21/2010 23:00:00,        59.875882
10/22/2010 00:00:00,        59.697102
10/22/2010 01:00:00,       167.305605
10/22/2010 02:00:00,       174.700428
10/22/2010 03:00:00,       156.587128
10/22/2010 04:00:00,        66.740130
10/22/2010 05:00:00,        53.708779
10/22/2010 06:00:00,        50.121442
10/22/2010 07:00:00,        62.422989
10/22/2010 08:00:00,        63.759254
10/22/2010 09:00:00,        39.374529
10/22/2010 10:00:00,        39.864937
10/22/2010 11:00:00,        40.307940
10/22/2010 12:00:00,        83.396885
10/22/2010 13:00:00,       142.636118
10/22/2010 14:00:00,       176.561893
10/22/2010 15:00:00,       183.369119
10/22/2010 16:00:00,       214.316843
10/22/2010 17:00:00,       216.434012
10/22/2010 18:00:00,       220.714465
10/22/2010 19:00:00,       221.900952
10/22/2010 20:00:00,       223.345560
10/22/2010 21:00:00,       223.481079
10/22/2010 22:00:00,       223.787263
10/22/2010 23:00:00,       223.922956
10/23/2010 00:00:00,       223.948808
10/23/2010 01:00:00,       223.766526
10/23/2010 02:00:00,       223.779825
10/23/2010 03:00:00,       223.661215
10/23/2010 04:00:00,       223.596802
10/23/2010 05:00:00,       223.712260
10/23/2010 06:00:00,       223.686658
10/23/2010 07:00:00,       223.597117
10/23/2010 08:00:00,       223.484742
10/23/2010 09:00:00,       208.192494
10/23/2010 10:00:00,       193.062581
10/23/2010 11:00:00,       192.362929
10/23/2010 12:00:00,       191.552668
10/23/2010 13:00:00,       220.187279
10/23/2010 14:00:00,       220.800551
10/23/2010 15:00:00,       221.169753
10/23/2010 16:00:00,       220.843406
10/23/2010 17:00:00,       220.676576
10/23/2010 18:00:00,       220.133551
10/23/2010 19:00:00,       219.724301
10/23/2010 20:00:00,       218.468010
10/23/2010 21:00:00,       216.865794
10/23/2010 22:00:00,       215.154533
10/23/2010 23:00:00,       213.275585
10/24/2010 00:00:00,       210.921643
10/24/2010 01:00:00,       131.383723
10/24/2010 02:00:00,       129.517216
10/24/2010 03:00:00,       125.325426
10/24/2010 04:00:00,       120.277084
10/24/2010 05:00:00,       116.896835
10/24/2010 06:00:00,       113.259711
10/24/2010 07:00:00,       106.991877
10/24/2010 08:00:00,        94.947498
10/24/2010 09:00:00,        84.806419
10/24/2010 10:00:00,        78.803108
10/24/2010 11:00:00,        72.305345
10/24/2010 12:00:00,        65.540615
10/24/2010 13:00:00,        58.397813
10/24/2010 14:00:00,        50.081484
10/24/2010 15:00:00,        41.822754
10/24/2010 16:00:00,        32.354535
10/24/2010 17:00:00,        25.650433
10/24/2010 18:00:00,        18.742399
10/24/2010 19:00:00,        13.415619
10/24/2010 20:00:00,        10.346996
10/24/2010 21:00:00,         9.235208
10/24/2010 22:00:00,         9.024116
10/24/2010 23:00:00,         9.115120
10/25/2010 00:00:00,         8.441054
10/25/2010 01:00:00,         3.968321
10/25/2010 02:00:00,         4.913232
10/25/2010 03:00:00,         5.778916
10/25/2010 04:00:00,         6.584919
10/25/2010 05:00:00,         7.474819
10/25/2010 06:00:00,         9.357595
10/25/2010 07:00:00,        10.671982
10/25/2010 08:00:00,        10.593349
10/25/2010 09:00:00,        12.077430
10/25/2010 10:00:00,        12.638139
10/25/2010 11:00:00,        12.500307
10/25/2010 12:00:00,        12.102780
10/25/2010 13:00:00,        11.733819
10/25/2010 14:00:00,        11.264497
10/25/2010 15:00:00,        10.570807
10/25/2010 16:00:00,        10.802294
10/25/2010 17:00:00,        10.552030
10/25/2010 18:00:00,        10.607450
10/25/2010 19:00:00,        10.410145
10/25/2010 20:00:00,        10.936419
10/25/2010 21:00:00,        11.228906
10/25/2010 22:00:00,        11.144323
10/25/2010 23:00:00,        11.698329
10/26/2010 00:00:00,        13.316598
10/26/2010 01:00:00,        75.100450
10/26/2010 02:00:00,        73.980917
10/26/2010 03:00:00,        72.474368
10/26/2010 04:00:00,        69.687488
10/26/2010 05:00:00,        66.323698
10/26/2010 06:00:00,        63.646638
10/26/2010 07:00:00,        59.835551
10/26/2010 08:00:00,        56.558540
10/26/2010 09:00:00,        47.386028
10/26/2010 10:00:00,        39.254430
10/26/2010 11:00:00,        31.985791
10/26/2010 12:00:00,        26.677818
10/26/2010 13:00:00,        21.860500
10/26/2010 14:00:00,        17.370952
10/26/2010 15:00:00,        15.503002
10/26/2010 16:00:00,        15.781946
10/26/2010 17:00:00,        18.365883
10/26/2010 18:00:00,        22.599786
10/26/2010 19:00:00,        25.553707
10/26/2010 20:00:00,        29.495798
10/26/2010 21:00:00,        33.722941
10/26/2010 22:00:00,        38.418158
10/26/2010 23:00:00,        44.304695
10/27/2010 00:00:00,        49.246671
10/27/2010 01:00:00,       101.240009
10/27/2010 02:00:00,       103.176555
10/27/2010 03:00:00,       106.732914
10/27/2010 04:00:00,       110.254057
10/27/2010 05:00:00,       109.335612
10/27/2010 06:00:00,       109.057336
10/27/2010 07:00:00,       111.389599
10/27/2010 08:00:00,       116.021643
10/27/2010 09:00:00,       116.280327
10/27/2010 10:00:00,       112.830368
10/27/2010 11:00:00,       110.823647
10/27/2010 12:00:00,       103.256968
10/27/2010 13:00:00,       100.169596
10/27/2010 14:00:00,        96.452846
10/27/2010 15:00:00,        92.948207
10/27/2010 16:00:00,        88.903786
10/27/2010 17:00:00,        83.726266
10/27/2010 18:00:00,        82.987236
10/27/2010 19:00:00,        80.237811
10/27/2010 20:00:00,        75.658055
10/27/2010 21:00:00,        70.632677
10/27/2010 22:00:00,        66.147314
10/27/2010 23:00:00,        65.613291
10/28/2010 00:00:00,        69.690543
10/28/2010 01:00:00,        95.817673
10/28/2010 02:00:00,        98.874522
10/28/2010 03:00:00,       102.986849
10/28/2010 04:00:00,       111.267931
10/28/2010 05:00:00,       117.500167
10/28/2010 06:00:00,       122.730736
10/28/2010 07:00:00,       125.011649
10/28/2010 08:00:00,       128.748960
10/28/2010 09:00:00,       130.215070
10/28/2010 10:00:00,       135.300409
10/28/2010 11:00:00,       144.672180
10/28/2010 12:00:00,       154.191145
10/28/2010 13:00:00,       161.042295
10/28/2010 14:00:00,       168.378856
10/28/2010 15:00:00,       171.573167
10/28/2010 16:00:00,       176.225877
10/28/2010 17:00:00,       180.769953
10/28/2010 18:00:00,       185.948537
10/28/2010 19:00:00,       189.213777
10/28/2010 20:00:00,       195.168843
10/28/2010 21:00:00,       199.102573
10/28/2010 22:00:00,       200.768600
10/28/2010 23:00:00,       203.931999
10/29/2010 00:00:00,       202.255703
10/29/2010 01:00:00,       176.539817
10/29/2010 02:00:00,       168.422226
10/29/2010 03:00:00,       160.538781
10/29/2010 04:00:00,       152.291799
10/29/2010 05:00:00,       142.545039
10/29/2010 06:00:00,       135.819464
10/29/2010 07:00:00,       128.531952
10/29/2010 08:00:00,       116.759094
10/29/2010 09:00:00,       103.695589
10/29/2010 10:00:00,        93.039386
10/29/2010 11:00:00,        80.439370
10/29/2010 12:00:00,        72.127094
10/29/2010 13:00:00,        66.646016
10/29/2010 14:00:00,        60.975355
10/29/2010 15:00:00,        61.353850
10/29/2010 16:00:00,        64.109600
10/29/2010 17:00:00,        70.197176
10/29/2010 18:00:00,        78.131728
10/29/2010 19:00:00,        79.943734
10/29/2010 20:00:00,        82.764402
10/29/2010 21:00:00,        86.271158
10/29/2010 22:00:00,        92.264369
10/29/2010 23:00:00,       104.064490
10/30/2010 00:00:00,        96.210800
10/30/2010 01:00:00,       136.491445
10/30/2010 02:00:00,       103.063390
10/30/2010 03:00:00,        92.740652
10/30/2010 04:00:00,       154.550716
10/30/2010 05:00:00,       159.454064
10/30/2010 06:00:00,       191.162337
10/30/2010 07:00:00,       194.373709
10/30/2010 08:00:00,       189.368305
10/30/2010 09:00:00,       190.037611
10/30/2010 10:00:00,       188.224750
10/30/2010 11:00:00,       193.312759
10/30/2010 12:00:00,       194.090492
10/30/2010 13:00:00,       193.824611
10/30/2010 14:00:00,       196.046388
10/30/2010 15:00:00,       197.070450
10/30/2010 16:00:00,       197.482841
10/30/2010 17:00:00,       197.256653
10/30/2010 18:00:00,       196.468189
10/30/2010 19:00:00,       196.758681
10/30/2010 20:00:00,       196.298109
10/30/2010 21:00:00,       194.412015
10/30/2010 22:00:00,       190.595109
10/30/2010 23:00:00,       188.300024
10/31/2010 00:00:00,       183.532027
10/31/2010 01:00:00,        45.909172
10/31/2010 02:00:00,        41.077363
10/31/2010 03:00:00,        33.926908
10/31/2010 04:00:00,        28.445764
10/31/2010 05:00:00,        24.470589
10/31/2010 06:00:00,        21.405005
10/31/2010 07:00:00,        18.855917
10/31/2010 08:00:00,        11.824734
10/31/2010 09:00:00,         6.924291
10/31/2010 10:00:00,         4.367498
10/31/2010 11:00:00,         3.914663
10/31/2010 12:00:00,         5.479646
10/31/2010 13:00:00,         8.439281
10/31/2010 14:00:00,        12.027124
10/31/2010 15:00:00,        15.332305
10/31/2010 16:00:00,        20.288837
10/31/2010 17:00:00,        25.352646
10/31/2010 18:00:00,        28.246230
10/31/2010 19:00:00,        31.263648
10/31/2010 20:00:00,        34.537892
10/31/2010 21:00:00,        37.138358
10/31/2010 22:00:00,        41.791121
10/31/2010 23:00:00,        46.555696
11/01/2010 00:00:00,        46.778457
11/01/2010 01:00:00,        47.793310
11/01/2010 02:00:00,        48.200497
11/01/2010 03:00:00,        48.583439
11/01/2010 04:00:00,        50.010469
11/01/2010 05:00:00,        49.876400
11/01/2010 06:00:00,        49.768090
11/01/2010 07:00:00,        50.453150
11/01/2010 08:00:00,        49.815090
11/01/2010 09:00:00,        45.237691
11/01/2010 10:00:00,        33.521643
11/01/2010 11:00:00,        20.586793
11/01/2010 12:00:00,         9.548061
11/01/2010 13:00:00,        18.484458
11/01/2010 14:00:00,        24.327984
11/01/2010 15:00:00,        27.556057
11/01/2010 16:00:00,        29.652298
11/01/2010 17:00:00,        28.792423
11/01/2010 18:00:00,        28.627477
11/01/2010 19:00:00,        30.520918
11/01/2010 20:00:00,        30.721945
11/01/2010 21:00:00,        33.589647
11/01/2010 22:00:00,        36.113688
11/01/2010 23:00:00,        36.239560
11/02/2010 00:00:00,        38.205450
11/02/2010 01:00:00,        52.797515
11/02/2010 02:00:00,        53.618685
11/02/2010 03:00:00,        50.376190
11/02/2010 04:00:00,        51.427570
11/02/2010 05:00:00,        51.984041
11/02/2010 06:00:00,        52.397458
11/02/2010 07:00:00,        51.501883
11/02/2010 08:00:00,        49.946550
11/02/2010 09:00:00,        47.505508
11/02/2010 10:00:00,        44.898470
11/02/2010 11:00:00,        40.962207
11/02/2010 12:00:00,        37.901507
11/02/2010 13:00:00,        33.274836
11/02/2010 14:00:00,        30.039500
11/02/2010 15:00:00,        27.820969
11/02/2010 16:00:00,        25.774146
11/02/2010 17:00:00,        28.425885
11/02/2010 18:00:00,        32.315566
11/02/2010 19:00:00,        33.368823
11/02/2010 20:00:00,        35.583811
11/02/2010 21:00:00,        38.334313
11/02/2010 22:00:00,        41.495853
11/02/2010 23:00:00,        45.679988
11/03/2010 00:00:00,        51.571604
11/03/2010 01:00:00,        48.603180
11/03/2010 02:00:00,        63.297899
11/03/2010 03:00:00,        68.032550
11/03/2010 04:00:00,        73.458308
11/03/2010 05:00:00,        76.404532
11/03/2010 06:00:00,        79.300306
11/03/2010 07:00:00,        82.569690
11/03/2010 08:00:00,        76.372435
11/03/2010 09:00:00,        75.263448
11/03/2010 10:00:00,        74.911060
11/03/2010 11:00:00,        60.430775
11/03/2010 12:00:00,        38.241238
11/03/2010 13:00:00,        29.650992
11/03/2010 14:00:00,        38.184860
11/03/2010 15:00:00,        47.242653
11/03/2010 16:00:00,        47.902458
11/03/2010 17:00:00,        44.861371
11/03/2010 18:00:00,        42.516522
11/03/2010 19:00:00,        39.926834
11/03/2010 20:00:00,        37.736430
11/03/2010 21:00:00,        37.694260
11/03/2010 22:00:00,        39.385378
11/03/2010 23:00:00,        41.412297
11/04/2010 00:00:00,        42.362221
11/04/2010 01:00:00,        74.373433
11/04/2010 02:00:00,        75.941860
11/04/2010 03:00:00,        74.928353
11/04/2010 04:00:00,        73.078842
11/04/2010 05:00:00,        74.076792
11/04/2010 06:00:00,        76.226967
11/04/2010 07:00:00,        75.920650
11/04/2010 08:00:00,        77.653738
11/04/2010 09:00:00,        73.616190
11/04/2010 10:00:00,        69.848872
11/04/2010 11:00:00,        66.791171
11/04/2010 12:00:00,        35.533111
11/04/2010 13:00:00,        52.492625
11/04/2010 14:00:00,        52.489628
11/04/2010 15:00:00,        52.178649
11/04/2010 16:00:00,        30.571046
11/04/2010 17:00:00,        54.267256
11/04/2010 18:00:00,        50.950221
11/04/2010 19:00:00,        47.998645
11/04/2010 20:00:00,        46.153935
11/04/2010 21:00:00,        45.636530
11/04/2010 22:00:00,        46.828653
11/04/2010 23:00:00,        47.109576
11/05/2010 00:00:00,        46.869799
11/05/2010 01:00:00,        11.820834
11/05/2010 02:00:00,         0.593521
11/05/2010 03:00:00,         0.000000
11/05/2010 04:00:00,         0.000000
11/05/2010 05:00:00,         0.000000
11/05/2010 06:00:00,         0.000000
11/05/2010 07:00:00,        56.892884
11/05/2010 08:00:00,        91.131214
11/05/2010 09:00:00,       103.099240
11/05/2010 10:00:00,       101.632018
11/05/2010 11:00:00,       103.335368
11/05/2010 12:00:00,       102.237510
11/05/2010 13:00:00,        97.693003
11/05/2010 14:00:00,        91.731746
11/05/2010 15:00:00,        83.107049
11/05/2010 16:00:00,        76.315240
11/05/2010 17:00:00,        71.895896
11/05/2010 18:00:00,        68.687948
11/05/2010 19:00:00,        66.950693
11/05/2010 20:00:00,        65.808145
11/05/2010 21:00:00,        64.092468
11/05/2010 22:00:00,        65.916536
11/05/2010 23:00:00,        65.143873
11/06/2010 00:00:00,        66.262554
11/06/2010 01:00:00,       153.262859
11/06/2010 02:00:00,       155.993301
11/06/2010 03:00:00,       140.171470
11/06/2010 04:00:00,       143.213168
11/06/2010 05:00:00,       117.698788
11/06/2010 06:00:00,        81.145831
11/06/2010 07:00:00,        69.075647
11/06/2010 08:00:00,        26.267190
11/06/2010 09:00:00,        20.784560
11/06/2010 10:00:00,        26.464460
11/06/2010 11:00:00,        40.270650
11/06/2010 12:00:00,        83.096370
11/06/2010 13:00:00,        79.214870
11/06/2010 14:00:00,        66.406670
11/06/2010 15:00:00,        58.066770
11/06/2010 16:00:00,        45.876400
11/06/2010 17:00:00,        33.434014
11/06/2010 18:00:00,        23.270020
11/06/2010 19:00:00,        15.976774
11/06/2010 20:00:00,         9.143354
11/06/2010 21:00:00,         6.012304
11/06/2010 22:00:00,         3.409341
11/06/2010 23:00:00,         2.910635
11/07/2010 00:00:00,         3.219926
11/07/2010 01:00:00,         9.168634
11/07/2010 02:00:00,        11.359992
11/07/2010 03:00:00,        14.098323
11/07/2010 04:00:00,        17.161992
11/07/2010 05:00:00,        20.075173
11/07/2010 06:00:00,        23.749378
11/07/2010 07:00:00,        25.758802
11/07/2010 08:00:00,        27.918025
11/07/2010 09:00:00,        30.489040
11/07/2010 10:00:00,        31.548232
11/07/2010 11:00:00,        32.169791
11/07/2010 12:00:00,        30.705673
11/07/2010 13:00:00,        29.383950
11/07/2010 14:00:00,        29.681825
11/07/2010 15:00:00,        29.894435
11/07/2010 16:00:00,        28.978822
11/07/2010 17:00:00,        29.692437
11/07/2010 18:00:00,        30.910591
11/07/2010 19:00:00,        30.666977
11/07/2010 20:00:00,        31.763640
11/07/2010 21:00:00,        34.967854
11/07/2010 22:00:00,        39.727094
11/07/2010 23:00:00,        46.915817
11/08/2010 00:00:00,        54.022947
11/08/2010 01:00:00,        98.174544
11/08/2010 02:00:00,       107.404306
11/08/2010 03:00:00,       117.236904
11/08/2010 04:00:00,       124.963673
11/08/2010 05:00:00,       130.144723
11/08/2010 06:00:00,       134.004163
11/08/2010 07:00:00,       136.860930
11/08/2010 08:00:00,       143.171960
11/08/2010 09:00:00,       149.442500
11/08/2010 10:00:00,       155.422417
11/08/2010 11:00:00,       156.011073
11/08/2010 12:00:00,       155.070302
11/08/2010 13:00:00,       158.850866
11/08/2010 14:00:00,       163.222253
11/08/2010 15:00:00,       165.841162
11/08/2010 16:00:00,       168.096529
11/08/2010 17:00:00,       171.351656
11/08/2010 18:00:00,       194.611213
11/08/2010 19:00:00,       197.225661
11/08/2010 20:00:00,       196.812592
11/08/2010 21:00:00,       195.960957
11/08/2010 22:00:00,       197.451347
11/08/2010 23:00:00,       195.125262
11/09/2010 00:00:00,       196.530436
11/09/2010 01:00:00,       192.494367
11/09/2010 02:00:00,       192.172745
11/09/2010 03:00:00,       191.423545
11/09/2010 04:00:00,       191.609881
11/09/2010 05:00:00,       191.373406
11/09/2010 06:00:00,       190.757964
11/09/2010 07:00:00,       190.114278
11/09/2010 08:00:00,       188.349105
11/09/2010 09:00:00,       184.909014
11/09/2010 10:00:00,       181.719746
11/09/2010 11:00:00,       179.020148
11/09/2010 12:00:00,       174.299218
11/09/2010 13:00:00,       170.092427
11/09/2010 14:00:00,       166.525501
11/09/2010 15:00:00,       166.729574
11/09/2010 16:00:00,       168.088978
11/09/2010 17:00:00,       170.303247
11/09/2010 18:00:00,       171.326444
11/09/2010 19:00:00,       170.985449
11/09/2010 20:00:00,       169.402826
11/09/2010 21:00:00,       170.472019
11/09/2010 22:00:00,       172.213400
11/09/2010 23:00:00,       176.520336
11/10/2010 00:00:00,       180.274384
11/10/2010 01:00:00,       199.592216
11/10/2010 02:00:00,       197.451811
11/10/2010 03:00:00,       194.640314
11/10/2010 04:00:00,       193.020971
11/10/2010 05:00:00,       193.778003
11/10/2010 06:00:00,       195.832927
11/10/2010 07:00:00,       133.167772
11/10/2010 08:00:00,       129.108140
11/10/2010 09:00:00,       119.805556
11/10/2010 10:00:00,       115.721101
11/10/2010 11:00:00,       109.651819
11/10/2010 12:00:00,       113.425482
11/10/2010 13:00:00,       138.860991
11/10/2010 14:00:00,       128.705269
11/10/2010 15:00:00,       126.712570
11/10/2010 16:00:00,       125.183296
11/10/2010 17:00:00,       123.978530
11/10/2010 18:00:00,       123.719593
11/10/2010 19:00:00,       118.714995
11/10/2010 20:00:00,       114.200498
11/10/2010 21:00:00,       111.944417
11/10/2010 22:00:00,       113.872254
11/10/2010 23:00:00,       118.599393
11/11/2010 00:00:00,       124.639742
11/11/2010 01:00:00,       188.400216
11/11/2010 02:00:00,       184.845003
11/11/2010 03:00:00,       180.682677
11/11/2010 04:00:00,       174.837707
11/11/2010 05:00:00,       168.264096
11/11/2010 06:00:00,       161.739823
11/11/2010 07:00:00,       154.319954
11/11/2010 08:00:00,       142.522049
11/11/2010 09:00:00,       129.913145
11/11/2010 10:00:00,       116.427190
11/11/2010 11:00:00,       101.949207
11/11/2010 12:00:00,        87.735717
11/11/2010 13:00:00,        74.117778
11/11/2010 14:00:00,        61.818487
11/11/2010 15:00:00,        50.811084
11/11/2010 16:00:00,        40.857302
11/11/2010 17:00:00,        31.977295
11/11/2010 18:00:00,        25.110298
11/11/2010 19:00:00,        19.688750
11/11/2010 20:00:00,        15.838575
11/11/2010 21:00:00,        13.696586
11/11/2010 22:00:00,        13.661520
11/11/2010 23:00:00,        14.540334
11/12/2010 00:00:00,        15.108229
11/12/2010 01:00:00,        13.160019
11/12/2010 02:00:00,        12.582612
11/12/2010 03:00:00,        11.450317
11/12/2010 04:00:00,        10.398848
11/12/2010 05:00:00,        10.603354
11/12/2010 06:00:00,        10.063727
11/12/2010 07:00:00,         9.125892
11/12/2010 08:00:00,         8.766299
11/12/2010 09:00:00,         8.444858
11/12/2010 10:00:00,         8.442088
11/12/2010 11:00:00,         8.289120
11/12/2010 12:00:00,         8.265775
11/12/2010 13:00:00,         9.090686
11/12/2010 14:00:00,        10.963624
11/12/2010 15:00:00,        13.504677
11/12/2010 16:00:00,        16.967576
11/12/2010 17:00:00,        21.031472
11/12/2010 18:00:00,        25.651753
11/12/2010 19:00:00,        27.747498
11/12/2010 20:00:00,        30.400410
11/12/2010 21:00:00,        33.250531
11/12/2010 22:00:00,        36.994396
11/12/2010 23:00:00,        42.816029
11/13/2010 00:00:00,        49.309115
11/13/2010 01:00:00,       100.499478
11/13/2010 02:00:00,       101.591752
11/13/2010 03:00:00,       101.168732
11/13/2010 04:00:00,       102.690329
11/13/2010 05:00:00,       103.968806
11/13/2010 06:00:00,       105.725232
11/13/2010 07:00:00,       106.292139
11/13/2010 08:00:00,       104.085165
11/13/2010 09:00:00,        98.765143
11/13/2010 10:00:00,        91.574823
11/13/2010 11:00:00,        84.912652
11/13/2010 12:00:00,        77.780625
11/13/2010 13:00:00,        69.698648
11/13/2010 14:00:00,        60.824207
11/13/2010 15:00:00,        52.949944
11/13/2010 16:00:00,        46.635277
11/13/2010 17:00:00,        40.587189
11/13/2010 18:00:00,        35.758202
11/13/2010 19:00:00,        31.996772
11/13/2010 20:00:00,        29.182759
11/13/2010 21:00:00,        27.550105
11/13/2010 22:00:00,        26.512973
11/13/2010 23:00:00,        29.721567
11/14/2010 00:00:00,        40.100310
11/14/2010 01:00:00,        99.176914
11/14/2010 02:00:00,        92.902639
11/14/2010 03:00:00,        92.323350
11/14/2010 04:00:00,        90.991888
11/14/2010 05:00:00,        84.939805
11/14/2010 06:00:00,        80.422660
11/14/2010 07:00:00,        82.893138
11/14/2010 08:00:00,        77.533846
11/14/2010 09:00:00,        75.082169
11/14/2010 10:00:00,        67.145665
11/14/2010 11:00:00,        59.383177
11/14/2010 12:00:00,        52.758269
11/14/2010 13:00:00,        47.848787
11/14/2010 14:00:00,        41.292789
11/14/2010 15:00:00,        38.053491
11/14/2010 16:00:00,        37.144455
11/14/2010 17:00:00,        39.953303
11/14/2010 18:00:00,        44.548180
11/14/2010 19:00:00,        44.479892
11/14/2010 20:00:00,        45.572268
11/14/2010 21:00:00,        47.574954
11/14/2010 22:00:00,        50.557848
11/14/2010 23:00:00,        55.300880
11/15/2010 00:00:00,        60.416619
11/15/2010 01:00:00,        71.729648
11/15/2010 02:00:00,        71.695380
11/15/2010 03:00:00,        57.549802
11/15/2010 04:00:00,        65.467712
11/15/2010 05:00:00,        74.907351
11/15/2010 06:00:00,        79.409970
11/15/2010 07:00:00,        79.444960
11/15/2010 08:00:00,        75.540400
11/15/2010 09:00:00,        71.409560
11/15/2010 10:00:00,        69.483560
11/15/2010 11:00:00,        68.933677
11/15/2010 12:00:00,        69.236310
11/15/2010 13:00:00,        68.015320
11/15/2010 14:00:00,        64.398916
11/15/2010 15:00:00,        63.588225
11/15/2010 16:00:00,        61.911921
11/15/2010 17:00:00,        60.163268
11/15/2010 18:00:00,        57.002245
11/15/2010 19:00:00,        52.677854
11/15/2010 20:00:00,        49.680220
11/15/2010 21:00:00,        47.713919
11/15/2010 22:00:00,        46.084646
11/15/2010 23:00:00,        46.130155
11/16/2010 00:00:00,        45.412617
11/16/2010 01:00:00,        16.425996
11/16/2010 02:00:00,        16.229925
11/16/2010 03:00:00,        15.550982
11/16/2010 04:00:00,        15.733905
11/16/2010 05:00:00,        15.631969
11/16/2010 06:00:00,        15.565287
11/16/2010 07:00:00,        16.330695
11/16/2010 08:00:00,        16.038312
11/16/2010 09:00:00,        15.787458
11/16/2010 10:00:00,        14.557829
11/16/2010 11:00:00,        13.722887
11/16/2010 12:00:00,        12.724244
11/16/2010 13:00:00,        10.997308
11/16/2010 14:00:00,         9.312759
11/16/2010 15:00:00,         7.834032
11/16/2010 16:00:00,         6.274164
11/16/2010 17:00:00,         4.381504
11/16/2010 18:00:00,         3.305476
11/16/2010 19:00:00,         2.561179
11/16/2010 20:00:00,         2.157991
11/16/2010 21:00:00,         1.985977
11/16/2010 22:00:00,         2.247562
11/16/2010 23:00:00,         3.039288
11/17/2010 00:00:00,         4.468912
11/17/2010 01:00:00,        25.145072
11/17/2010 02:00:00,        32.301905
11/17/2010 03:00:00,        40.960678
11/17/2010 04:00:00,        51.804698
11/17/2010 05:00:00,        61.431221
11/17/2010 06:00:00,        73.676287
11/17/2010 07:00:00,        85.163312
11/17/2010 08:00:00,       100.189986
11/17/2010 09:00:00,       112.743952
11/17/2010 10:00:00,       122.446502
11/17/2010 11:00:00,       130.851233
11/17/2010 12:00:00,       135.600442
11/17/2010 13:00:00,       138.248202
11/17/2010 14:00:00,       138.235374
11/17/2010 15:00:00,       137.298592
11/17/2010 16:00:00,       136.034153
11/17/2010 17:00:00,       136.546401
11/17/2010 18:00:00,       130.565234
11/17/2010 19:00:00,       125.111993
11/17/2010 20:00:00,       118.546077
11/17/2010 21:00:00,       113.434139
11/17/2010 22:00:00,       106.519047
11/17/2010 23:00:00,       103.406648
11/18/2010 00:00:00,        99.898235
11/18/2010 01:00:00,       145.273717
11/18/2010 02:00:00,       153.924547
11/18/2010 03:00:00,       158.635650
11/18/2010 04:00:00,       163.092819
11/18/2010 05:00:00,       167.150597
11/18/2010 06:00:00,       171.877352
11/18/2010 07:00:00,       134.053411
11/18/2010 08:00:00,        47.456752
11/18/2010 09:00:00,        46.034968
11/18/2010 10:00:00,        97.672727
11/18/2010 11:00:00,        98.701187
11/18/2010 12:00:00,       174.364168
11/18/2010 13:00:00,       213.535501
11/18/2010 14:00:00,       217.667670
11/18/2010 15:00:00,       218.249260
11/18/2010 16:00:00,       220.319453
11/18/2010 17:00:00,       221.660693
11/18/2010 18:00:00,       220.951436
11/18/2010 19:00:00,       220.913010
11/18/2010 20:00:00,       219.902682
11/18/2010 21:00:00,       218.347205
11/18/2010 22:00:00,       216.701665
11/18/2010 23:00:00,       214.643544
11/19/2010 00:00:00,       211.757083
11/19/2010 01:00:00,       167.018917
11/19/2010 02:00:00,       167.498277
11/19/2010 03:00:00,       167.440977
11/19/2010 04:00:00,       168.095825
11/19/2010 05:00:00,       169.089375
11/19/2010 06:00:00,       168.479286
11/19/2010 07:00:00,       168.351418
11/19/2010 08:00:00,       165.957464
11/19/2010 09:00:00,       166.759316
11/19/2010 10:00:00,       169.297558
11/19/2010 11:00:00,       169.376435
11/19/2010 12:00:00,       167.798285
11/19/2010 13:00:00,       163.864408
11/19/2010 14:00:00,       156.735624
11/19/2010 15:00:00,       145.978315
11/19/2010 16:00:00,       138.041198
11/19/2010 17:00:00,       131.060605
11/19/2010 18:00:00,       121.052023
11/19/2010 19:00:00,       114.705958
11/19/2010 20:00:00,       107.894940
11/19/2010 21:00:00,       102.939915
11/19/2010 22:00:00,        94.303298
11/19/2010 23:00:00,        83.819426
11/20/2010 00:00:00,        75.277473
11/20/2010 01:00:00,        19.671747
11/20/2010 02:00:00,        21.409096
11/20/2010 03:00:00,        23.635239
11/20/2010 04:00:00,        25.800123
11/20/2010 05:00:00,        29.398768
11/20/2010 06:00:00,        31.520755
11/20/2010 07:00:00,        34.286014
11/20/2010 08:00:00,        28.063187
11/20/2010 09:00:00,        25.974091
11/20/2010 10:00:00,        43.488460
11/20/2010 11:00:00,        52.050120
11/20/2010 12:00:00,        31.142347
11/20/2010 13:00:00,         2.137216
11/20/2010 14:00:00,         0.799332
11/20/2010 15:00:00,        19.610474
11/20/2010 16:00:00,        43.315791
11/20/2010 17:00:00,        81.327170
11/20/2010 18:00:00,       116.504453
11/20/2010 19:00:00,       114.574187
11/20/2010 20:00:00,       179.134536
11/20/2010 21:00:00,       182.567039
11/20/2010 22:00:00,       186.873918
11/20/2010 23:00:00,       188.614377
11/21/2010 00:00:00,       182.235522
11/21/2010 01:00:00,       187.884103
11/21/2010 02:00:00,       183.049420
11/21/2010 03:00:00,       178.185892
11/21/2010 04:00:00,       173.758337
11/21/2010 05:00:00,       167.387123
11/21/2010 06:00:00,       160.065502
11/21/2010 07:00:00,       152.058524
11/21/2010 08:00:00,       137.029147
11/21/2010 09:00:00,       120.458462
11/21/2010 10:00:00,       105.337379
11/21/2010 11:00:00,        91.393316
11/21/2010 12:00:00,        79.151392
11/21/2010 13:00:00,        67.577860
11/21/2010 14:00:00,        56.720618
11/21/2010 15:00:00,        46.358710
11/21/2010 16:00:00,        36.636250
11/21/2010 17:00:00,        26.656215
11/21/2010 18:00:00,        17.707174
11/21/2010 19:00:00,        10.533090
11/21/2010 20:00:00,         3.920750
11/21/2010 21:00:00,         0.997420
11/21/2010 22:00:00,         0.713412
11/21/2010 23:00:00,         1.061720
11/22/2010 00:00:00,         1.417200
11/22/2010 01:00:00,         9.878078
11/22/2010 02:00:00,        10.947788
11/22/2010 03:00:00,        11.949733
11/22/2010 04:00:00,        13.304522
11/22/2010 05:00:00,        15.692385
11/22/2010 06:00:00,        18.918520
11/22/2010 07:00:00,        20.104473
11/22/2010 08:00:00,        22.804889
11/22/2010 09:00:00,        25.658096
11/22/2010 10:00:00,        28.238023
11/22/2010 11:00:00,        30.537285
11/22/2010 12:00:00,        32.954113
11/22/2010 13:00:00,        14.639215
11/22/2010 14:00:00,         0.000000
11/22/2010 15:00:00,         0.000000
11/22/2010 16:00:00,         0.000000
11/22/2010 17:00:00,         0.000000
11/22/2010 18:00:00,         0.000000
11/22/2010 19:00:00,         0.000000
11/22/2010 20:00:00,         0.000000
11/22/2010 21:00:00,         3.247908
11/22/2010 22:00:00,        65.858216
11/22/2010 23:00:00,        69.672223
11/23/2010 00:00:00,        73.954016
11/23/2010 01:00:00,         8.860412
11/23/2010 02:00:00,         8.671485
11/23/2010 03:00:00,         8.518994
11/23/2010 04:00:00,         8.081527
11/23/2010 05:00:00,         9.153467
11/23/2010 06:00:00,        10.535515
11/23/2010 07:00:00,        14.169630
11/23/2010 08:00:00,        19.351167
11/23/2010 09:00:00,        27.192996
11/23/2010 10:00:00,        33.257222
11/23/2010 11:00:00,        40.386354
11/23/2010 12:00:00,        48.811874
11/23/2010 13:00:00,        58.407152
11/23/2010 14:00:00,        68.485637
11/23/2010 15:00:00,        80.717646
11/23/2010 16:00:00,        90.566385
11/23/2010 17:00:00,        98.695490
11/23/2010 18:00:00,       111.493349
11/23/2010 19:00:00,       120.828954
11/23/2010 20:00:00,       128.721915
11/23/2010 21:00:00,       133.560079
11/23/2010 22:00:00,       136.251831
11/23/2010 23:00:00,       139.996768
11/24/2010 00:00:00,       144.328200
11/24/2010 01:00:00,       193.013457
11/24/2010 02:00:00,       202.823706
11/24/2010 03:00:00,       206.195606
11/24/2010 04:00:00,       182.475343
11/24/2010 05:00:00,        67.492518
11/24/2010 06:00:00,        49.323681
11/24/2010 07:00:00,        45.654911
11/24/2010 08:00:00,       147.603096
11/24/2010 09:00:00,       178.022226
11/24/2010 10:00:00,       182.891245
11/24/2010 11:00:00,       213.692233
11/24/2010 12:00:00,       210.628117
11/24/2010 13:00:00,       211.387100
11/24/2010 14:00:00,       214.786289
11/24/2010 15:00:00,       217.955950
11/24/2010 16:00:00,       219.459054
11/24/2010 17:00:00,       220.268668
11/24/2010 18:00:00,       220.850885
11/24/2010 19:00:00,       221.618545
11/24/2010 20:00:00,       222.325709
11/24/2010 21:00:00,       222.632215
11/24/2010 22:00:00,       222.788334
11/24/2010 23:00:00,       222.917702
11/25/2010 00:00:00,       222.990150
11/25/2010 01:00:00,       222.612066
11/25/2010 02:00:00,       222.308619
11/25/2010 03:00:00,       221.792014
11/25/2010 04:00:00,       221.175869
11/25/2010 05:00:00,       220.405409
11/25/2010 06:00:00,       219.427747
11/25/2010 07:00:00,       217.853780
11/25/2010 08:00:00,       214.194230
11/25/2010 09:00:00,       206.759501
11/25/2010 10:00:00,       197.161414
11/25/2010 11:00:00,       184.964121
11/25/2010 12:00:00,       171.091700
11/25/2010 13:00:00,       157.064560
11/25/2010 14:00:00,       142.235032
11/25/2010 15:00:00,       129.357303
11/25/2010 16:00:00,       116.610533
11/25/2010 17:00:00,       101.781158
11/25/2010 18:00:00,        85.853430
11/25/2010 19:00:00,        75.716868
11/25/2010 20:00:00,        65.046931
11/25/2010 21:00:00,        55.595186
11/25/2010 22:00:00,        48.099529
11/25/2010 23:00:00,        42.094501
11/26/2010 00:00:00,        40.048105
11/26/2010 01:00:00,         8.933933
11/26/2010 02:00:00,        12.790680
11/26/2010 03:00:00,        16.036423
11/26/2010 04:00:00,        19.019642
11/26/2010 05:00:00,        23.500810
11/26/2010 06:00:00,        28.694334
11/26/2010 07:00:00,        33.468597
11/26/2010 08:00:00,        40.659633
11/26/2010 09:00:00,        31.120157
11/26/2010 10:00:00,        57.898946
11/26/2010 11:00:00,        65.718571
11/26/2010 12:00:00,        85.881040
11/26/2010 13:00:00,        98.684840
11/26/2010 14:00:00,        28.746495
11/26/2010 15:00:00,         0.980316
11/26/2010 16:00:00,         0.000000
11/26/2010 17:00:00,         0.000000
11/26/2010 18:00:00,       125.682550
11/26/2010 19:00:00,       130.899227
11/26/2010 20:00:00,       135.904251
11/26/2010 21:00:00,       142.366254
11/26/2010 22:00:00,       149.238985
11/26/2010 23:00:00,       162.820484
11/27/2010 00:00:00,       170.501968
11/27/2010 01:00:00,       208.938086
11/27/2010 02:00:00,       204.035179
11/27/2010 03:00:00,       194.999294
11/27/2010 04:00:00,       192.182033
11/27/2010 05:00:00,       187.039738
11/27/2010 06:00:00,       182.045924
11/27/2010 07:00:00,       178.196754
11/27/2010 08:00:00,       171.657590
11/27/2010 09:00:00,       160.158953
11/27/2010 10:00:00,       151.007309
11/27/2010 11:00:00,       136.409144
11/27/2010 12:00:00,       123.938925
11/27/2010 13:00:00,       105.703688
11/27/2010 14:00:00,        95.711755
11/27/2010 15:00:00,        93.694130
11/27/2010 16:00:00,        97.408840
11/27/2010 17:00:00,       112.321960
11/27/2010 18:00:00,        97.991732
11/27/2010 19:00:00,        44.772974
11/27/2010 20:00:00,       130.468847
11/27/2010 21:00:00,       135.704482
11/27/2010 22:00:00,       143.328283
11/27/2010 23:00:00,       156.398979
11/28/2010 00:00:00,       165.975118
11/28/2010 01:00:00,       159.846338
11/28/2010 02:00:00,       165.492124
11/28/2010 03:00:00,       173.699888
11/28/2010 04:00:00,       178.031113
11/28/2010 05:00:00,       180.929224
11/28/2010 06:00:00,       182.893241
11/28/2010 07:00:00,       184.653079
11/28/2010 08:00:00,       186.563839
11/28/2010 09:00:00,       191.017651
11/28/2010 10:00:00,       178.286986
11/28/2010 11:00:00,       194.994908
11/28/2010 12:00:00,       184.125367
11/28/2010 13:00:00,       184.558988
11/28/2010 14:00:00,       198.267662
11/28/2010 15:00:00,       196.152729
11/28/2010 16:00:00,       191.415403
11/28/2010 17:00:00,       186.070025
11/28/2010 18:00:00,       180.621618
11/28/2010 19:00:00,       178.461302
11/28/2010 20:00:00,       175.662231
11/28/2010 21:00:00,       173.971863
11/28/2010 22:00:00,       147.579978
11/28/2010 23:00:00,       135.185404
11/29/2010 00:00:00,        88.642653
11/29/2010 01:00:00,        61.120769
11/29/2010 02:00:00,        68.417800
11/29/2010 03:00:00,       115.143711
11/29/2010 04:00:00,       115.749855
11/29/2010 05:00:00,       118.265266
11/29/2010 06:00:00,       140.474243
11/29/2010 07:00:00,       141.418569
11/29/2010 08:00:00,       139.113736
11/29/2010 09:00:00,       136.961647
11/29/2010 10:00:00,       133.434878
11/29/2010 11:00:00,       130.580160
11/29/2010 12:00:00,       127.967422
11/29/2010 13:00:00,       121.611348
11/29/2010 14:00:00,       115.153124
11/29/2010 15:00:00,       111.294442
11/29/2010 16:00:00,       104.460880
11/29/2010 17:00:00,        91.965772
11/29/2010 18:00:00,        82.324280
11/29/2010 19:00:00,        75.918813
11/29/2010 20:00:00,        70.382841
11/29/2010 21:00:00,        63.304631
11/29/2010 22:00:00,        61.358858
11/29/2010 23:00:00,        61.333500
11/30/2010 00:00:00,        60.275857
11/30/2010 01:00:00,        21.777179
11/30/2010 02:00:00,        20.059402
11/30/2010 03:00:00,        19.447197
11/30/2010 04:00:00,        19.514285
11/30/2010 05:00:00,        19.927943
11/30/2010 06:00:00,        20.225071
11/30/2010 07:00:00,        20.394908
11/30/2010 08:00:00,        18.482636
11/30/2010 09:00:00,        17.112709
11/30/2010 10:00:00,        16.509416
11/30/2010 11:00:00,        16.534953
11/30/2010 12:00:00,        17.290672
11/30/2010 13:00:00,        16.296744
11/30/2010 14:00:00,        19.567572
11/30/2010 15:00:00,        21.176528
11/30/2010 16:00:00,        24.276400
11/30/2010 17:00:00,        27.612232
11/30/2010 18:00:00,        28.840676
11/30/2010 19:00:00,        29.542666
11/30/2010 20:00:00,        30.293485
11/30/2010 21:00:00,        31.239778
11/30/2010 22:00:00,        36.158250
11/30/2010 23:00:00,        39.117167
12/01/2010 00:00:00,        76.709776
12/01/2010 01:00:00,         2.343595
12/01/2010 02:00:00,         1.796690
12/01/2010 03:00:00,        14.164500
12/01/2010 04:00:00,        51.680000
12/01/2010 05:00:00,        63.234870
12/01/2010 06:00:00,        59.623330
12/01/2010 07:00:00,        56.877610
12/01/2010 08:00:00,        68.689640
12/01/2010 09:00:00,        74.260930
12/01/2010 10:00:00,        90.540450
12/01/2010 11:00:00,       107.456630
12/01/2010 12:00:00,       124.045250
12/01/2010 13:00:00,       131.691470
12/01/2010 14:00:00,       137.712410
12/01/2010 15:00:00,       158.536720
12/01/2010 16:00:00,       165.989900
12/01/2010 17:00:00,       173.757700
12/01/2010 18:00:00,       194.352600
12/01/2010 19:00:00,       197.430600
12/01/2010 20:00:00,       196.209967
12/01/2010 21:00:00,       187.527155
12/01/2010 22:00:00,       201.268817
12/01/2010 23:00:00,       201.884058
12/02/2010 00:00:00,       208.605900
12/02/2010 01:00:00,       204.068670
12/02/2010 02:00:00,       199.694102
12/02/2010 03:00:00,       194.250272
12/02/2010 04:00:00,       181.773500
12/02/2010 05:00:00,       155.068363
12/02/2010 06:00:00,       145.491651
12/02/2010 07:00:00,       150.249802
12/02/2010 08:00:00,       140.516794
12/02/2010 09:00:00,       129.888512
12/02/2010 10:00:00,       118.304105
12/02/2010 11:00:00,       103.703284
12/02/2010 12:00:00,        66.710362
12/02/2010 13:00:00,         0.123742
12/02/2010 14:00:00,         0.027294
12/02/2010 15:00:00,         0.000000
12/02/2010 16:00:00,        15.267927
12/02/2010 17:00:00,        26.587203
12/02/2010 18:00:00,        33.023174
12/02/2010 19:00:00,        28.536399
12/02/2010 20:00:00,        23.472190
12/02/2010 21:00:00,        31.388232
12/02/2010 22:00:00,        53.628182
12/02/2010 23:00:00,        60.286781
12/03/2010 00:00:00,        76.591330
12/03/2010 01:00:00,        66.590309
12/03/2010 02:00:00,        62.589626
12/03/2010 03:00:00,        50.713264
12/03/2010 04:00:00,        56.983170
12/03/2010 05:00:00,        52.983901
12/03/2010 06:00:00,        50.145251
12/03/2010 07:00:00,        57.205657
12/03/2010 08:00:00,        53.309368
12/03/2010 09:00:00,        49.015925
12/03/2010 10:00:00,        45.231015
12/03/2010 11:00:00,        42.231150
12/03/2010 12:00:00,        38.200020
12/03/2010 13:00:00,        33.232510
12/03/2010 14:00:00,        28.939210
12/03/2010 15:00:00,        25.259720
12/03/2010 16:00:00,        20.296674
12/03/2010 17:00:00,        17.709437
12/03/2010 18:00:00,        16.893599
12/03/2010 19:00:00,         5.296681
12/03/2010 20:00:00,         0.334065
12/03/2010 21:00:00,         0.000000
12/03/2010 22:00:00,         2.322468
12/03/2010 23:00:00,         6.374329
12/04/2010 00:00:00,         5.796281
12/04/2010 01:00:00,         0.000000
12/04/2010 02:00:00,         9.908500
12/04/2010 03:00:00,        17.917000
12/04/2010 04:00:00,         5.956500
12/04/2010 05:00:00,        20.714780
12/04/2010 06:00:00,        20.764210
12/04/2010 07:00:00,        23.139060
12/04/2010 08:00:00,        24.129320
12/04/2010 09:00:00,        17.664330
12/04/2010 10:00:00,         2.112520
12/04/2010 11:00:00,         1.327912
12/04/2010 12:00:00,         0.000000
12/04/2010 13:00:00,         0.000000
12/04/2010 14:00:00,         0.000000
12/04/2010 15:00:00,        23.441985
12/04/2010 16:00:00,        64.227382
12/04/2010 17:00:00,        61.340215
12/04/2010 18:00:00,        59.023340
12/04/2010 19:00:00,        52.298823
12/04/2010 20:00:00,        64.045710
12/04/2010 21:00:00,        40.266408
12/04/2010 22:00:00,        14.522546
12/04/2010 23:00:00,        10.981519
12/05/2010 00:00:00,        29.975210
12/05/2010 01:00:00,        12.235900
12/05/2010 02:00:00,        12.152365
12/05/2010 03:00:00,         0.000000
12/05/2010 04:00:00,         0.000000
12/05/2010 05:00:00,         0.000000
12/05/2010 06:00:00,         0.000000
12/05/2010 07:00:00,         0.000000
12/05/2010 08:00:00,         0.000000
12/05/2010 09:00:00,         0.000000
12/05/2010 10:00:00,         0.000000
12/05/2010 11:00:00,         0.000000
12/05/2010 12:00:00,         1.805000
12/05/2010 13:00:00,         7.742500
12/05/2010 14:00:00,        10.394460
12/05/2010 15:00:00,        17.658550
12/05/2010 16:00:00,        17.914500
12/05/2010 17:00:00,        16.655389
12/05/2010 18:00:00,        13.376431
12/05/2010 19:00:00,        11.309666
12/05/2010 20:00:00,         9.107938
12/05/2010 21:00:00,         6.912275
12/05/2010 22:00:00,         5.533323
12/05/2010 23:00:00,         4.291509
12/06/2010 00:00:00,         4.008530
12/06/2010 01:00:00,         5.162521
12/06/2010 02:00:00,         5.514624
12/06/2010 03:00:00,         6.669711
12/06/2010 04:00:00,         9.836459
12/06/2010 05:00:00,        17.312334
12/06/2010 06:00:00,        23.731226
12/06/2010 07:00:00,        33.939310
12/06/2010 08:00:00,        33.691177
12/06/2010 09:00:00,        43.681412
12/06/2010 10:00:00,        84.328620
12/06/2010 11:00:00,       103.230960
12/06/2010 12:00:00,       121.000481
12/06/2010 13:00:00,       128.821686
12/06/2010 14:00:00,       144.884707
12/06/2010 15:00:00,       146.466920
12/06/2010 16:00:00,       157.250534
12/06/2010 17:00:00,       167.651275
12/06/2010 18:00:00,       175.281400
12/06/2010 19:00:00,       179.719283
12/06/2010 20:00:00,       153.435191
12/06/2010 21:00:00,       125.370187
12/06/2010 22:00:00,        79.971267
12/06/2010 23:00:00,        93.981276
12/07/2010 00:00:00,        77.406953
12/07/2010 01:00:00,        73.602439
12/07/2010 02:00:00,        71.412771
12/07/2010 03:00:00,        85.712737
12/07/2010 04:00:00,        73.060800
12/07/2010 05:00:00,        45.304192
12/07/2010 06:00:00,        41.808421
12/07/2010 07:00:00,        54.300615
12/07/2010 08:00:00,        65.532200
12/07/2010 09:00:00,        64.095200
12/07/2010 10:00:00,        62.458400
12/07/2010 11:00:00,        60.363700
12/07/2010 12:00:00,        58.873069
12/07/2010 13:00:00,        67.149860
12/07/2010 14:00:00,       100.070702
12/07/2010 15:00:00,       110.481305
12/07/2010 16:00:00,       133.192548
12/07/2010 17:00:00,       156.621055
12/07/2010 18:00:00,       159.008208
12/07/2010 19:00:00,       158.320718
12/07/2010 20:00:00,       159.544644
12/07/2010 21:00:00,       159.357048
12/07/2010 22:00:00,       161.339060
12/07/2010 23:00:00,       155.699742
12/08/2010 00:00:00,       168.087050
12/08/2010 01:00:00,       205.628526
12/08/2010 02:00:00,       206.604229
12/08/2010 03:00:00,       206.600739
12/08/2010 04:00:00,       205.947107
12/08/2010 05:00:00,       205.585618
12/08/2010 06:00:00,       205.443313
12/08/2010 07:00:00,       205.438980
12/08/2010 08:00:00,       205.172276
12/08/2010 09:00:00,       203.804711
12/08/2010 10:00:00,       200.326218
12/08/2010 11:00:00,       196.843608
12/08/2010 12:00:00,       193.691046
12/08/2010 13:00:00,       191.813366
12/08/2010 14:00:00,       190.627159
12/08/2010 15:00:00,       191.251177
12/08/2010 16:00:00,       191.292724
12/08/2010 17:00:00,       192.663074
12/08/2010 18:00:00,       194.308017
12/08/2010 19:00:00,       194.489551
12/08/2010 20:00:00,       195.289447
12/08/2010 21:00:00,       196.001547
12/08/2010 22:00:00,       197.949806
12/08/2010 23:00:00,       200.736759
12/09/2010 00:00:00,       203.808474
12/09/2010 01:00:00,       203.597973
12/09/2010 02:00:00,       202.952403
12/09/2010 03:00:00,       201.965436
12/09/2010 04:00:00,       200.439425
12/09/2010 05:00:00,       199.407351
12/09/2010 06:00:00,       197.628481
12/09/2010 07:00:00,       195.268154
12/09/2010 08:00:00,       190.265298
12/09/2010 09:00:00,       183.372368
12/09/2010 10:00:00,       177.028179
12/09/2010 11:00:00,       172.919811
12/09/2010 12:00:00,       167.260159
12/09/2010 13:00:00,       163.003576
12/09/2010 14:00:00,       158.543833
12/09/2010 15:00:00,       153.096033
12/09/2010 16:00:00,       151.092513
12/09/2010 17:00:00,       148.651587
12/09/2010 18:00:00,       146.346457
12/09/2010 19:00:00,       144.173841
12/09/2010 20:00:00,       143.550528
12/09/2010 21:00:00,       144.991220
12/09/2010 22:00:00,       147.053229
12/09/2010 23:00:00,       151.571398
12/10/2010 00:00:00,       155.383913
12/10/2010 01:00:00,       124.569634
12/10/2010 02:00:00,       116.992330
12/10/2010 03:00:00,       109.627084
12/10/2010 04:00:00,       103.755316
12/10/2010 05:00:00,        97.488866
12/10/2010 06:00:00,        91.667832
12/10/2010 07:00:00,        85.459833
12/10/2010 08:00:00,        71.811857
12/10/2010 09:00:00,        59.143576
12/10/2010 10:00:00,        46.618861
12/10/2010 11:00:00,        38.757420
12/10/2010 12:00:00,        31.884813
12/10/2010 13:00:00,        24.677164
12/10/2010 14:00:00,        17.806013
12/10/2010 15:00:00,        13.834472
12/10/2010 16:00:00,        12.213513
12/10/2010 17:00:00,        12.523127
12/10/2010 18:00:00,        13.966219
12/10/2010 19:00:00,        13.077363
12/10/2010 20:00:00,        13.567017
12/10/2010 21:00:00,        14.338308
12/10/2010 22:00:00,        15.945632
12/10/2010 23:00:00,        18.118144
12/11/2010 00:00:00,        21.162065
12/11/2010 01:00:00,        39.783802
12/11/2010 02:00:00,        41.965236
12/11/2010 03:00:00,        43.824468
12/11/2010 04:00:00,        47.883040
12/11/2010 05:00:00,        50.271530
12/11/2010 06:00:00,        52.506690
12/11/2010 07:00:00,        55.870420
12/11/2010 08:00:00,        48.803004
12/11/2010 09:00:00,        50.811416
12/11/2010 10:00:00,        32.430958
12/11/2010 11:00:00,        32.968674
12/11/2010 12:00:00,        22.073361
12/11/2010 13:00:00,         9.288693
12/11/2010 14:00:00,         5.034064
12/11/2010 15:00:00,         0.265233
12/11/2010 16:00:00,         0.000000
12/11/2010 17:00:00,         4.142000
12/11/2010 18:00:00,         8.996500
12/11/2010 19:00:00,         8.927330
12/11/2010 20:00:00,        19.222810
12/11/2010 21:00:00,        39.429062
12/11/2010 22:00:00,        56.369487
12/11/2010 23:00:00,        76.330279
12/12/2010 00:00:00,        78.552304
12/12/2010 01:00:00,         8.241940
12/12/2010 02:00:00,         8.111704
12/12/2010 03:00:00,         8.872108
12/12/2010 04:00:00,        10.471140
12/12/2010 05:00:00,        12.895141
12/12/2010 06:00:00,        18.144700
12/12/2010 07:00:00,        22.776750
12/12/2010 08:00:00,        22.780539
12/12/2010 09:00:00,        28.161709
12/12/2010 10:00:00,        32.708562
12/12/2010 11:00:00,        39.313249
12/12/2010 12:00:00,        29.443914
12/12/2010 13:00:00,        27.016171
12/12/2010 14:00:00,         6.435439
12/12/2010 15:00:00,         7.071236
12/12/2010 16:00:00,         0.356801
12/12/2010 17:00:00,         0.000000
12/12/2010 18:00:00,         0.000000
12/12/2010 19:00:00,         8.797000
12/12/2010 20:00:00,         0.000000
12/12/2010 21:00:00,         0.625020
12/12/2010 22:00:00,         0.000000
12/12/2010 23:00:00,         0.000000
12/13/2010 00:00:00,         0.000000
12/13/2010 01:00:00,         0.000000
12/13/2010 02:00:00,       144.229000
12/13/2010 03:00:00,       205.781500
12/13/2010 04:00:00,       201.830473
12/13/2010 05:00:00,       202.620112
12/13/2010 06:00:00,       205.878320
12/13/2010 07:00:00,       205.972481
12/13/2010 08:00:00,       201.419834
12/13/2010 09:00:00,       200.065201
12/13/2010 10:00:00,       194.893879
12/13/2010 11:00:00,       189.359794
12/13/2010 12:00:00,       182.269024
12/13/2010 13:00:00,       174.547824
12/13/2010 14:00:00,       167.366335
12/13/2010 15:00:00,       160.114716
12/13/2010 16:00:00,       151.866178
12/13/2010 17:00:00,       143.552880
12/13/2010 18:00:00,       133.788239
12/13/2010 19:00:00,       122.347848
12/13/2010 20:00:00,       116.068896
12/13/2010 21:00:00,       112.015504
12/13/2010 22:00:00,       107.878714
12/13/2010 23:00:00,       101.133029
12/14/2010 00:00:00,        97.242916
12/14/2010 01:00:00,        16.449735
12/14/2010 02:00:00,        13.900173
12/14/2010 03:00:00,        12.543860
12/14/2010 04:00:00,        10.798484
12/14/2010 05:00:00,         8.603344
12/14/2010 06:00:00,         7.435886
12/14/2010 07:00:00,         7.265741
12/14/2010 08:00:00,         6.970335
12/14/2010 09:00:00,         6.164544
12/14/2010 10:00:00,         0.000000
12/14/2010 11:00:00,         0.000000
12/14/2010 12:00:00,         0.000000
12/14/2010 13:00:00,         0.000000
12/14/2010 14:00:00,         0.000000
12/14/2010 15:00:00,         5.367500
12/14/2010 16:00:00,        11.675500
12/14/2010 17:00:00,        15.124995
12/14/2010 18:00:00,        15.672738
12/14/2010 19:00:00,        16.552735
12/14/2010 20:00:00,        18.073822
12/14/2010 21:00:00,        17.623853
12/14/2010 22:00:00,        18.247227
12/14/2010 23:00:00,        17.097359
12/15/2010 00:00:00,        18.313867
12/15/2010 01:00:00,        71.379963
12/15/2010 02:00:00,        76.385509
12/15/2010 03:00:00,        85.864215
12/15/2010 04:00:00,        94.106339
12/15/2010 05:00:00,       105.652957
12/15/2010 06:00:00,       110.351805
12/15/2010 07:00:00,       116.639030
12/15/2010 08:00:00,       123.869704
12/15/2010 09:00:00,       128.011524
12/15/2010 10:00:00,       134.549977
12/15/2010 11:00:00,       134.940287
12/15/2010 12:00:00,       137.236814
12/15/2010 13:00:00,       135.961928
12/15/2010 14:00:00,       132.290991
12/15/2010 15:00:00,       130.222860
12/15/2010 16:00:00,       124.629270
12/15/2010 17:00:00,       118.172084
12/15/2010 18:00:00,       110.872492
12/15/2010 19:00:00,       104.661834
12/15/2010 20:00:00,        98.850328
12/15/2010 21:00:00,        93.991643
12/15/2010 22:00:00,        91.089374
12/15/2010 23:00:00,        89.635331
12/16/2010 00:00:00,        93.016186
12/16/2010 01:00:00,        35.740676
12/16/2010 02:00:00,        37.352574
12/16/2010 03:00:00,        38.754935
12/16/2010 04:00:00,        39.254200
12/16/2010 05:00:00,        39.339450
12/16/2010 06:00:00,        39.304011
12/16/2010 07:00:00,        37.380218
12/16/2010 08:00:00,        34.011000
12/16/2010 09:00:00,        30.905130
12/16/2010 10:00:00,        27.577951
12/16/2010 11:00:00,        25.834470
12/16/2010 12:00:00,        24.120766
12/16/2010 13:00:00,        22.845680
12/16/2010 14:00:00,        19.852357
12/16/2010 15:00:00,        16.105435
12/16/2010 16:00:00,        11.308032
12/16/2010 17:00:00,         7.609296
12/16/2010 18:00:00,         5.215064
12/16/2010 19:00:00,         2.713822
12/16/2010 20:00:00,         1.264701
12/16/2010 21:00:00,         0.519334
12/16/2010 22:00:00,         0.209276
12/16/2010 23:00:00,         0.196271
12/17/2010 00:00:00,         0.208233
12/17/2010 01:00:00,         0.778439
12/17/2010 02:00:00,         0.793863
12/17/2010 03:00:00,         0.673591
12/17/2010 04:00:00,         0.601585
12/17/2010 05:00:00,         0.592415
12/17/2010 06:00:00,         0.809972
12/17/2010 07:00:00,         1.673773
12/17/2010 08:00:00,         2.850007
12/17/2010 09:00:00,         3.997706
12/17/2010 10:00:00,         6.046385
12/17/2010 11:00:00,         8.252598
12/17/2010 12:00:00,        12.153896
12/17/2010 13:00:00,        15.449550
12/17/2010 14:00:00,        22.846648
12/17/2010 15:00:00,        32.455926
12/17/2010 16:00:00,        43.342677
12/17/2010 17:00:00,        55.696361
12/17/2010 18:00:00,        67.376566
12/17/2010 19:00:00,        73.684475
12/17/2010 20:00:00,        82.312649
12/17/2010 21:00:00,        90.193593
12/17/2010 22:00:00,        98.918233
12/17/2010 23:00:00,       108.014468
12/18/2010 00:00:00,       116.289577
12/18/2010 01:00:00,        61.541334
12/18/2010 02:00:00,        57.682538
12/18/2010 03:00:00,        54.382222
12/18/2010 04:00:00,        52.886213
12/18/2010 05:00:00,        49.707500
12/18/2010 06:00:00,        47.993105
12/18/2010 07:00:00,        45.213800
12/18/2010 08:00:00,        39.777027
12/18/2010 09:00:00,        36.242991
12/18/2010 10:00:00,        32.998560
12/18/2010 11:00:00,        29.194845
12/18/2010 12:00:00,        26.227287
12/18/2010 13:00:00,        25.248596
12/18/2010 14:00:00,        25.723107
12/18/2010 15:00:00,        23.959786
12/18/2010 16:00:00,        21.582293
12/18/2010 17:00:00,        18.499469
12/18/2010 18:00:00,        16.260009
12/18/2010 19:00:00,        14.911671
12/18/2010 20:00:00,        13.724755
12/18/2010 21:00:00,        13.673939
12/18/2010 22:00:00,        12.856516
12/18/2010 23:00:00,        13.508109
12/19/2010 00:00:00,        14.564866
12/19/2010 01:00:00,        35.797888
12/19/2010 02:00:00,        39.019302
12/19/2010 03:00:00,        42.636463
12/19/2010 04:00:00,        46.132404
12/19/2010 05:00:00,        49.979938
12/19/2010 06:00:00,        53.884756
12/19/2010 07:00:00,        58.432550
12/19/2010 08:00:00,        64.097489
12/19/2010 09:00:00,        69.007639
12/19/2010 10:00:00,        72.303502
12/19/2010 11:00:00,        74.585297
12/19/2010 12:00:00,        76.155665
12/19/2010 13:00:00,        76.331965
12/19/2010 14:00:00,        76.562342
12/19/2010 15:00:00,        76.704626
12/19/2010 16:00:00,        76.733346
12/19/2010 17:00:00,        74.015536
12/19/2010 18:00:00,        70.156179
12/19/2010 19:00:00,        66.793552
12/19/2010 20:00:00,        63.761456
12/19/2010 21:00:00,        61.739551
12/19/2010 22:00:00,        59.309228
12/19/2010 23:00:00,        57.583754
12/20/2010 00:00:00,        55.100593
12/20/2010 01:00:00,        42.726342
12/20/2010 02:00:00,        37.862327
12/20/2010 03:00:00,        33.675635
12/20/2010 04:00:00,        30.205577
12/20/2010 05:00:00,        28.094360
12/20/2010 06:00:00,        27.571075
12/20/2010 07:00:00,        27.034221
12/20/2010 08:00:00,        27.519860
12/20/2010 09:00:00,        25.261838
12/20/2010 10:00:00,        21.376473
12/20/2010 11:00:00,        18.534570
12/20/2010 12:00:00,        16.153322
12/20/2010 13:00:00,        19.806741
12/20/2010 14:00:00,        25.540358
12/20/2010 15:00:00,        32.244408
12/20/2010 16:00:00,        39.782710
12/20/2010 17:00:00,        45.543925
12/20/2010 18:00:00,        55.071890
12/20/2010 19:00:00,        60.091502
12/20/2010 20:00:00,        60.286646
12/20/2010 21:00:00,        48.970111
12/20/2010 22:00:00,        46.902688
12/20/2010 23:00:00,        58.666855
12/21/2010 00:00:00,        83.261083
12/21/2010 01:00:00,       140.388360
12/21/2010 02:00:00,       132.449826
12/21/2010 03:00:00,        91.676356
12/21/2010 04:00:00,        30.009152
12/21/2010 05:00:00,         4.056288
12/21/2010 06:00:00,         0.719433
12/21/2010 07:00:00,         0.000000
12/21/2010 08:00:00,         0.000000
12/21/2010 09:00:00,         0.000000
12/21/2010 10:00:00,         0.000000
12/21/2010 11:00:00,         0.000000
12/21/2010 12:00:00,         0.000000
12/21/2010 13:00:00,         0.000000
12/21/2010 14:00:00,         0.000000
12/21/2010 15:00:00,        90.381512
12/21/2010 16:00:00,        14.297500
12/21/2010 17:00:00,       161.756500
12/21/2010 18:00:00,       165.553600
12/21/2010 19:00:00,       185.319002
12/21/2010 20:00:00,       196.470107
12/21/2010 21:00:00,       198.479057
12/21/2010 22:00:00,       184.825815
12/21/2010 23:00:00,       188.429762
12/22/2010 00:00:00,       207.346317
12/22/2010 01:00:00,       213.957498
12/22/2010 02:00:00,       213.702481
12/22/2010 03:00:00,       213.310928
12/22/2010 04:00:00,       197.537382
12/22/2010 05:00:00,       197.798431
12/22/2010 06:00:00,       196.424158
12/22/2010 07:00:00,       196.569733
12/22/2010 08:00:00,       194.865343
12/22/2010 09:00:00,       193.435065
12/22/2010 10:00:00,       191.365197
12/22/2010 11:00:00,       189.080101
12/22/2010 12:00:00,       186.125372
12/22/2010 13:00:00,       184.074506
12/22/2010 14:00:00,       182.850716
12/22/2010 15:00:00,       196.833055
12/22/2010 16:00:00,       195.517364
12/22/2010 17:00:00,       195.956237
12/22/2010 18:00:00,       196.712284
12/22/2010 19:00:00,       182.775991
12/22/2010 20:00:00,       182.215913
12/22/2010 21:00:00,       183.088211
12/22/2010 22:00:00,       183.985858
12/22/2010 23:00:00,       183.833458
12/23/2010 00:00:00,       200.433924
12/23/2010 01:00:00,       212.902168
12/23/2010 02:00:00,       213.274803
12/23/2010 03:00:00,       212.974935
12/23/2010 04:00:00,       212.605764
12/23/2010 05:00:00,       211.682399
12/23/2010 06:00:00,       211.558770
12/23/2010 07:00:00,       211.628557
12/23/2010 08:00:00,       211.155370
12/23/2010 09:00:00,       195.119555
12/23/2010 10:00:00,       194.967227
12/23/2010 11:00:00,       192.595871
12/23/2010 12:00:00,       205.910528
12/23/2010 13:00:00,       205.217255
12/23/2010 14:00:00,       203.585184
12/23/2010 15:00:00,       201.730741
12/23/2010 16:00:00,       201.436879
12/23/2010 17:00:00,       201.317449
12/23/2010 18:00:00,       200.894056
12/23/2010 19:00:00,       198.615397
12/23/2010 20:00:00,       197.203095
12/23/2010 21:00:00,       197.420710
12/23/2010 22:00:00,       195.576496
12/23/2010 23:00:00,       193.713187
12/24/2010 00:00:00,       193.649026
12/24/2010 01:00:00,       189.980758
12/24/2010 02:00:00,       185.180745
12/24/2010 03:00:00,       179.878721
12/24/2010 04:00:00,       171.980661
12/24/2010 05:00:00,       163.238628
12/24/2010 06:00:00,       155.530667
12/24/2010 07:00:00,       147.600108
12/24/2010 08:00:00,       123.755265
12/24/2010 09:00:00,       110.843254
12/24/2010 10:00:00,       108.596264
12/24/2010 11:00:00,        97.845810
12/24/2010 12:00:00,        84.697090
12/24/2010 13:00:00,        74.299208
12/24/2010 14:00:00,        65.111727
12/24/2010 15:00:00,        55.129673
12/24/2010 16:00:00,        47.488851
12/24/2010 17:00:00,        41.891884
12/24/2010 18:00:00,        39.530679
12/24/2010 19:00:00,        39.645874
12/24/2010 20:00:00,        39.958401
12/24/2010 21:00:00,        43.216348
12/24/2010 22:00:00,        46.953829
12/24/2010 23:00:00,        49.861331
12/25/2010 00:00:00,        53.507370
12/25/2010 01:00:00,        84.259683
12/25/2010 02:00:00,        80.176480
12/25/2010 03:00:00,        77.642501
12/25/2010 04:00:00,        75.547302
12/25/2010 05:00:00,        75.707746
12/25/2010 06:00:00,        76.091404
12/25/2010 07:00:00,        78.006506
12/25/2010 08:00:00,        79.301286
12/25/2010 09:00:00,        76.208250
12/25/2010 10:00:00,        70.419980
12/25/2010 11:00:00,        64.779972
12/25/2010 12:00:00,        60.042998
12/25/2010 13:00:00,        57.299722
12/25/2010 14:00:00,        57.563537
12/25/2010 15:00:00,        61.227417
12/25/2010 16:00:00,        61.601794
12/25/2010 17:00:00,        60.947070
12/25/2010 18:00:00,        62.333928
12/25/2010 19:00:00,        63.657807
12/25/2010 20:00:00,        63.296765
12/25/2010 21:00:00,        64.019644
12/25/2010 22:00:00,        67.883893
12/25/2010 23:00:00,        72.716179
12/26/2010 00:00:00,        78.469645
12/26/2010 01:00:00,       110.634886
12/26/2010 02:00:00,       108.737362
12/26/2010 03:00:00,       110.920712
12/26/2010 04:00:00,       110.354238
12/26/2010 05:00:00,       109.377862
12/26/2010 06:00:00,       109.176717
12/26/2010 07:00:00,       106.785440
12/26/2010 08:00:00,       101.322102
12/26/2010 09:00:00,        93.786057
12/26/2010 10:00:00,        85.625782
12/26/2010 11:00:00,        77.229295
12/26/2010 12:00:00,        67.645500
12/26/2010 13:00:00,        60.466568
12/26/2010 14:00:00,        54.263836
12/26/2010 15:00:00,        49.513514
12/26/2010 16:00:00,        45.846698
12/26/2010 17:00:00,        44.120373
12/26/2010 18:00:00,        44.213806
12/26/2010 19:00:00,        41.708208
12/26/2010 20:00:00,        43.219867
12/26/2010 21:00:00,        45.020570
12/26/2010 22:00:00,        48.764990
12/26/2010 23:00:00,        48.239724
12/27/2010 00:00:00,        46.340444
12/27/2010 01:00:00,        69.598677
12/27/2010 02:00:00,        71.123723
12/27/2010 03:00:00,        82.032970
12/27/2010 04:00:00,       131.607945
12/27/2010 05:00:00,       175.265600
12/27/2010 06:00:00,       181.996200
12/27/2010 07:00:00,       187.220796
12/27/2010 08:00:00,       192.807204
12/27/2010 09:00:00,       201.205358
12/27/2010 10:00:00,       208.427175
12/27/2010 11:00:00,       214.239076
12/27/2010 12:00:00,       218.327480
12/27/2010 13:00:00,       220.762152
12/27/2010 14:00:00,       222.157615
12/27/2010 15:00:00,       222.757710
12/27/2010 16:00:00,       223.452775
12/27/2010 17:00:00,       223.757983
12/27/2010 18:00:00,       223.900024
12/27/2010 19:00:00,       223.950511
12/27/2010 20:00:00,       223.963332
12/27/2010 21:00:00,       223.977306
12/27/2010 22:00:00,       223.992808
12/27/2010 23:00:00,       223.997544
12/28/2010 00:00:00,       223.976665
12/28/2010 01:00:00,       217.716590
12/28/2010 02:00:00,       212.313941
12/28/2010 03:00:00,       208.844832
12/28/2010 04:00:00,       205.163543
12/28/2010 05:00:00,       204.889249
12/28/2010 06:00:00,       204.762123
12/28/2010 07:00:00,       204.511859
12/28/2010 08:00:00,       202.509798
12/28/2010 09:00:00,       199.713447
12/28/2010 10:00:00,       196.959985
12/28/2010 11:00:00,       195.208995
12/28/2010 12:00:00,       194.403705
12/28/2010 13:00:00,       194.307397
12/28/2010 14:00:00,       196.135130
12/28/2010 15:00:00,       198.560235
12/28/2010 16:00:00,       200.623178
12/28/2010 17:00:00,       203.382204
12/28/2010 18:00:00,       202.630840
12/28/2010 19:00:00,       202.295264
12/28/2010 20:00:00,       201.939274
12/28/2010 21:00:00,       202.513010
12/28/2010 22:00:00,       204.171918
12/28/2010 23:00:00,       206.165790
12/29/2010 00:00:00,       207.169994
12/29/2010 01:00:00,       171.847481
12/29/2010 02:00:00,       173.968176
12/29/2010 03:00:00,       174.340894
12/29/2010 04:00:00,       174.176642
12/29/2010 05:00:00,       175.409789
12/29/2010 06:00:00,       176.030432
12/29/2010 07:00:00,       176.054817
12/29/2010 08:00:00,       178.155586
12/29/2010 09:00:00,       180.583967
12/29/2010 10:00:00,       181.348665
12/29/2010 11:00:00,       183.104918
12/29/2010 12:00:00,       182.163243
12/29/2010 13:00:00,       180.153440
12/29/2010 14:00:00,       177.355537
12/29/2010 15:00:00,       176.777313
12/29/2010 16:00:00,       177.635407
12/29/2010 17:00:00,       179.079727
12/29/2010 18:00:00,       180.607970
12/29/2010 19:00:00,       181.695107
12/29/2010 20:00:00,       184.007951
12/29/2010 21:00:00,       187.536188
12/29/2010 22:00:00,       193.300172
12/29/2010 23:00:00,       198.485970
12/30/2010 00:00:00,       203.532369
12/30/2010 01:00:00,       191.345757
12/30/2010 02:00:00,       193.066291
12/30/2010 03:00:00,       197.421725
12/30/2010 04:00:00,       201.179590
12/30/2010 05:00:00,       202.745273
12/30/2010 06:00:00,       202.766393
12/30/2010 07:00:00,       200.090611
12/30/2010 08:00:00,       189.813639
12/30/2010 09:00:00,       133.786787
12/30/2010 10:00:00,       128.594544
12/30/2010 11:00:00,       147.875053
12/30/2010 12:00:00,       106.474129
12/30/2010 13:00:00,        90.261281
12/30/2010 14:00:00,        90.000050
12/30/2010 15:00:00,        64.999761
12/30/2010 16:00:00,       116.398445
12/30/2010 17:00:00,       162.069934
12/30/2010 18:00:00,       191.161784
12/30/2010 19:00:00,       197.354788
12/30/2010 20:00:00,       196.520627
12/30/2010 21:00:00,       198.769384
12/30/2010 22:00:00,       198.757684
12/30/2010 23:00:00,       199.776485
12/31/2010 00:00:00,       201.557852
12/31/2010 01:00:00,       205.317499
12/31/2010 02:00:00,       205.014188
12/31/2010 03:00:00,       203.958255
12/31/2010 04:00:00,       202.143461
12/31/2010 05:00:00,       199.244463
12/31/2010 06:00:00,       195.695594
12/31/2010 07:00:00,       193.177872
12/31/2010 08:00:00,       188.493160
12/31/2010 09:00:00,       183.199500
12/31/2010 10:00:00,       177.283200
12/31/2010 11:00:00,       169.215050
12/31/2010 12:00:00,       161.709220
12/31/2010 13:00:00,       157.055170
12/31/2010 14:00:00,       135.630354
12/31/2010 15:00:00,        78.248022
12/31/2010 16:00:00,        25.880861
12/31/2010 17:00:00,        23.900685
12/31/2010 18:00:00,        32.946400
12/31/2010 19:00:00,       150.703600
12/31/2010 20:00:00,       151.232144
12/31/2010 21:00:00,       153.386514
12/31/2010 22:00:00,       155.494259
12/31/2010 23:00:00,       160.870798
