PlantID = ,  1701
Plant Cap = ,   352.000
Date/Time , Value
01/01/2008 00:00:00,        36.991225
01/01/2008 01:00:00,        58.467988
01/01/2008 02:00:00,       122.769301
01/01/2008 03:00:00,       157.629398
01/01/2008 04:00:00,       204.336464
01/01/2008 05:00:00,       249.343068
01/01/2008 06:00:00,       258.475927
01/01/2008 07:00:00,       246.700797
01/01/2008 08:00:00,       213.965538
01/01/2008 09:00:00,       162.461654
01/01/2008 10:00:00,       121.338312
01/01/2008 11:00:00,       102.415044
01/01/2008 12:00:00,       105.313459
01/01/2008 13:00:00,       109.216279
01/01/2008 14:00:00,       100.929068
01/01/2008 15:00:00,        70.876627
01/01/2008 16:00:00,        29.101265
01/01/2008 17:00:00,         8.109303
01/01/2008 18:00:00,         1.584070
01/01/2008 19:00:00,         9.308419
01/01/2008 20:00:00,        25.870325
01/01/2008 21:00:00,        51.512358
01/01/2008 22:00:00,       118.374426
01/01/2008 23:00:00,       233.325380
01/02/2008 00:00:00,       325.953542
01/02/2008 01:00:00,       338.645383
01/02/2008 02:00:00,       334.218391
01/02/2008 03:00:00,       330.310586
01/02/2008 04:00:00,       334.363781
01/02/2008 05:00:00,       314.255569
01/02/2008 06:00:00,       298.532664
01/02/2008 07:00:00,       328.988912
01/02/2008 08:00:00,       343.092633
01/02/2008 09:00:00,       332.764975
01/02/2008 10:00:00,       290.169985
01/02/2008 11:00:00,       229.471702
01/02/2008 12:00:00,       318.998316
01/02/2008 13:00:00,       351.972167
01/02/2008 14:00:00,       351.923615
01/02/2008 15:00:00,       348.660778
01/02/2008 16:00:00,       328.382798
01/02/2008 17:00:00,       284.242853
01/02/2008 18:00:00,       237.196468
01/02/2008 19:00:00,       170.341540
01/02/2008 20:00:00,       141.084844
01/02/2008 21:00:00,       248.947477
01/02/2008 22:00:00,       346.126386
01/02/2008 23:00:00,       350.933576
01/03/2008 00:00:00,       351.865149
01/03/2008 01:00:00,       351.943573
01/03/2008 02:00:00,       351.787773
01/03/2008 03:00:00,       350.640600
01/03/2008 04:00:00,       344.063840
01/03/2008 05:00:00,       321.654101
01/03/2008 06:00:00,       262.925186
01/03/2008 07:00:00,       124.816061
01/03/2008 08:00:00,        10.582350
01/03/2008 09:00:00,         0.030960
01/03/2008 10:00:00,         0.047855
01/03/2008 11:00:00,         0.557028
01/03/2008 12:00:00,         2.673088
01/03/2008 13:00:00,        14.047922
01/03/2008 14:00:00,        46.454784
01/03/2008 15:00:00,        86.909588
01/03/2008 16:00:00,        98.347663
01/03/2008 17:00:00,       128.636786
01/03/2008 18:00:00,       149.621790
01/03/2008 19:00:00,       143.682508
01/03/2008 20:00:00,       115.933444
01/03/2008 21:00:00,        95.360712
01/03/2008 22:00:00,       103.562811
01/03/2008 23:00:00,       129.785643
01/04/2008 00:00:00,       174.635074
01/04/2008 01:00:00,       242.379605
01/04/2008 02:00:00,       300.493376
01/04/2008 03:00:00,       251.694818
01/04/2008 04:00:00,       280.640531
01/04/2008 05:00:00,       316.500542
01/04/2008 06:00:00,       318.243721
01/04/2008 07:00:00,       328.484659
01/04/2008 08:00:00,       345.315144
01/04/2008 09:00:00,       342.483482
01/04/2008 10:00:00,       339.040453
01/04/2008 11:00:00,       351.577203
01/04/2008 12:00:00,       351.321835
01/04/2008 13:00:00,       349.368657
01/04/2008 14:00:00,       327.863046
01/04/2008 15:00:00,       196.336173
01/04/2008 16:00:00,       111.238488
01/04/2008 17:00:00,        77.651996
01/04/2008 18:00:00,        68.728036
01/04/2008 19:00:00,        65.182590
01/04/2008 20:00:00,        89.758276
01/04/2008 21:00:00,       189.902700
01/04/2008 22:00:00,       198.356566
01/04/2008 23:00:00,       193.421253
01/05/2008 00:00:00,       230.519152
01/05/2008 01:00:00,       227.267378
01/05/2008 02:00:00,       219.641965
01/05/2008 03:00:00,       220.338309
01/05/2008 04:00:00,       239.956113
01/05/2008 05:00:00,       197.406090
01/05/2008 06:00:00,       126.566454
01/05/2008 07:00:00,       178.474969
01/05/2008 08:00:00,       261.262971
01/05/2008 09:00:00,       310.033942
01/05/2008 10:00:00,       348.570870
01/05/2008 11:00:00,       350.170878
01/05/2008 12:00:00,       334.027911
01/05/2008 13:00:00,       326.179325
01/05/2008 14:00:00,       341.607228
01/05/2008 15:00:00,       348.981344
01/05/2008 16:00:00,       351.904595
01/05/2008 17:00:00,       351.974048
01/05/2008 18:00:00,       351.992485
01/05/2008 19:00:00,       351.972932
01/05/2008 20:00:00,       351.964688
01/05/2008 21:00:00,       351.967981
01/05/2008 22:00:00,       351.859963
01/05/2008 23:00:00,       351.373008
01/06/2008 00:00:00,       349.853817
01/06/2008 01:00:00,       341.739043
01/06/2008 02:00:00,       347.685562
01/06/2008 03:00:00,       350.612048
01/06/2008 04:00:00,       350.428823
01/06/2008 05:00:00,       348.903015
01/06/2008 06:00:00,       349.058374
01/06/2008 07:00:00,       348.598173
01/06/2008 08:00:00,       347.916377
01/06/2008 09:00:00,       349.009650
01/06/2008 10:00:00,       348.361148
01/06/2008 11:00:00,       347.579912
01/06/2008 12:00:00,       347.018080
01/06/2008 13:00:00,       346.618794
01/06/2008 14:00:00,       345.337319
01/06/2008 15:00:00,       346.675906
01/06/2008 16:00:00,       346.183266
01/06/2008 17:00:00,       345.511477
01/06/2008 18:00:00,       339.911676
01/06/2008 19:00:00,       332.311813
01/06/2008 20:00:00,       350.269237
01/06/2008 21:00:00,       347.715332
01/06/2008 22:00:00,       343.969512
01/06/2008 23:00:00,       343.085082
01/07/2008 00:00:00,       311.907686
01/07/2008 01:00:00,       212.920607
01/07/2008 02:00:00,       211.695648
01/07/2008 03:00:00,       309.267287
01/07/2008 04:00:00,       336.141525
01/07/2008 05:00:00,       330.059863
01/07/2008 06:00:00,       346.260887
01/07/2008 07:00:00,       344.732354
01/07/2008 08:00:00,       348.603289
01/07/2008 09:00:00,       350.422391
01/07/2008 10:00:00,       350.341576
01/07/2008 11:00:00,       347.819854
01/07/2008 12:00:00,       342.818660
01/07/2008 13:00:00,       338.903858
01/07/2008 14:00:00,       331.896935
01/07/2008 15:00:00,       314.327079
01/07/2008 16:00:00,       263.986746
01/07/2008 17:00:00,       191.424990
01/07/2008 18:00:00,       111.050674
01/07/2008 19:00:00,        37.813195
01/07/2008 20:00:00,        14.807229
01/07/2008 21:00:00,        23.834866
01/07/2008 22:00:00,        22.436051
01/07/2008 23:00:00,        33.933988
01/08/2008 00:00:00,        46.613727
01/08/2008 01:00:00,        65.695712
01/08/2008 02:00:00,        64.293508
01/08/2008 03:00:00,        68.116109
01/08/2008 04:00:00,        87.238279
01/08/2008 05:00:00,       194.751401
01/08/2008 06:00:00,       293.875501
01/08/2008 07:00:00,       289.056966
01/08/2008 08:00:00,       309.080517
01/08/2008 09:00:00,       297.328392
01/08/2008 10:00:00,       229.361107
01/08/2008 11:00:00,       171.069111
01/08/2008 12:00:00,       167.925204
01/08/2008 13:00:00,       197.402135
01/08/2008 14:00:00,       171.589318
01/08/2008 15:00:00,       104.502772
01/08/2008 16:00:00,        77.097065
01/08/2008 17:00:00,        70.355672
01/08/2008 18:00:00,        45.651876
01/08/2008 19:00:00,        34.717772
01/08/2008 20:00:00,        95.697635
01/08/2008 21:00:00,       136.933893
01/08/2008 22:00:00,       145.025434
01/08/2008 23:00:00,       103.236536
01/09/2008 00:00:00,        76.864927
01/09/2008 01:00:00,        52.301631
01/09/2008 02:00:00,        29.887553
01/09/2008 03:00:00,        47.600442
01/09/2008 04:00:00,       114.483778
01/09/2008 05:00:00,       225.118224
01/09/2008 06:00:00,       309.739923
01/09/2008 07:00:00,       323.232899
01/09/2008 08:00:00,       338.450354
01/09/2008 09:00:00,       345.205579
01/09/2008 10:00:00,       338.309688
01/09/2008 11:00:00,       288.668205
01/09/2008 12:00:00,       228.850627
01/09/2008 13:00:00,       145.776545
01/09/2008 14:00:00,       117.642947
01/09/2008 15:00:00,       109.475249
01/09/2008 16:00:00,        76.698511
01/09/2008 17:00:00,        34.337303
01/09/2008 18:00:00,        10.706744
01/09/2008 19:00:00,         1.583468
01/09/2008 20:00:00,         1.146817
01/09/2008 21:00:00,        50.273413
01/09/2008 22:00:00,       160.393521
01/09/2008 23:00:00,       219.707166
01/10/2008 00:00:00,       289.840781
01/10/2008 01:00:00,       251.679396
01/10/2008 02:00:00,       204.885661
01/10/2008 03:00:00,       249.057205
01/10/2008 04:00:00,       296.781035
01/10/2008 05:00:00,       297.886431
01/10/2008 06:00:00,       339.867343
01/10/2008 07:00:00,       342.054055
01/10/2008 08:00:00,       313.020599
01/10/2008 09:00:00,       229.820897
01/10/2008 10:00:00,       253.531730
01/10/2008 11:00:00,       201.558454
01/10/2008 12:00:00,        90.515282
01/10/2008 13:00:00,        89.602059
01/10/2008 14:00:00,       136.972200
01/10/2008 15:00:00,       188.244944
01/10/2008 16:00:00,       198.576718
01/10/2008 17:00:00,       167.896671
01/10/2008 18:00:00,       104.808221
01/10/2008 19:00:00,        83.215790
01/10/2008 20:00:00,       198.061713
01/10/2008 21:00:00,       300.492930
01/10/2008 22:00:00,       335.544152
01/10/2008 23:00:00,       347.973217
01/11/2008 00:00:00,       347.234923
01/11/2008 01:00:00,       347.368105
01/11/2008 02:00:00,       349.366952
01/11/2008 03:00:00,       349.343603
01/11/2008 04:00:00,       348.124910
01/11/2008 05:00:00,       347.631320
01/11/2008 06:00:00,       347.964204
01/11/2008 07:00:00,       348.207092
01/11/2008 08:00:00,       349.015204
01/11/2008 09:00:00,       348.910834
01/11/2008 10:00:00,       349.103140
01/11/2008 11:00:00,       348.377037
01/11/2008 12:00:00,       347.447083
01/11/2008 13:00:00,       347.430855
01/11/2008 14:00:00,       347.959756
01/11/2008 15:00:00,       346.783676
01/11/2008 16:00:00,       343.408411
01/11/2008 17:00:00,       329.813537
01/11/2008 18:00:00,       267.322273
01/11/2008 19:00:00,       163.394396
01/11/2008 20:00:00,       168.863793
01/11/2008 21:00:00,       205.600032
01/11/2008 22:00:00,       193.767868
01/11/2008 23:00:00,       173.088692
01/12/2008 00:00:00,       169.203911
01/12/2008 01:00:00,       197.371576
01/12/2008 02:00:00,       244.450956
01/12/2008 03:00:00,       282.316398
01/12/2008 04:00:00,       294.583638
01/12/2008 05:00:00,       307.140478
01/12/2008 06:00:00,       321.955664
01/12/2008 07:00:00,       328.556799
01/12/2008 08:00:00,       326.257939
01/12/2008 09:00:00,       314.509873
01/12/2008 10:00:00,       311.847238
01/12/2008 11:00:00,       320.964184
01/12/2008 12:00:00,       331.269385
01/12/2008 13:00:00,       336.060127
01/12/2008 14:00:00,       334.366363
01/12/2008 15:00:00,       327.476538
01/12/2008 16:00:00,       316.795719
01/12/2008 17:00:00,       293.373800
01/12/2008 18:00:00,       217.739582
01/12/2008 19:00:00,       147.035234
01/12/2008 20:00:00,       144.590004
01/12/2008 21:00:00,       204.980771
01/12/2008 22:00:00,       239.896024
01/12/2008 23:00:00,       230.800382
01/13/2008 00:00:00,       218.129526
01/13/2008 01:00:00,       246.467574
01/13/2008 02:00:00,       331.069946
01/13/2008 03:00:00,       351.726147
01/13/2008 04:00:00,       351.998330
01/13/2008 05:00:00,       351.995962
01/13/2008 06:00:00,       351.966587
01/13/2008 07:00:00,       351.742583
01/13/2008 08:00:00,       351.287776
01/13/2008 09:00:00,       350.389684
01/13/2008 10:00:00,       349.426634
01/13/2008 11:00:00,       348.658146
01/13/2008 12:00:00,       349.050890
01/13/2008 13:00:00,       348.202267
01/13/2008 14:00:00,       348.394573
01/13/2008 15:00:00,       347.857964
01/13/2008 16:00:00,       340.621396
01/13/2008 17:00:00,       305.210955
01/13/2008 18:00:00,       209.263792
01/13/2008 19:00:00,        97.051829
01/13/2008 20:00:00,        70.720138
01/13/2008 21:00:00,       118.636061
01/13/2008 22:00:00,       149.793631
01/13/2008 23:00:00,       156.401420
01/14/2008 00:00:00,       151.453250
01/14/2008 01:00:00,       177.922956
01/14/2008 02:00:00,       254.282701
01/14/2008 03:00:00,       278.139438
01/14/2008 04:00:00,       250.054728
01/14/2008 05:00:00,       300.051451
01/14/2008 06:00:00,       346.968673
01/14/2008 07:00:00,       328.519641
01/14/2008 08:00:00,       258.215741
01/14/2008 09:00:00,       258.859015
01/14/2008 10:00:00,       269.718842
01/14/2008 11:00:00,       257.805408
01/14/2008 12:00:00,       306.311710
01/14/2008 13:00:00,       351.933199
01/14/2008 14:00:00,       352.000000
01/14/2008 15:00:00,       351.999073
01/14/2008 16:00:00,       351.972375
01/14/2008 17:00:00,       351.496406
01/14/2008 18:00:00,       350.177431
01/14/2008 19:00:00,       347.156010
01/14/2008 20:00:00,       339.689035
01/14/2008 21:00:00,       295.270210
01/14/2008 22:00:00,       242.803059
01/14/2008 23:00:00,       219.962364
01/15/2008 00:00:00,       287.411484
01/15/2008 01:00:00,       215.007130
01/15/2008 02:00:00,       195.483056
01/15/2008 03:00:00,       212.331472
01/15/2008 04:00:00,       243.454402
01/15/2008 05:00:00,       193.456944
01/15/2008 06:00:00,       195.400486
01/15/2008 07:00:00,       151.248855
01/15/2008 08:00:00,       232.924833
01/15/2008 09:00:00,       245.720126
01/15/2008 10:00:00,       343.364445
01/15/2008 11:00:00,       346.512703
01/15/2008 12:00:00,       351.724147
01/15/2008 13:00:00,       350.647244
01/15/2008 14:00:00,       341.182353
01/15/2008 15:00:00,       338.117591
01/15/2008 16:00:00,       317.628476
01/15/2008 17:00:00,       309.342643
01/15/2008 18:00:00,       338.922875
01/15/2008 19:00:00,       307.895193
01/15/2008 20:00:00,       250.804021
01/15/2008 21:00:00,       212.449049
01/15/2008 22:00:00,        81.921398
01/15/2008 23:00:00,        15.184060
01/16/2008 00:00:00,         0.750575
01/16/2008 01:00:00,         0.077595
01/16/2008 02:00:00,         0.797085
01/16/2008 03:00:00,         1.050765
01/16/2008 04:00:00,         1.092287
01/16/2008 05:00:00,         0.925431
01/16/2008 06:00:00,         0.772980
01/16/2008 07:00:00,         0.402041
01/16/2008 08:00:00,         0.001041
01/16/2008 09:00:00,         0.153309
01/16/2008 10:00:00,        18.930048
01/16/2008 11:00:00,        70.839094
01/16/2008 12:00:00,        55.253407
01/16/2008 13:00:00,        58.475081
01/16/2008 14:00:00,       100.669190
01/16/2008 15:00:00,       187.649096
01/16/2008 16:00:00,       275.753148
01/16/2008 17:00:00,       303.334391
01/16/2008 18:00:00,       276.351046
01/16/2008 19:00:00,       186.511787
01/16/2008 20:00:00,       128.199256
01/16/2008 21:00:00,       172.564265
01/16/2008 22:00:00,       259.101130
01/16/2008 23:00:00,       292.001393
01/17/2008 00:00:00,       309.153503
01/17/2008 01:00:00,       319.268521
01/17/2008 02:00:00,       330.932421
01/17/2008 03:00:00,       340.352318
01/17/2008 04:00:00,       347.393819
01/17/2008 05:00:00,       350.239193
01/17/2008 06:00:00,       350.829396
01/17/2008 07:00:00,       351.337946
01/17/2008 08:00:00,       351.234598
01/17/2008 09:00:00,       351.259418
01/17/2008 10:00:00,       351.469634
01/17/2008 11:00:00,       351.535071
01/17/2008 12:00:00,       351.350048
01/17/2008 13:00:00,       350.194498
01/17/2008 14:00:00,       348.890625
01/17/2008 15:00:00,       348.287288
01/17/2008 16:00:00,       347.580793
01/17/2008 17:00:00,       342.471428
01/17/2008 18:00:00,       322.114407
01/17/2008 19:00:00,       276.716781
01/17/2008 20:00:00,       227.848910
01/17/2008 21:00:00,       159.025120
01/17/2008 22:00:00,       114.724658
01/17/2008 23:00:00,        80.764052
01/18/2008 00:00:00,        50.403500
01/18/2008 01:00:00,        66.656005
01/18/2008 02:00:00,       243.801783
01/18/2008 03:00:00,       228.080382
01/18/2008 04:00:00,       110.539989
01/18/2008 05:00:00,       219.275957
01/18/2008 06:00:00,       317.372449
01/18/2008 07:00:00,       297.627201
01/18/2008 08:00:00,       267.067148
01/18/2008 09:00:00,       150.902947
01/18/2008 10:00:00,        93.127472
01/18/2008 11:00:00,       107.102217
01/18/2008 12:00:00,       166.351688
01/18/2008 13:00:00,       204.254417
01/18/2008 14:00:00,       184.861644
01/18/2008 15:00:00,       170.147345
01/18/2008 16:00:00,       139.369044
01/18/2008 17:00:00,        68.874029
01/18/2008 18:00:00,        14.839408
01/18/2008 19:00:00,         0.622189
01/18/2008 20:00:00,         0.313259
01/18/2008 21:00:00,         0.013518
01/18/2008 22:00:00,         0.234981
01/18/2008 23:00:00,         0.295948
01/19/2008 00:00:00,         6.381170
01/19/2008 01:00:00,        40.340645
01/19/2008 02:00:00,        26.223753
01/19/2008 03:00:00,        80.461110
01/19/2008 04:00:00,       167.994357
01/19/2008 05:00:00,       185.012681
01/19/2008 06:00:00,       189.408357
01/19/2008 07:00:00,       184.876867
01/19/2008 08:00:00,       165.077783
01/19/2008 09:00:00,       141.913571
01/19/2008 10:00:00,       117.968176
01/19/2008 11:00:00,       106.870292
01/19/2008 12:00:00,        99.271869
01/19/2008 13:00:00,        88.228734
01/19/2008 14:00:00,        78.883853
01/19/2008 15:00:00,        75.077747
01/19/2008 16:00:00,       104.052492
01/19/2008 17:00:00,        74.558671
01/19/2008 18:00:00,         5.609331
01/19/2008 19:00:00,         9.884648
01/19/2008 20:00:00,        15.518760
01/19/2008 21:00:00,        26.420680
01/19/2008 22:00:00,        28.321608
01/19/2008 23:00:00,        32.250647
01/20/2008 00:00:00,        30.570208
01/20/2008 01:00:00,        30.098908
01/20/2008 02:00:00,        41.006253
01/20/2008 03:00:00,        44.587702
01/20/2008 04:00:00,        58.819010
01/20/2008 05:00:00,        71.200268
01/20/2008 06:00:00,        59.029149
01/20/2008 07:00:00,        66.454358
01/20/2008 08:00:00,        62.886990
01/20/2008 09:00:00,        62.264681
01/20/2008 10:00:00,        50.449450
01/20/2008 11:00:00,        40.716591
01/20/2008 12:00:00,        34.355571
01/20/2008 13:00:00,        31.243998
01/20/2008 14:00:00,        26.838157
01/20/2008 15:00:00,        24.598402
01/20/2008 16:00:00,        21.264477
01/20/2008 17:00:00,        20.482209
01/20/2008 18:00:00,        15.913705
01/20/2008 19:00:00,        20.990668
01/20/2008 20:00:00,        27.604595
01/20/2008 21:00:00,        29.035716
01/20/2008 22:00:00,        30.968859
01/20/2008 23:00:00,        33.860756
01/21/2008 00:00:00,        38.463075
01/21/2008 01:00:00,        34.435464
01/21/2008 02:00:00,        21.142258
01/21/2008 03:00:00,        18.673051
01/21/2008 04:00:00,        29.516230
01/21/2008 05:00:00,        53.658813
01/21/2008 06:00:00,        74.091657
01/21/2008 07:00:00,        74.367507
01/21/2008 08:00:00,        75.928767
01/21/2008 09:00:00,        77.396319
01/21/2008 10:00:00,        70.425467
01/21/2008 11:00:00,        64.844582
01/21/2008 12:00:00,        66.582538
01/21/2008 13:00:00,        82.945636
01/21/2008 14:00:00,       109.947902
01/21/2008 15:00:00,       120.512981
01/21/2008 16:00:00,       125.187805
01/21/2008 17:00:00,       129.853642
01/21/2008 18:00:00,       149.830755
01/21/2008 19:00:00,       146.354830
01/21/2008 20:00:00,       143.126443
01/21/2008 21:00:00,       145.896669
01/21/2008 22:00:00,       158.908248
01/21/2008 23:00:00,       186.586653
01/22/2008 00:00:00,       252.533723
01/22/2008 01:00:00,       297.121558
01/22/2008 02:00:00,       299.186761
01/22/2008 03:00:00,       296.257687
01/22/2008 04:00:00,       291.772245
01/22/2008 05:00:00,       273.946022
01/22/2008 06:00:00,       271.804088
01/22/2008 07:00:00,       282.483327
01/22/2008 08:00:00,       299.320700
01/22/2008 09:00:00,       315.023410
01/22/2008 10:00:00,       334.738423
01/22/2008 11:00:00,       341.754053
01/22/2008 12:00:00,       341.358911
01/22/2008 13:00:00,       337.375193
01/22/2008 14:00:00,       337.893524
01/22/2008 15:00:00,       339.320299
01/22/2008 16:00:00,       339.259822
01/22/2008 17:00:00,       334.948077
01/22/2008 18:00:00,       334.156322
01/22/2008 19:00:00,       336.779379
01/22/2008 20:00:00,       320.918546
01/22/2008 21:00:00,       312.962728
01/22/2008 22:00:00,       339.161782
01/22/2008 23:00:00,       261.645531
01/23/2008 00:00:00,        38.341834
01/23/2008 01:00:00,        27.370344
01/23/2008 02:00:00,        19.785511
01/23/2008 03:00:00,        12.232246
01/23/2008 04:00:00,        12.844135
01/23/2008 05:00:00,        18.924610
01/23/2008 06:00:00,         8.102126
01/23/2008 07:00:00,         0.462631
01/23/2008 08:00:00,         0.068498
01/23/2008 09:00:00,        11.167586
01/23/2008 10:00:00,        23.424262
01/23/2008 11:00:00,        49.511506
01/23/2008 12:00:00,       100.917578
01/23/2008 13:00:00,       153.770765
01/23/2008 14:00:00,       179.853675
01/23/2008 15:00:00,       225.313046
01/23/2008 16:00:00,       294.062873
01/23/2008 17:00:00,       328.820814
01/23/2008 18:00:00,       323.472612
01/23/2008 19:00:00,       300.142786
01/23/2008 20:00:00,       280.023132
01/23/2008 21:00:00,       256.356667
01/23/2008 22:00:00,       233.471660
01/23/2008 23:00:00,       236.152152
01/24/2008 00:00:00,       250.298376
01/24/2008 01:00:00,       255.997580
01/24/2008 02:00:00,       236.062740
01/24/2008 03:00:00,       199.854993
01/24/2008 04:00:00,       167.833502
01/24/2008 05:00:00,       120.701234
01/24/2008 06:00:00,        95.815208
01/24/2008 07:00:00,        66.797153
01/24/2008 08:00:00,        60.187652
01/24/2008 09:00:00,        61.481060
01/24/2008 10:00:00,        48.749480
01/24/2008 11:00:00,        29.788965
01/24/2008 12:00:00,         8.311700
01/24/2008 13:00:00,         0.405155
01/24/2008 14:00:00,         1.820360
01/24/2008 15:00:00,        11.036529
01/24/2008 16:00:00,        16.405039
01/24/2008 17:00:00,        15.288775
01/24/2008 18:00:00,        32.713610
01/24/2008 19:00:00,        19.949092
01/24/2008 20:00:00,         1.051637
01/24/2008 21:00:00,         0.373562
01/24/2008 22:00:00,         2.196583
01/24/2008 23:00:00,         5.550320
01/25/2008 00:00:00,         2.129577
01/25/2008 01:00:00,         0.124628
01/25/2008 02:00:00,         0.000000
01/25/2008 03:00:00,         0.000000
01/25/2008 04:00:00,         0.000000
01/25/2008 05:00:00,         0.000000
01/25/2008 06:00:00,         0.000000
01/25/2008 07:00:00,         0.005871
01/25/2008 08:00:00,         1.066948
01/25/2008 09:00:00,         7.093980
01/25/2008 10:00:00,        19.791972
01/25/2008 11:00:00,        57.868399
01/25/2008 12:00:00,       104.820229
01/25/2008 13:00:00,       102.325614
01/25/2008 14:00:00,        85.683132
01/25/2008 15:00:00,       238.928064
01/25/2008 16:00:00,       330.762815
01/25/2008 17:00:00,       350.271323
01/25/2008 18:00:00,       351.311185
01/25/2008 19:00:00,       347.876141
01/25/2008 20:00:00,       347.427737
01/25/2008 21:00:00,       351.374989
01/25/2008 22:00:00,       351.942246
01/25/2008 23:00:00,       351.995506
01/26/2008 00:00:00,       351.978140
01/26/2008 01:00:00,       351.992775
01/26/2008 02:00:00,       351.999108
01/26/2008 03:00:00,       351.994243
01/26/2008 04:00:00,       351.996976
01/26/2008 05:00:00,       351.991327
01/26/2008 06:00:00,       351.922041
01/26/2008 07:00:00,       351.891645
01/26/2008 08:00:00,       351.997933
01/26/2008 09:00:00,       352.000000
01/26/2008 10:00:00,       352.000000
01/26/2008 11:00:00,       352.000000
01/26/2008 12:00:00,       352.000000
01/26/2008 13:00:00,       352.000000
01/26/2008 14:00:00,       351.990474
01/26/2008 15:00:00,       351.912949
01/26/2008 16:00:00,       351.985198
01/26/2008 17:00:00,       351.047439
01/26/2008 18:00:00,       335.071959
01/26/2008 19:00:00,       334.298288
01/26/2008 20:00:00,       351.038182
01/26/2008 21:00:00,       346.308671
01/26/2008 22:00:00,       346.229614
01/26/2008 23:00:00,       346.583214
01/27/2008 00:00:00,       311.850129
01/27/2008 01:00:00,       277.304258
01/27/2008 02:00:00,       280.342797
01/27/2008 03:00:00,       297.023709
01/27/2008 04:00:00,       310.156343
01/27/2008 05:00:00,       321.864799
01/27/2008 06:00:00,       319.449891
01/27/2008 07:00:00,       321.723303
01/27/2008 08:00:00,       340.326872
01/27/2008 09:00:00,       346.690663
01/27/2008 10:00:00,       347.401541
01/27/2008 11:00:00,       346.951663
01/27/2008 12:00:00,       344.321836
01/27/2008 13:00:00,       336.025966
01/27/2008 14:00:00,       305.484622
01/27/2008 15:00:00,       267.541373
01/27/2008 16:00:00,       242.338755
01/27/2008 17:00:00,       222.851757
01/27/2008 18:00:00,       161.098923
01/27/2008 19:00:00,       101.062971
01/27/2008 20:00:00,        46.849829
01/27/2008 21:00:00,        15.378849
01/27/2008 22:00:00,        86.549010
01/27/2008 23:00:00,       176.396447
01/28/2008 00:00:00,       199.305454
01/28/2008 01:00:00,       188.707114
01/28/2008 02:00:00,       190.916110
01/28/2008 03:00:00,       211.803010
01/28/2008 04:00:00,       232.757407
01/28/2008 05:00:00,       229.610556
01/28/2008 06:00:00,       217.985019
01/28/2008 07:00:00,       197.551915
01/28/2008 08:00:00,       182.942633
01/28/2008 09:00:00,       176.944917
01/28/2008 10:00:00,       194.651256
01/28/2008 11:00:00,       209.832841
01/28/2008 12:00:00,       228.801787
01/28/2008 13:00:00,       204.352457
01/28/2008 14:00:00,       168.266814
01/28/2008 15:00:00,       167.403367
01/28/2008 16:00:00,       212.734883
01/28/2008 17:00:00,       239.602797
01/28/2008 18:00:00,       175.716544
01/28/2008 19:00:00,        81.239912
01/28/2008 20:00:00,        41.233507
01/28/2008 21:00:00,        23.817976
01/28/2008 22:00:00,        13.257579
01/28/2008 23:00:00,         4.910507
01/29/2008 00:00:00,         0.997726
01/29/2008 01:00:00,         0.284560
01/29/2008 02:00:00,         0.002807
01/29/2008 03:00:00,         0.000000
01/29/2008 04:00:00,         0.000000
01/29/2008 05:00:00,         0.035060
01/29/2008 06:00:00,         1.349634
01/29/2008 07:00:00,        10.857981
01/29/2008 08:00:00,        31.979333
01/29/2008 09:00:00,        57.343289
01/29/2008 10:00:00,        89.229633
01/29/2008 11:00:00,       106.987432
01/29/2008 12:00:00,       131.772991
01/29/2008 13:00:00,       149.524319
01/29/2008 14:00:00,       135.764507
01/29/2008 15:00:00,       117.687731
01/29/2008 16:00:00,        89.042088
01/29/2008 17:00:00,        50.422371
01/29/2008 18:00:00,        17.182382
01/29/2008 19:00:00,         8.838319
01/29/2008 20:00:00,        10.732038
01/29/2008 21:00:00,        20.214598
01/29/2008 22:00:00,        32.767186
01/29/2008 23:00:00,        49.596627
01/30/2008 00:00:00,        83.817005
01/30/2008 01:00:00,        96.451982
01/30/2008 02:00:00,        73.352511
01/30/2008 03:00:00,        21.671475
01/30/2008 04:00:00,         3.723552
01/30/2008 05:00:00,         6.817227
01/30/2008 06:00:00,        20.012093
01/30/2008 07:00:00,        53.940720
01/30/2008 08:00:00,        79.377792
01/30/2008 09:00:00,        68.508995
01/30/2008 10:00:00,        88.860204
01/30/2008 11:00:00,       140.452594
01/30/2008 12:00:00,       166.820014
01/30/2008 13:00:00,       194.425774
01/30/2008 14:00:00,       218.283115
01/30/2008 15:00:00,       274.794939
01/30/2008 16:00:00,       328.089702
01/30/2008 17:00:00,       335.836975
01/30/2008 18:00:00,       329.084826
01/30/2008 19:00:00,       317.028984
01/30/2008 20:00:00,       326.985016
01/30/2008 21:00:00,       337.871174
01/30/2008 22:00:00,       321.563333
01/30/2008 23:00:00,       311.067981
01/31/2008 00:00:00,       313.330546
01/31/2008 01:00:00,       322.286698
01/31/2008 02:00:00,       314.066416
01/31/2008 03:00:00,       299.229649
01/31/2008 04:00:00,       336.538569
01/31/2008 05:00:00,       351.516751
01/31/2008 06:00:00,       351.888766
01/31/2008 07:00:00,       351.958658
01/31/2008 08:00:00,       349.289552
01/31/2008 09:00:00,       319.987115
01/31/2008 10:00:00,       291.447664
01/31/2008 11:00:00,       305.219480
01/31/2008 12:00:00,       350.453757
01/31/2008 13:00:00,       351.949549
01/31/2008 14:00:00,       351.886537
01/31/2008 15:00:00,       351.686783
01/31/2008 16:00:00,       350.980890
01/31/2008 17:00:00,       349.535413
01/31/2008 18:00:00,       347.521747
01/31/2008 19:00:00,       332.728539
01/31/2008 20:00:00,       293.638192
01/31/2008 21:00:00,       195.510187
01/31/2008 22:00:00,       181.355461
01/31/2008 23:00:00,       159.574444
02/01/2008 00:00:00,       153.100085
02/01/2008 01:00:00,       183.590201
02/01/2008 02:00:00,       229.651359
02/01/2008 03:00:00,       248.643848
02/01/2008 04:00:00,       218.903012
02/01/2008 05:00:00,       113.877426
02/01/2008 06:00:00,        89.943587
02/01/2008 07:00:00,        70.697937
02/01/2008 08:00:00,        77.509670
02/01/2008 09:00:00,       116.011679
02/01/2008 10:00:00,       205.986913
02/01/2008 11:00:00,       282.136295
02/01/2008 12:00:00,       346.475467
02/01/2008 13:00:00,       349.744595
02/01/2008 14:00:00,       350.003318
02/01/2008 15:00:00,       349.782416
02/01/2008 16:00:00,       344.966178
02/01/2008 17:00:00,       332.803321
02/01/2008 18:00:00,       318.658162
02/01/2008 19:00:00,       287.203084
02/01/2008 20:00:00,       232.114439
02/01/2008 21:00:00,       194.373692
02/01/2008 22:00:00,       166.897503
02/01/2008 23:00:00,       157.599182
02/02/2008 00:00:00,       161.807067
02/02/2008 01:00:00,       215.290675
02/02/2008 02:00:00,       289.633230
02/02/2008 03:00:00,       310.444383
02/02/2008 04:00:00,       282.939893
02/02/2008 05:00:00,       272.389098
02/02/2008 06:00:00,       347.431307
02/02/2008 07:00:00,       345.787148
02/02/2008 08:00:00,       338.909377
02/02/2008 09:00:00,       333.486553
02/02/2008 10:00:00,       336.835870
02/02/2008 11:00:00,       336.876742
02/02/2008 12:00:00,       344.672278
02/02/2008 13:00:00,       334.265641
02/02/2008 14:00:00,       299.739194
02/02/2008 15:00:00,       306.165061
02/02/2008 16:00:00,       315.390057
02/02/2008 17:00:00,       235.589918
02/02/2008 18:00:00,       130.513441
02/02/2008 19:00:00,        70.158319
02/02/2008 20:00:00,        84.974558
02/02/2008 21:00:00,        89.595750
02/02/2008 22:00:00,        42.883951
02/02/2008 23:00:00,        11.107523
02/03/2008 00:00:00,        12.156100
02/03/2008 01:00:00,        35.336115
02/03/2008 02:00:00,        46.734505
02/03/2008 03:00:00,        52.001472
02/03/2008 04:00:00,        54.273248
02/03/2008 05:00:00,        52.337661
02/03/2008 06:00:00,        30.584100
02/03/2008 07:00:00,        17.563634
02/03/2008 08:00:00,        12.803109
02/03/2008 09:00:00,        12.334654
02/03/2008 10:00:00,        12.593910
02/03/2008 11:00:00,         7.823161
02/03/2008 12:00:00,         3.070000
02/03/2008 13:00:00,         0.622606
02/03/2008 14:00:00,         0.016286
02/03/2008 15:00:00,         0.000000
02/03/2008 16:00:00,         0.000000
02/03/2008 17:00:00,         0.066965
02/03/2008 18:00:00,         6.191864
02/03/2008 19:00:00,        13.135976
02/03/2008 20:00:00,        16.768387
02/03/2008 21:00:00,         9.763849
02/03/2008 22:00:00,         8.070971
02/03/2008 23:00:00,         9.515740
02/04/2008 00:00:00,        14.252742
02/04/2008 01:00:00,        15.194870
02/04/2008 02:00:00,        16.782220
02/04/2008 03:00:00,        24.048677
02/04/2008 04:00:00,        28.122679
02/04/2008 05:00:00,        35.804758
02/04/2008 06:00:00,        41.399820
02/04/2008 07:00:00,        42.935490
02/04/2008 08:00:00,        38.561895
02/04/2008 09:00:00,        29.009049
02/04/2008 10:00:00,        27.669758
02/04/2008 11:00:00,        23.828400
02/04/2008 12:00:00,        12.908041
02/04/2008 13:00:00,         4.317742
02/04/2008 14:00:00,         1.618322
02/04/2008 15:00:00,         0.148684
02/04/2008 16:00:00,         1.279093
02/04/2008 17:00:00,        44.095425
02/04/2008 18:00:00,       133.609202
02/04/2008 19:00:00,       104.759632
02/04/2008 20:00:00,        40.958019
02/04/2008 21:00:00,         6.735895
02/04/2008 22:00:00,         7.705146
02/04/2008 23:00:00,       138.134527
02/05/2008 00:00:00,       250.863717
02/05/2008 01:00:00,       293.301306
02/05/2008 02:00:00,       291.470680
02/05/2008 03:00:00,       279.291781
02/05/2008 04:00:00,       279.491839
02/05/2008 05:00:00,       298.572097
02/05/2008 06:00:00,       312.972313
02/05/2008 07:00:00,       317.918706
02/05/2008 08:00:00,       311.265352
02/05/2008 09:00:00,       286.560163
02/05/2008 10:00:00,       271.395367
02/05/2008 11:00:00,       274.503082
02/05/2008 12:00:00,       295.678556
02/05/2008 13:00:00,       333.407149
02/05/2008 14:00:00,       344.976560
02/05/2008 15:00:00,       349.263092
02/05/2008 16:00:00,       350.162786
02/05/2008 17:00:00,       349.538272
02/05/2008 18:00:00,       344.910252
02/05/2008 19:00:00,       310.028032
02/05/2008 20:00:00,       311.774742
02/05/2008 21:00:00,       348.981119
02/05/2008 22:00:00,       347.286266
02/05/2008 23:00:00,       351.632993
02/06/2008 00:00:00,       340.678346
02/06/2008 01:00:00,       267.754837
02/06/2008 02:00:00,       330.553435
02/06/2008 03:00:00,       351.493469
02/06/2008 04:00:00,       351.099509
02/06/2008 05:00:00,       348.380495
02/06/2008 06:00:00,       348.720914
02/06/2008 07:00:00,       350.811800
02/06/2008 08:00:00,       351.447216
02/06/2008 09:00:00,       351.857652
02/06/2008 10:00:00,       351.993551
02/06/2008 11:00:00,       351.996432
02/06/2008 12:00:00,       351.991674
02/06/2008 13:00:00,       351.931506
02/06/2008 14:00:00,       351.964758
02/06/2008 15:00:00,       351.982155
02/06/2008 16:00:00,       351.980381
02/06/2008 17:00:00,       351.951946
02/06/2008 18:00:00,       351.099555
02/06/2008 19:00:00,       349.274257
02/06/2008 20:00:00,       348.238637
02/06/2008 21:00:00,       347.776693
02/06/2008 22:00:00,       348.525708
02/06/2008 23:00:00,       348.918232
02/07/2008 00:00:00,       330.936298
02/07/2008 01:00:00,       331.304346
02/07/2008 02:00:00,       345.354815
02/07/2008 03:00:00,       345.280263
02/07/2008 04:00:00,       333.900092
02/07/2008 05:00:00,       342.812656
02/07/2008 06:00:00,       342.039502
02/07/2008 07:00:00,       348.780154
02/07/2008 08:00:00,       320.968481
02/07/2008 09:00:00,       226.684165
02/07/2008 10:00:00,       143.387278
02/07/2008 11:00:00,        93.402307
02/07/2008 12:00:00,        93.786821
02/07/2008 13:00:00,        82.655309
02/07/2008 14:00:00,        47.570888
02/07/2008 15:00:00,        86.375665
02/07/2008 16:00:00,       227.839575
02/07/2008 17:00:00,       340.447984
02/07/2008 18:00:00,       338.906913
02/07/2008 19:00:00,       283.646247
02/07/2008 20:00:00,       265.332003
02/07/2008 21:00:00,       270.495680
02/07/2008 22:00:00,       279.421767
02/07/2008 23:00:00,       288.762012
02/08/2008 00:00:00,       271.627165
02/08/2008 01:00:00,       266.404597
02/08/2008 02:00:00,       283.359994
02/08/2008 03:00:00,       331.705479
02/08/2008 04:00:00,       340.267890
02/08/2008 05:00:00,       349.756086
02/08/2008 06:00:00,       351.951686
02/08/2008 07:00:00,       351.972489
02/08/2008 08:00:00,       351.963866
02/08/2008 09:00:00,       351.703471
02/08/2008 10:00:00,       351.744224
02/08/2008 11:00:00,       351.974203
02/08/2008 12:00:00,       351.368002
02/08/2008 13:00:00,       350.518776
02/08/2008 14:00:00,       348.129088
02/08/2008 15:00:00,       344.259108
02/08/2008 16:00:00,       334.219996
02/08/2008 17:00:00,       346.874420
02/08/2008 18:00:00,       351.495352
02/08/2008 19:00:00,       351.695959
02/08/2008 20:00:00,       336.603109
02/08/2008 21:00:00,       182.597443
02/08/2008 22:00:00,        58.453271
02/08/2008 23:00:00,        79.479191
02/09/2008 00:00:00,       112.709968
02/09/2008 01:00:00,        55.520923
02/09/2008 02:00:00,        33.186231
02/09/2008 03:00:00,        18.229279
02/09/2008 04:00:00,         4.375577
02/09/2008 05:00:00,         3.140906
02/09/2008 06:00:00,         0.528991
02/09/2008 07:00:00,         0.013944
02/09/2008 08:00:00,         0.000000
02/09/2008 09:00:00,         0.000000
02/09/2008 10:00:00,         0.000000
02/09/2008 11:00:00,         0.000000
02/09/2008 12:00:00,         0.000000
02/09/2008 13:00:00,         0.120768
02/09/2008 14:00:00,         0.417156
02/09/2008 15:00:00,         0.541399
02/09/2008 16:00:00,         0.559918
02/09/2008 17:00:00,         0.742913
02/09/2008 18:00:00,         1.146575
02/09/2008 19:00:00,         1.361294
02/09/2008 20:00:00,         1.814562
02/09/2008 21:00:00,         2.427432
02/09/2008 22:00:00,         3.670088
02/09/2008 23:00:00,         5.505233
02/10/2008 00:00:00,         8.605801
02/10/2008 01:00:00,        13.820520
02/10/2008 02:00:00,        25.897210
02/10/2008 03:00:00,        46.956277
02/10/2008 04:00:00,        84.722547
02/10/2008 05:00:00,       145.324957
02/10/2008 06:00:00,       200.384751
02/10/2008 07:00:00,       242.092050
02/10/2008 08:00:00,       274.540559
02/10/2008 09:00:00,       294.068343
02/10/2008 10:00:00,       309.702773
02/10/2008 11:00:00,       297.265877
02/10/2008 12:00:00,       257.652775
02/10/2008 13:00:00,       144.124542
02/10/2008 14:00:00,        43.958554
02/10/2008 15:00:00,       112.980616
02/10/2008 16:00:00,       159.828137
02/10/2008 17:00:00,       176.374344
02/10/2008 18:00:00,       198.008947
02/10/2008 19:00:00,       203.604397
02/10/2008 20:00:00,       268.504536
02/10/2008 21:00:00,       291.328028
02/10/2008 22:00:00,       310.304579
02/10/2008 23:00:00,       328.163890
02/11/2008 00:00:00,       349.359044
02/11/2008 01:00:00,       345.802482
02/11/2008 02:00:00,       302.624827
02/11/2008 03:00:00,       320.279350
02/11/2008 04:00:00,       324.725929
02/11/2008 05:00:00,       308.731603
02/11/2008 06:00:00,       268.726497
02/11/2008 07:00:00,       336.903256
02/11/2008 08:00:00,       347.823597
02/11/2008 09:00:00,       346.454997
02/11/2008 10:00:00,       348.599600
02/11/2008 11:00:00,       350.289155
02/11/2008 12:00:00,       347.744060
02/11/2008 13:00:00,       347.650208
02/11/2008 14:00:00,       347.673320
02/11/2008 15:00:00,       347.108784
02/11/2008 16:00:00,       340.023497
02/11/2008 17:00:00,       315.198646
02/11/2008 18:00:00,       292.449348
02/11/2008 19:00:00,       266.328773
02/11/2008 20:00:00,       285.096824
02/11/2008 21:00:00,       333.679166
02/11/2008 22:00:00,       351.188747
02/11/2008 23:00:00,       351.875200
02/12/2008 00:00:00,       351.819714
02/12/2008 01:00:00,       351.299940
02/12/2008 02:00:00,       349.677705
02/12/2008 03:00:00,       346.668689
02/12/2008 04:00:00,       344.035249
02/12/2008 05:00:00,       339.624829
02/12/2008 06:00:00,       338.995653
02/12/2008 07:00:00,       346.181383
02/12/2008 08:00:00,       342.606861
02/12/2008 09:00:00,       338.288016
02/12/2008 10:00:00,       333.477231
02/12/2008 11:00:00,       326.763820
02/12/2008 12:00:00,       309.621734
02/12/2008 13:00:00,       299.329119
02/12/2008 14:00:00,       303.244779
02/12/2008 15:00:00,       307.952741
02/12/2008 16:00:00,       283.647349
02/12/2008 17:00:00,       225.852811
02/12/2008 18:00:00,       158.161214
02/12/2008 19:00:00,       164.312317
02/12/2008 20:00:00,       190.260486
02/12/2008 21:00:00,       199.833879
02/12/2008 22:00:00,       255.306774
02/12/2008 23:00:00,       300.371801
02/13/2008 00:00:00,       327.427596
02/13/2008 01:00:00,       209.736483
02/13/2008 02:00:00,       317.142972
02/13/2008 03:00:00,       351.956954
02/13/2008 04:00:00,       351.955095
02/13/2008 05:00:00,       351.964198
02/13/2008 06:00:00,       351.997630
02/13/2008 07:00:00,       351.955289
02/13/2008 08:00:00,       351.919920
02/13/2008 09:00:00,       351.838882
02/13/2008 10:00:00,       350.297206
02/13/2008 11:00:00,       349.415483
02/13/2008 12:00:00,       318.314263
02/13/2008 13:00:00,       131.548330
02/13/2008 14:00:00,         0.000000
02/13/2008 15:00:00,        15.682972
02/13/2008 16:00:00,        94.172627
02/13/2008 17:00:00,       206.489382
02/13/2008 18:00:00,       280.818279
02/13/2008 19:00:00,       285.975808
02/13/2008 20:00:00,       214.318723
02/13/2008 21:00:00,       174.674432
02/13/2008 22:00:00,       182.267163
02/13/2008 23:00:00,       122.873452
02/14/2008 00:00:00,        64.568150
02/14/2008 01:00:00,        46.501511
02/14/2008 02:00:00,        12.451514
02/14/2008 03:00:00,         2.229179
02/14/2008 04:00:00,         5.907079
02/14/2008 05:00:00,        10.062519
02/14/2008 06:00:00,        82.934400
02/14/2008 07:00:00,       107.055548
02/14/2008 08:00:00,        88.775268
02/14/2008 09:00:00,       132.838581
02/14/2008 10:00:00,       150.633781
02/14/2008 11:00:00,        79.233846
02/14/2008 12:00:00,        55.342542
02/14/2008 13:00:00,        83.941055
02/14/2008 14:00:00,       110.478945
02/14/2008 15:00:00,       134.099927
02/14/2008 16:00:00,       184.199274
02/14/2008 17:00:00,       213.616856
02/14/2008 18:00:00,       223.206870
02/14/2008 19:00:00,       195.951488
02/14/2008 20:00:00,       190.712119
02/14/2008 21:00:00,       164.316635
02/14/2008 22:00:00,       156.988586
02/14/2008 23:00:00,       135.379682
02/15/2008 00:00:00,       115.333626
02/15/2008 01:00:00,       228.780078
02/15/2008 02:00:00,       300.886723
02/15/2008 03:00:00,       327.667065
02/15/2008 04:00:00,       342.199809
02/15/2008 05:00:00,       346.716568
02/15/2008 06:00:00,       348.326751
02/15/2008 07:00:00,       348.061780
02/15/2008 08:00:00,       347.613290
02/15/2008 09:00:00,       347.900278
02/15/2008 10:00:00,       349.408411
02/15/2008 11:00:00,       350.491064
02/15/2008 12:00:00,       351.085131
02/15/2008 13:00:00,       351.013590
02/15/2008 14:00:00,       350.760574
02/15/2008 15:00:00,       351.384067
02/15/2008 16:00:00,       351.526691
02/15/2008 17:00:00,       349.390332
02/15/2008 18:00:00,       336.375319
02/15/2008 19:00:00,       346.755736
02/15/2008 20:00:00,       349.256376
02/15/2008 21:00:00,       328.219830
02/15/2008 22:00:00,       332.467828
02/15/2008 23:00:00,       351.999192
02/16/2008 00:00:00,       351.960527
02/16/2008 01:00:00,       350.047985
02/16/2008 02:00:00,       351.084098
02/16/2008 03:00:00,       351.889443
02/16/2008 04:00:00,       351.931832
02/16/2008 05:00:00,       351.915579
02/16/2008 06:00:00,       348.031847
02/16/2008 07:00:00,       334.908686
02/16/2008 08:00:00,       348.488578
02/16/2008 09:00:00,       350.925906
02/16/2008 10:00:00,       350.864938
02/16/2008 11:00:00,       344.550799
02/16/2008 12:00:00,       317.006465
02/16/2008 13:00:00,       312.579665
02/16/2008 14:00:00,       289.046844
02/16/2008 15:00:00,       282.147720
02/16/2008 16:00:00,       333.782160
02/16/2008 17:00:00,       346.885662
02/16/2008 18:00:00,       317.534106
02/16/2008 19:00:00,       224.678420
02/16/2008 20:00:00,       189.833789
02/16/2008 21:00:00,       144.223520
02/16/2008 22:00:00,       127.695645
02/16/2008 23:00:00,       152.795701
02/17/2008 00:00:00,       128.309415
02/17/2008 01:00:00,       124.148027
02/17/2008 02:00:00,       119.785166
02/17/2008 03:00:00,        94.548668
02/17/2008 04:00:00,       112.837484
02/17/2008 05:00:00,        90.916322
02/17/2008 06:00:00,        63.975113
02/17/2008 07:00:00,        61.373591
02/17/2008 08:00:00,        56.542038
02/17/2008 09:00:00,        68.293653
02/17/2008 10:00:00,        62.318263
02/17/2008 11:00:00,        69.502838
02/17/2008 12:00:00,        89.627366
02/17/2008 13:00:00,        46.880889
02/17/2008 14:00:00,        39.753114
02/17/2008 15:00:00,        26.471598
02/17/2008 16:00:00,        16.796265
02/17/2008 17:00:00,        28.211317
02/17/2008 18:00:00,        18.175308
02/17/2008 19:00:00,         6.638144
02/17/2008 20:00:00,        10.537685
02/17/2008 21:00:00,        32.021399
02/17/2008 22:00:00,        72.561341
02/17/2008 23:00:00,       131.218928
02/18/2008 00:00:00,       156.803239
02/18/2008 01:00:00,       151.631372
02/18/2008 02:00:00,       135.251736
02/18/2008 03:00:00,       145.691162
02/18/2008 04:00:00,       187.988475
02/18/2008 05:00:00,       209.413117
02/18/2008 06:00:00,       211.411167
02/18/2008 07:00:00,       235.627614
02/18/2008 08:00:00,       237.525671
02/18/2008 09:00:00,       238.072524
02/18/2008 10:00:00,       221.658095
02/18/2008 11:00:00,       183.620724
02/18/2008 12:00:00,       166.146297
02/18/2008 13:00:00,       166.185344
02/18/2008 14:00:00,       184.521215
02/18/2008 15:00:00,       207.562884
02/18/2008 16:00:00,       216.349532
02/18/2008 17:00:00,       193.641902
02/18/2008 18:00:00,       134.236347
02/18/2008 19:00:00,        72.059444
02/18/2008 20:00:00,        38.494643
02/18/2008 21:00:00,        32.856026
02/18/2008 22:00:00,        57.245665
02/18/2008 23:00:00,       116.282141
02/19/2008 00:00:00,       188.583024
02/19/2008 01:00:00,       273.509269
02/19/2008 02:00:00,       323.524955
02/19/2008 03:00:00,       341.199241
02/19/2008 04:00:00,       343.637794
02/19/2008 05:00:00,       344.896620
02/19/2008 06:00:00,       343.200215
02/19/2008 07:00:00,       336.395961
02/19/2008 08:00:00,       326.513571
02/19/2008 09:00:00,       316.384519
02/19/2008 10:00:00,       295.294569
02/19/2008 11:00:00,       276.287374
02/19/2008 12:00:00,       257.476985
02/19/2008 13:00:00,       265.321043
02/19/2008 14:00:00,       287.387911
02/19/2008 15:00:00,       299.846474
02/19/2008 16:00:00,       273.433256
02/19/2008 17:00:00,       107.299426
02/19/2008 18:00:00,        14.016740
02/19/2008 19:00:00,         1.320045
02/19/2008 20:00:00,         0.340948
02/19/2008 21:00:00,         0.004780
02/19/2008 22:00:00,         0.363508
02/19/2008 23:00:00,        11.796512
02/20/2008 00:00:00,        50.582088
02/20/2008 01:00:00,       101.217383
02/20/2008 02:00:00,       179.643092
02/20/2008 03:00:00,       204.575951
02/20/2008 04:00:00,       132.697477
02/20/2008 05:00:00,        99.648954
02/20/2008 06:00:00,        99.572985
02/20/2008 07:00:00,       102.742792
02/20/2008 08:00:00,       141.025851
02/20/2008 09:00:00,       203.007171
02/20/2008 10:00:00,       226.477625
02/20/2008 11:00:00,       212.275887
02/20/2008 12:00:00,       228.669873
02/20/2008 13:00:00,       282.866601
02/20/2008 14:00:00,       290.201666
02/20/2008 15:00:00,       299.881560
02/20/2008 16:00:00,       314.832707
02/20/2008 17:00:00,       240.482428
02/20/2008 18:00:00,       149.699041
02/20/2008 19:00:00,        67.296789
02/20/2008 20:00:00,        15.929934
02/20/2008 21:00:00,         1.218053
02/20/2008 22:00:00,         0.036083
02/20/2008 23:00:00,         0.000228
02/21/2008 00:00:00,         0.000000
02/21/2008 01:00:00,         0.000000
02/21/2008 02:00:00,         0.000000
02/21/2008 03:00:00,         0.003443
02/21/2008 04:00:00,         0.139697
02/21/2008 05:00:00,         0.301485
02/21/2008 06:00:00,         0.450994
02/21/2008 07:00:00,         0.228861
02/21/2008 08:00:00,         0.107235
02/21/2008 09:00:00,         0.405756
02/21/2008 10:00:00,         0.000000
02/21/2008 11:00:00,         0.495141
02/21/2008 12:00:00,         9.504561
02/21/2008 13:00:00,        18.246987
02/21/2008 14:00:00,        13.667764
02/21/2008 15:00:00,         6.765110
02/21/2008 16:00:00,         3.248765
02/21/2008 17:00:00,         3.417417
02/21/2008 18:00:00,         5.119958
02/21/2008 19:00:00,         2.802860
02/21/2008 20:00:00,         0.167436
02/21/2008 21:00:00,         0.000000
02/21/2008 22:00:00,         0.006625
02/21/2008 23:00:00,         0.023654
02/22/2008 00:00:00,         0.278741
02/22/2008 01:00:00,         3.591616
02/22/2008 02:00:00,         8.704835
02/22/2008 03:00:00,         9.355790
02/22/2008 04:00:00,        27.750739
02/22/2008 05:00:00,        58.946470
02/22/2008 06:00:00,        39.737003
02/22/2008 07:00:00,        23.174792
02/22/2008 08:00:00,        22.640291
02/22/2008 09:00:00,        15.193824
02/22/2008 10:00:00,         8.513434
02/22/2008 11:00:00,         6.424485
02/22/2008 12:00:00,        12.193497
02/22/2008 13:00:00,        19.491297
02/22/2008 14:00:00,        26.025276
02/22/2008 15:00:00,        28.081138
02/22/2008 16:00:00,        37.387849
02/22/2008 17:00:00,        40.447057
02/22/2008 18:00:00,        24.151049
02/22/2008 19:00:00,         6.889023
02/22/2008 20:00:00,         0.584362
02/22/2008 21:00:00,         0.004350
02/22/2008 22:00:00,         0.000000
02/22/2008 23:00:00,         0.000000
02/23/2008 00:00:00,         0.000000
02/23/2008 01:00:00,         0.165103
02/23/2008 02:00:00,         5.318788
02/23/2008 03:00:00,        16.489161
02/23/2008 04:00:00,        11.600167
02/23/2008 05:00:00,        15.112559
02/23/2008 06:00:00,        13.320960
02/23/2008 07:00:00,         6.558962
02/23/2008 08:00:00,        12.767451
02/23/2008 09:00:00,        41.051742
02/23/2008 10:00:00,        55.399446
02/23/2008 11:00:00,        61.432874
02/23/2008 12:00:00,        51.392604
02/23/2008 13:00:00,        52.301576
02/23/2008 14:00:00,        74.229034
02/23/2008 15:00:00,       143.076927
02/23/2008 16:00:00,       220.668693
02/23/2008 17:00:00,       200.723656
02/23/2008 18:00:00,       124.516024
02/23/2008 19:00:00,        92.846197
02/23/2008 20:00:00,        70.466952
02/23/2008 21:00:00,        47.138178
02/23/2008 22:00:00,        23.678196
02/23/2008 23:00:00,        13.758600
02/24/2008 00:00:00,        17.651273
02/24/2008 01:00:00,        53.711651
02/24/2008 02:00:00,        85.513999
02/24/2008 03:00:00,        83.383985
02/24/2008 04:00:00,        75.675000
02/24/2008 05:00:00,        66.450415
02/24/2008 06:00:00,        50.118337
02/24/2008 07:00:00,        32.711021
02/24/2008 08:00:00,        16.931417
02/24/2008 09:00:00,        21.189080
02/24/2008 10:00:00,        16.905628
02/24/2008 11:00:00,         4.422417
02/24/2008 12:00:00,         0.454820
02/24/2008 13:00:00,         0.004779
02/24/2008 14:00:00,         0.000000
02/24/2008 15:00:00,         0.000000
02/24/2008 16:00:00,         0.000000
02/24/2008 17:00:00,         0.067879
02/24/2008 18:00:00,         0.374859
02/24/2008 19:00:00,         1.357786
02/24/2008 20:00:00,         0.998009
02/24/2008 21:00:00,         0.649232
02/24/2008 22:00:00,         0.405901
02/24/2008 23:00:00,         0.307530
02/25/2008 00:00:00,         1.033512
02/25/2008 01:00:00,         0.410598
02/25/2008 02:00:00,         0.000000
02/25/2008 03:00:00,         0.000000
02/25/2008 04:00:00,         0.000000
02/25/2008 05:00:00,         0.000000
02/25/2008 06:00:00,         0.000000
02/25/2008 07:00:00,         0.000000
02/25/2008 08:00:00,         0.000000
02/25/2008 09:00:00,         0.000000
02/25/2008 10:00:00,         0.000000
02/25/2008 11:00:00,         0.000000
02/25/2008 12:00:00,         0.000000
02/25/2008 13:00:00,         0.000000
02/25/2008 14:00:00,         0.000000
02/25/2008 15:00:00,         0.004373
02/25/2008 16:00:00,         0.216255
02/25/2008 17:00:00,         0.547477
02/25/2008 18:00:00,         0.243745
02/25/2008 19:00:00,         4.600917
02/25/2008 20:00:00,        10.711786
02/25/2008 21:00:00,        19.773322
02/25/2008 22:00:00,        33.697618
02/25/2008 23:00:00,        54.024598
02/26/2008 00:00:00,        68.711818
02/26/2008 01:00:00,       108.437048
02/26/2008 02:00:00,       171.057016
02/26/2008 03:00:00,       166.906462
02/26/2008 04:00:00,       122.692263
02/26/2008 05:00:00,       178.373219
02/26/2008 06:00:00,       291.450252
02/26/2008 07:00:00,       340.523904
02/26/2008 08:00:00,       341.072796
02/26/2008 09:00:00,       343.805663
02/26/2008 10:00:00,       344.154789
02/26/2008 11:00:00,       347.169192
02/26/2008 12:00:00,       348.617097
02/26/2008 13:00:00,       344.124677
02/26/2008 14:00:00,       338.164605
02/26/2008 15:00:00,       332.443103
02/26/2008 16:00:00,       316.648153
02/26/2008 17:00:00,       262.785673
02/26/2008 18:00:00,       156.562661
02/26/2008 19:00:00,        93.612748
02/26/2008 20:00:00,        72.255135
02/26/2008 21:00:00,        78.114022
02/26/2008 22:00:00,        89.749895
02/26/2008 23:00:00,        90.029598
02/27/2008 00:00:00,       108.111093
02/27/2008 01:00:00,       130.399559
02/27/2008 02:00:00,       167.006729
02/27/2008 03:00:00,       206.261692
02/27/2008 04:00:00,       246.684453
02/27/2008 05:00:00,       294.470768
02/27/2008 06:00:00,       333.736599
02/27/2008 07:00:00,       340.903519
02/27/2008 08:00:00,       320.741291
02/27/2008 09:00:00,       330.901403
02/27/2008 10:00:00,       351.190848
02/27/2008 11:00:00,       351.930791
02/27/2008 12:00:00,       351.987650
02/27/2008 13:00:00,       352.000000
02/27/2008 14:00:00,       351.996115
02/27/2008 15:00:00,       351.995684
02/27/2008 16:00:00,       351.992256
02/27/2008 17:00:00,       351.923219
02/27/2008 18:00:00,       351.703638
02/27/2008 19:00:00,       351.574951
02/27/2008 20:00:00,       350.977736
02/27/2008 21:00:00,       350.408972
02/27/2008 22:00:00,       349.589037
02/27/2008 23:00:00,       349.289729
02/28/2008 00:00:00,       350.863984
02/28/2008 01:00:00,       351.885470
02/28/2008 02:00:00,       351.989693
02/28/2008 03:00:00,       351.985068
02/28/2008 04:00:00,       351.710753
02/28/2008 05:00:00,       350.312183
02/28/2008 06:00:00,       347.514859
02/28/2008 07:00:00,       346.464314
02/28/2008 08:00:00,       346.632503
02/28/2008 09:00:00,       349.255179
02/28/2008 10:00:00,       349.530917
02/28/2008 11:00:00,       348.636224
02/28/2008 12:00:00,       349.404591
02/28/2008 13:00:00,       346.104760
02/28/2008 14:00:00,       327.477434
02/28/2008 15:00:00,       217.339757
02/28/2008 16:00:00,        78.907060
02/28/2008 17:00:00,        22.560841
02/28/2008 18:00:00,        12.013679
02/28/2008 19:00:00,         1.098053
02/28/2008 20:00:00,         0.000000
02/28/2008 21:00:00,         0.000000
02/28/2008 22:00:00,         0.348594
02/28/2008 23:00:00,         4.641364
02/29/2008 00:00:00,        20.763394
02/29/2008 01:00:00,        35.270927
02/29/2008 02:00:00,        33.097942
02/29/2008 03:00:00,       137.218882
02/29/2008 04:00:00,       150.879921
02/29/2008 05:00:00,       176.828651
02/29/2008 06:00:00,       201.758830
02/29/2008 07:00:00,       183.071017
02/29/2008 08:00:00,       203.058683
02/29/2008 09:00:00,       275.044635
02/29/2008 10:00:00,       338.692557
02/29/2008 11:00:00,       345.374160
02/29/2008 12:00:00,       254.942065
02/29/2008 13:00:00,       173.748297
02/29/2008 14:00:00,       250.380968
02/29/2008 15:00:00,       252.293524
02/29/2008 16:00:00,       341.085090
02/29/2008 17:00:00,       349.915252
02/29/2008 18:00:00,       351.396361
02/29/2008 19:00:00,       350.595099
02/29/2008 20:00:00,       336.099784
02/29/2008 21:00:00,       302.620859
02/29/2008 22:00:00,       258.885564
02/29/2008 23:00:00,       197.209971
03/01/2008 00:00:00,       159.520650
03/01/2008 01:00:00,       115.242057
03/01/2008 02:00:00,        73.100659
03/01/2008 03:00:00,       100.433659
03/01/2008 04:00:00,       186.876686
03/01/2008 05:00:00,       129.553895
03/01/2008 06:00:00,       104.688285
03/01/2008 07:00:00,       164.145738
03/01/2008 08:00:00,       218.983688
03/01/2008 09:00:00,       297.873119
03/01/2008 10:00:00,       347.824937
03/01/2008 11:00:00,       351.649640
03/01/2008 12:00:00,       351.982140
03/01/2008 13:00:00,       351.998385
03/01/2008 14:00:00,       351.971852
03/01/2008 15:00:00,       351.950273
03/01/2008 16:00:00,       351.965337
03/01/2008 17:00:00,       351.978180
03/01/2008 18:00:00,       351.999379
03/01/2008 19:00:00,       351.959124
03/01/2008 20:00:00,       351.798514
03/01/2008 21:00:00,       351.371525
03/01/2008 22:00:00,       350.693666
03/01/2008 23:00:00,       345.905772
03/02/2008 00:00:00,       332.803066
03/02/2008 01:00:00,       333.535721
03/02/2008 02:00:00,       330.745092
03/02/2008 03:00:00,       337.581645
03/02/2008 04:00:00,       340.096336
03/02/2008 05:00:00,       341.719016
03/02/2008 06:00:00,       344.458133
03/02/2008 07:00:00,       334.272143
03/02/2008 08:00:00,       322.807045
03/02/2008 09:00:00,       318.876344
03/02/2008 10:00:00,       308.692566
03/02/2008 11:00:00,       289.330469
03/02/2008 12:00:00,       225.642045
03/02/2008 13:00:00,       177.329922
03/02/2008 14:00:00,       240.815995
03/02/2008 15:00:00,       122.166997
03/02/2008 16:00:00,        10.350176
03/02/2008 17:00:00,         0.421431
03/02/2008 18:00:00,         0.389956
03/02/2008 19:00:00,         0.502813
03/02/2008 20:00:00,         0.358905
03/02/2008 21:00:00,         0.312669
03/02/2008 22:00:00,         0.801948
03/02/2008 23:00:00,         8.173991
03/03/2008 00:00:00,        36.099232
03/03/2008 01:00:00,       132.176236
03/03/2008 02:00:00,       205.306826
03/03/2008 03:00:00,       243.294528
03/03/2008 04:00:00,       267.023344
03/03/2008 05:00:00,       332.709759
03/03/2008 06:00:00,       348.732927
03/03/2008 07:00:00,       347.312969
03/03/2008 08:00:00,       344.197435
03/03/2008 09:00:00,       340.692126
03/03/2008 10:00:00,       339.167983
03/03/2008 11:00:00,       335.368333
03/03/2008 12:00:00,       343.045651
03/03/2008 13:00:00,       324.231492
03/03/2008 14:00:00,       322.897635
03/03/2008 15:00:00,       332.866510
03/03/2008 16:00:00,       345.388993
03/03/2008 17:00:00,       349.298634
03/03/2008 18:00:00,       351.590209
03/03/2008 19:00:00,       351.992355
03/03/2008 20:00:00,       351.996777
03/03/2008 21:00:00,       351.993798
03/03/2008 22:00:00,       351.940188
03/03/2008 23:00:00,       351.404775
03/04/2008 00:00:00,       350.199913
03/04/2008 01:00:00,       348.793923
03/04/2008 02:00:00,       346.006400
03/04/2008 03:00:00,       345.331504
03/04/2008 04:00:00,       336.258759
03/04/2008 05:00:00,       300.700897
03/04/2008 06:00:00,       278.650912
03/04/2008 07:00:00,       268.992627
03/04/2008 08:00:00,       280.001105
03/04/2008 09:00:00,       274.972841
03/04/2008 10:00:00,       273.175960
03/04/2008 11:00:00,       292.014547
03/04/2008 12:00:00,       244.028522
03/04/2008 13:00:00,        22.022044
03/04/2008 14:00:00,         0.000000
03/04/2008 15:00:00,        20.804454
03/04/2008 16:00:00,       137.444132
03/04/2008 17:00:00,       190.301284
03/04/2008 18:00:00,       221.583755
03/04/2008 19:00:00,       113.400460
03/04/2008 20:00:00,        66.088397
03/04/2008 21:00:00,        48.409379
03/04/2008 22:00:00,        22.700979
03/04/2008 23:00:00,        15.166904
03/05/2008 00:00:00,         2.077339
03/05/2008 01:00:00,         0.015044
03/05/2008 02:00:00,         6.948451
03/05/2008 03:00:00,        41.292300
03/05/2008 04:00:00,        93.652395
03/05/2008 05:00:00,       139.260323
03/05/2008 06:00:00,       130.630914
03/05/2008 07:00:00,       124.890136
03/05/2008 08:00:00,        79.400738
03/05/2008 09:00:00,        97.695451
03/05/2008 10:00:00,       128.004670
03/05/2008 11:00:00,       183.744097
03/05/2008 12:00:00,       215.740349
03/05/2008 13:00:00,       168.414014
03/05/2008 14:00:00,       127.877160
03/05/2008 15:00:00,       102.040789
03/05/2008 16:00:00,       117.092966
03/05/2008 17:00:00,        85.639960
03/05/2008 18:00:00,        78.574387
03/05/2008 19:00:00,       129.358006
03/05/2008 20:00:00,       101.394341
03/05/2008 21:00:00,        57.669210
03/05/2008 22:00:00,       114.287396
03/05/2008 23:00:00,        40.892707
03/06/2008 00:00:00,        27.984769
03/06/2008 01:00:00,        68.548889
03/06/2008 02:00:00,       110.820415
03/06/2008 03:00:00,       252.515294
03/06/2008 04:00:00,       204.415370
03/06/2008 05:00:00,       214.364697
03/06/2008 06:00:00,       283.477404
03/06/2008 07:00:00,       282.787807
03/06/2008 08:00:00,       253.629911
03/06/2008 09:00:00,       238.019434
03/06/2008 10:00:00,       281.262463
03/06/2008 11:00:00,       312.624944
03/06/2008 12:00:00,       310.444986
03/06/2008 13:00:00,       286.565496
03/06/2008 14:00:00,       262.007935
03/06/2008 15:00:00,       249.262265
03/06/2008 16:00:00,       190.163635
03/06/2008 17:00:00,        99.652460
03/06/2008 18:00:00,        47.057734
03/06/2008 19:00:00,        37.613627
03/06/2008 20:00:00,        37.046375
03/06/2008 21:00:00,        27.321054
03/06/2008 22:00:00,        21.084523
03/06/2008 23:00:00,        65.584108
03/07/2008 00:00:00,       128.635690
03/07/2008 01:00:00,       237.688899
03/07/2008 02:00:00,       318.188627
03/07/2008 03:00:00,       337.183353
03/07/2008 04:00:00,       340.630331
03/07/2008 05:00:00,       340.678252
03/07/2008 06:00:00,       340.933915
03/07/2008 07:00:00,       335.421506
03/07/2008 08:00:00,       313.279709
03/07/2008 09:00:00,       335.468106
03/07/2008 10:00:00,       351.976974
03/07/2008 11:00:00,       351.998707
03/07/2008 12:00:00,       351.989360
03/07/2008 13:00:00,       351.953413
03/07/2008 14:00:00,       351.947704
03/07/2008 15:00:00,       351.855156
03/07/2008 16:00:00,       351.021479
03/07/2008 17:00:00,       342.337382
03/07/2008 18:00:00,       326.791805
03/07/2008 19:00:00,       311.918441
03/07/2008 20:00:00,       296.639992
03/07/2008 21:00:00,       243.207635
03/07/2008 22:00:00,       201.971264
03/07/2008 23:00:00,       200.256063
03/08/2008 00:00:00,       212.749643
03/08/2008 01:00:00,       263.291358
03/08/2008 02:00:00,       285.938280
03/08/2008 03:00:00,       268.952286
03/08/2008 04:00:00,       243.594524
03/08/2008 05:00:00,       207.029841
03/08/2008 06:00:00,       219.222054
03/08/2008 07:00:00,       222.639116
03/08/2008 08:00:00,       212.298020
03/08/2008 09:00:00,       216.465450
03/08/2008 10:00:00,       220.084814
03/08/2008 11:00:00,       209.177380
03/08/2008 12:00:00,       209.892495
03/08/2008 13:00:00,       208.563949
03/08/2008 14:00:00,       202.069393
03/08/2008 15:00:00,       203.011609
03/08/2008 16:00:00,       183.171137
03/08/2008 17:00:00,        97.436829
03/08/2008 18:00:00,        29.133742
03/08/2008 19:00:00,         9.181174
03/08/2008 20:00:00,        13.266676
03/08/2008 21:00:00,        15.568112
03/08/2008 22:00:00,        14.019777
03/08/2008 23:00:00,        24.960406
03/09/2008 00:00:00,        46.218133
03/09/2008 01:00:00,       119.031234
03/09/2008 02:00:00,       212.267286
03/09/2008 03:00:00,       218.391950
03/09/2008 04:00:00,       195.430113
03/09/2008 05:00:00,       182.260354
03/09/2008 06:00:00,       207.925474
03/09/2008 07:00:00,       227.431639
03/09/2008 08:00:00,       233.987000
03/09/2008 09:00:00,       247.901171
03/09/2008 10:00:00,       251.024860
03/09/2008 11:00:00,       249.379262
03/09/2008 12:00:00,       265.020852
03/09/2008 13:00:00,       286.772102
03/09/2008 14:00:00,       298.314707
03/09/2008 15:00:00,       299.937043
03/09/2008 16:00:00,       283.511105
03/09/2008 17:00:00,       185.199272
03/09/2008 18:00:00,        90.750347
03/09/2008 19:00:00,       110.994756
03/09/2008 20:00:00,       148.315130
03/09/2008 21:00:00,       151.894161
03/09/2008 22:00:00,       160.764508
03/09/2008 23:00:00,       193.242654
03/10/2008 00:00:00,       170.973456
03/10/2008 01:00:00,       181.179299
03/10/2008 02:00:00,       243.151651
03/10/2008 03:00:00,       288.244970
03/10/2008 04:00:00,       328.224117
03/10/2008 05:00:00,       343.291906
03/10/2008 06:00:00,       348.634965
03/10/2008 07:00:00,       348.992573
03/10/2008 08:00:00,       345.079117
03/10/2008 09:00:00,       328.936499
03/10/2008 10:00:00,       301.384984
03/10/2008 11:00:00,       281.462816
03/10/2008 12:00:00,       267.726835
03/10/2008 13:00:00,       260.233310
03/10/2008 14:00:00,       264.053098
03/10/2008 15:00:00,       255.549174
03/10/2008 16:00:00,       225.355851
03/10/2008 17:00:00,       163.646194
03/10/2008 18:00:00,       134.811665
03/10/2008 19:00:00,       163.945209
03/10/2008 20:00:00,       193.343952
03/10/2008 21:00:00,       217.031210
03/10/2008 22:00:00,       223.324398
03/10/2008 23:00:00,       230.423614
03/11/2008 00:00:00,       285.066806
03/11/2008 01:00:00,       320.383762
03/11/2008 02:00:00,       338.153270
03/11/2008 03:00:00,       341.122296
03/11/2008 04:00:00,       340.363304
03/11/2008 05:00:00,       338.128658
03/11/2008 06:00:00,       329.973076
03/11/2008 07:00:00,       309.935430
03/11/2008 08:00:00,       286.658969
03/11/2008 09:00:00,       300.623384
03/11/2008 10:00:00,       329.519100
03/11/2008 11:00:00,       349.231119
03/11/2008 12:00:00,       351.782683
03/11/2008 13:00:00,       350.413728
03/11/2008 14:00:00,       350.802978
03/11/2008 15:00:00,       351.812373
03/11/2008 16:00:00,       351.284209
03/11/2008 17:00:00,       348.624331
03/11/2008 18:00:00,       351.651429
03/11/2008 19:00:00,       351.413565
03/11/2008 20:00:00,       351.988611
03/11/2008 21:00:00,       351.919153
03/11/2008 22:00:00,       351.995781
03/11/2008 23:00:00,       351.977660
03/12/2008 00:00:00,       351.972314
03/12/2008 01:00:00,       351.996076
03/12/2008 02:00:00,       351.939990
03/12/2008 03:00:00,       351.951049
03/12/2008 04:00:00,       351.977983
03/12/2008 05:00:00,       351.994146
03/12/2008 06:00:00,       351.981376
03/12/2008 07:00:00,       351.973787
03/12/2008 08:00:00,       351.821328
03/12/2008 09:00:00,       351.726818
03/12/2008 10:00:00,       351.572212
03/12/2008 11:00:00,       351.487614
03/12/2008 12:00:00,       351.450154
03/12/2008 13:00:00,       351.405303
03/12/2008 14:00:00,       351.393279
03/12/2008 15:00:00,       350.777209
03/12/2008 16:00:00,       338.946083
03/12/2008 17:00:00,       309.026918
03/12/2008 18:00:00,       326.172729
03/12/2008 19:00:00,       326.662059
03/12/2008 20:00:00,       340.474289
03/12/2008 21:00:00,       335.858358
03/12/2008 22:00:00,       337.411785
03/12/2008 23:00:00,       331.998649
03/13/2008 00:00:00,       333.087959
03/13/2008 01:00:00,       318.591827
03/13/2008 02:00:00,       307.544938
03/13/2008 03:00:00,       297.613848
03/13/2008 04:00:00,       279.023028
03/13/2008 05:00:00,       254.757678
03/13/2008 06:00:00,       231.993821
03/13/2008 07:00:00,       197.728891
03/13/2008 08:00:00,       145.015147
03/13/2008 09:00:00,        62.750364
03/13/2008 10:00:00,        23.046423
03/13/2008 11:00:00,         2.819453
03/13/2008 12:00:00,         0.017472
03/13/2008 13:00:00,         0.000000
03/13/2008 14:00:00,         4.134737
03/13/2008 15:00:00,        18.473297
03/13/2008 16:00:00,        21.747840
03/13/2008 17:00:00,        13.072767
03/13/2008 18:00:00,        23.733058
03/13/2008 19:00:00,        35.544753
03/13/2008 20:00:00,        34.080534
03/13/2008 21:00:00,        21.462617
03/13/2008 22:00:00,        14.716229
03/13/2008 23:00:00,        10.584687
03/14/2008 00:00:00,         8.787072
03/14/2008 01:00:00,        10.387823
03/14/2008 02:00:00,        32.375138
03/14/2008 03:00:00,        59.553733
03/14/2008 04:00:00,        96.298778
03/14/2008 05:00:00,       147.396481
03/14/2008 06:00:00,       179.784836
03/14/2008 07:00:00,       196.233333
03/14/2008 08:00:00,       212.092577
03/14/2008 09:00:00,       218.599296
03/14/2008 10:00:00,       191.760601
03/14/2008 11:00:00,        51.763304
03/14/2008 12:00:00,         6.566687
03/14/2008 13:00:00,         6.679004
03/14/2008 14:00:00,         0.000000
03/14/2008 15:00:00,        27.646365
03/14/2008 16:00:00,        77.474604
03/14/2008 17:00:00,        38.274322
03/14/2008 18:00:00,         4.310066
03/14/2008 19:00:00,        36.595498
03/14/2008 20:00:00,        69.560995
03/14/2008 21:00:00,        41.624365
03/14/2008 22:00:00,        52.863117
03/14/2008 23:00:00,        31.111194
03/15/2008 00:00:00,        14.258053
03/15/2008 01:00:00,        56.049461
03/15/2008 02:00:00,        42.726550
03/15/2008 03:00:00,        44.369587
03/15/2008 04:00:00,        73.669431
03/15/2008 05:00:00,        50.552220
03/15/2008 06:00:00,        39.303609
03/15/2008 07:00:00,        38.627670
03/15/2008 08:00:00,        12.124706
03/15/2008 09:00:00,         0.338507
03/15/2008 10:00:00,         0.020201
03/15/2008 11:00:00,         0.010627
03/15/2008 12:00:00,         0.057958
03/15/2008 13:00:00,         0.045525
03/15/2008 14:00:00,         0.000000
03/15/2008 15:00:00,         0.135434
03/15/2008 16:00:00,         1.262347
03/15/2008 17:00:00,         0.490218
03/15/2008 18:00:00,         0.003576
03/15/2008 19:00:00,         0.020114
03/15/2008 20:00:00,         0.373780
03/15/2008 21:00:00,         0.168076
03/15/2008 22:00:00,         0.643602
03/15/2008 23:00:00,        10.289622
03/16/2008 00:00:00,         7.263757
03/16/2008 01:00:00,         1.684365
03/16/2008 02:00:00,        13.280282
03/16/2008 03:00:00,        70.915947
03/16/2008 04:00:00,       120.713911
03/16/2008 05:00:00,       114.869790
03/16/2008 06:00:00,        93.739110
03/16/2008 07:00:00,       127.865641
03/16/2008 08:00:00,       152.897568
03/16/2008 09:00:00,       242.265491
03/16/2008 10:00:00,       291.296037
03/16/2008 11:00:00,       286.177480
03/16/2008 12:00:00,       268.352157
03/16/2008 13:00:00,       183.750843
03/16/2008 14:00:00,        75.264325
03/16/2008 15:00:00,        47.334108
03/16/2008 16:00:00,        21.197288
03/16/2008 17:00:00,         8.702995
03/16/2008 18:00:00,         4.634576
03/16/2008 19:00:00,         2.108776
03/16/2008 20:00:00,         0.697423
03/16/2008 21:00:00,         0.014287
03/16/2008 22:00:00,         0.000885
03/16/2008 23:00:00,         0.036476
03/17/2008 00:00:00,         0.447950
03/17/2008 01:00:00,        18.478669
03/17/2008 02:00:00,       163.410157
03/17/2008 03:00:00,       253.182768
03/17/2008 04:00:00,       274.764154
03/17/2008 05:00:00,       316.467329
03/17/2008 06:00:00,       317.410759
03/17/2008 07:00:00,       291.549788
03/17/2008 08:00:00,       297.804275
03/17/2008 09:00:00,       345.879819
03/17/2008 10:00:00,       340.169118
03/17/2008 11:00:00,       314.297412
03/17/2008 12:00:00,       302.623227
03/17/2008 13:00:00,       307.762864
03/17/2008 14:00:00,       294.779414
03/17/2008 15:00:00,       279.934571
03/17/2008 16:00:00,       248.736235
03/17/2008 17:00:00,       236.610419
03/17/2008 18:00:00,       279.860034
03/17/2008 19:00:00,       304.680242
03/17/2008 20:00:00,       311.791099
03/17/2008 21:00:00,       300.353136
03/17/2008 22:00:00,       314.917115
03/17/2008 23:00:00,       338.716864
03/18/2008 00:00:00,       342.849573
03/18/2008 01:00:00,       345.353873
03/18/2008 02:00:00,       344.405492
03/18/2008 03:00:00,       346.094109
03/18/2008 04:00:00,       342.500431
03/18/2008 05:00:00,       347.327985
03/18/2008 06:00:00,       344.523362
03/18/2008 07:00:00,       345.399373
03/18/2008 08:00:00,       321.543967
03/18/2008 09:00:00,       305.767230
03/18/2008 10:00:00,       225.771753
03/18/2008 11:00:00,       178.679027
03/18/2008 12:00:00,       203.211185
03/18/2008 13:00:00,       254.243934
03/18/2008 14:00:00,       302.826729
03/18/2008 15:00:00,       236.809399
03/18/2008 16:00:00,       135.462575
03/18/2008 17:00:00,       139.263510
03/18/2008 18:00:00,       160.477622
03/18/2008 19:00:00,       182.169206
03/18/2008 20:00:00,       196.835649
03/18/2008 21:00:00,       262.765104
03/18/2008 22:00:00,       279.993681
03/18/2008 23:00:00,       330.840219
03/19/2008 00:00:00,       305.542333
03/19/2008 01:00:00,       268.196480
03/19/2008 02:00:00,       295.850435
03/19/2008 03:00:00,       299.285469
03/19/2008 04:00:00,       296.070745
03/19/2008 05:00:00,       283.254358
03/19/2008 06:00:00,       333.021986
03/19/2008 07:00:00,       331.310232
03/19/2008 08:00:00,       321.140212
03/19/2008 09:00:00,       310.901919
03/19/2008 10:00:00,       322.122580
03/19/2008 11:00:00,       318.586339
03/19/2008 12:00:00,       313.096321
03/19/2008 13:00:00,       283.110390
03/19/2008 14:00:00,       247.578333
03/19/2008 15:00:00,       216.890851
03/19/2008 16:00:00,       109.888186
03/19/2008 17:00:00,        38.453726
03/19/2008 18:00:00,        59.152354
03/19/2008 19:00:00,        49.389746
03/19/2008 20:00:00,        44.144923
03/19/2008 21:00:00,        27.093786
03/19/2008 22:00:00,         9.006644
03/19/2008 23:00:00,        15.532202
03/20/2008 00:00:00,         7.998901
03/20/2008 01:00:00,        27.425640
03/20/2008 02:00:00,        56.430234
03/20/2008 03:00:00,        69.928206
03/20/2008 04:00:00,        79.160688
03/20/2008 05:00:00,        71.532133
03/20/2008 06:00:00,        66.397542
03/20/2008 07:00:00,        62.828902
03/20/2008 08:00:00,        62.804757
03/20/2008 09:00:00,        45.771956
03/20/2008 10:00:00,        68.455569
03/20/2008 11:00:00,        76.217990
03/20/2008 12:00:00,        79.782844
03/20/2008 13:00:00,       116.992269
03/20/2008 14:00:00,       124.714841
03/20/2008 15:00:00,       148.271432
03/20/2008 16:00:00,       119.207145
03/20/2008 17:00:00,        41.548582
03/20/2008 18:00:00,        60.614640
03/20/2008 19:00:00,        74.869816
03/20/2008 20:00:00,        58.963536
03/20/2008 21:00:00,        85.973613
03/20/2008 22:00:00,       122.040394
03/20/2008 23:00:00,        99.408928
03/21/2008 00:00:00,       109.230896
03/21/2008 01:00:00,       160.875563
03/21/2008 02:00:00,       181.774362
03/21/2008 03:00:00,       147.052955
03/21/2008 04:00:00,       124.778210
03/21/2008 05:00:00,       143.551791
03/21/2008 06:00:00,       164.239398
03/21/2008 07:00:00,       153.575737
03/21/2008 08:00:00,       141.232080
03/21/2008 09:00:00,       168.172842
03/21/2008 10:00:00,       221.230475
03/21/2008 11:00:00,       225.073239
03/21/2008 12:00:00,       226.814051
03/21/2008 13:00:00,       216.045698
03/21/2008 14:00:00,       214.410837
03/21/2008 15:00:00,       167.260589
03/21/2008 16:00:00,        77.026539
03/21/2008 17:00:00,        14.404445
03/21/2008 18:00:00,        24.972674
03/21/2008 19:00:00,        19.920049
03/21/2008 20:00:00,        31.186400
03/21/2008 21:00:00,        58.144267
03/21/2008 22:00:00,        93.189556
03/21/2008 23:00:00,       109.917616
03/22/2008 00:00:00,       138.385026
03/22/2008 01:00:00,       239.491490
03/22/2008 02:00:00,       304.905655
03/22/2008 03:00:00,       330.090336
03/22/2008 04:00:00,       317.719925
03/22/2008 05:00:00,       335.357993
03/22/2008 06:00:00,       349.535686
03/22/2008 07:00:00,       348.908792
03/22/2008 08:00:00,       341.235642
03/22/2008 09:00:00,       332.859984
03/22/2008 10:00:00,       332.116614
03/22/2008 11:00:00,       327.787597
03/22/2008 12:00:00,       304.499977
03/22/2008 13:00:00,       262.158912
03/22/2008 14:00:00,       206.190041
03/22/2008 15:00:00,       154.253392
03/22/2008 16:00:00,        84.111872
03/22/2008 17:00:00,        26.162357
03/22/2008 18:00:00,         9.826108
03/22/2008 19:00:00,         6.179559
03/22/2008 20:00:00,         6.543571
03/22/2008 21:00:00,        11.451158
03/22/2008 22:00:00,         3.816541
03/22/2008 23:00:00,         5.130020
03/23/2008 00:00:00,        21.779340
03/23/2008 01:00:00,        37.692126
03/23/2008 02:00:00,        79.987937
03/23/2008 03:00:00,       107.747214
03/23/2008 04:00:00,       114.102547
03/23/2008 05:00:00,       168.528249
03/23/2008 06:00:00,       196.725079
03/23/2008 07:00:00,       216.891742
03/23/2008 08:00:00,       220.802405
03/23/2008 09:00:00,       225.558579
03/23/2008 10:00:00,       242.863458
03/23/2008 11:00:00,       254.874602
03/23/2008 12:00:00,       251.756661
03/23/2008 13:00:00,       228.500560
03/23/2008 14:00:00,       252.151286
03/23/2008 15:00:00,       266.046300
03/23/2008 16:00:00,       203.293164
03/23/2008 17:00:00,       123.654991
03/23/2008 18:00:00,       165.954077
03/23/2008 19:00:00,       212.231855
03/23/2008 20:00:00,       296.517850
03/23/2008 21:00:00,       309.701895
03/23/2008 22:00:00,       325.900898
03/23/2008 23:00:00,       342.558650
03/24/2008 00:00:00,       347.430782
03/24/2008 01:00:00,       344.698007
03/24/2008 02:00:00,       343.788567
03/24/2008 03:00:00,       333.774167
03/24/2008 04:00:00,       337.653191
03/24/2008 05:00:00,       330.385870
03/24/2008 06:00:00,       312.676704
03/24/2008 07:00:00,       238.914208
03/24/2008 08:00:00,       298.925440
03/24/2008 09:00:00,       347.297652
03/24/2008 10:00:00,       350.174694
03/24/2008 11:00:00,       350.834215
03/24/2008 12:00:00,       351.779223
03/24/2008 13:00:00,       351.845443
03/24/2008 14:00:00,       347.108260
03/24/2008 15:00:00,       346.172567
03/24/2008 16:00:00,       338.342211
03/24/2008 17:00:00,       347.220463
03/24/2008 18:00:00,       350.942819
03/24/2008 19:00:00,       351.082328
03/24/2008 20:00:00,       350.336408
03/24/2008 21:00:00,       348.558547
03/24/2008 22:00:00,       343.588350
03/24/2008 23:00:00,       346.576113
03/25/2008 00:00:00,       349.541919
03/25/2008 01:00:00,       343.747201
03/25/2008 02:00:00,       336.122591
03/25/2008 03:00:00,       295.672187
03/25/2008 04:00:00,       291.040653
03/25/2008 05:00:00,       295.938516
03/25/2008 06:00:00,       292.946684
03/25/2008 07:00:00,       280.434510
03/25/2008 08:00:00,       250.245013
03/25/2008 09:00:00,       237.151441
03/25/2008 10:00:00,       197.315042
03/25/2008 11:00:00,       182.191642
03/25/2008 12:00:00,       172.443048
03/25/2008 13:00:00,       158.824974
03/25/2008 14:00:00,       137.663087
03/25/2008 15:00:00,       100.436445
03/25/2008 16:00:00,        41.368943
03/25/2008 17:00:00,        11.553175
03/25/2008 18:00:00,        40.847891
03/25/2008 19:00:00,        38.326092
03/25/2008 20:00:00,        33.783177
03/25/2008 21:00:00,        25.693520
03/25/2008 22:00:00,        27.541910
03/25/2008 23:00:00,        22.248490
03/26/2008 00:00:00,        14.716121
03/26/2008 01:00:00,        28.826716
03/26/2008 02:00:00,        22.976692
03/26/2008 03:00:00,        63.555365
03/26/2008 04:00:00,        62.283735
03/26/2008 05:00:00,        50.445841
03/26/2008 06:00:00,        43.049182
03/26/2008 07:00:00,        24.257098
03/26/2008 08:00:00,         5.982501
03/26/2008 09:00:00,         0.471000
03/26/2008 10:00:00,         0.069677
03/26/2008 11:00:00,         0.000183
03/26/2008 12:00:00,         0.087015
03/26/2008 13:00:00,         0.094296
03/26/2008 14:00:00,         0.059463
03/26/2008 15:00:00,         0.131048
03/26/2008 16:00:00,         0.147156
03/26/2008 17:00:00,         0.557288
03/26/2008 18:00:00,         0.801285
03/26/2008 19:00:00,         0.662480
03/26/2008 20:00:00,         1.498077
03/26/2008 21:00:00,         1.701889
03/26/2008 22:00:00,         0.812807
03/26/2008 23:00:00,         0.554949
03/27/2008 00:00:00,         1.764100
03/27/2008 01:00:00,        10.265908
03/27/2008 02:00:00,        17.531582
03/27/2008 03:00:00,        60.090257
03/27/2008 04:00:00,        84.222337
03/27/2008 05:00:00,        97.638006
03/27/2008 06:00:00,        69.337085
03/27/2008 07:00:00,        67.985020
03/27/2008 08:00:00,        87.090728
03/27/2008 09:00:00,       103.197482
03/27/2008 10:00:00,       113.802622
03/27/2008 11:00:00,       142.184042
03/27/2008 12:00:00,       108.686249
03/27/2008 13:00:00,       114.071682
03/27/2008 14:00:00,       216.762943
03/27/2008 15:00:00,       274.728580
03/27/2008 16:00:00,       160.725958
03/27/2008 17:00:00,        79.748803
03/27/2008 18:00:00,       125.306919
03/27/2008 19:00:00,       184.485775
03/27/2008 20:00:00,       210.243065
03/27/2008 21:00:00,       237.482718
03/27/2008 22:00:00,       303.432081
03/27/2008 23:00:00,       318.603602
03/28/2008 00:00:00,       322.857930
03/28/2008 01:00:00,       338.220945
03/28/2008 02:00:00,       338.068352
03/28/2008 03:00:00,       336.982337
03/28/2008 04:00:00,       342.075574
03/28/2008 05:00:00,       340.580701
03/28/2008 06:00:00,       343.312731
03/28/2008 07:00:00,       341.108451
03/28/2008 08:00:00,       345.320456
03/28/2008 09:00:00,       344.601995
03/28/2008 10:00:00,       330.536685
03/28/2008 11:00:00,       302.507180
03/28/2008 12:00:00,       266.554734
03/28/2008 13:00:00,       246.735320
03/28/2008 14:00:00,       211.111770
03/28/2008 15:00:00,       133.743140
03/28/2008 16:00:00,        28.677472
03/28/2008 17:00:00,        20.344250
03/28/2008 18:00:00,        16.161175
03/28/2008 19:00:00,         7.787809
03/28/2008 20:00:00,         0.333660
03/28/2008 21:00:00,         0.023498
03/28/2008 22:00:00,         1.033593
03/28/2008 23:00:00,        16.459786
03/29/2008 00:00:00,        42.175160
03/29/2008 01:00:00,       100.005034
03/29/2008 02:00:00,       131.075455
03/29/2008 03:00:00,       143.643240
03/29/2008 04:00:00,       133.047165
03/29/2008 05:00:00,       165.987625
03/29/2008 06:00:00,       276.298724
03/29/2008 07:00:00,       260.538459
03/29/2008 08:00:00,       131.096248
03/29/2008 09:00:00,        67.792988
03/29/2008 10:00:00,        48.752818
03/29/2008 11:00:00,        43.518092
03/29/2008 12:00:00,        52.838455
03/29/2008 13:00:00,        64.321548
03/29/2008 14:00:00,        53.418248
03/29/2008 15:00:00,       100.512430
03/29/2008 16:00:00,        50.869153
03/29/2008 17:00:00,        50.569625
03/29/2008 18:00:00,        50.568574
03/29/2008 19:00:00,        34.189344
03/29/2008 20:00:00,        12.773685
03/29/2008 21:00:00,         2.634857
03/29/2008 22:00:00,         0.263646
03/29/2008 23:00:00,         0.004279
03/30/2008 00:00:00,         0.018706
03/30/2008 01:00:00,         0.167638
03/30/2008 02:00:00,         0.885218
03/30/2008 03:00:00,         8.579155
03/30/2008 04:00:00,        26.117878
03/30/2008 05:00:00,        55.077261
03/30/2008 06:00:00,       105.903945
03/30/2008 07:00:00,       153.947039
03/30/2008 08:00:00,       173.050070
03/30/2008 09:00:00,       219.565721
03/30/2008 10:00:00,       149.725407
03/30/2008 11:00:00,       125.965842
03/30/2008 12:00:00,        78.121820
03/30/2008 13:00:00,        50.695402
03/30/2008 14:00:00,        30.942565
03/30/2008 15:00:00,         3.020986
03/30/2008 16:00:00,         0.102503
03/30/2008 17:00:00,         0.000000
03/30/2008 18:00:00,         0.968046
03/30/2008 19:00:00,        11.348035
03/30/2008 20:00:00,         4.532880
03/30/2008 21:00:00,         4.104022
03/30/2008 22:00:00,         3.027533
03/30/2008 23:00:00,         1.949374
03/31/2008 00:00:00,         1.540965
03/31/2008 01:00:00,         1.029672
03/31/2008 02:00:00,         0.173893
03/31/2008 03:00:00,         2.326058
03/31/2008 04:00:00,         3.192073
03/31/2008 05:00:00,         3.050130
03/31/2008 06:00:00,        20.499595
03/31/2008 07:00:00,        27.271825
03/31/2008 08:00:00,        21.937702
03/31/2008 09:00:00,        17.525997
03/31/2008 10:00:00,         9.373072
03/31/2008 11:00:00,         3.736053
03/31/2008 12:00:00,         2.473556
03/31/2008 13:00:00,         0.584258
03/31/2008 14:00:00,         0.009869
03/31/2008 15:00:00,         0.000000
03/31/2008 16:00:00,         0.007342
03/31/2008 17:00:00,         0.493902
03/31/2008 18:00:00,         0.200380
03/31/2008 19:00:00,         2.180931
03/31/2008 20:00:00,         4.321880
03/31/2008 21:00:00,         5.262025
03/31/2008 22:00:00,         2.539483
03/31/2008 23:00:00,        11.942628
04/01/2008 00:00:00,        19.590090
04/01/2008 01:00:00,        36.451937
04/01/2008 02:00:00,        79.842924
04/01/2008 03:00:00,        98.760833
04/01/2008 04:00:00,        97.152682
04/01/2008 05:00:00,       110.421493
04/01/2008 06:00:00,       134.687127
04/01/2008 07:00:00,       130.688962
04/01/2008 08:00:00,        85.336118
04/01/2008 09:00:00,        99.867818
04/01/2008 10:00:00,        73.048120
04/01/2008 11:00:00,        43.967746
04/01/2008 12:00:00,        44.502753
04/01/2008 13:00:00,        33.319261
04/01/2008 14:00:00,        31.973162
04/01/2008 15:00:00,        71.295279
04/01/2008 16:00:00,        50.180167
04/01/2008 17:00:00,        10.643411
04/01/2008 18:00:00,        14.469334
04/01/2008 19:00:00,        30.879628
04/01/2008 20:00:00,        43.230248
04/01/2008 21:00:00,        70.369632
04/01/2008 22:00:00,        46.322580
04/01/2008 23:00:00,        48.627134
04/02/2008 00:00:00,        59.290769
04/02/2008 01:00:00,       101.545069
04/02/2008 02:00:00,       126.784309
04/02/2008 03:00:00,       165.871353
04/02/2008 04:00:00,       205.033672
04/02/2008 05:00:00,       247.402938
04/02/2008 06:00:00,       270.366585
04/02/2008 07:00:00,       239.011079
04/02/2008 08:00:00,       192.545260
04/02/2008 09:00:00,       145.184340
04/02/2008 10:00:00,       117.555581
04/02/2008 11:00:00,       108.784808
04/02/2008 12:00:00,        97.300414
04/02/2008 13:00:00,        73.903168
04/02/2008 14:00:00,        39.544799
04/02/2008 15:00:00,        23.642418
04/02/2008 16:00:00,        11.691979
04/02/2008 17:00:00,         1.227693
04/02/2008 18:00:00,         0.364034
04/02/2008 19:00:00,         3.382819
04/02/2008 20:00:00,         9.273800
04/02/2008 21:00:00,         7.922176
04/02/2008 22:00:00,        12.352767
04/02/2008 23:00:00,        12.164051
04/03/2008 00:00:00,        20.701806
04/03/2008 01:00:00,        63.452411
04/03/2008 02:00:00,       131.562465
04/03/2008 03:00:00,       195.288172
04/03/2008 04:00:00,       235.109390
04/03/2008 05:00:00,       258.639315
04/03/2008 06:00:00,       302.592127
04/03/2008 07:00:00,       319.284538
04/03/2008 08:00:00,       310.827781
04/03/2008 09:00:00,       275.834742
04/03/2008 10:00:00,       246.447946
04/03/2008 11:00:00,       250.126423
04/03/2008 12:00:00,       269.461909
04/03/2008 13:00:00,       276.351926
04/03/2008 14:00:00,       271.145215
04/03/2008 15:00:00,       239.288710
04/03/2008 16:00:00,       147.564263
04/03/2008 17:00:00,        54.383555
04/03/2008 18:00:00,        45.354711
04/03/2008 19:00:00,        73.451568
04/03/2008 20:00:00,       133.129072
04/03/2008 21:00:00,       148.560291
04/03/2008 22:00:00,       208.970750
04/03/2008 23:00:00,       251.539732
04/04/2008 00:00:00,       267.864086
04/04/2008 01:00:00,       310.454255
04/04/2008 02:00:00,       334.407348
04/04/2008 03:00:00,       311.735457
04/04/2008 04:00:00,       284.006081
04/04/2008 05:00:00,       274.106255
04/04/2008 06:00:00,       284.434597
04/04/2008 07:00:00,       264.400789
04/04/2008 08:00:00,       239.825182
04/04/2008 09:00:00,       236.503678
04/04/2008 10:00:00,       226.972272
04/04/2008 11:00:00,       209.406988
04/04/2008 12:00:00,       196.737096
04/04/2008 13:00:00,       175.215801
04/04/2008 14:00:00,       173.472052
04/04/2008 15:00:00,       147.599025
04/04/2008 16:00:00,        79.205682
04/04/2008 17:00:00,        13.228089
04/04/2008 18:00:00,         0.048505
04/04/2008 19:00:00,         0.001636
04/04/2008 20:00:00,         0.000948
04/04/2008 21:00:00,         0.001681
04/04/2008 22:00:00,         0.206639
04/04/2008 23:00:00,         4.753126
04/05/2008 00:00:00,         5.521346
04/05/2008 01:00:00,         2.109500
04/05/2008 02:00:00,        10.670496
04/05/2008 03:00:00,        19.548108
04/05/2008 04:00:00,        56.441936
04/05/2008 05:00:00,        53.418564
04/05/2008 06:00:00,       107.891873
04/05/2008 07:00:00,       120.407279
04/05/2008 08:00:00,       184.566285
04/05/2008 09:00:00,       248.229025
04/05/2008 10:00:00,       286.425125
04/05/2008 11:00:00,       274.345145
04/05/2008 12:00:00,         9.730520
04/05/2008 13:00:00,         0.000000
04/05/2008 14:00:00,         0.000000
04/05/2008 15:00:00,         0.000000
04/05/2008 16:00:00,        12.808515
04/05/2008 17:00:00,        12.079230
04/05/2008 18:00:00,        35.107195
04/05/2008 19:00:00,        26.854416
04/05/2008 20:00:00,        13.242435
04/05/2008 21:00:00,         6.078576
04/05/2008 22:00:00,        16.375871
04/05/2008 23:00:00,         4.804676
04/06/2008 00:00:00,        29.630867
04/06/2008 01:00:00,       103.682724
04/06/2008 02:00:00,       120.387996
04/06/2008 03:00:00,       158.732617
04/06/2008 04:00:00,       215.146198
04/06/2008 05:00:00,       274.032932
04/06/2008 06:00:00,       283.711829
04/06/2008 07:00:00,       286.304307
04/06/2008 08:00:00,       298.127867
04/06/2008 09:00:00,       307.248919
04/06/2008 10:00:00,       324.298424
04/06/2008 11:00:00,       333.709360
04/06/2008 12:00:00,       331.666818
04/06/2008 13:00:00,       295.030200
04/06/2008 14:00:00,       269.005137
04/06/2008 15:00:00,       235.782123
04/06/2008 16:00:00,       134.375591
04/06/2008 17:00:00,        45.157335
04/06/2008 18:00:00,       153.954936
04/06/2008 19:00:00,       192.851910
04/06/2008 20:00:00,       189.011020
04/06/2008 21:00:00,       186.686728
04/06/2008 22:00:00,       159.283402
04/06/2008 23:00:00,       139.628939
04/07/2008 00:00:00,       166.016988
04/07/2008 01:00:00,       187.794410
04/07/2008 02:00:00,       181.842449
04/07/2008 03:00:00,       222.778706
04/07/2008 04:00:00,       222.105268
04/07/2008 05:00:00,       224.443494
04/07/2008 06:00:00,       277.925359
04/07/2008 07:00:00,       263.196829
04/07/2008 08:00:00,       253.758456
04/07/2008 09:00:00,       249.722356
04/07/2008 10:00:00,       269.199049
04/07/2008 11:00:00,       298.994523
04/07/2008 12:00:00,       336.570621
04/07/2008 13:00:00,       338.754451
04/07/2008 14:00:00,       327.934460
04/07/2008 15:00:00,       280.130157
04/07/2008 16:00:00,       130.505290
04/07/2008 17:00:00,       110.520549
04/07/2008 18:00:00,       126.431196
04/07/2008 19:00:00,       167.866147
04/07/2008 20:00:00,       137.208037
04/07/2008 21:00:00,        91.464580
04/07/2008 22:00:00,       156.626621
04/07/2008 23:00:00,       190.844918
04/08/2008 00:00:00,       201.503172
04/08/2008 01:00:00,       183.565231
04/08/2008 02:00:00,       245.417838
04/08/2008 03:00:00,       258.412737
04/08/2008 04:00:00,       262.136805
04/08/2008 05:00:00,       265.424776
04/08/2008 06:00:00,       280.812458
04/08/2008 07:00:00,       316.937404
04/08/2008 08:00:00,       327.946622
04/08/2008 09:00:00,       311.191894
04/08/2008 10:00:00,       286.553055
04/08/2008 11:00:00,       273.113923
04/08/2008 12:00:00,       279.563172
04/08/2008 13:00:00,       293.311739
04/08/2008 14:00:00,       244.710395
04/08/2008 15:00:00,       103.183353
04/08/2008 16:00:00,        22.651853
04/08/2008 17:00:00,         4.292826
04/08/2008 18:00:00,         2.660300
04/08/2008 19:00:00,         2.778089
04/08/2008 20:00:00,         3.764750
04/08/2008 21:00:00,        20.998242
04/08/2008 22:00:00,        20.010098
04/08/2008 23:00:00,        29.228361
04/09/2008 00:00:00,        61.519041
04/09/2008 01:00:00,        33.428148
04/09/2008 02:00:00,        80.219486
04/09/2008 03:00:00,        96.403304
04/09/2008 04:00:00,        83.151787
04/09/2008 05:00:00,       100.533756
04/09/2008 06:00:00,       118.336719
04/09/2008 07:00:00,       107.023486
04/09/2008 08:00:00,        85.684053
04/09/2008 09:00:00,        65.095072
04/09/2008 10:00:00,        36.416982
04/09/2008 11:00:00,        17.044580
04/09/2008 12:00:00,         9.558780
04/09/2008 13:00:00,         1.399577
04/09/2008 14:00:00,         0.554423
04/09/2008 15:00:00,         2.447858
04/09/2008 16:00:00,         6.470047
04/09/2008 17:00:00,         1.005878
04/09/2008 18:00:00,         4.018019
04/09/2008 19:00:00,         7.672868
04/09/2008 20:00:00,         6.837692
04/09/2008 21:00:00,         8.415042
04/09/2008 22:00:00,        27.371157
04/09/2008 23:00:00,        25.376697
04/10/2008 00:00:00,        23.524427
04/10/2008 01:00:00,        41.818235
04/10/2008 02:00:00,        96.233138
04/10/2008 03:00:00,       142.348539
04/10/2008 04:00:00,       220.218143
04/10/2008 05:00:00,       283.103005
04/10/2008 06:00:00,       327.836465
04/10/2008 07:00:00,       325.909021
04/10/2008 08:00:00,       318.731819
04/10/2008 09:00:00,       315.858262
04/10/2008 10:00:00,       320.746103
04/10/2008 11:00:00,       318.423069
04/10/2008 12:00:00,       323.957160
04/10/2008 13:00:00,       325.147688
04/10/2008 14:00:00,       277.095531
04/10/2008 15:00:00,       136.126772
04/10/2008 16:00:00,        45.400007
04/10/2008 17:00:00,        80.955950
04/10/2008 18:00:00,        81.672832
04/10/2008 19:00:00,        94.991997
04/10/2008 20:00:00,        50.255951
04/10/2008 21:00:00,        74.696534
04/10/2008 22:00:00,        64.168938
04/10/2008 23:00:00,       119.867834
04/11/2008 00:00:00,        96.818122
04/11/2008 01:00:00,        99.295974
04/11/2008 02:00:00,        64.196964
04/11/2008 03:00:00,        73.416852
04/11/2008 04:00:00,       176.837008
04/11/2008 05:00:00,       242.503166
04/11/2008 06:00:00,       200.002787
04/11/2008 07:00:00,       252.953883
04/11/2008 08:00:00,       305.831751
04/11/2008 09:00:00,       303.044840
04/11/2008 10:00:00,       275.443869
04/11/2008 11:00:00,       288.383005
04/11/2008 12:00:00,       268.314535
04/11/2008 13:00:00,       238.106662
04/11/2008 14:00:00,       188.666843
04/11/2008 15:00:00,       125.834327
04/11/2008 16:00:00,        47.727166
04/11/2008 17:00:00,         9.130075
04/11/2008 18:00:00,        10.155036
04/11/2008 19:00:00,        19.235858
04/11/2008 20:00:00,        45.122811
04/11/2008 21:00:00,        57.847515
04/11/2008 22:00:00,       145.741219
04/11/2008 23:00:00,       148.763964
04/12/2008 00:00:00,       151.079814
04/12/2008 01:00:00,       158.721854
04/12/2008 02:00:00,       152.641627
04/12/2008 03:00:00,       165.274079
04/12/2008 04:00:00,       210.186836
04/12/2008 05:00:00,       249.763655
04/12/2008 06:00:00,       274.614584
04/12/2008 07:00:00,       250.664569
04/12/2008 08:00:00,       222.600187
04/12/2008 09:00:00,       191.705248
04/12/2008 10:00:00,       159.690243
04/12/2008 11:00:00,       121.294766
04/12/2008 12:00:00,        76.040015
04/12/2008 13:00:00,        70.058600
04/12/2008 14:00:00,        77.959339
04/12/2008 15:00:00,        57.604156
04/12/2008 16:00:00,        15.525834
04/12/2008 17:00:00,         1.205320
04/12/2008 18:00:00,         9.714021
04/12/2008 19:00:00,        12.457434
04/12/2008 20:00:00,         3.043043
04/12/2008 21:00:00,         0.577357
04/12/2008 22:00:00,         0.617263
04/12/2008 23:00:00,         3.584457
04/13/2008 00:00:00,        15.377132
04/13/2008 01:00:00,        28.065324
04/13/2008 02:00:00,        90.037892
04/13/2008 03:00:00,        92.535916
04/13/2008 04:00:00,        83.049632
04/13/2008 05:00:00,        79.249950
04/13/2008 06:00:00,        93.487585
04/13/2008 07:00:00,       107.769870
04/13/2008 08:00:00,       140.162697
04/13/2008 09:00:00,       164.234558
04/13/2008 10:00:00,       184.340596
04/13/2008 11:00:00,       254.283431
04/13/2008 12:00:00,       267.421065
04/13/2008 13:00:00,       289.890379
04/13/2008 14:00:00,       310.164245
04/13/2008 15:00:00,       276.498960
04/13/2008 16:00:00,       162.568908
04/13/2008 17:00:00,       127.113795
04/13/2008 18:00:00,       193.872594
04/13/2008 19:00:00,       215.145617
04/13/2008 20:00:00,       201.349666
04/13/2008 21:00:00,       241.137607
04/13/2008 22:00:00,       231.894015
04/13/2008 23:00:00,       185.846825
04/14/2008 00:00:00,       166.045654
04/14/2008 01:00:00,       116.985947
04/14/2008 02:00:00,       104.613132
04/14/2008 03:00:00,       148.989199
04/14/2008 04:00:00,       315.630315
04/14/2008 05:00:00,       349.951983
04/14/2008 06:00:00,       340.006895
04/14/2008 07:00:00,       314.246069
04/14/2008 08:00:00,       245.678734
04/14/2008 09:00:00,       232.038974
04/14/2008 10:00:00,       212.637711
04/14/2008 11:00:00,       183.832905
04/14/2008 12:00:00,       237.145582
04/14/2008 13:00:00,       294.309085
04/14/2008 14:00:00,       271.807810
04/14/2008 15:00:00,       167.567411
04/14/2008 16:00:00,        82.421672
04/14/2008 17:00:00,        41.481227
04/14/2008 18:00:00,        29.538902
04/14/2008 19:00:00,        64.530732
04/14/2008 20:00:00,       141.003196
04/14/2008 21:00:00,       173.111359
04/14/2008 22:00:00,       183.267617
04/14/2008 23:00:00,       225.119728
04/15/2008 00:00:00,       217.420643
04/15/2008 01:00:00,       214.787785
04/15/2008 02:00:00,       208.748691
04/15/2008 03:00:00,       174.491233
04/15/2008 04:00:00,       272.275470
04/15/2008 05:00:00,       304.846215
04/15/2008 06:00:00,       319.758202
04/15/2008 07:00:00,       336.318467
04/15/2008 08:00:00,       330.236924
04/15/2008 09:00:00,       233.832265
04/15/2008 10:00:00,       248.157893
04/15/2008 11:00:00,       286.004427
04/15/2008 12:00:00,       280.600585
04/15/2008 13:00:00,       181.382361
04/15/2008 14:00:00,        64.458104
04/15/2008 15:00:00,        36.925881
04/15/2008 16:00:00,        32.021423
04/15/2008 17:00:00,        21.747090
04/15/2008 18:00:00,         6.974350
04/15/2008 19:00:00,         1.686713
04/15/2008 20:00:00,        35.164866
04/15/2008 21:00:00,        25.906792
04/15/2008 22:00:00,        46.248682
04/15/2008 23:00:00,        63.154943
04/16/2008 00:00:00,        49.377909
04/16/2008 01:00:00,        75.615933
04/16/2008 02:00:00,        79.271291
04/16/2008 03:00:00,        80.857413
04/16/2008 04:00:00,        45.452844
04/16/2008 05:00:00,        15.009868
04/16/2008 06:00:00,        21.979447
04/16/2008 07:00:00,        41.036347
04/16/2008 08:00:00,        97.748829
04/16/2008 09:00:00,        97.398196
04/16/2008 10:00:00,       161.555632
04/16/2008 11:00:00,       193.490164
04/16/2008 12:00:00,       177.299216
04/16/2008 13:00:00,       171.670796
04/16/2008 14:00:00,       141.300112
04/16/2008 15:00:00,        97.663030
04/16/2008 16:00:00,        51.863923
04/16/2008 17:00:00,        53.263439
04/16/2008 18:00:00,       147.435070
04/16/2008 19:00:00,       252.936866
04/16/2008 20:00:00,       256.367802
04/16/2008 21:00:00,       273.819805
04/16/2008 22:00:00,       275.638441
04/16/2008 23:00:00,       286.905989
04/17/2008 00:00:00,       296.561920
04/17/2008 01:00:00,       315.599527
04/17/2008 02:00:00,       321.736358
04/17/2008 03:00:00,       331.427647
04/17/2008 04:00:00,       336.684171
04/17/2008 05:00:00,       338.760672
04/17/2008 06:00:00,       337.337572
04/17/2008 07:00:00,       323.416013
04/17/2008 08:00:00,       311.560192
04/17/2008 09:00:00,       296.472494
04/17/2008 10:00:00,       286.449567
04/17/2008 11:00:00,       278.545432
04/17/2008 12:00:00,       282.066125
04/17/2008 13:00:00,       277.713642
04/17/2008 14:00:00,       291.991899
04/17/2008 15:00:00,       253.371116
04/17/2008 16:00:00,       311.458021
04/17/2008 17:00:00,       333.905479
04/17/2008 18:00:00,       351.083577
04/17/2008 19:00:00,       348.885657
04/17/2008 20:00:00,       345.802604
04/17/2008 21:00:00,       349.227111
04/17/2008 22:00:00,       347.209699
04/17/2008 23:00:00,       338.239965
04/18/2008 00:00:00,       327.609691
04/18/2008 01:00:00,       329.652761
04/18/2008 02:00:00,       331.862612
04/18/2008 03:00:00,       332.033393
04/18/2008 04:00:00,       333.010874
04/18/2008 05:00:00,       327.454431
04/18/2008 06:00:00,       301.690313
04/18/2008 07:00:00,       208.493227
04/18/2008 08:00:00,       106.408712
04/18/2008 09:00:00,        34.218169
04/18/2008 10:00:00,       110.128657
04/18/2008 11:00:00,       249.854431
04/18/2008 12:00:00,       270.436415
04/18/2008 13:00:00,       226.088607
04/18/2008 14:00:00,       231.372504
04/18/2008 15:00:00,       154.555609
04/18/2008 16:00:00,       113.696127
04/18/2008 17:00:00,       164.726364
04/18/2008 18:00:00,       154.209854
04/18/2008 19:00:00,        96.157954
04/18/2008 20:00:00,        71.463075
04/18/2008 21:00:00,        84.470464
04/18/2008 22:00:00,        68.789476
04/18/2008 23:00:00,        56.347148
04/19/2008 00:00:00,        45.955894
04/19/2008 01:00:00,        17.771655
04/19/2008 02:00:00,        27.170705
04/19/2008 03:00:00,        20.529008
04/19/2008 04:00:00,        49.381106
04/19/2008 05:00:00,       115.750557
04/19/2008 06:00:00,       149.032599
04/19/2008 07:00:00,       117.448834
04/19/2008 08:00:00,        87.984992
04/19/2008 09:00:00,        82.930548
04/19/2008 10:00:00,        80.883614
04/19/2008 11:00:00,       117.000431
04/19/2008 12:00:00,       123.153325
04/19/2008 13:00:00,       121.271395
04/19/2008 14:00:00,       108.316025
04/19/2008 15:00:00,       111.793196
04/19/2008 16:00:00,       115.387846
04/19/2008 17:00:00,       130.242531
04/19/2008 18:00:00,       150.608806
04/19/2008 19:00:00,       124.130016
04/19/2008 20:00:00,       151.374712
04/19/2008 21:00:00,       157.557317
04/19/2008 22:00:00,       147.775836
04/19/2008 23:00:00,       161.359477
04/20/2008 00:00:00,       154.480624
04/20/2008 01:00:00,       174.660927
04/20/2008 02:00:00,       164.385279
04/20/2008 03:00:00,       184.994454
04/20/2008 04:00:00,       201.470734
04/20/2008 05:00:00,       229.580951
04/20/2008 06:00:00,       227.884081
04/20/2008 07:00:00,       261.716934
04/20/2008 08:00:00,       249.008595
04/20/2008 09:00:00,       254.950554
04/20/2008 10:00:00,       286.176536
04/20/2008 11:00:00,       303.345205
04/20/2008 12:00:00,       311.166080
04/20/2008 13:00:00,       300.937613
04/20/2008 14:00:00,       268.241706
04/20/2008 15:00:00,       246.619784
04/20/2008 16:00:00,       228.316995
04/20/2008 17:00:00,       256.895569
04/20/2008 18:00:00,       233.099646
04/20/2008 19:00:00,       191.848129
04/20/2008 20:00:00,       161.313719
04/20/2008 21:00:00,       143.234838
04/20/2008 22:00:00,       121.413841
04/20/2008 23:00:00,       109.471809
04/21/2008 00:00:00,        93.683832
04/21/2008 01:00:00,        80.551202
04/21/2008 02:00:00,        69.210730
04/21/2008 03:00:00,        42.978346
04/21/2008 04:00:00,        48.143542
04/21/2008 05:00:00,        48.772412
04/21/2008 06:00:00,        35.787991
04/21/2008 07:00:00,        12.521576
04/21/2008 08:00:00,        11.967046
04/21/2008 09:00:00,        19.334979
04/21/2008 10:00:00,        41.673707
04/21/2008 11:00:00,        80.671779
04/21/2008 12:00:00,       130.865189
04/21/2008 13:00:00,       118.790931
04/21/2008 14:00:00,       104.470654
04/21/2008 15:00:00,        55.228376
04/21/2008 16:00:00,         8.269932
04/21/2008 17:00:00,         0.951721
04/21/2008 18:00:00,         2.470350
04/21/2008 19:00:00,       193.156517
04/21/2008 20:00:00,       262.004161
04/21/2008 21:00:00,       247.245859
04/21/2008 22:00:00,       308.780419
04/21/2008 23:00:00,       341.051433
04/22/2008 00:00:00,       345.864501
04/22/2008 01:00:00,       345.278861
04/22/2008 02:00:00,       343.992295
04/22/2008 03:00:00,       348.421415
04/22/2008 04:00:00,       338.413449
04/22/2008 05:00:00,       345.052974
04/22/2008 06:00:00,       348.421381
04/22/2008 07:00:00,       344.321644
04/22/2008 08:00:00,       315.741185
04/22/2008 09:00:00,       274.905842
04/22/2008 10:00:00,       249.561415
04/22/2008 11:00:00,       294.765106
04/22/2008 12:00:00,       283.988851
04/22/2008 13:00:00,       227.865502
04/22/2008 14:00:00,       165.514815
04/22/2008 15:00:00,        78.220412
04/22/2008 16:00:00,        10.124210
04/22/2008 17:00:00,        20.700906
04/22/2008 18:00:00,        27.932813
04/22/2008 19:00:00,         7.276074
04/22/2008 20:00:00,         0.060157
04/22/2008 21:00:00,         0.174317
04/22/2008 22:00:00,         1.632558
04/22/2008 23:00:00,         9.986370
04/23/2008 00:00:00,        12.614791
04/23/2008 01:00:00,        27.771166
04/23/2008 02:00:00,        55.803619
04/23/2008 03:00:00,        70.395795
04/23/2008 04:00:00,        68.783039
04/23/2008 05:00:00,        94.154275
04/23/2008 06:00:00,       128.873785
04/23/2008 07:00:00,       164.863022
04/23/2008 08:00:00,       195.110383
04/23/2008 09:00:00,       170.535971
04/23/2008 10:00:00,       157.829860
04/23/2008 11:00:00,       158.702206
04/23/2008 12:00:00,       117.453436
04/23/2008 13:00:00,       110.359144
04/23/2008 14:00:00,       169.547539
04/23/2008 15:00:00,       118.714216
04/23/2008 16:00:00,        87.891282
04/23/2008 17:00:00,        86.259941
04/23/2008 18:00:00,        90.214799
04/23/2008 19:00:00,        81.956754
04/23/2008 20:00:00,        85.066581
04/23/2008 21:00:00,        98.743070
04/23/2008 22:00:00,       115.531977
04/23/2008 23:00:00,        94.442871
04/24/2008 00:00:00,        75.897834
04/24/2008 01:00:00,        60.573892
04/24/2008 02:00:00,        47.732162
04/24/2008 03:00:00,        38.661152
04/24/2008 04:00:00,        14.799137
04/24/2008 05:00:00,         0.000000
04/24/2008 06:00:00,         0.000000
04/24/2008 07:00:00,         0.000000
04/24/2008 08:00:00,         4.949451
04/24/2008 09:00:00,         1.516558
04/24/2008 10:00:00,         2.351510
04/24/2008 11:00:00,         9.079547
04/24/2008 12:00:00,         5.507144
04/24/2008 13:00:00,         0.680435
04/24/2008 14:00:00,         1.204450
04/24/2008 15:00:00,         0.172029
04/24/2008 16:00:00,         0.000000
04/24/2008 17:00:00,         0.000000
04/24/2008 18:00:00,         1.659906
04/24/2008 19:00:00,         5.509040
04/24/2008 20:00:00,         5.430697
04/24/2008 21:00:00,         0.292341
04/24/2008 22:00:00,         7.271266
04/24/2008 23:00:00,        21.038223
04/25/2008 00:00:00,        41.052598
04/25/2008 01:00:00,        89.697681
04/25/2008 02:00:00,        94.459056
04/25/2008 03:00:00,       205.921474
04/25/2008 04:00:00,       263.804231
04/25/2008 05:00:00,       294.971420
04/25/2008 06:00:00,       291.135105
04/25/2008 07:00:00,       234.514168
04/25/2008 08:00:00,       180.126966
04/25/2008 09:00:00,       127.140939
04/25/2008 10:00:00,       111.359465
04/25/2008 11:00:00,       139.794101
04/25/2008 12:00:00,       199.781031
04/25/2008 13:00:00,       258.881982
04/25/2008 14:00:00,       151.390455
04/25/2008 15:00:00,        45.256156
04/25/2008 16:00:00,        42.605258
04/25/2008 17:00:00,        31.329611
04/25/2008 18:00:00,        53.025377
04/25/2008 19:00:00,        15.242779
04/25/2008 20:00:00,         4.444454
04/25/2008 21:00:00,         2.235264
04/25/2008 22:00:00,         0.453804
04/25/2008 23:00:00,         3.196781
04/26/2008 00:00:00,         2.763805
04/26/2008 01:00:00,         6.246842
04/26/2008 02:00:00,         0.016781
04/26/2008 03:00:00,         2.348884
04/26/2008 04:00:00,         0.408628
04/26/2008 05:00:00,         0.111130
04/26/2008 06:00:00,         3.541894
04/26/2008 07:00:00,        24.843344
04/26/2008 08:00:00,        18.874405
04/26/2008 09:00:00,       108.906047
04/26/2008 10:00:00,       225.614166
04/26/2008 11:00:00,       233.992976
04/26/2008 12:00:00,       244.595107
04/26/2008 13:00:00,       217.323957
04/26/2008 14:00:00,       173.298546
04/26/2008 15:00:00,       124.206607
04/26/2008 16:00:00,        73.966260
04/26/2008 17:00:00,        29.690313
04/26/2008 18:00:00,        20.398742
04/26/2008 19:00:00,        31.851218
04/26/2008 20:00:00,        37.968375
04/26/2008 21:00:00,        27.571638
04/26/2008 22:00:00,        14.456437
04/26/2008 23:00:00,        12.491596
04/27/2008 00:00:00,        14.688061
04/27/2008 01:00:00,        25.407929
04/27/2008 02:00:00,       113.491765
04/27/2008 03:00:00,       246.344538
04/27/2008 04:00:00,       280.516884
04/27/2008 05:00:00,       279.566976
04/27/2008 06:00:00,       308.200415
04/27/2008 07:00:00,       321.708824
04/27/2008 08:00:00,       315.262792
04/27/2008 09:00:00,       308.279953
04/27/2008 10:00:00,       304.843188
04/27/2008 11:00:00,       292.697092
04/27/2008 12:00:00,       278.414906
04/27/2008 13:00:00,       249.825566
04/27/2008 14:00:00,       209.767441
04/27/2008 15:00:00,       135.380680
04/27/2008 16:00:00,        70.542473
04/27/2008 17:00:00,        22.093660
04/27/2008 18:00:00,         1.762780
04/27/2008 19:00:00,         2.309811
04/27/2008 20:00:00,        36.217887
04/27/2008 21:00:00,        66.229913
04/27/2008 22:00:00,        74.168269
04/27/2008 23:00:00,        89.714760
04/28/2008 00:00:00,        95.849175
04/28/2008 01:00:00,       123.449351
04/28/2008 02:00:00,       161.693151
04/28/2008 03:00:00,       240.179212
04/28/2008 04:00:00,       306.499948
04/28/2008 05:00:00,       339.097119
04/28/2008 06:00:00,       348.091491
04/28/2008 07:00:00,       349.021618
04/28/2008 08:00:00,       347.026341
04/28/2008 09:00:00,       311.722905
04/28/2008 10:00:00,       257.957768
04/28/2008 11:00:00,       263.605475
04/28/2008 12:00:00,       296.403435
04/28/2008 13:00:00,       309.528269
04/28/2008 14:00:00,       276.464869
04/28/2008 15:00:00,       182.136852
04/28/2008 16:00:00,        81.032347
04/28/2008 17:00:00,        75.768715
04/28/2008 18:00:00,       191.401022
04/28/2008 19:00:00,       180.233564
04/28/2008 20:00:00,       188.007242
04/28/2008 21:00:00,       175.843867
04/28/2008 22:00:00,       150.798611
04/28/2008 23:00:00,       160.029952
04/29/2008 00:00:00,       145.743297
04/29/2008 01:00:00,       160.639844
04/29/2008 02:00:00,       165.882520
04/29/2008 03:00:00,       129.487956
04/29/2008 04:00:00,       107.719026
04/29/2008 05:00:00,       109.606828
04/29/2008 06:00:00,       119.745029
04/29/2008 07:00:00,       104.410130
04/29/2008 08:00:00,       109.071655
04/29/2008 09:00:00,       114.252095
04/29/2008 10:00:00,        78.848764
04/29/2008 11:00:00,        96.785426
04/29/2008 12:00:00,       116.218052
04/29/2008 13:00:00,       104.103998
04/29/2008 14:00:00,       187.310205
04/29/2008 15:00:00,       169.210541
04/29/2008 16:00:00,        44.064929
04/29/2008 17:00:00,        61.045293
04/29/2008 18:00:00,       151.058299
04/29/2008 19:00:00,       161.294607
04/29/2008 20:00:00,        77.036506
04/29/2008 21:00:00,       189.717406
04/29/2008 22:00:00,       172.390435
04/29/2008 23:00:00,       276.429180
04/30/2008 00:00:00,       278.308829
04/30/2008 01:00:00,       320.414331
04/30/2008 02:00:00,       306.473226
04/30/2008 03:00:00,       319.781661
04/30/2008 04:00:00,       338.200707
04/30/2008 05:00:00,       349.556184
04/30/2008 06:00:00,       351.733144
04/30/2008 07:00:00,       349.987389
04/30/2008 08:00:00,       343.102862
04/30/2008 09:00:00,       337.353722
04/30/2008 10:00:00,       322.760506
04/30/2008 11:00:00,       299.809989
04/30/2008 12:00:00,       307.915933
04/30/2008 13:00:00,       280.098461
04/30/2008 14:00:00,       220.371629
04/30/2008 15:00:00,       204.760873
04/30/2008 16:00:00,       243.087803
04/30/2008 17:00:00,       232.116077
04/30/2008 18:00:00,       213.199643
04/30/2008 19:00:00,       163.781110
04/30/2008 20:00:00,       164.578284
04/30/2008 21:00:00,       176.037758
04/30/2008 22:00:00,       173.742614
04/30/2008 23:00:00,       189.468130
05/01/2008 00:00:00,       179.275761
05/01/2008 01:00:00,       236.907435
05/01/2008 02:00:00,       216.290373
05/01/2008 03:00:00,       173.931496
05/01/2008 04:00:00,       276.454442
05/01/2008 05:00:00,       282.015344
05/01/2008 06:00:00,       308.096578
05/01/2008 07:00:00,       325.287116
05/01/2008 08:00:00,       330.863483
05/01/2008 09:00:00,       327.982308
05/01/2008 10:00:00,       326.274973
05/01/2008 11:00:00,       315.404111
05/01/2008 12:00:00,       307.305392
05/01/2008 13:00:00,       288.793524
05/01/2008 14:00:00,       203.045794
05/01/2008 15:00:00,        54.662461
05/01/2008 16:00:00,        28.253780
05/01/2008 17:00:00,        54.321296
05/01/2008 18:00:00,        41.756982
05/01/2008 19:00:00,        27.441240
05/01/2008 20:00:00,        19.473346
05/01/2008 21:00:00,        10.089942
05/01/2008 22:00:00,         3.562740
05/01/2008 23:00:00,        39.255461
05/02/2008 00:00:00,        21.333718
05/02/2008 01:00:00,        25.975356
05/02/2008 02:00:00,        41.387320
05/02/2008 03:00:00,        17.311874
05/02/2008 04:00:00,        13.319925
05/02/2008 05:00:00,         7.907653
05/02/2008 06:00:00,        13.260857
05/02/2008 07:00:00,         9.415211
05/02/2008 08:00:00,         1.299028
05/02/2008 09:00:00,         0.590773
05/02/2008 10:00:00,         0.100450
05/02/2008 11:00:00,         0.000388
05/02/2008 12:00:00,         0.000000
05/02/2008 13:00:00,         0.000000
05/02/2008 14:00:00,         0.000000
05/02/2008 15:00:00,         0.000000
05/02/2008 16:00:00,         0.020078
05/02/2008 17:00:00,         0.087556
05/02/2008 18:00:00,         0.341812
05/02/2008 19:00:00,         0.366821
05/02/2008 20:00:00,         0.911127
05/02/2008 21:00:00,         0.682561
05/02/2008 22:00:00,         1.600807
05/02/2008 23:00:00,        18.616698
05/03/2008 00:00:00,        16.215682
05/03/2008 01:00:00,        48.473747
05/03/2008 02:00:00,        69.603069
05/03/2008 03:00:00,        56.839740
05/03/2008 04:00:00,        82.149280
05/03/2008 05:00:00,       124.347328
05/03/2008 06:00:00,       121.627638
05/03/2008 07:00:00,       107.743175
05/03/2008 08:00:00,        90.206430
05/03/2008 09:00:00,        82.089518
05/03/2008 10:00:00,        40.853697
05/03/2008 11:00:00,        37.864831
05/03/2008 12:00:00,        91.305470
05/03/2008 13:00:00,        58.791645
05/03/2008 14:00:00,        40.356295
05/03/2008 15:00:00,        23.598016
05/03/2008 16:00:00,         5.026967
05/03/2008 17:00:00,         9.869631
05/03/2008 18:00:00,        37.776756
05/03/2008 19:00:00,        38.752493
05/03/2008 20:00:00,        34.239799
05/03/2008 21:00:00,        27.656798
05/03/2008 22:00:00,        18.466766
05/03/2008 23:00:00,        10.845236
05/04/2008 00:00:00,        15.271569
05/04/2008 01:00:00,        15.522975
05/04/2008 02:00:00,         0.198692
05/04/2008 03:00:00,         8.038007
05/04/2008 04:00:00,        14.278572
05/04/2008 05:00:00,        17.376143
05/04/2008 06:00:00,        34.053963
05/04/2008 07:00:00,        16.295487
05/04/2008 08:00:00,         8.505462
05/04/2008 09:00:00,        17.450014
05/04/2008 10:00:00,        18.327945
05/04/2008 11:00:00,        27.005675
05/04/2008 12:00:00,        18.608544
05/04/2008 13:00:00,         8.523535
05/04/2008 14:00:00,         2.949938
05/04/2008 15:00:00,         1.502610
05/04/2008 16:00:00,         0.910993
05/04/2008 17:00:00,         4.107712
05/04/2008 18:00:00,         7.461543
05/04/2008 19:00:00,         8.228655
05/04/2008 20:00:00,        23.370027
05/04/2008 21:00:00,        12.960274
05/04/2008 22:00:00,        22.226980
05/04/2008 23:00:00,        36.617577
05/05/2008 00:00:00,        20.989769
05/05/2008 01:00:00,        97.868220
05/05/2008 02:00:00,        21.776764
05/05/2008 03:00:00,        44.522157
05/05/2008 04:00:00,       153.042298
05/05/2008 05:00:00,       208.805729
05/05/2008 06:00:00,       268.505214
05/05/2008 07:00:00,       290.703017
05/05/2008 08:00:00,       233.036257
05/05/2008 09:00:00,       171.162656
05/05/2008 10:00:00,       161.490931
05/05/2008 11:00:00,       153.181689
05/05/2008 12:00:00,       139.611114
05/05/2008 13:00:00,       126.577928
05/05/2008 14:00:00,        80.284062
05/05/2008 15:00:00,        41.641024
05/05/2008 16:00:00,        27.547611
05/05/2008 17:00:00,         8.193729
05/05/2008 18:00:00,        77.712815
05/05/2008 19:00:00,        86.311250
05/05/2008 20:00:00,        92.590884
05/05/2008 21:00:00,       118.055621
05/05/2008 22:00:00,       136.946827
05/05/2008 23:00:00,       203.325188
05/06/2008 00:00:00,       263.606279
05/06/2008 01:00:00,       227.263814
05/06/2008 02:00:00,       230.496444
05/06/2008 03:00:00,       219.648554
05/06/2008 04:00:00,        57.520910
05/06/2008 05:00:00,        99.432781
05/06/2008 06:00:00,       123.106737
05/06/2008 07:00:00,       103.724943
05/06/2008 08:00:00,       116.668517
05/06/2008 09:00:00,       172.020885
05/06/2008 10:00:00,       155.635181
05/06/2008 11:00:00,       117.950079
05/06/2008 12:00:00,        69.628415
05/06/2008 13:00:00,        43.122149
05/06/2008 14:00:00,        44.668264
05/06/2008 15:00:00,        34.228849
05/06/2008 16:00:00,        32.066324
05/06/2008 17:00:00,        46.010257
05/06/2008 18:00:00,        34.217949
05/06/2008 19:00:00,        18.046355
05/06/2008 20:00:00,        25.663595
05/06/2008 21:00:00,        40.341442
05/06/2008 22:00:00,        80.738209
05/06/2008 23:00:00,        77.340902
05/07/2008 00:00:00,        21.934439
05/07/2008 01:00:00,         2.685541
05/07/2008 02:00:00,         0.240120
05/07/2008 03:00:00,         3.854829
05/07/2008 04:00:00,         1.541305
05/07/2008 05:00:00,         0.630804
05/07/2008 06:00:00,         1.042675
05/07/2008 07:00:00,         1.262546
05/07/2008 08:00:00,         0.872798
05/07/2008 09:00:00,         1.390786
05/07/2008 10:00:00,         5.513821
05/07/2008 11:00:00,         5.381334
05/07/2008 12:00:00,         9.292998
05/07/2008 13:00:00,         6.258756
05/07/2008 14:00:00,         1.529462
05/07/2008 15:00:00,         6.455518
05/07/2008 16:00:00,        15.693619
05/07/2008 17:00:00,        23.626266
05/07/2008 18:00:00,        39.194725
05/07/2008 19:00:00,        34.020356
05/07/2008 20:00:00,        46.782306
05/07/2008 21:00:00,        45.970228
05/07/2008 22:00:00,        21.503195
05/07/2008 23:00:00,        37.406473
05/08/2008 00:00:00,        85.369428
05/08/2008 01:00:00,       110.745577
05/08/2008 02:00:00,       121.161478
05/08/2008 03:00:00,       124.606862
05/08/2008 04:00:00,       160.555273
05/08/2008 05:00:00,       226.352085
05/08/2008 06:00:00,       307.627086
05/08/2008 07:00:00,       309.901886
05/08/2008 08:00:00,       288.967624
05/08/2008 09:00:00,       281.286739
05/08/2008 10:00:00,       299.636805
05/08/2008 11:00:00,       286.938902
05/08/2008 12:00:00,       270.287193
05/08/2008 13:00:00,       271.486683
05/08/2008 14:00:00,       251.830873
05/08/2008 15:00:00,       287.760622
05/08/2008 16:00:00,       338.424609
05/08/2008 17:00:00,       328.211272
05/08/2008 18:00:00,       313.371380
05/08/2008 19:00:00,       302.457121
05/08/2008 20:00:00,       248.085879
05/08/2008 21:00:00,       240.615093
05/08/2008 22:00:00,       160.937138
05/08/2008 23:00:00,       179.404863
05/09/2008 00:00:00,        98.250882
05/09/2008 01:00:00,       130.840414
05/09/2008 02:00:00,       106.791011
05/09/2008 03:00:00,       103.205234
05/09/2008 04:00:00,        78.186272
05/09/2008 05:00:00,        60.720692
05/09/2008 06:00:00,        64.814193
05/09/2008 07:00:00,        58.799334
05/09/2008 08:00:00,        48.594602
05/09/2008 09:00:00,        25.081198
05/09/2008 10:00:00,        22.621198
05/09/2008 11:00:00,        32.188387
05/09/2008 12:00:00,        80.874292
05/09/2008 13:00:00,        14.466532
05/09/2008 14:00:00,         3.477398
05/09/2008 15:00:00,        48.218937
05/09/2008 16:00:00,        57.828308
05/09/2008 17:00:00,        48.773905
05/09/2008 18:00:00,        40.015073
05/09/2008 19:00:00,        39.247826
05/09/2008 20:00:00,        23.775363
05/09/2008 21:00:00,        26.478623
05/09/2008 22:00:00,        29.021170
05/09/2008 23:00:00,        54.023059
05/10/2008 00:00:00,        11.951463
05/10/2008 01:00:00,         0.689399
05/10/2008 02:00:00,         0.549595
05/10/2008 03:00:00,         4.964569
05/10/2008 04:00:00,        16.208677
05/10/2008 05:00:00,        28.032207
05/10/2008 06:00:00,        35.396409
05/10/2008 07:00:00,        31.572327
05/10/2008 08:00:00,        52.752141
05/10/2008 09:00:00,        84.030763
05/10/2008 10:00:00,        87.146405
05/10/2008 11:00:00,        54.411700
05/10/2008 12:00:00,        98.510522
05/10/2008 13:00:00,       139.356248
05/10/2008 14:00:00,       102.675611
05/10/2008 15:00:00,        57.163682
05/10/2008 16:00:00,        59.878750
05/10/2008 17:00:00,        79.037574
05/10/2008 18:00:00,       134.489753
05/10/2008 19:00:00,       165.900826
05/10/2008 20:00:00,       181.092320
05/10/2008 21:00:00,       184.000905
05/10/2008 22:00:00,       212.993994
05/10/2008 23:00:00,       207.304537
05/11/2008 00:00:00,       237.830444
05/11/2008 01:00:00,       249.102842
05/11/2008 02:00:00,       274.894171
05/11/2008 03:00:00,       298.966450
05/11/2008 04:00:00,       329.340487
05/11/2008 05:00:00,       322.524809
05/11/2008 06:00:00,       307.194618
05/11/2008 07:00:00,       215.989933
05/11/2008 08:00:00,       179.302015
05/11/2008 09:00:00,       198.685739
05/11/2008 10:00:00,       182.410040
05/11/2008 11:00:00,       142.043147
05/11/2008 12:00:00,       105.770472
05/11/2008 13:00:00,       116.283592
05/11/2008 14:00:00,       127.370243
05/11/2008 15:00:00,       145.140710
05/11/2008 16:00:00,       275.160436
05/11/2008 17:00:00,       316.669060
05/11/2008 18:00:00,       339.508609
05/11/2008 19:00:00,       332.128633
05/11/2008 20:00:00,       329.604160
05/11/2008 21:00:00,       332.102708
05/11/2008 22:00:00,       340.233355
05/11/2008 23:00:00,       299.812489
05/12/2008 00:00:00,       309.031725
05/12/2008 01:00:00,       308.758087
05/12/2008 02:00:00,       284.393687
05/12/2008 03:00:00,       226.147378
05/12/2008 04:00:00,       211.984347
05/12/2008 05:00:00,       265.813667
05/12/2008 06:00:00,       285.811887
05/12/2008 07:00:00,       293.076835
05/12/2008 08:00:00,       248.135847
05/12/2008 09:00:00,       209.755165
05/12/2008 10:00:00,       210.987761
05/12/2008 11:00:00,       174.630665
05/12/2008 12:00:00,       220.240399
05/12/2008 13:00:00,       204.227279
05/12/2008 14:00:00,       127.450653
05/12/2008 15:00:00,        50.473030
05/12/2008 16:00:00,        64.267791
05/12/2008 17:00:00,       129.304721
05/12/2008 18:00:00,       192.314282
05/12/2008 19:00:00,       157.896174
05/12/2008 20:00:00,       118.934196
05/12/2008 21:00:00,        90.477308
05/12/2008 22:00:00,        80.066455
05/12/2008 23:00:00,        81.198841
05/13/2008 00:00:00,        52.130136
05/13/2008 01:00:00,        25.394253
05/13/2008 02:00:00,        17.839924
05/13/2008 03:00:00,        10.664559
05/13/2008 04:00:00,        25.503487
05/13/2008 05:00:00,        64.690467
05/13/2008 06:00:00,        81.177514
05/13/2008 07:00:00,        88.307718
05/13/2008 08:00:00,       192.251869
05/13/2008 09:00:00,       260.293705
05/13/2008 10:00:00,       297.245151
05/13/2008 11:00:00,       309.278537
05/13/2008 12:00:00,       289.220729
05/13/2008 13:00:00,       272.549324
05/13/2008 14:00:00,       236.608409
05/13/2008 15:00:00,       170.742174
05/13/2008 16:00:00,       175.617894
05/13/2008 17:00:00,       266.409574
05/13/2008 18:00:00,       266.454266
05/13/2008 19:00:00,       278.727109
05/13/2008 20:00:00,       307.284632
05/13/2008 21:00:00,       317.178729
05/13/2008 22:00:00,       325.260302
05/13/2008 23:00:00,       327.839235
05/14/2008 00:00:00,       336.030156
05/14/2008 01:00:00,       342.723064
05/14/2008 02:00:00,       338.070604
05/14/2008 03:00:00,       340.980133
05/14/2008 04:00:00,       337.427545
05/14/2008 05:00:00,       341.193568
05/14/2008 06:00:00,       346.452389
05/14/2008 07:00:00,       343.880487
05/14/2008 08:00:00,       335.269983
05/14/2008 09:00:00,       326.455540
05/14/2008 10:00:00,       299.039111
05/14/2008 11:00:00,       267.827070
05/14/2008 12:00:00,       233.733872
05/14/2008 13:00:00,       204.637766
05/14/2008 14:00:00,       151.400734
05/14/2008 15:00:00,        68.349356
05/14/2008 16:00:00,        44.507343
05/14/2008 17:00:00,        37.937907
05/14/2008 18:00:00,        23.927999
05/14/2008 19:00:00,        30.195776
05/14/2008 20:00:00,        58.091207
05/14/2008 21:00:00,        66.196399
05/14/2008 22:00:00,        89.651591
05/14/2008 23:00:00,        78.942622
05/15/2008 00:00:00,        89.641738
05/15/2008 01:00:00,       140.940162
05/15/2008 02:00:00,       123.998221
05/15/2008 03:00:00,       134.447204
05/15/2008 04:00:00,       166.951446
05/15/2008 05:00:00,       181.599869
05/15/2008 06:00:00,       204.012611
05/15/2008 07:00:00,       214.291482
05/15/2008 08:00:00,       223.071749
05/15/2008 09:00:00,       243.884084
05/15/2008 10:00:00,       186.407865
05/15/2008 11:00:00,       133.302979
05/15/2008 12:00:00,        94.261411
05/15/2008 13:00:00,        76.748339
05/15/2008 14:00:00,        51.676942
05/15/2008 15:00:00,        22.600985
05/15/2008 16:00:00,         8.559347
05/15/2008 17:00:00,        18.906617
05/15/2008 18:00:00,        52.267612
05/15/2008 19:00:00,        77.616041
05/15/2008 20:00:00,        84.524577
05/15/2008 21:00:00,        93.049513
05/15/2008 22:00:00,       150.528511
05/15/2008 23:00:00,       200.629323
05/16/2008 00:00:00,       256.135828
05/16/2008 01:00:00,       265.822095
05/16/2008 02:00:00,       276.559915
05/16/2008 03:00:00,       291.076723
05/16/2008 04:00:00,       296.638433
05/16/2008 05:00:00,       309.171341
05/16/2008 06:00:00,       309.193404
05/16/2008 07:00:00,       290.620836
05/16/2008 08:00:00,       267.722520
05/16/2008 09:00:00,       251.047871
05/16/2008 10:00:00,       219.602589
05/16/2008 11:00:00,       175.428421
05/16/2008 12:00:00,        93.715079
05/16/2008 13:00:00,        54.370533
05/16/2008 14:00:00,        27.393207
05/16/2008 15:00:00,         4.106335
05/16/2008 16:00:00,         0.756452
05/16/2008 17:00:00,         0.546484
05/16/2008 18:00:00,         0.000224
05/16/2008 19:00:00,         0.133137
05/16/2008 20:00:00,         3.265531
05/16/2008 21:00:00,        29.540803
05/16/2008 22:00:00,        82.090829
05/16/2008 23:00:00,       125.572209
05/17/2008 00:00:00,       146.808689
05/17/2008 01:00:00,       140.629901
05/17/2008 02:00:00,       141.457139
05/17/2008 03:00:00,       151.873391
05/17/2008 04:00:00,       188.670874
05/17/2008 05:00:00,       204.810758
05/17/2008 06:00:00,       208.661313
05/17/2008 07:00:00,       196.463733
05/17/2008 08:00:00,       171.700246
05/17/2008 09:00:00,       154.050665
05/17/2008 10:00:00,       141.610856
05/17/2008 11:00:00,        84.115515
05/17/2008 12:00:00,        37.133437
05/17/2008 13:00:00,        15.196824
05/17/2008 14:00:00,        15.497086
05/17/2008 15:00:00,         5.307131
05/17/2008 16:00:00,         0.178752
05/17/2008 17:00:00,         2.316677
05/17/2008 18:00:00,         2.387011
05/17/2008 19:00:00,         1.630402
05/17/2008 20:00:00,        43.826420
05/17/2008 21:00:00,       108.756236
05/17/2008 22:00:00,       107.876744
05/17/2008 23:00:00,       145.952552
05/18/2008 00:00:00,       214.937082
05/18/2008 01:00:00,       239.853796
05/18/2008 02:00:00,       253.438398
05/18/2008 03:00:00,       283.273898
05/18/2008 04:00:00,       305.225534
05/18/2008 05:00:00,       320.407934
05/18/2008 06:00:00,       341.351095
05/18/2008 07:00:00,       345.357635
05/18/2008 08:00:00,       341.972954
05/18/2008 09:00:00,       344.597653
05/18/2008 10:00:00,       347.328186
05/18/2008 11:00:00,       347.925462
05/18/2008 12:00:00,       336.692569
05/18/2008 13:00:00,       281.885204
05/18/2008 14:00:00,       208.057205
05/18/2008 15:00:00,       224.727402
05/18/2008 16:00:00,       345.689026
05/18/2008 17:00:00,       351.236284
05/18/2008 18:00:00,       351.657722
05/18/2008 19:00:00,       351.799485
05/18/2008 20:00:00,       351.134023
05/18/2008 21:00:00,       350.926111
05/18/2008 22:00:00,       301.862161
05/18/2008 23:00:00,       275.470901
05/19/2008 00:00:00,       313.573750
05/19/2008 01:00:00,       244.405167
05/19/2008 02:00:00,       153.340846
05/19/2008 03:00:00,        74.263379
05/19/2008 04:00:00,        79.083450
05/19/2008 05:00:00,       156.517221
05/19/2008 06:00:00,       172.377899
05/19/2008 07:00:00,       127.598711
05/19/2008 08:00:00,        76.763987
05/19/2008 09:00:00,        33.364528
05/19/2008 10:00:00,        14.526723
05/19/2008 11:00:00,         5.143916
05/19/2008 12:00:00,         9.719233
05/19/2008 13:00:00,         1.830928
05/19/2008 14:00:00,         0.043781
05/19/2008 15:00:00,         0.011369
05/19/2008 16:00:00,         0.576003
05/19/2008 17:00:00,         6.647656
05/19/2008 18:00:00,         2.429255
05/19/2008 19:00:00,         0.496573
05/19/2008 20:00:00,         6.440848
05/19/2008 21:00:00,         8.351298
05/19/2008 22:00:00,        27.987842
05/19/2008 23:00:00,        58.343423
05/20/2008 00:00:00,        48.979796
05/20/2008 01:00:00,       146.299230
05/20/2008 02:00:00,       185.990381
05/20/2008 03:00:00,       201.964221
05/20/2008 04:00:00,       215.004172
05/20/2008 05:00:00,       228.230872
05/20/2008 06:00:00,       251.077466
05/20/2008 07:00:00,       235.900035
05/20/2008 08:00:00,       197.401794
05/20/2008 09:00:00,        96.634072
05/20/2008 10:00:00,        85.701038
05/20/2008 11:00:00,        80.704136
05/20/2008 12:00:00,        87.059519
05/20/2008 13:00:00,       149.622287
05/20/2008 14:00:00,        97.174507
05/20/2008 15:00:00,        45.665946
05/20/2008 16:00:00,        56.572458
05/20/2008 17:00:00,        65.554421
05/20/2008 18:00:00,        62.716820
05/20/2008 19:00:00,        24.137676
05/20/2008 20:00:00,        21.443716
05/20/2008 21:00:00,        69.040090
05/20/2008 22:00:00,       146.619705
05/20/2008 23:00:00,       215.165708
05/21/2008 00:00:00,       296.849796
05/21/2008 01:00:00,       180.692551
05/21/2008 02:00:00,        46.291097
05/21/2008 03:00:00,        78.297458
05/21/2008 04:00:00,       132.338518
05/21/2008 05:00:00,       116.163957
05/21/2008 06:00:00,       312.417885
05/21/2008 07:00:00,       317.525845
05/21/2008 08:00:00,       319.038232
05/21/2008 09:00:00,       222.336825
05/21/2008 10:00:00,       188.435035
05/21/2008 11:00:00,       189.450849
05/21/2008 12:00:00,       141.201162
05/21/2008 13:00:00,       131.175775
05/21/2008 14:00:00,       109.604336
05/21/2008 15:00:00,       142.890334
05/21/2008 16:00:00,       183.875529
05/21/2008 17:00:00,       207.735872
05/21/2008 18:00:00,       176.826497
05/21/2008 19:00:00,       197.750216
05/21/2008 20:00:00,       154.874208
05/21/2008 21:00:00,       105.870613
05/21/2008 22:00:00,        67.004329
05/21/2008 23:00:00,        36.203723
05/22/2008 00:00:00,        11.603100
05/22/2008 01:00:00,        13.881878
05/22/2008 02:00:00,        17.816806
05/22/2008 03:00:00,        30.710891
05/22/2008 04:00:00,        34.598471
05/22/2008 05:00:00,        65.917732
05/22/2008 06:00:00,        68.399201
05/22/2008 07:00:00,        96.196011
05/22/2008 08:00:00,       109.618856
05/22/2008 09:00:00,       116.699279
05/22/2008 10:00:00,       161.849269
05/22/2008 11:00:00,       175.735711
05/22/2008 12:00:00,       175.797797
05/22/2008 13:00:00,       143.992756
05/22/2008 14:00:00,       110.779304
05/22/2008 15:00:00,        95.260086
05/22/2008 16:00:00,        73.909171
05/22/2008 17:00:00,        45.431585
05/22/2008 18:00:00,        33.931683
05/22/2008 19:00:00,        40.143856
05/22/2008 20:00:00,        56.151867
05/22/2008 21:00:00,        48.483913
05/22/2008 22:00:00,        50.366875
05/22/2008 23:00:00,        56.214854
05/23/2008 00:00:00,        66.717972
05/23/2008 01:00:00,        78.685724
05/23/2008 02:00:00,       109.161000
05/23/2008 03:00:00,       168.646770
05/23/2008 04:00:00,       161.539070
05/23/2008 05:00:00,       252.460347
05/23/2008 06:00:00,       304.566560
05/23/2008 07:00:00,       274.800315
05/23/2008 08:00:00,       286.660917
05/23/2008 09:00:00,       304.746963
05/23/2008 10:00:00,       331.816549
05/23/2008 11:00:00,       329.574308
05/23/2008 12:00:00,       323.528386
05/23/2008 13:00:00,       312.581328
05/23/2008 14:00:00,       317.970700
05/23/2008 15:00:00,       285.790113
05/23/2008 16:00:00,       307.748693
05/23/2008 17:00:00,       322.451671
05/23/2008 18:00:00,       330.384306
05/23/2008 19:00:00,       319.557678
05/23/2008 20:00:00,       330.810468
05/23/2008 21:00:00,       339.497998
05/23/2008 22:00:00,       290.782762
05/23/2008 23:00:00,       258.823775
05/24/2008 00:00:00,       238.174637
05/24/2008 01:00:00,       227.549531
05/24/2008 02:00:00,       112.405497
05/24/2008 03:00:00,        80.934337
05/24/2008 04:00:00,       107.305924
05/24/2008 05:00:00,        85.923413
05/24/2008 06:00:00,        75.402664
05/24/2008 07:00:00,        27.888723
05/24/2008 08:00:00,        17.333190
05/24/2008 09:00:00,         3.713183
05/24/2008 10:00:00,         2.060616
05/24/2008 11:00:00,         1.245134
05/24/2008 12:00:00,        16.915607
05/24/2008 13:00:00,        36.380605
05/24/2008 14:00:00,        60.732055
05/24/2008 15:00:00,        57.213548
05/24/2008 16:00:00,        65.249498
05/24/2008 17:00:00,        81.533629
05/24/2008 18:00:00,       123.054923
05/24/2008 19:00:00,       129.217058
05/24/2008 20:00:00,       148.255483
05/24/2008 21:00:00,       161.311215
05/24/2008 22:00:00,       180.001888
05/24/2008 23:00:00,       100.887714
05/25/2008 00:00:00,       143.687136
05/25/2008 01:00:00,        98.518705
05/25/2008 02:00:00,       108.364754
05/25/2008 03:00:00,        26.425157
05/25/2008 04:00:00,        21.943482
05/25/2008 05:00:00,        42.151389
05/25/2008 06:00:00,       125.449361
05/25/2008 07:00:00,       177.241153
05/25/2008 08:00:00,       151.717048
05/25/2008 09:00:00,       186.028400
05/25/2008 10:00:00,       207.087029
05/25/2008 11:00:00,       190.966734
05/25/2008 12:00:00,       150.286009
05/25/2008 13:00:00,       170.959965
05/25/2008 14:00:00,       145.524978
05/25/2008 15:00:00,       123.284562
05/25/2008 16:00:00,       121.119099
05/25/2008 17:00:00,       112.683197
05/25/2008 18:00:00,       112.881507
05/25/2008 19:00:00,        98.777739
05/25/2008 20:00:00,       106.214300
05/25/2008 21:00:00,       112.925901
05/25/2008 22:00:00,       156.404321
05/25/2008 23:00:00,       155.878123
05/26/2008 00:00:00,       147.578350
05/26/2008 01:00:00,        87.680520
05/26/2008 02:00:00,        84.778083
05/26/2008 03:00:00,        47.197802
05/26/2008 04:00:00,        25.209371
05/26/2008 05:00:00,        27.137473
05/26/2008 06:00:00,        32.604333
05/26/2008 07:00:00,        64.985053
05/26/2008 08:00:00,        39.574062
05/26/2008 09:00:00,        14.656856
05/26/2008 10:00:00,         3.039320
05/26/2008 11:00:00,         7.076061
05/26/2008 12:00:00,        24.411216
05/26/2008 13:00:00,        18.673526
05/26/2008 14:00:00,        12.625866
05/26/2008 15:00:00,        12.515251
05/26/2008 16:00:00,        25.355336
05/26/2008 17:00:00,        68.738341
05/26/2008 18:00:00,        59.008077
05/26/2008 19:00:00,        54.821944
05/26/2008 20:00:00,        85.411010
05/26/2008 21:00:00,        93.482240
05/26/2008 22:00:00,        99.520187
05/26/2008 23:00:00,       136.601102
05/27/2008 00:00:00,       112.680029
05/27/2008 01:00:00,       114.952868
05/27/2008 02:00:00,       100.183707
05/27/2008 03:00:00,        88.233658
05/27/2008 04:00:00,       101.218014
05/27/2008 05:00:00,       103.665944
05/27/2008 06:00:00,       105.281821
05/27/2008 07:00:00,       110.205055
05/27/2008 08:00:00,       102.455077
05/27/2008 09:00:00,        70.478466
05/27/2008 10:00:00,        55.669156
05/27/2008 11:00:00,        51.225280
05/27/2008 12:00:00,        77.759421
05/27/2008 13:00:00,        84.298130
05/27/2008 14:00:00,        57.526030
05/27/2008 15:00:00,        53.443603
05/27/2008 16:00:00,        66.887661
05/27/2008 17:00:00,        96.397252
05/27/2008 18:00:00,        93.447138
05/27/2008 19:00:00,       103.854366
05/27/2008 20:00:00,        97.841578
05/27/2008 21:00:00,        83.823959
05/27/2008 22:00:00,       144.364600
05/27/2008 23:00:00,        95.270521
05/28/2008 00:00:00,        71.214851
05/28/2008 01:00:00,        77.393851
05/28/2008 02:00:00,        93.860137
05/28/2008 03:00:00,       100.524946
05/28/2008 04:00:00,       108.812917
05/28/2008 05:00:00,       112.587351
05/28/2008 06:00:00,       137.380827
05/28/2008 07:00:00,       163.709811
05/28/2008 08:00:00,       183.358459
05/28/2008 09:00:00,       198.523134
05/28/2008 10:00:00,       218.467526
05/28/2008 11:00:00,       214.910002
05/28/2008 12:00:00,       189.366180
05/28/2008 13:00:00,       135.733243
05/28/2008 14:00:00,        73.320115
05/28/2008 15:00:00,        40.009635
05/28/2008 16:00:00,        31.847216
05/28/2008 17:00:00,        33.846715
05/28/2008 18:00:00,        28.078157
05/28/2008 19:00:00,        21.678378
05/28/2008 20:00:00,        18.032405
05/28/2008 21:00:00,        14.371797
05/28/2008 22:00:00,        11.225923
05/28/2008 23:00:00,        11.647968
05/29/2008 00:00:00,        18.356021
05/29/2008 01:00:00,        31.877214
05/29/2008 02:00:00,        54.290218
05/29/2008 03:00:00,        88.100994
05/29/2008 04:00:00,        86.662922
05/29/2008 05:00:00,        81.395188
05/29/2008 06:00:00,        47.434090
05/29/2008 07:00:00,        78.652481
05/29/2008 08:00:00,        69.555973
05/29/2008 09:00:00,        48.712893
05/29/2008 10:00:00,        17.224135
05/29/2008 11:00:00,        16.862227
05/29/2008 12:00:00,        41.040711
05/29/2008 13:00:00,        15.517672
05/29/2008 14:00:00,        20.352147
05/29/2008 15:00:00,        23.651677
05/29/2008 16:00:00,         2.522570
05/29/2008 17:00:00,        17.160456
05/29/2008 18:00:00,        47.982758
05/29/2008 19:00:00,       109.858417
05/29/2008 20:00:00,        57.440964
05/29/2008 21:00:00,        65.506388
05/29/2008 22:00:00,        25.581398
05/29/2008 23:00:00,        68.387572
05/30/2008 00:00:00,       183.908215
05/30/2008 01:00:00,       103.668384
05/30/2008 02:00:00,       141.740825
05/30/2008 03:00:00,       262.198339
05/30/2008 04:00:00,       255.800585
05/30/2008 05:00:00,       321.407827
05/30/2008 06:00:00,       340.683055
05/30/2008 07:00:00,       339.162414
05/30/2008 08:00:00,       331.650631
05/30/2008 09:00:00,       329.878819
05/30/2008 10:00:00,       294.494844
05/30/2008 11:00:00,       224.182210
05/30/2008 12:00:00,       167.972174
05/30/2008 13:00:00,       140.993975
05/30/2008 14:00:00,        44.184689
05/30/2008 15:00:00,        11.366821
05/30/2008 16:00:00,        18.885058
05/30/2008 17:00:00,         8.030029
05/30/2008 18:00:00,        23.655059
05/30/2008 19:00:00,         1.762638
05/30/2008 20:00:00,        63.607269
05/30/2008 21:00:00,         1.923395
05/30/2008 22:00:00,        47.900376
05/30/2008 23:00:00,        37.194031
05/31/2008 00:00:00,         7.871667
05/31/2008 01:00:00,        18.417977
05/31/2008 02:00:00,        18.836015
05/31/2008 03:00:00,        61.592498
05/31/2008 04:00:00,        68.917843
05/31/2008 05:00:00,        91.827748
05/31/2008 06:00:00,        82.763569
05/31/2008 07:00:00,        94.529429
05/31/2008 08:00:00,        96.142942
05/31/2008 09:00:00,        82.856604
05/31/2008 10:00:00,       108.562681
05/31/2008 11:00:00,       172.912783
05/31/2008 12:00:00,       208.051262
05/31/2008 13:00:00,       190.315725
05/31/2008 14:00:00,       119.111659
05/31/2008 15:00:00,        39.267697
05/31/2008 16:00:00,        11.462010
05/31/2008 17:00:00,        15.579547
05/31/2008 18:00:00,        20.241477
05/31/2008 19:00:00,        12.445850
05/31/2008 20:00:00,         1.575034
05/31/2008 21:00:00,         2.050355
05/31/2008 22:00:00,         0.986847
05/31/2008 23:00:00,         1.285949
06/01/2008 00:00:00,         5.158873
06/01/2008 01:00:00,         4.701954
06/01/2008 02:00:00,        12.811796
06/01/2008 03:00:00,        26.658575
06/01/2008 04:00:00,        76.366197
06/01/2008 05:00:00,        52.726034
06/01/2008 06:00:00,        52.642922
06/01/2008 07:00:00,        60.790380
06/01/2008 08:00:00,        53.772021
06/01/2008 09:00:00,        54.935523
06/01/2008 10:00:00,        37.251753
06/01/2008 11:00:00,        32.112622
06/01/2008 12:00:00,        59.677874
06/01/2008 13:00:00,        60.819105
06/01/2008 14:00:00,        21.031187
06/01/2008 15:00:00,         2.255945
06/01/2008 16:00:00,        28.189314
06/01/2008 17:00:00,        30.646686
06/01/2008 18:00:00,        31.195057
06/01/2008 19:00:00,        12.601358
06/01/2008 20:00:00,        57.339142
06/01/2008 21:00:00,        28.086186
06/01/2008 22:00:00,        29.994015
06/01/2008 23:00:00,        11.615515
06/02/2008 00:00:00,         1.666952
06/02/2008 01:00:00,         2.567853
06/02/2008 02:00:00,        17.712360
06/02/2008 03:00:00,         2.466865
06/02/2008 04:00:00,         0.002315
06/02/2008 05:00:00,         0.009498
06/02/2008 06:00:00,         0.445452
06/02/2008 07:00:00,        13.074187
06/02/2008 08:00:00,        25.311106
06/02/2008 09:00:00,        69.983340
06/02/2008 10:00:00,        83.837123
06/02/2008 11:00:00,        93.194694
06/02/2008 12:00:00,        76.084740
06/02/2008 13:00:00,        80.679191
06/02/2008 14:00:00,        56.563206
06/02/2008 15:00:00,        22.326160
06/02/2008 16:00:00,         6.053890
06/02/2008 17:00:00,        15.563366
06/02/2008 18:00:00,        53.687295
06/02/2008 19:00:00,        92.828466
06/02/2008 20:00:00,        35.165030
06/02/2008 21:00:00,       112.025780
06/02/2008 22:00:00,        70.269931
06/02/2008 23:00:00,       145.450123
06/03/2008 00:00:00,       147.113104
06/03/2008 01:00:00,       195.377003
06/03/2008 02:00:00,       225.989222
06/03/2008 03:00:00,       264.666915
06/03/2008 04:00:00,       280.671845
06/03/2008 05:00:00,       273.841390
06/03/2008 06:00:00,       238.361947
06/03/2008 07:00:00,       216.817850
06/03/2008 08:00:00,       178.395625
06/03/2008 09:00:00,       192.942735
06/03/2008 10:00:00,       206.045331
06/03/2008 11:00:00,       228.242575
06/03/2008 12:00:00,       220.970822
06/03/2008 13:00:00,       156.560124
06/03/2008 14:00:00,       125.480521
06/03/2008 15:00:00,        71.186591
06/03/2008 16:00:00,       121.316701
06/03/2008 17:00:00,        88.357227
06/03/2008 18:00:00,       177.169656
06/03/2008 19:00:00,       130.625693
06/03/2008 20:00:00,       154.421723
06/03/2008 21:00:00,       154.987147
06/03/2008 22:00:00,        93.516465
06/03/2008 23:00:00,        45.951798
06/04/2008 00:00:00,        34.940214
06/04/2008 01:00:00,        33.288642
06/04/2008 02:00:00,        32.965379
06/04/2008 03:00:00,        27.377760
06/04/2008 04:00:00,        32.949275
06/04/2008 05:00:00,        19.782412
06/04/2008 06:00:00,        26.414331
06/04/2008 07:00:00,         8.382161
06/04/2008 08:00:00,         5.729482
06/04/2008 09:00:00,        15.329104
06/04/2008 10:00:00,         6.032519
06/04/2008 11:00:00,        27.356753
06/04/2008 12:00:00,        49.709698
06/04/2008 13:00:00,        21.720404
06/04/2008 14:00:00,        21.425151
06/04/2008 15:00:00,        30.210272
06/04/2008 16:00:00,        16.916358
06/04/2008 17:00:00,        33.863111
06/04/2008 18:00:00,        70.328299
06/04/2008 19:00:00,        77.812699
06/04/2008 20:00:00,        70.406203
06/04/2008 21:00:00,        68.600526
06/04/2008 22:00:00,        44.026823
06/04/2008 23:00:00,        43.856444
06/05/2008 00:00:00,        31.418034
06/05/2008 01:00:00,        27.830002
06/05/2008 02:00:00,         1.593990
06/05/2008 03:00:00,         0.895486
06/05/2008 04:00:00,         1.121405
06/05/2008 05:00:00,         0.092568
06/05/2008 06:00:00,         0.000000
06/05/2008 07:00:00,         0.000000
06/05/2008 08:00:00,         0.467629
06/05/2008 09:00:00,         4.280344
06/05/2008 10:00:00,        14.062924
06/05/2008 11:00:00,        17.787331
06/05/2008 12:00:00,        19.937399
06/05/2008 13:00:00,        24.888559
06/05/2008 14:00:00,        19.290133
06/05/2008 15:00:00,         2.344238
06/05/2008 16:00:00,         2.918272
06/05/2008 17:00:00,         1.911451
06/05/2008 18:00:00,        27.838803
06/05/2008 19:00:00,        14.867934
06/05/2008 20:00:00,         1.841979
06/05/2008 21:00:00,        41.684525
06/05/2008 22:00:00,        57.544679
06/05/2008 23:00:00,        36.833167
06/06/2008 00:00:00,        55.219610
06/06/2008 01:00:00,        50.823704
06/06/2008 02:00:00,        98.399114
06/06/2008 03:00:00,       141.171805
06/06/2008 04:00:00,       206.099790
06/06/2008 05:00:00,       156.840603
06/06/2008 06:00:00,       168.184123
06/06/2008 07:00:00,       236.541446
06/06/2008 08:00:00,       236.758020
06/06/2008 09:00:00,       277.813415
06/06/2008 10:00:00,       323.718825
06/06/2008 11:00:00,       323.401220
06/06/2008 12:00:00,       322.283876
06/06/2008 13:00:00,       287.578975
06/06/2008 14:00:00,       258.929193
06/06/2008 15:00:00,       304.111934
06/06/2008 16:00:00,       327.260699
06/06/2008 17:00:00,       336.381869
06/06/2008 18:00:00,       338.989833
06/06/2008 19:00:00,       342.867658
06/06/2008 20:00:00,       349.039895
06/06/2008 21:00:00,       348.013863
06/06/2008 22:00:00,       348.774428
06/06/2008 23:00:00,       345.271986
06/07/2008 00:00:00,       349.149626
06/07/2008 01:00:00,       350.787360
06/07/2008 02:00:00,       350.715405
06/07/2008 03:00:00,       350.545596
06/07/2008 04:00:00,       350.677055
06/07/2008 05:00:00,       350.719956
06/07/2008 06:00:00,       346.302376
06/07/2008 07:00:00,       344.859115
06/07/2008 08:00:00,       349.004372
06/07/2008 09:00:00,       348.367092
06/07/2008 10:00:00,       345.157746
06/07/2008 11:00:00,       339.778053
06/07/2008 12:00:00,       330.703676
06/07/2008 13:00:00,       281.896712
06/07/2008 14:00:00,       232.394271
06/07/2008 15:00:00,       230.993325
06/07/2008 16:00:00,       220.278974
06/07/2008 17:00:00,       236.528043
06/07/2008 18:00:00,       251.517889
06/07/2008 19:00:00,       290.871634
06/07/2008 20:00:00,       290.654492
06/07/2008 21:00:00,       277.632132
06/07/2008 22:00:00,       269.430790
06/07/2008 23:00:00,       259.385985
06/08/2008 00:00:00,       204.361046
06/08/2008 01:00:00,       219.743432
06/08/2008 02:00:00,       138.384287
06/08/2008 03:00:00,       140.374779
06/08/2008 04:00:00,       204.213425
06/08/2008 05:00:00,       210.589611
06/08/2008 06:00:00,       192.265615
06/08/2008 07:00:00,       190.250180
06/08/2008 08:00:00,       101.474965
06/08/2008 09:00:00,        39.169128
06/08/2008 10:00:00,       139.849540
06/08/2008 11:00:00,       191.659876
06/08/2008 12:00:00,       184.476935
06/08/2008 13:00:00,       239.305995
06/08/2008 14:00:00,       197.982130
06/08/2008 15:00:00,       123.950323
06/08/2008 16:00:00,        87.116066
06/08/2008 17:00:00,        90.920909
06/08/2008 18:00:00,       103.425922
06/08/2008 19:00:00,       106.175706
06/08/2008 20:00:00,       103.006554
06/08/2008 21:00:00,       138.645494
06/08/2008 22:00:00,       105.971504
06/08/2008 23:00:00,       110.654256
06/09/2008 00:00:00,       112.683777
06/09/2008 01:00:00,       196.493594
06/09/2008 02:00:00,       208.156962
06/09/2008 03:00:00,       252.231385
06/09/2008 04:00:00,       270.086725
06/09/2008 05:00:00,       305.764220
06/09/2008 06:00:00,       259.413480
06/09/2008 07:00:00,       231.722426
06/09/2008 08:00:00,       198.014340
06/09/2008 09:00:00,       170.570718
06/09/2008 10:00:00,       180.875036
06/09/2008 11:00:00,       163.592878
06/09/2008 12:00:00,       135.384583
06/09/2008 13:00:00,        97.624004
06/09/2008 14:00:00,        28.473047
06/09/2008 15:00:00,         0.577492
06/09/2008 16:00:00,         0.014309
06/09/2008 17:00:00,         2.529157
06/09/2008 18:00:00,        22.121083
06/09/2008 19:00:00,        20.360236
06/09/2008 20:00:00,        38.243698
06/09/2008 21:00:00,        27.601334
06/09/2008 22:00:00,        41.170179
06/09/2008 23:00:00,        55.949609
06/10/2008 00:00:00,        48.776737
06/10/2008 01:00:00,        35.873538
06/10/2008 02:00:00,        67.524017
06/10/2008 03:00:00,        60.801801
06/10/2008 04:00:00,        39.014817
06/10/2008 05:00:00,        84.001033
06/10/2008 06:00:00,       131.382987
06/10/2008 07:00:00,       120.284288
06/10/2008 08:00:00,       119.978785
06/10/2008 09:00:00,       119.435424
06/10/2008 10:00:00,        47.433297
06/10/2008 11:00:00,        18.123632
06/10/2008 12:00:00,       112.593667
06/10/2008 13:00:00,       163.855410
06/10/2008 14:00:00,        74.891235
06/10/2008 15:00:00,        27.878205
06/10/2008 16:00:00,        14.672078
06/10/2008 17:00:00,        78.846186
06/10/2008 18:00:00,       236.821044
06/10/2008 19:00:00,       186.599530
06/10/2008 20:00:00,       170.437303
06/10/2008 21:00:00,       194.251340
06/10/2008 22:00:00,       189.668477
06/10/2008 23:00:00,       152.881731
06/11/2008 00:00:00,       159.209865
06/11/2008 01:00:00,        95.666417
06/11/2008 02:00:00,       196.681234
06/11/2008 03:00:00,       140.576401
06/11/2008 04:00:00,       115.123733
06/11/2008 05:00:00,       138.160337
06/11/2008 06:00:00,       204.404519
06/11/2008 07:00:00,       242.177265
06/11/2008 08:00:00,       313.403087
06/11/2008 09:00:00,       333.424112
06/11/2008 10:00:00,       348.941855
06/11/2008 11:00:00,       350.851838
06/11/2008 12:00:00,       350.487548
06/11/2008 13:00:00,       350.188441
06/11/2008 14:00:00,       345.834436
06/11/2008 15:00:00,       341.316400
06/11/2008 16:00:00,       335.199539
06/11/2008 17:00:00,       325.678398
06/11/2008 18:00:00,       323.317245
06/11/2008 19:00:00,       332.822094
06/11/2008 20:00:00,       334.134796
06/11/2008 21:00:00,       324.915333
06/11/2008 22:00:00,       312.264009
06/11/2008 23:00:00,       302.889615
06/12/2008 00:00:00,       274.903765
06/12/2008 01:00:00,       249.000455
06/12/2008 02:00:00,       324.673700
06/12/2008 03:00:00,       259.898311
06/12/2008 04:00:00,       343.577217
06/12/2008 05:00:00,       321.411158
06/12/2008 06:00:00,       188.513011
06/12/2008 07:00:00,       290.929131
06/12/2008 08:00:00,       295.223510
06/12/2008 09:00:00,       268.449664
06/12/2008 10:00:00,       282.346423
06/12/2008 11:00:00,       278.111207
06/12/2008 12:00:00,       278.347109
06/12/2008 13:00:00,       239.759196
06/12/2008 14:00:00,       183.142460
06/12/2008 15:00:00,       147.860488
06/12/2008 16:00:00,       135.966774
06/12/2008 17:00:00,       172.640830
06/12/2008 18:00:00,       200.043506
06/12/2008 19:00:00,       208.655613
06/12/2008 20:00:00,       204.367484
06/12/2008 21:00:00,       184.899747
06/12/2008 22:00:00,       136.632209
06/12/2008 23:00:00,       120.544598
06/13/2008 00:00:00,       169.821542
06/13/2008 01:00:00,       301.852369
06/13/2008 02:00:00,       217.326762
06/13/2008 03:00:00,       195.201330
06/13/2008 04:00:00,       184.691808
06/13/2008 05:00:00,       317.062474
06/13/2008 06:00:00,       343.250230
06/13/2008 07:00:00,       345.364503
06/13/2008 08:00:00,       345.351270
06/13/2008 09:00:00,       346.875962
06/13/2008 10:00:00,       347.534721
06/13/2008 11:00:00,       347.703990
06/13/2008 12:00:00,       347.530585
06/13/2008 13:00:00,       336.841801
06/13/2008 14:00:00,       168.604909
06/13/2008 15:00:00,       260.589328
06/13/2008 16:00:00,       277.326871
06/13/2008 17:00:00,       226.741500
06/13/2008 18:00:00,       256.730281
06/13/2008 19:00:00,       299.377638
06/13/2008 20:00:00,       302.082497
06/13/2008 21:00:00,       322.288437
06/13/2008 22:00:00,       339.996263
06/13/2008 23:00:00,       346.617919
06/14/2008 00:00:00,       348.497955
06/14/2008 01:00:00,       335.979486
06/14/2008 02:00:00,       343.921845
06/14/2008 03:00:00,       340.844328
06/14/2008 04:00:00,       317.754086
06/14/2008 05:00:00,       331.338770
06/14/2008 06:00:00,       341.475111
06/14/2008 07:00:00,       323.587699
06/14/2008 08:00:00,       310.620445
06/14/2008 09:00:00,       262.065519
06/14/2008 10:00:00,       126.418554
06/14/2008 11:00:00,       125.089386
06/14/2008 12:00:00,       150.914546
06/14/2008 13:00:00,       113.765187
06/14/2008 14:00:00,        76.558741
06/14/2008 15:00:00,        29.989788
06/14/2008 16:00:00,         9.865331
06/14/2008 17:00:00,         4.616434
06/14/2008 18:00:00,         1.918843
06/14/2008 19:00:00,         0.609023
06/14/2008 20:00:00,         1.906367
06/14/2008 21:00:00,         0.419707
06/14/2008 22:00:00,         0.670558
06/14/2008 23:00:00,        19.593157
06/15/2008 00:00:00,        14.640383
06/15/2008 01:00:00,         7.809358
06/15/2008 02:00:00,        25.573584
06/15/2008 03:00:00,        17.872115
06/15/2008 04:00:00,        29.127643
06/15/2008 05:00:00,        20.301166
06/15/2008 06:00:00,        28.873724
06/15/2008 07:00:00,        34.095759
06/15/2008 08:00:00,        43.708411
06/15/2008 09:00:00,        58.129940
06/15/2008 10:00:00,        37.831952
06/15/2008 11:00:00,        43.739517
06/15/2008 12:00:00,        79.042941
06/15/2008 13:00:00,        69.558620
06/15/2008 14:00:00,        28.915882
06/15/2008 15:00:00,         4.597890
06/15/2008 16:00:00,         0.193760
06/15/2008 17:00:00,         0.168776
06/15/2008 18:00:00,         0.009541
06/15/2008 19:00:00,         0.260857
06/15/2008 20:00:00,         0.784410
06/15/2008 21:00:00,         7.064503
06/15/2008 22:00:00,         6.835574
06/15/2008 23:00:00,        38.245702
06/16/2008 00:00:00,         4.106827
06/16/2008 01:00:00,         0.431691
06/16/2008 02:00:00,        27.651415
06/16/2008 03:00:00,        17.934062
06/16/2008 04:00:00,        32.618182
06/16/2008 05:00:00,        22.267447
06/16/2008 06:00:00,        19.120476
06/16/2008 07:00:00,        23.931749
06/16/2008 08:00:00,        15.270900
06/16/2008 09:00:00,        18.952489
06/16/2008 10:00:00,        52.857538
06/16/2008 11:00:00,       123.789561
06/16/2008 12:00:00,       101.444384
06/16/2008 13:00:00,        77.836753
06/16/2008 14:00:00,        61.096857
06/16/2008 15:00:00,        23.891235
06/16/2008 16:00:00,         1.755343
06/16/2008 17:00:00,         0.006697
06/16/2008 18:00:00,         0.000000
06/16/2008 19:00:00,         0.014133
06/16/2008 20:00:00,         0.060891
06/16/2008 21:00:00,         0.040368
06/16/2008 22:00:00,         0.474318
06/16/2008 23:00:00,         4.254676
06/17/2008 00:00:00,         4.481794
06/17/2008 01:00:00,        15.878163
06/17/2008 02:00:00,        53.879590
06/17/2008 03:00:00,        98.705939
06/17/2008 04:00:00,       127.286300
06/17/2008 05:00:00,       144.958597
06/17/2008 06:00:00,       156.249204
06/17/2008 07:00:00,       163.542675
06/17/2008 08:00:00,       196.642251
06/17/2008 09:00:00,       262.433434
06/17/2008 10:00:00,       245.353715
06/17/2008 11:00:00,       249.478303
06/17/2008 12:00:00,       183.492921
06/17/2008 13:00:00,       186.850345
06/17/2008 14:00:00,       230.320859
06/17/2008 15:00:00,       172.924579
06/17/2008 16:00:00,        92.279309
06/17/2008 17:00:00,       115.758190
06/17/2008 18:00:00,       136.892413
06/17/2008 19:00:00,       113.697026
06/17/2008 20:00:00,        98.534569
06/17/2008 21:00:00,       102.128795
06/17/2008 22:00:00,       118.332277
06/17/2008 23:00:00,       226.834349
06/18/2008 00:00:00,       151.535768
06/18/2008 01:00:00,       158.929504
06/18/2008 02:00:00,       257.941575
06/18/2008 03:00:00,       241.600909
06/18/2008 04:00:00,       189.715297
06/18/2008 05:00:00,       213.210207
06/18/2008 06:00:00,       259.560535
06/18/2008 07:00:00,       291.326653
06/18/2008 08:00:00,       309.093572
06/18/2008 09:00:00,       276.833877
06/18/2008 10:00:00,       235.130191
06/18/2008 11:00:00,       157.217520
06/18/2008 12:00:00,        57.648687
06/18/2008 13:00:00,        43.413568
06/18/2008 14:00:00,        51.749804
06/18/2008 15:00:00,        44.194161
06/18/2008 16:00:00,        33.173304
06/18/2008 17:00:00,        40.587973
06/18/2008 18:00:00,        51.949687
06/18/2008 19:00:00,        52.669418
06/18/2008 20:00:00,        56.411035
06/18/2008 21:00:00,        67.787169
06/18/2008 22:00:00,       103.082462
06/18/2008 23:00:00,       180.004746
06/19/2008 00:00:00,       210.718847
06/19/2008 01:00:00,       163.202177
06/19/2008 02:00:00,       143.533727
06/19/2008 03:00:00,       206.545712
06/19/2008 04:00:00,       185.369407
06/19/2008 05:00:00,       194.413677
06/19/2008 06:00:00,       201.236799
06/19/2008 07:00:00,       207.239172
06/19/2008 08:00:00,       228.053848
06/19/2008 09:00:00,       265.744628
06/19/2008 10:00:00,       287.543603
06/19/2008 11:00:00,       274.123864
06/19/2008 12:00:00,       253.430446
06/19/2008 13:00:00,       232.192324
06/19/2008 14:00:00,       171.390614
06/19/2008 15:00:00,        69.431829
06/19/2008 16:00:00,         9.393431
06/19/2008 17:00:00,        27.130868
06/19/2008 18:00:00,        36.795799
06/19/2008 19:00:00,        45.144862
06/19/2008 20:00:00,        60.137275
06/19/2008 21:00:00,        50.555342
06/19/2008 22:00:00,        47.332607
06/19/2008 23:00:00,        79.549038
06/20/2008 00:00:00,        93.721118
06/20/2008 01:00:00,       136.391594
06/20/2008 02:00:00,       152.069956
06/20/2008 03:00:00,       144.248805
06/20/2008 04:00:00,       131.276773
06/20/2008 05:00:00,       152.931632
06/20/2008 06:00:00,       187.143120
06/20/2008 07:00:00,       190.606355
06/20/2008 08:00:00,       181.346097
06/20/2008 09:00:00,       172.419898
06/20/2008 10:00:00,       139.619824
06/20/2008 11:00:00,       104.080856
06/20/2008 12:00:00,        75.199563
06/20/2008 13:00:00,        63.813814
06/20/2008 14:00:00,        41.902174
06/20/2008 15:00:00,        16.853773
06/20/2008 16:00:00,         1.018003
06/20/2008 17:00:00,         0.033392
06/20/2008 18:00:00,         0.000000
06/20/2008 19:00:00,         0.009198
06/20/2008 20:00:00,         0.354398
06/20/2008 21:00:00,         1.648699
06/20/2008 22:00:00,         2.045699
06/20/2008 23:00:00,        14.457500
06/21/2008 00:00:00,        64.533250
06/21/2008 01:00:00,        47.177280
06/21/2008 02:00:00,        53.202626
06/21/2008 03:00:00,        56.876078
06/21/2008 04:00:00,        43.444252
06/21/2008 05:00:00,        26.093165
06/21/2008 06:00:00,        19.066742
06/21/2008 07:00:00,        16.652290
06/21/2008 08:00:00,        79.589161
06/21/2008 09:00:00,       187.747454
06/21/2008 10:00:00,       234.763554
06/21/2008 11:00:00,       294.289119
06/21/2008 12:00:00,       303.768812
06/21/2008 13:00:00,       293.212373
06/21/2008 14:00:00,       226.738219
06/21/2008 15:00:00,       122.790506
06/21/2008 16:00:00,       103.480000
06/21/2008 17:00:00,        96.695871
06/21/2008 18:00:00,        88.523009
06/21/2008 19:00:00,        73.883480
06/21/2008 20:00:00,        53.306087
06/21/2008 21:00:00,        34.105727
06/21/2008 22:00:00,        42.524654
06/21/2008 23:00:00,        43.826391
06/22/2008 00:00:00,        20.671198
06/22/2008 01:00:00,        27.464426
06/22/2008 02:00:00,        64.883877
06/22/2008 03:00:00,        40.819621
06/22/2008 04:00:00,        81.281812
06/22/2008 05:00:00,       135.987017
06/22/2008 06:00:00,       208.679856
06/22/2008 07:00:00,       254.344500
06/22/2008 08:00:00,       177.916768
06/22/2008 09:00:00,       308.384654
06/22/2008 10:00:00,       349.101752
06/22/2008 11:00:00,       351.663184
06/22/2008 12:00:00,       351.777886
06/22/2008 13:00:00,       351.982406
06/22/2008 14:00:00,       351.293348
06/22/2008 15:00:00,       342.552793
06/22/2008 16:00:00,       278.189901
06/22/2008 17:00:00,       115.780118
06/22/2008 18:00:00,        77.000298
06/22/2008 19:00:00,        41.483331
06/22/2008 20:00:00,        86.955678
06/22/2008 21:00:00,        88.282381
06/22/2008 22:00:00,        71.632226
06/22/2008 23:00:00,       113.460474
06/23/2008 00:00:00,       112.889577
06/23/2008 01:00:00,       140.968453
06/23/2008 02:00:00,       158.399137
06/23/2008 03:00:00,       111.085405
06/23/2008 04:00:00,        74.355668
06/23/2008 05:00:00,        86.807782
06/23/2008 06:00:00,       120.622020
06/23/2008 07:00:00,       120.328008
06/23/2008 08:00:00,       125.733465
06/23/2008 09:00:00,       168.960423
06/23/2008 10:00:00,       196.970772
06/23/2008 11:00:00,       225.629256
06/23/2008 12:00:00,       237.847126
06/23/2008 13:00:00,       200.186374
06/23/2008 14:00:00,       101.069551
06/23/2008 15:00:00,        26.219375
06/23/2008 16:00:00,         4.691047
06/23/2008 17:00:00,         0.309854
06/23/2008 18:00:00,         1.574379
06/23/2008 19:00:00,        14.858550
06/23/2008 20:00:00,        24.844395
06/23/2008 21:00:00,        23.913701
06/23/2008 22:00:00,        30.995288
06/23/2008 23:00:00,        34.494978
06/24/2008 00:00:00,        40.543805
06/24/2008 01:00:00,        62.483251
06/24/2008 02:00:00,        86.376401
06/24/2008 03:00:00,       114.570230
06/24/2008 04:00:00,       100.242906
06/24/2008 05:00:00,        81.734216
06/24/2008 06:00:00,        78.231735
06/24/2008 07:00:00,        93.673845
06/24/2008 08:00:00,       149.379316
06/24/2008 09:00:00,       164.080275
06/24/2008 10:00:00,       227.855909
06/24/2008 11:00:00,       231.528444
06/24/2008 12:00:00,       222.841561
06/24/2008 13:00:00,       187.039315
06/24/2008 14:00:00,       131.707083
06/24/2008 15:00:00,       111.347067
06/24/2008 16:00:00,       101.521922
06/24/2008 17:00:00,       146.891482
06/24/2008 18:00:00,       182.977264
06/24/2008 19:00:00,       161.592253
06/24/2008 20:00:00,       148.712988
06/24/2008 21:00:00,        99.267278
06/24/2008 22:00:00,        66.646021
06/24/2008 23:00:00,        60.158094
06/25/2008 00:00:00,        90.877701
06/25/2008 01:00:00,       162.146476
06/25/2008 02:00:00,       199.454317
06/25/2008 03:00:00,       219.058066
06/25/2008 04:00:00,       215.152646
06/25/2008 05:00:00,       223.700378
06/25/2008 06:00:00,       252.964586
06/25/2008 07:00:00,       253.852414
06/25/2008 08:00:00,       252.049678
06/25/2008 09:00:00,       252.551242
06/25/2008 10:00:00,       227.649111
06/25/2008 11:00:00,       210.197057
06/25/2008 12:00:00,       207.874399
06/25/2008 13:00:00,       154.585368
06/25/2008 14:00:00,        74.478191
06/25/2008 15:00:00,        21.254902
06/25/2008 16:00:00,         2.636077
06/25/2008 17:00:00,         2.862584
06/25/2008 18:00:00,         1.183906
06/25/2008 19:00:00,        12.124271
06/25/2008 20:00:00,        41.596637
06/25/2008 21:00:00,        27.817041
06/25/2008 22:00:00,        20.221958
06/25/2008 23:00:00,        21.574489
06/26/2008 00:00:00,        79.350612
06/26/2008 01:00:00,       110.573671
06/26/2008 02:00:00,        93.767692
06/26/2008 03:00:00,        96.179694
06/26/2008 04:00:00,        95.574567
06/26/2008 05:00:00,       126.867145
06/26/2008 06:00:00,       180.949501
06/26/2008 07:00:00,       177.676592
06/26/2008 08:00:00,       155.108786
06/26/2008 09:00:00,       124.227624
06/26/2008 10:00:00,       133.075217
06/26/2008 11:00:00,       170.339991
06/26/2008 12:00:00,       209.489587
06/26/2008 13:00:00,       224.757919
06/26/2008 14:00:00,       226.981278
06/26/2008 15:00:00,       145.399979
06/26/2008 16:00:00,       190.793497
06/26/2008 17:00:00,       241.118387
06/26/2008 18:00:00,       228.135724
06/26/2008 19:00:00,       214.684882
06/26/2008 20:00:00,       309.229472
06/26/2008 21:00:00,       248.661026
06/26/2008 22:00:00,       283.378751
06/26/2008 23:00:00,       341.612607
06/27/2008 00:00:00,       339.538276
06/27/2008 01:00:00,       325.661369
06/27/2008 02:00:00,       274.795609
06/27/2008 03:00:00,       228.158357
06/27/2008 04:00:00,       123.580026
06/27/2008 05:00:00,        54.074026
06/27/2008 06:00:00,        10.915854
06/27/2008 07:00:00,        16.643735
06/27/2008 08:00:00,        23.929732
06/27/2008 09:00:00,        23.700623
06/27/2008 10:00:00,        22.851248
06/27/2008 11:00:00,        24.339940
06/27/2008 12:00:00,        13.636055
06/27/2008 13:00:00,        14.112520
06/27/2008 14:00:00,        13.842855
06/27/2008 15:00:00,         1.101983
06/27/2008 16:00:00,         6.386158
06/27/2008 17:00:00,        17.885431
06/27/2008 18:00:00,        17.334366
06/27/2008 19:00:00,        20.996648
06/27/2008 20:00:00,        16.158403
06/27/2008 21:00:00,         8.540876
06/27/2008 22:00:00,         6.532009
06/27/2008 23:00:00,        10.543515
06/28/2008 00:00:00,         9.347327
06/28/2008 01:00:00,         1.913237
06/28/2008 02:00:00,         0.207156
06/28/2008 03:00:00,         2.024937
06/28/2008 04:00:00,        10.522348
06/28/2008 05:00:00,        36.800116
06/28/2008 06:00:00,        76.417335
06/28/2008 07:00:00,       105.427092
06/28/2008 08:00:00,       119.087132
06/28/2008 09:00:00,       121.257878
06/28/2008 10:00:00,       130.121063
06/28/2008 11:00:00,       133.230778
06/28/2008 12:00:00,       132.112185
06/28/2008 13:00:00,       143.251669
06/28/2008 14:00:00,       159.978836
06/28/2008 15:00:00,       116.236682
06/28/2008 16:00:00,        75.887961
06/28/2008 17:00:00,        81.677703
06/28/2008 18:00:00,        83.382072
06/28/2008 19:00:00,        96.221395
06/28/2008 20:00:00,        98.429510
06/28/2008 21:00:00,        95.069017
06/28/2008 22:00:00,        84.428944
06/28/2008 23:00:00,        71.803169
06/29/2008 00:00:00,        70.438681
06/29/2008 01:00:00,        89.399252
06/29/2008 02:00:00,       126.240388
06/29/2008 03:00:00,       178.135821
06/29/2008 04:00:00,       240.376556
06/29/2008 05:00:00,       286.196247
06/29/2008 06:00:00,       296.003581
06/29/2008 07:00:00,       269.266991
06/29/2008 08:00:00,       238.499745
06/29/2008 09:00:00,       185.723982
06/29/2008 10:00:00,       101.952818
06/29/2008 11:00:00,        69.398298
06/29/2008 12:00:00,        46.661298
06/29/2008 13:00:00,         9.998191
06/29/2008 14:00:00,         1.459885
06/29/2008 15:00:00,         1.874986
06/29/2008 16:00:00,         0.921626
06/29/2008 17:00:00,         0.055670
06/29/2008 18:00:00,         0.000000
06/29/2008 19:00:00,         0.004227
06/29/2008 20:00:00,         0.039184
06/29/2008 21:00:00,         0.009780
06/29/2008 22:00:00,         0.000000
06/29/2008 23:00:00,         0.000000
06/30/2008 00:00:00,         0.105639
06/30/2008 01:00:00,         2.080701
06/30/2008 02:00:00,        24.316071
06/30/2008 03:00:00,        57.802998
06/30/2008 04:00:00,        74.931686
06/30/2008 05:00:00,        49.100141
06/30/2008 06:00:00,        70.817568
06/30/2008 07:00:00,        52.866888
06/30/2008 08:00:00,        33.801133
06/30/2008 09:00:00,        13.911606
06/30/2008 10:00:00,         8.526587
06/30/2008 11:00:00,         9.029682
06/30/2008 12:00:00,        32.948324
06/30/2008 13:00:00,        33.409080
06/30/2008 14:00:00,        44.615243
06/30/2008 15:00:00,        35.376458
06/30/2008 16:00:00,        10.819392
06/30/2008 17:00:00,         0.846637
06/30/2008 18:00:00,         0.849520
06/30/2008 19:00:00,         0.657148
06/30/2008 20:00:00,         0.249843
06/30/2008 21:00:00,         0.141936
06/30/2008 22:00:00,         0.152678
06/30/2008 23:00:00,         0.007543
07/01/2008 00:00:00,         1.533580
07/01/2008 01:00:00,         2.534343
07/01/2008 02:00:00,         0.935036
07/01/2008 03:00:00,         0.357070
07/01/2008 04:00:00,         4.839158
07/01/2008 05:00:00,        16.182664
07/01/2008 06:00:00,         9.455903
07/01/2008 07:00:00,        14.394473
07/01/2008 08:00:00,        70.906093
07/01/2008 09:00:00,        11.787757
07/01/2008 10:00:00,         1.261232
07/01/2008 11:00:00,        84.141489
07/01/2008 12:00:00,       105.522599
07/01/2008 13:00:00,        21.808092
07/01/2008 14:00:00,        52.717057
07/01/2008 15:00:00,         3.291128
07/01/2008 16:00:00,        14.747637
07/01/2008 17:00:00,        30.252574
07/01/2008 18:00:00,        49.966471
07/01/2008 19:00:00,        40.676995
07/01/2008 20:00:00,        41.069319
07/01/2008 21:00:00,         2.626715
07/01/2008 22:00:00,         7.774444
07/01/2008 23:00:00,        24.964336
07/02/2008 00:00:00,        19.078018
07/02/2008 01:00:00,        11.962442
07/02/2008 02:00:00,         1.422289
07/02/2008 03:00:00,         0.542766
07/02/2008 04:00:00,         0.051216
07/02/2008 05:00:00,         0.000000
07/02/2008 06:00:00,         0.000000
07/02/2008 07:00:00,         0.000000
07/02/2008 08:00:00,         0.000000
07/02/2008 09:00:00,         0.000000
07/02/2008 10:00:00,         0.000000
07/02/2008 11:00:00,         0.463489
07/02/2008 12:00:00,         7.056081
07/02/2008 13:00:00,        16.236625
07/02/2008 14:00:00,        13.133949
07/02/2008 15:00:00,        10.974165
07/02/2008 16:00:00,        14.329184
07/02/2008 17:00:00,        24.659546
07/02/2008 18:00:00,        22.772902
07/02/2008 19:00:00,        25.458729
07/02/2008 20:00:00,        28.297847
07/02/2008 21:00:00,        22.671369
07/02/2008 22:00:00,        25.584145
07/02/2008 23:00:00,        27.482368
07/03/2008 00:00:00,        38.873026
07/03/2008 01:00:00,        35.808604
07/03/2008 02:00:00,        20.663666
07/03/2008 03:00:00,        43.187214
07/03/2008 04:00:00,        82.495631
07/03/2008 05:00:00,       103.615611
07/03/2008 06:00:00,       110.935477
07/03/2008 07:00:00,        97.733546
07/03/2008 08:00:00,        61.769496
07/03/2008 09:00:00,        44.751520
07/03/2008 10:00:00,        43.921409
07/03/2008 11:00:00,        43.844564
07/03/2008 12:00:00,        24.925565
07/03/2008 13:00:00,         4.872510
07/03/2008 14:00:00,         0.550316
07/03/2008 15:00:00,         0.053282
07/03/2008 16:00:00,         0.045647
07/03/2008 17:00:00,         0.027953
07/03/2008 18:00:00,         0.006930
07/03/2008 19:00:00,         0.562246
07/03/2008 20:00:00,         1.695491
07/03/2008 21:00:00,         5.575899
07/03/2008 22:00:00,        13.600366
07/03/2008 23:00:00,        31.998382
07/04/2008 00:00:00,        53.421473
07/04/2008 01:00:00,        81.368456
07/04/2008 02:00:00,       124.417322
07/04/2008 03:00:00,       157.298754
07/04/2008 04:00:00,       195.068591
07/04/2008 05:00:00,       258.680018
07/04/2008 06:00:00,       322.172400
07/04/2008 07:00:00,       267.131055
07/04/2008 08:00:00,       255.686736
07/04/2008 09:00:00,       211.139148
07/04/2008 10:00:00,       141.647081
07/04/2008 11:00:00,        89.665787
07/04/2008 12:00:00,       149.114918
07/04/2008 13:00:00,       169.533589
07/04/2008 14:00:00,        74.824160
07/04/2008 15:00:00,        61.369405
07/04/2008 16:00:00,        94.327640
07/04/2008 17:00:00,       176.945016
07/04/2008 18:00:00,       258.430804
07/04/2008 19:00:00,       229.351119
07/04/2008 20:00:00,       128.413983
07/04/2008 21:00:00,        52.399697
07/04/2008 22:00:00,        25.829568
07/04/2008 23:00:00,        37.887338
07/05/2008 00:00:00,        31.044545
07/05/2008 01:00:00,        71.663940
07/05/2008 02:00:00,       112.270626
07/05/2008 03:00:00,       204.816172
07/05/2008 04:00:00,       324.181394
07/05/2008 05:00:00,       344.792450
07/05/2008 06:00:00,       340.831092
07/05/2008 07:00:00,       336.767634
07/05/2008 08:00:00,       333.383553
07/05/2008 09:00:00,       343.015830
07/05/2008 10:00:00,       346.355460
07/05/2008 11:00:00,       336.942484
07/05/2008 12:00:00,       344.758220
07/05/2008 13:00:00,       345.828936
07/05/2008 14:00:00,       310.262151
07/05/2008 15:00:00,       202.713729
07/05/2008 16:00:00,       173.238155
07/05/2008 17:00:00,       156.332651
07/05/2008 18:00:00,       155.360333
07/05/2008 19:00:00,       142.410774
07/05/2008 20:00:00,       154.120989
07/05/2008 21:00:00,       149.571006
07/05/2008 22:00:00,       156.703398
07/05/2008 23:00:00,       140.732484
07/06/2008 00:00:00,       108.697847
07/06/2008 01:00:00,       139.055310
07/06/2008 02:00:00,       208.321194
07/06/2008 03:00:00,       229.145086
07/06/2008 04:00:00,       270.325153
07/06/2008 05:00:00,       293.054071
07/06/2008 06:00:00,       307.433509
07/06/2008 07:00:00,       311.632733
07/06/2008 08:00:00,       313.196042
07/06/2008 09:00:00,       306.346878
07/06/2008 10:00:00,       303.011928
07/06/2008 11:00:00,       287.830760
07/06/2008 12:00:00,       279.143861
07/06/2008 13:00:00,       244.000695
07/06/2008 14:00:00,       227.532552
07/06/2008 15:00:00,       123.095004
07/06/2008 16:00:00,        66.996327
07/06/2008 17:00:00,        81.579728
07/06/2008 18:00:00,        80.059221
07/06/2008 19:00:00,       101.444918
07/06/2008 20:00:00,        63.216226
07/06/2008 21:00:00,        50.449985
07/06/2008 22:00:00,       124.603567
07/06/2008 23:00:00,       190.399928
07/07/2008 00:00:00,       203.904460
07/07/2008 01:00:00,       173.212305
07/07/2008 02:00:00,       155.569064
07/07/2008 03:00:00,       177.240667
07/07/2008 04:00:00,       190.838235
07/07/2008 05:00:00,        96.195583
07/07/2008 06:00:00,       121.525863
07/07/2008 07:00:00,        71.396571
07/07/2008 08:00:00,        63.109178
07/07/2008 09:00:00,        48.022561
07/07/2008 10:00:00,        11.689918
07/07/2008 11:00:00,         8.658184
07/07/2008 12:00:00,         0.872163
07/07/2008 13:00:00,         0.000000
07/07/2008 14:00:00,         0.000000
07/07/2008 15:00:00,         0.000000
07/07/2008 16:00:00,         0.000000
07/07/2008 17:00:00,         0.003236
07/07/2008 18:00:00,         8.746560
07/07/2008 19:00:00,         5.420261
07/07/2008 20:00:00,        12.332746
07/07/2008 21:00:00,         3.435199
07/07/2008 22:00:00,         5.656012
07/07/2008 23:00:00,        44.227217
07/08/2008 00:00:00,       192.274320
07/08/2008 01:00:00,        54.363007
07/08/2008 02:00:00,         1.314845
07/08/2008 03:00:00,        38.979977
07/08/2008 04:00:00,        10.206718
07/08/2008 05:00:00,         0.475691
07/08/2008 06:00:00,         9.589137
07/08/2008 07:00:00,        10.677558
07/08/2008 08:00:00,        23.948438
07/08/2008 09:00:00,        16.139759
07/08/2008 10:00:00,        18.191185
07/08/2008 11:00:00,         7.785221
07/08/2008 12:00:00,         0.074963
07/08/2008 13:00:00,         0.000000
07/08/2008 14:00:00,         0.001165
07/08/2008 15:00:00,         0.237234
07/08/2008 16:00:00,         0.150929
07/08/2008 17:00:00,         0.170833
07/08/2008 18:00:00,         1.076714
07/08/2008 19:00:00,         1.295215
07/08/2008 20:00:00,         2.085997
07/08/2008 21:00:00,         6.624146
07/08/2008 22:00:00,        27.344119
07/08/2008 23:00:00,        39.030853
07/09/2008 00:00:00,         2.339383
07/09/2008 01:00:00,         7.139826
07/09/2008 02:00:00,        75.557141
07/09/2008 03:00:00,       133.465309
07/09/2008 04:00:00,       248.307647
07/09/2008 05:00:00,       264.901055
07/09/2008 06:00:00,       295.582868
07/09/2008 07:00:00,       297.993235
07/09/2008 08:00:00,       268.877395
07/09/2008 09:00:00,       226.956845
07/09/2008 10:00:00,       217.151659
07/09/2008 11:00:00,       182.683287
07/09/2008 12:00:00,       171.790709
07/09/2008 13:00:00,       214.989898
07/09/2008 14:00:00,       170.337513
07/09/2008 15:00:00,        78.947839
07/09/2008 16:00:00,       120.184686
07/09/2008 17:00:00,       165.897152
07/09/2008 18:00:00,       188.327887
07/09/2008 19:00:00,       244.449105
07/09/2008 20:00:00,       237.411797
07/09/2008 21:00:00,       273.918500
07/09/2008 22:00:00,       297.685680
07/09/2008 23:00:00,       333.598210
07/10/2008 00:00:00,       327.425432
07/10/2008 01:00:00,       339.690443
07/10/2008 02:00:00,       332.217712
07/10/2008 03:00:00,       330.985603
07/10/2008 04:00:00,       327.797454
07/10/2008 05:00:00,       322.569496
07/10/2008 06:00:00,       312.015805
07/10/2008 07:00:00,       330.636006
07/10/2008 08:00:00,       331.467461
07/10/2008 09:00:00,       321.705233
07/10/2008 10:00:00,       301.017444
07/10/2008 11:00:00,       290.008508
07/10/2008 12:00:00,       248.548088
07/10/2008 13:00:00,       197.522807
07/10/2008 14:00:00,       160.708211
07/10/2008 15:00:00,        86.835225
07/10/2008 16:00:00,        51.508320
07/10/2008 17:00:00,        40.151579
07/10/2008 18:00:00,        33.920272
07/10/2008 19:00:00,        99.035105
07/10/2008 20:00:00,       202.765760
07/10/2008 21:00:00,       217.510887
07/10/2008 22:00:00,       282.041573
07/10/2008 23:00:00,       343.314322
07/11/2008 00:00:00,       349.857814
07/11/2008 01:00:00,       272.597795
07/11/2008 02:00:00,       149.515300
07/11/2008 03:00:00,       117.487557
07/11/2008 04:00:00,        93.410416
07/11/2008 05:00:00,       194.420092
07/11/2008 06:00:00,       105.817036
07/11/2008 07:00:00,       131.676196
07/11/2008 08:00:00,        65.366631
07/11/2008 09:00:00,       142.186124
07/11/2008 10:00:00,       145.918840
07/11/2008 11:00:00,       297.653203
07/11/2008 12:00:00,       296.781969
07/11/2008 13:00:00,       240.939228
07/11/2008 14:00:00,       179.575146
07/11/2008 15:00:00,       149.586755
07/11/2008 16:00:00,       116.985937
07/11/2008 17:00:00,       106.821853
07/11/2008 18:00:00,        92.771666
07/11/2008 19:00:00,        77.774137
07/11/2008 20:00:00,        70.359848
07/11/2008 21:00:00,        72.506488
07/11/2008 22:00:00,        41.358527
07/11/2008 23:00:00,        37.448197
07/12/2008 00:00:00,        63.610985
07/12/2008 01:00:00,       101.216639
07/12/2008 02:00:00,       139.640136
07/12/2008 03:00:00,       181.656444
07/12/2008 04:00:00,       161.406960
07/12/2008 05:00:00,       208.999569
07/12/2008 06:00:00,       217.917039
07/12/2008 07:00:00,       264.974954
07/12/2008 08:00:00,       259.515692
07/12/2008 09:00:00,       243.062383
07/12/2008 10:00:00,       197.783088
07/12/2008 11:00:00,       152.658233
07/12/2008 12:00:00,       118.782695
07/12/2008 13:00:00,        89.833747
07/12/2008 14:00:00,        60.723067
07/12/2008 15:00:00,        21.790039
07/12/2008 16:00:00,         2.569791
07/12/2008 17:00:00,         0.225513
07/12/2008 18:00:00,         0.186699
07/12/2008 19:00:00,         0.783745
07/12/2008 20:00:00,         0.625730
07/12/2008 21:00:00,         1.164755
07/12/2008 22:00:00,         4.505165
07/12/2008 23:00:00,        18.424225
07/13/2008 00:00:00,        31.925161
07/13/2008 01:00:00,        63.150513
07/13/2008 02:00:00,       137.418865
07/13/2008 03:00:00,       222.629363
07/13/2008 04:00:00,       276.535256
07/13/2008 05:00:00,       314.279238
07/13/2008 06:00:00,       337.649220
07/13/2008 07:00:00,       328.358336
07/13/2008 08:00:00,       305.713643
07/13/2008 09:00:00,       289.071507
07/13/2008 10:00:00,       276.032703
07/13/2008 11:00:00,       250.602983
07/13/2008 12:00:00,       253.332419
07/13/2008 13:00:00,       279.348045
07/13/2008 14:00:00,       296.140387
07/13/2008 15:00:00,       258.841424
07/13/2008 16:00:00,       171.022026
07/13/2008 17:00:00,       139.005968
07/13/2008 18:00:00,       197.239481
07/13/2008 19:00:00,       203.881465
07/13/2008 20:00:00,       136.931443
07/13/2008 21:00:00,       165.309241
07/13/2008 22:00:00,       148.333078
07/13/2008 23:00:00,       188.840547
07/14/2008 00:00:00,       184.572422
07/14/2008 01:00:00,       286.586707
07/14/2008 02:00:00,       293.375505
07/14/2008 03:00:00,       311.637185
07/14/2008 04:00:00,       339.813748
07/14/2008 05:00:00,       344.064483
07/14/2008 06:00:00,       347.295584
07/14/2008 07:00:00,       347.557056
07/14/2008 08:00:00,       242.610415
07/14/2008 09:00:00,        71.214565
07/14/2008 10:00:00,        35.567051
07/14/2008 11:00:00,        23.660448
07/14/2008 12:00:00,        12.091996
07/14/2008 13:00:00,         3.861559
07/14/2008 14:00:00,         0.854254
07/14/2008 15:00:00,         1.306905
07/14/2008 16:00:00,         0.559327
07/14/2008 17:00:00,         0.550431
07/14/2008 18:00:00,         3.119301
07/14/2008 19:00:00,         0.254052
07/14/2008 20:00:00,         0.000000
07/14/2008 21:00:00,         0.013021
07/14/2008 22:00:00,         0.055336
07/14/2008 23:00:00,         0.102193
07/15/2008 00:00:00,         0.033803
07/15/2008 01:00:00,         0.005827
07/15/2008 02:00:00,         7.733215
07/15/2008 03:00:00,        21.275465
07/15/2008 04:00:00,        37.220928
07/15/2008 05:00:00,        94.935603
07/15/2008 06:00:00,       173.269490
07/15/2008 07:00:00,        79.844528
07/15/2008 08:00:00,       131.748645
07/15/2008 09:00:00,       189.895710
07/15/2008 10:00:00,       141.119715
07/15/2008 11:00:00,        93.241572
07/15/2008 12:00:00,       117.890765
07/15/2008 13:00:00,       109.096853
07/15/2008 14:00:00,       125.172919
07/15/2008 15:00:00,        87.755965
07/15/2008 16:00:00,        80.081774
07/15/2008 17:00:00,       107.313648
07/15/2008 18:00:00,       247.991508
07/15/2008 19:00:00,       273.086462
07/15/2008 20:00:00,       251.529955
07/15/2008 21:00:00,       105.439381
07/15/2008 22:00:00,       103.639676
07/15/2008 23:00:00,       351.084199
07/16/2008 00:00:00,       210.571745
07/16/2008 01:00:00,        38.600902
07/16/2008 02:00:00,        15.680737
07/16/2008 03:00:00,         0.971090
07/16/2008 04:00:00,        29.126650
07/16/2008 05:00:00,        57.804003
07/16/2008 06:00:00,        42.030191
07/16/2008 07:00:00,        19.620043
07/16/2008 08:00:00,         8.489035
07/16/2008 09:00:00,         0.131743
07/16/2008 10:00:00,         0.682045
07/16/2008 11:00:00,         0.095618
07/16/2008 12:00:00,         9.781900
07/16/2008 13:00:00,        27.165357
07/16/2008 14:00:00,        38.710826
07/16/2008 15:00:00,        48.791090
07/16/2008 16:00:00,        12.713879
07/16/2008 17:00:00,        14.510454
07/16/2008 18:00:00,        17.056202
07/16/2008 19:00:00,         3.057231
07/16/2008 20:00:00,         6.126406
07/16/2008 21:00:00,         1.267929
07/16/2008 22:00:00,        20.699226
07/16/2008 23:00:00,        91.857771
07/17/2008 00:00:00,       226.583076
07/17/2008 01:00:00,        21.602075
07/17/2008 02:00:00,         6.716295
07/17/2008 03:00:00,        25.350892
07/17/2008 04:00:00,        49.346186
07/17/2008 05:00:00,        34.443748
07/17/2008 06:00:00,         4.622155
07/17/2008 07:00:00,         0.047942
07/17/2008 08:00:00,         0.000000
07/17/2008 09:00:00,         0.000000
07/17/2008 10:00:00,         0.002174
07/17/2008 11:00:00,         2.496255
07/17/2008 12:00:00,        24.845577
07/17/2008 13:00:00,        78.748165
07/17/2008 14:00:00,       101.704563
07/17/2008 15:00:00,        57.147502
07/17/2008 16:00:00,        40.993852
07/17/2008 17:00:00,        28.907829
07/17/2008 18:00:00,        12.430207
07/17/2008 19:00:00,         7.538723
07/17/2008 20:00:00,         8.916864
07/17/2008 21:00:00,        42.730023
07/17/2008 22:00:00,        63.539926
07/17/2008 23:00:00,        37.753218
07/18/2008 00:00:00,       144.841158
07/18/2008 01:00:00,        85.167783
07/18/2008 02:00:00,       129.362532
07/18/2008 03:00:00,       106.753406
07/18/2008 04:00:00,        45.073207
07/18/2008 05:00:00,        59.124181
07/18/2008 06:00:00,        66.739584
07/18/2008 07:00:00,        52.260298
07/18/2008 08:00:00,        71.353102
07/18/2008 09:00:00,        49.034610
07/18/2008 10:00:00,        46.838779
07/18/2008 11:00:00,       112.649286
07/18/2008 12:00:00,       166.208052
07/18/2008 13:00:00,       182.003522
07/18/2008 14:00:00,       141.259435
07/18/2008 15:00:00,        29.241991
07/18/2008 16:00:00,        16.032136
07/18/2008 17:00:00,        62.729490
07/18/2008 18:00:00,       126.795473
07/18/2008 19:00:00,        86.358193
07/18/2008 20:00:00,        64.425523
07/18/2008 21:00:00,        66.309171
07/18/2008 22:00:00,        40.972230
07/18/2008 23:00:00,        36.748906
07/19/2008 00:00:00,        16.440495
07/19/2008 01:00:00,         4.063364
07/19/2008 02:00:00,        30.938641
07/19/2008 03:00:00,        68.541307
07/19/2008 04:00:00,        48.714314
07/19/2008 05:00:00,        41.706597
07/19/2008 06:00:00,        11.581442
07/19/2008 07:00:00,         2.979595
07/19/2008 08:00:00,         9.828984
07/19/2008 09:00:00,         9.238290
07/19/2008 10:00:00,        19.028424
07/19/2008 11:00:00,         7.028861
07/19/2008 12:00:00,         0.937318
07/19/2008 13:00:00,         6.620036
07/19/2008 14:00:00,         5.963127
07/19/2008 15:00:00,         1.035022
07/19/2008 16:00:00,         1.566652
07/19/2008 17:00:00,        17.851181
07/19/2008 18:00:00,        16.971846
07/19/2008 19:00:00,         2.376970
07/19/2008 20:00:00,         0.246234
07/19/2008 21:00:00,         0.040384
07/19/2008 22:00:00,         0.050234
07/19/2008 23:00:00,         0.008280
07/20/2008 00:00:00,         0.000000
07/20/2008 01:00:00,         0.000000
07/20/2008 02:00:00,         0.144552
07/20/2008 03:00:00,         1.498799
07/20/2008 04:00:00,         6.572832
07/20/2008 05:00:00,        10.756664
07/20/2008 06:00:00,        16.957227
07/20/2008 07:00:00,        26.203549
07/20/2008 08:00:00,         9.218540
07/20/2008 09:00:00,         7.323897
07/20/2008 10:00:00,        17.196568
07/20/2008 11:00:00,        28.185189
07/20/2008 12:00:00,        18.436920
07/20/2008 13:00:00,        21.558544
07/20/2008 14:00:00,        22.910208
07/20/2008 15:00:00,        10.786597
07/20/2008 16:00:00,         0.704448
07/20/2008 17:00:00,         0.064078
07/20/2008 18:00:00,         1.690540
07/20/2008 19:00:00,         0.877885
07/20/2008 20:00:00,         0.819639
07/20/2008 21:00:00,         0.660904
07/20/2008 22:00:00,         0.377407
07/20/2008 23:00:00,         0.054684
07/21/2008 00:00:00,         0.000000
07/21/2008 01:00:00,         0.000000
07/21/2008 02:00:00,         0.000000
07/21/2008 03:00:00,         0.115741
07/21/2008 04:00:00,         5.481229
07/21/2008 05:00:00,        12.126270
07/21/2008 06:00:00,        15.073359
07/21/2008 07:00:00,        20.313546
07/21/2008 08:00:00,        29.293412
07/21/2008 09:00:00,        72.367532
07/21/2008 10:00:00,       159.431534
07/21/2008 11:00:00,       161.713193
07/21/2008 12:00:00,       180.239379
07/21/2008 13:00:00,       158.365994
07/21/2008 14:00:00,       148.224608
07/21/2008 15:00:00,       167.886812
07/21/2008 16:00:00,       115.299421
07/21/2008 17:00:00,        57.547670
07/21/2008 18:00:00,        51.300621
07/21/2008 19:00:00,        67.076644
07/21/2008 20:00:00,        52.543845
07/21/2008 21:00:00,        34.030672
07/21/2008 22:00:00,        49.062835
07/21/2008 23:00:00,        33.703900
07/22/2008 00:00:00,        50.577854
07/22/2008 01:00:00,        85.491578
07/22/2008 02:00:00,       120.467547
07/22/2008 03:00:00,       138.780702
07/22/2008 04:00:00,       259.816650
07/22/2008 05:00:00,       297.822340
07/22/2008 06:00:00,       311.620610
07/22/2008 07:00:00,       336.808529
07/22/2008 08:00:00,       347.288334
07/22/2008 09:00:00,       350.578296
07/22/2008 10:00:00,       346.708912
07/22/2008 11:00:00,       324.010617
07/22/2008 12:00:00,       274.865577
07/22/2008 13:00:00,       317.139335
07/22/2008 14:00:00,       126.614590
07/22/2008 15:00:00,        11.127024
07/22/2008 16:00:00,         6.047942
07/22/2008 17:00:00,        20.994965
07/22/2008 18:00:00,        67.485500
07/22/2008 19:00:00,        28.820890
07/22/2008 20:00:00,        33.225511
07/22/2008 21:00:00,        21.042430
07/22/2008 22:00:00,        54.326901
07/22/2008 23:00:00,        71.198954
07/23/2008 00:00:00,        28.817732
07/23/2008 01:00:00,         8.559841
07/23/2008 02:00:00,        21.365239
07/23/2008 03:00:00,         4.614513
07/23/2008 04:00:00,        13.271997
07/23/2008 05:00:00,        16.961327
07/23/2008 06:00:00,        83.077132
07/23/2008 07:00:00,       156.271337
07/23/2008 08:00:00,       147.281124
07/23/2008 09:00:00,       132.781408
07/23/2008 10:00:00,       137.828879
07/23/2008 11:00:00,       110.107737
07/23/2008 12:00:00,        77.018649
07/23/2008 13:00:00,        46.608249
07/23/2008 14:00:00,        11.878071
07/23/2008 15:00:00,         2.339431
07/23/2008 16:00:00,         5.811421
07/23/2008 17:00:00,        15.994987
07/23/2008 18:00:00,        13.311289
07/23/2008 19:00:00,         3.337550
07/23/2008 20:00:00,         0.787907
07/23/2008 21:00:00,         0.077112
07/23/2008 22:00:00,         2.050684
07/23/2008 23:00:00,         0.091083
07/24/2008 00:00:00,         0.878250
07/24/2008 01:00:00,         1.212297
07/24/2008 02:00:00,         8.962283
07/24/2008 03:00:00,        57.847453
07/24/2008 04:00:00,       179.441067
07/24/2008 05:00:00,       146.924206
07/24/2008 06:00:00,       192.899458
07/24/2008 07:00:00,       199.355699
07/24/2008 08:00:00,       145.868278
07/24/2008 09:00:00,       157.000140
07/24/2008 10:00:00,       127.120158
07/24/2008 11:00:00,        35.759899
07/24/2008 12:00:00,        16.627691
07/24/2008 13:00:00,        15.637867
07/24/2008 14:00:00,         9.642709
07/24/2008 15:00:00,         1.630599
07/24/2008 16:00:00,        11.620081
07/24/2008 17:00:00,        37.032945
07/24/2008 18:00:00,        64.009870
07/24/2008 19:00:00,        67.833453
07/24/2008 20:00:00,        60.305194
07/24/2008 21:00:00,        40.362737
07/24/2008 22:00:00,        22.933542
07/24/2008 23:00:00,        14.351921
07/25/2008 00:00:00,         8.707270
07/25/2008 01:00:00,         2.387099
07/25/2008 02:00:00,         1.766195
07/25/2008 03:00:00,         0.497616
07/25/2008 04:00:00,         0.001651
07/25/2008 05:00:00,         0.145525
07/25/2008 06:00:00,         3.408088
07/25/2008 07:00:00,        26.224649
07/25/2008 08:00:00,        48.132097
07/25/2008 09:00:00,        84.216915
07/25/2008 10:00:00,       122.924891
07/25/2008 11:00:00,       155.495631
07/25/2008 12:00:00,       144.225363
07/25/2008 13:00:00,       157.229476
07/25/2008 14:00:00,       156.588553
07/25/2008 15:00:00,        89.556124
07/25/2008 16:00:00,        36.331732
07/25/2008 17:00:00,        29.591048
07/25/2008 18:00:00,        38.504841
07/25/2008 19:00:00,        48.935285
07/25/2008 20:00:00,        55.409637
07/25/2008 21:00:00,        63.336482
07/25/2008 22:00:00,        74.231142
07/25/2008 23:00:00,        77.989942
07/26/2008 00:00:00,        61.401574
07/26/2008 01:00:00,        87.349458
07/26/2008 02:00:00,        90.934408
07/26/2008 03:00:00,        88.490387
07/26/2008 04:00:00,        86.541807
07/26/2008 05:00:00,       107.299841
07/26/2008 06:00:00,       129.376888
07/26/2008 07:00:00,       148.167969
07/26/2008 08:00:00,       165.522869
07/26/2008 09:00:00,       194.608635
07/26/2008 10:00:00,       216.810906
07/26/2008 11:00:00,       229.423108
07/26/2008 12:00:00,       231.228269
07/26/2008 13:00:00,       220.116355
07/26/2008 14:00:00,       201.322390
07/26/2008 15:00:00,       195.850556
07/26/2008 16:00:00,        91.520043
07/26/2008 17:00:00,        13.422584
07/26/2008 18:00:00,         0.360336
07/26/2008 19:00:00,         2.551116
07/26/2008 20:00:00,         0.060003
07/26/2008 21:00:00,         0.748191
07/26/2008 22:00:00,         0.126837
07/26/2008 23:00:00,         8.239720
07/27/2008 00:00:00,         5.357112
07/27/2008 01:00:00,        40.497482
07/27/2008 02:00:00,        33.464953
07/27/2008 03:00:00,         3.252417
07/27/2008 04:00:00,        16.010679
07/27/2008 05:00:00,       123.529948
07/27/2008 06:00:00,       206.171425
07/27/2008 07:00:00,       259.602793
07/27/2008 08:00:00,       265.440448
07/27/2008 09:00:00,       253.143980
07/27/2008 10:00:00,       286.419532
07/27/2008 11:00:00,       299.912186
07/27/2008 12:00:00,       327.691090
07/27/2008 13:00:00,       337.197454
07/27/2008 14:00:00,       304.297313
07/27/2008 15:00:00,       218.367476
07/27/2008 16:00:00,       125.273079
07/27/2008 17:00:00,       100.638119
07/27/2008 18:00:00,        61.790524
07/27/2008 19:00:00,       136.312580
07/27/2008 20:00:00,        67.718528
07/27/2008 21:00:00,        50.069968
07/27/2008 22:00:00,       236.252612
07/27/2008 23:00:00,       234.665374
07/28/2008 00:00:00,       143.241809
07/28/2008 01:00:00,       109.934682
07/28/2008 02:00:00,       144.821576
07/28/2008 03:00:00,       214.844676
07/28/2008 04:00:00,       265.582308
07/28/2008 05:00:00,       318.859435
07/28/2008 06:00:00,       343.386440
07/28/2008 07:00:00,       348.327010
07/28/2008 08:00:00,       347.927021
07/28/2008 09:00:00,       348.061864
07/28/2008 10:00:00,       347.687254
07/28/2008 11:00:00,       350.066416
07/28/2008 12:00:00,       349.593874
07/28/2008 13:00:00,       330.184785
07/28/2008 14:00:00,       237.744433
07/28/2008 15:00:00,       126.577755
07/28/2008 16:00:00,        72.321610
07/28/2008 17:00:00,        66.083035
07/28/2008 18:00:00,        83.891392
07/28/2008 19:00:00,        30.311080
07/28/2008 20:00:00,        14.382932
07/28/2008 21:00:00,         9.213160
07/28/2008 22:00:00,         2.588154
07/28/2008 23:00:00,         1.266735
07/29/2008 00:00:00,         0.048161
07/29/2008 01:00:00,        18.025917
07/29/2008 02:00:00,        99.132662
07/29/2008 03:00:00,       141.925069
07/29/2008 04:00:00,       146.128252
07/29/2008 05:00:00,       218.908739
07/29/2008 06:00:00,       223.648964
07/29/2008 07:00:00,       144.840228
07/29/2008 08:00:00,        92.072122
07/29/2008 09:00:00,        80.439052
07/29/2008 10:00:00,        90.716205
07/29/2008 11:00:00,       124.224357
07/29/2008 12:00:00,       181.636114
07/29/2008 13:00:00,       196.733603
07/29/2008 14:00:00,       169.874251
07/29/2008 15:00:00,        98.371050
07/29/2008 16:00:00,        27.283688
07/29/2008 17:00:00,        12.558808
07/29/2008 18:00:00,        22.584123
07/29/2008 19:00:00,        20.913055
07/29/2008 20:00:00,        15.154598
07/29/2008 21:00:00,        27.994944
07/29/2008 22:00:00,        92.153953
07/29/2008 23:00:00,       170.401626
07/30/2008 00:00:00,       225.927266
07/30/2008 01:00:00,       295.195605
07/30/2008 02:00:00,       259.013893
07/30/2008 03:00:00,       223.078138
07/30/2008 04:00:00,       224.805910
07/30/2008 05:00:00,       242.316449
07/30/2008 06:00:00,       312.455132
07/30/2008 07:00:00,       330.943744
07/30/2008 08:00:00,       336.319607
07/30/2008 09:00:00,       347.611839
07/30/2008 10:00:00,       339.686649
07/30/2008 11:00:00,       326.118933
07/30/2008 12:00:00,       329.852434
07/30/2008 13:00:00,       301.219566
07/30/2008 14:00:00,       257.883454
07/30/2008 15:00:00,       222.999341
07/30/2008 16:00:00,       244.842856
07/30/2008 17:00:00,       274.655494
07/30/2008 18:00:00,       320.902805
07/30/2008 19:00:00,       308.856791
07/30/2008 20:00:00,       313.646148
07/30/2008 21:00:00,       339.342813
07/30/2008 22:00:00,       300.165022
07/30/2008 23:00:00,       312.039275
07/31/2008 00:00:00,       320.647105
07/31/2008 01:00:00,       313.642396
07/31/2008 02:00:00,       309.037569
07/31/2008 03:00:00,       296.659652
07/31/2008 04:00:00,       305.677898
07/31/2008 05:00:00,       315.556248
07/31/2008 06:00:00,       321.599346
07/31/2008 07:00:00,       318.422682
07/31/2008 08:00:00,       284.898076
07/31/2008 09:00:00,       254.477053
07/31/2008 10:00:00,       266.406828
07/31/2008 11:00:00,       292.553605
07/31/2008 12:00:00,       299.377637
07/31/2008 13:00:00,       275.198634
07/31/2008 14:00:00,       220.792782
07/31/2008 15:00:00,       109.831486
07/31/2008 16:00:00,        55.691769
07/31/2008 17:00:00,        54.588820
07/31/2008 18:00:00,        46.630586
07/31/2008 19:00:00,        33.143195
07/31/2008 20:00:00,        42.804620
07/31/2008 21:00:00,        28.348259
07/31/2008 22:00:00,        27.527099
07/31/2008 23:00:00,        32.681504
08/01/2008 00:00:00,        68.844505
08/01/2008 01:00:00,       123.352632
08/01/2008 02:00:00,       164.238493
08/01/2008 03:00:00,       165.460018
08/01/2008 04:00:00,       179.106122
08/01/2008 05:00:00,       154.536263
08/01/2008 06:00:00,       153.348961
08/01/2008 07:00:00,       170.898466
08/01/2008 08:00:00,       232.469446
08/01/2008 09:00:00,       261.689523
08/01/2008 10:00:00,       236.479072
08/01/2008 11:00:00,       243.621997
08/01/2008 12:00:00,       260.091781
08/01/2008 13:00:00,       253.485701
08/01/2008 14:00:00,       231.295169
08/01/2008 15:00:00,       147.766134
08/01/2008 16:00:00,       121.262364
08/01/2008 17:00:00,       303.656386
08/01/2008 18:00:00,       275.033937
08/01/2008 19:00:00,       262.729627
08/01/2008 20:00:00,       306.639323
08/01/2008 21:00:00,       271.790641
08/01/2008 22:00:00,       262.556657
08/01/2008 23:00:00,       227.127646
08/02/2008 00:00:00,       204.992790
08/02/2008 01:00:00,       192.467200
08/02/2008 02:00:00,       265.224195
08/02/2008 03:00:00,       288.611657
08/02/2008 04:00:00,       236.664770
08/02/2008 05:00:00,       259.794682
08/02/2008 06:00:00,       247.486877
08/02/2008 07:00:00,       175.210771
08/02/2008 08:00:00,       102.065577
08/02/2008 09:00:00,        55.502481
08/02/2008 10:00:00,        31.968849
08/02/2008 11:00:00,        20.340231
08/02/2008 12:00:00,        26.935107
08/02/2008 13:00:00,        97.570042
08/02/2008 14:00:00,       105.576691
08/02/2008 15:00:00,        61.203826
08/02/2008 16:00:00,        71.489096
08/02/2008 17:00:00,        72.918613
08/02/2008 18:00:00,        64.719689
08/02/2008 19:00:00,        51.424417
08/02/2008 20:00:00,        21.410127
08/02/2008 21:00:00,        13.928752
08/02/2008 22:00:00,        16.083506
08/02/2008 23:00:00,        23.688517
08/03/2008 00:00:00,        39.854773
08/03/2008 01:00:00,        16.794562
08/03/2008 02:00:00,        20.171580
08/03/2008 03:00:00,        43.696330
08/03/2008 04:00:00,        15.278546
08/03/2008 05:00:00,        34.622532
08/03/2008 06:00:00,        19.066522
08/03/2008 07:00:00,         9.088352
08/03/2008 08:00:00,        20.949029
08/03/2008 09:00:00,         4.256891
08/03/2008 10:00:00,         8.428152
08/03/2008 11:00:00,        27.110721
08/03/2008 12:00:00,        54.178418
08/03/2008 13:00:00,        76.220000
08/03/2008 14:00:00,        31.711915
08/03/2008 15:00:00,        10.388104
08/03/2008 16:00:00,         9.658895
08/03/2008 17:00:00,         9.585990
08/03/2008 18:00:00,        15.149127
08/03/2008 19:00:00,        17.710147
08/03/2008 20:00:00,        25.390623
08/03/2008 21:00:00,        20.768461
08/03/2008 22:00:00,        45.622636
08/03/2008 23:00:00,        79.844651
08/04/2008 00:00:00,        84.027067
08/04/2008 01:00:00,        66.343641
08/04/2008 02:00:00,        30.904758
08/04/2008 03:00:00,        20.437554
08/04/2008 04:00:00,        14.881574
08/04/2008 05:00:00,        14.132795
08/04/2008 06:00:00,         1.785067
08/04/2008 07:00:00,         0.514630
08/04/2008 08:00:00,         0.188074
08/04/2008 09:00:00,         0.005198
08/04/2008 10:00:00,         0.000347
08/04/2008 11:00:00,         0.387833
08/04/2008 12:00:00,        10.612636
08/04/2008 13:00:00,        17.363066
08/04/2008 14:00:00,        16.871709
08/04/2008 15:00:00,        15.451641
08/04/2008 16:00:00,         4.398878
08/04/2008 17:00:00,         0.283322
08/04/2008 18:00:00,         2.608631
08/04/2008 19:00:00,         0.723341
08/04/2008 20:00:00,         2.094106
08/04/2008 21:00:00,         1.527984
08/04/2008 22:00:00,         0.082107
08/04/2008 23:00:00,         0.346479
08/05/2008 00:00:00,         0.386101
08/05/2008 01:00:00,         1.520946
08/05/2008 02:00:00,         5.144558
08/05/2008 03:00:00,        22.563401
08/05/2008 04:00:00,        38.957253
08/05/2008 05:00:00,        89.623538
08/05/2008 06:00:00,       151.390480
08/05/2008 07:00:00,       162.595286
08/05/2008 08:00:00,       160.475170
08/05/2008 09:00:00,       164.443754
08/05/2008 10:00:00,       169.271532
08/05/2008 11:00:00,       191.914509
08/05/2008 12:00:00,       193.835422
08/05/2008 13:00:00,       146.974023
08/05/2008 14:00:00,       113.229640
08/05/2008 15:00:00,        71.011863
08/05/2008 16:00:00,         5.419520
08/05/2008 17:00:00,         0.000000
08/05/2008 18:00:00,         0.116225
08/05/2008 19:00:00,         1.063249
08/05/2008 20:00:00,         2.936027
08/05/2008 21:00:00,        14.498334
08/05/2008 22:00:00,        26.967194
08/05/2008 23:00:00,        48.981304
08/06/2008 00:00:00,        68.060638
08/06/2008 01:00:00,        25.840041
08/06/2008 02:00:00,         9.468782
08/06/2008 03:00:00,         3.607271
08/06/2008 04:00:00,         3.523073
08/06/2008 05:00:00,         0.753776
08/06/2008 06:00:00,         0.194295
08/06/2008 07:00:00,         0.019490
08/06/2008 08:00:00,         0.000000
08/06/2008 09:00:00,         0.023460
08/06/2008 10:00:00,         0.670534
08/06/2008 11:00:00,         6.362560
08/06/2008 12:00:00,        13.783756
08/06/2008 13:00:00,        35.557155
08/06/2008 14:00:00,        81.990143
08/06/2008 15:00:00,        89.435671
08/06/2008 16:00:00,        60.937717
08/06/2008 17:00:00,        76.302420
08/06/2008 18:00:00,        94.918495
08/06/2008 19:00:00,       123.619041
08/06/2008 20:00:00,       147.356365
08/06/2008 21:00:00,       160.507177
08/06/2008 22:00:00,       174.101853
08/06/2008 23:00:00,       178.799513
08/07/2008 00:00:00,       189.306036
08/07/2008 01:00:00,       226.594144
08/07/2008 02:00:00,       253.665961
08/07/2008 03:00:00,       267.625115
08/07/2008 04:00:00,       269.270323
08/07/2008 05:00:00,       275.310554
08/07/2008 06:00:00,       310.603780
08/07/2008 07:00:00,       312.298992
08/07/2008 08:00:00,       290.931771
08/07/2008 09:00:00,       246.226630
08/07/2008 10:00:00,       204.403567
08/07/2008 11:00:00,       154.126411
08/07/2008 12:00:00,       101.137002
08/07/2008 13:00:00,        85.460452
08/07/2008 14:00:00,        65.564577
08/07/2008 15:00:00,        26.764349
08/07/2008 16:00:00,        13.843397
08/07/2008 17:00:00,         5.052641
08/07/2008 18:00:00,         0.099770
08/07/2008 19:00:00,         0.000000
08/07/2008 20:00:00,         0.000000
08/07/2008 21:00:00,         0.000000
08/07/2008 22:00:00,         0.000000
08/07/2008 23:00:00,         0.122979
08/08/2008 00:00:00,         1.225935
08/08/2008 01:00:00,         5.110548
08/08/2008 02:00:00,        17.011194
08/08/2008 03:00:00,        47.631514
08/08/2008 04:00:00,        78.270666
08/08/2008 05:00:00,       106.170019
08/08/2008 06:00:00,       108.057941
08/08/2008 07:00:00,       111.260378
08/08/2008 08:00:00,       101.518419
08/08/2008 09:00:00,        84.354609
08/08/2008 10:00:00,        56.962887
08/08/2008 11:00:00,        57.367681
08/08/2008 12:00:00,        61.560846
08/08/2008 13:00:00,        60.083305
08/08/2008 14:00:00,        46.543548
08/08/2008 15:00:00,        44.135979
08/08/2008 16:00:00,        13.554632
08/08/2008 17:00:00,         0.283136
08/08/2008 18:00:00,         0.362174
08/08/2008 19:00:00,         0.000000
08/08/2008 20:00:00,         0.000000
08/08/2008 21:00:00,         0.284823
08/08/2008 22:00:00,         4.912513
08/08/2008 23:00:00,        21.621721
08/09/2008 00:00:00,        60.184344
08/09/2008 01:00:00,        83.841405
08/09/2008 02:00:00,       109.213706
08/09/2008 03:00:00,       136.815662
08/09/2008 04:00:00,       164.545702
08/09/2008 05:00:00,       177.267434
08/09/2008 06:00:00,       199.709258
08/09/2008 07:00:00,       176.925270
08/09/2008 08:00:00,        87.048725
08/09/2008 09:00:00,        73.863604
08/09/2008 10:00:00,        70.262233
08/09/2008 11:00:00,        67.735131
08/09/2008 12:00:00,       132.661046
08/09/2008 13:00:00,       132.051263
08/09/2008 14:00:00,       110.482912
08/09/2008 15:00:00,       102.734788
08/09/2008 16:00:00,       114.604393
08/09/2008 17:00:00,       121.548976
08/09/2008 18:00:00,        95.609611
08/09/2008 19:00:00,        90.952167
08/09/2008 20:00:00,        78.820960
08/09/2008 21:00:00,        62.000739
08/09/2008 22:00:00,       176.592871
08/09/2008 23:00:00,       118.984809
08/10/2008 00:00:00,        22.223866
08/10/2008 01:00:00,       234.660397
08/10/2008 02:00:00,       112.773980
08/10/2008 03:00:00,       193.570268
08/10/2008 04:00:00,       236.630567
08/10/2008 05:00:00,       261.925696
08/10/2008 06:00:00,       225.462942
08/10/2008 07:00:00,       161.874122
08/10/2008 08:00:00,        64.289609
08/10/2008 09:00:00,        39.323833
08/10/2008 10:00:00,        49.196223
08/10/2008 11:00:00,        61.904098
08/10/2008 12:00:00,        79.003373
08/10/2008 13:00:00,       157.916360
08/10/2008 14:00:00,       209.043699
08/10/2008 15:00:00,        98.268777
08/10/2008 16:00:00,        49.238744
08/10/2008 17:00:00,        96.587532
08/10/2008 18:00:00,        80.885792
08/10/2008 19:00:00,        38.280652
08/10/2008 20:00:00,        57.033943
08/10/2008 21:00:00,        95.659538
08/10/2008 22:00:00,       205.171283
08/10/2008 23:00:00,       227.794096
08/11/2008 00:00:00,       151.447453
08/11/2008 01:00:00,       221.293916
08/11/2008 02:00:00,       268.776667
08/11/2008 03:00:00,       282.527503
08/11/2008 04:00:00,       307.931593
08/11/2008 05:00:00,       332.997124
08/11/2008 06:00:00,       311.791423
08/11/2008 07:00:00,       279.298815
08/11/2008 08:00:00,       293.564547
08/11/2008 09:00:00,       279.686929
08/11/2008 10:00:00,       266.162989
08/11/2008 11:00:00,       295.519442
08/11/2008 12:00:00,       320.981143
08/11/2008 13:00:00,       322.352348
08/11/2008 14:00:00,       298.554778
08/11/2008 15:00:00,       190.287809
08/11/2008 16:00:00,       124.971732
08/11/2008 17:00:00,       233.931894
08/11/2008 18:00:00,       257.402680
08/11/2008 19:00:00,       223.942066
08/11/2008 20:00:00,       181.741471
08/11/2008 21:00:00,       158.482652
08/11/2008 22:00:00,       129.843361
08/11/2008 23:00:00,        93.859195
08/12/2008 00:00:00,        64.287196
08/12/2008 01:00:00,        69.928733
08/12/2008 02:00:00,       122.734797
08/12/2008 03:00:00,       188.448552
08/12/2008 04:00:00,       240.162605
08/12/2008 05:00:00,       273.438919
08/12/2008 06:00:00,       301.180533
08/12/2008 07:00:00,       270.884221
08/12/2008 08:00:00,       190.925954
08/12/2008 09:00:00,       165.516967
08/12/2008 10:00:00,       112.683070
08/12/2008 11:00:00,        73.068107
08/12/2008 12:00:00,        55.764485
08/12/2008 13:00:00,        40.303396
08/12/2008 14:00:00,        35.939361
08/12/2008 15:00:00,        17.277425
08/12/2008 16:00:00,         0.417233
08/12/2008 17:00:00,         0.290861
08/12/2008 18:00:00,         8.823466
08/12/2008 19:00:00,        10.781864
08/12/2008 20:00:00,        16.641671
08/12/2008 21:00:00,        36.825649
08/12/2008 22:00:00,       133.265144
08/12/2008 23:00:00,       138.845974
08/13/2008 00:00:00,       117.635629
08/13/2008 01:00:00,       133.781341
08/13/2008 02:00:00,       190.022478
08/13/2008 03:00:00,       241.263064
08/13/2008 04:00:00,       280.872297
08/13/2008 05:00:00,       311.918885
08/13/2008 06:00:00,       331.642107
08/13/2008 07:00:00,       316.189997
08/13/2008 08:00:00,       292.768511
08/13/2008 09:00:00,       276.888908
08/13/2008 10:00:00,       262.150666
08/13/2008 11:00:00,       228.088873
08/13/2008 12:00:00,       153.304181
08/13/2008 13:00:00,       105.611037
08/13/2008 14:00:00,        89.373502
08/13/2008 15:00:00,        62.673289
08/13/2008 16:00:00,        16.828815
08/13/2008 17:00:00,         1.841888
08/13/2008 18:00:00,        10.332664
08/13/2008 19:00:00,        15.174466
08/13/2008 20:00:00,         7.672609
08/13/2008 21:00:00,         1.829205
08/13/2008 22:00:00,         0.708817
08/13/2008 23:00:00,         1.268537
08/14/2008 00:00:00,         5.801477
08/14/2008 01:00:00,        33.600065
08/14/2008 02:00:00,        29.810799
08/14/2008 03:00:00,        22.883896
08/14/2008 04:00:00,        17.487514
08/14/2008 05:00:00,        24.547473
08/14/2008 06:00:00,        30.933485
08/14/2008 07:00:00,        58.123226
08/14/2008 08:00:00,        41.156413
08/14/2008 09:00:00,         3.571663
08/14/2008 10:00:00,         3.170793
08/14/2008 11:00:00,         0.065981
08/14/2008 12:00:00,        12.691475
08/14/2008 13:00:00,        46.328102
08/14/2008 14:00:00,        51.826309
08/14/2008 15:00:00,        43.122848
08/14/2008 16:00:00,        21.532648
08/14/2008 17:00:00,        32.053437
08/14/2008 18:00:00,        68.516062
08/14/2008 19:00:00,        77.761199
08/14/2008 20:00:00,        42.985503
08/14/2008 21:00:00,        30.962349
08/14/2008 22:00:00,        58.435932
08/14/2008 23:00:00,        36.148301
08/15/2008 00:00:00,        50.302535
08/15/2008 01:00:00,        17.344096
08/15/2008 02:00:00,         9.727354
08/15/2008 03:00:00,         2.375106
08/15/2008 04:00:00,         0.431079
08/15/2008 05:00:00,         0.586135
08/15/2008 06:00:00,         0.573746
08/15/2008 07:00:00,         1.069973
08/15/2008 08:00:00,         2.193533
08/15/2008 09:00:00,         4.107949
08/15/2008 10:00:00,         3.479516
08/15/2008 11:00:00,         6.618629
08/15/2008 12:00:00,         7.107576
08/15/2008 13:00:00,         1.994992
08/15/2008 14:00:00,         1.344382
08/15/2008 15:00:00,         3.158049
08/15/2008 16:00:00,         5.966311
08/15/2008 17:00:00,         1.218959
08/15/2008 18:00:00,         0.843881
08/15/2008 19:00:00,         2.822399
08/15/2008 20:00:00,         8.909312
08/15/2008 21:00:00,        15.461545
08/15/2008 22:00:00,        18.623813
08/15/2008 23:00:00,        22.501079
08/16/2008 00:00:00,        22.569547
08/16/2008 01:00:00,        46.240137
08/16/2008 02:00:00,       101.543325
08/16/2008 03:00:00,       139.057883
08/16/2008 04:00:00,       172.400846
08/16/2008 05:00:00,       203.570239
08/16/2008 06:00:00,       239.022202
08/16/2008 07:00:00,       251.462922
08/16/2008 08:00:00,       254.784487
08/16/2008 09:00:00,       259.515290
08/16/2008 10:00:00,       220.830868
08/16/2008 11:00:00,       145.232857
08/16/2008 12:00:00,        65.755965
08/16/2008 13:00:00,         7.443215
08/16/2008 14:00:00,         5.273777
08/16/2008 15:00:00,        20.205408
08/16/2008 16:00:00,        21.589026
08/16/2008 17:00:00,         2.754329
08/16/2008 18:00:00,        15.165693
08/16/2008 19:00:00,        49.126746
08/16/2008 20:00:00,        41.382880
08/16/2008 21:00:00,        29.062439
08/16/2008 22:00:00,        33.262285
08/16/2008 23:00:00,        36.075138
08/17/2008 00:00:00,        39.412160
08/17/2008 01:00:00,        50.693819
08/17/2008 02:00:00,        18.615398
08/17/2008 03:00:00,        13.780769
08/17/2008 04:00:00,         2.142439
08/17/2008 05:00:00,        11.445549
08/17/2008 06:00:00,        14.375830
08/17/2008 07:00:00,         8.957056
08/17/2008 08:00:00,        15.896997
08/17/2008 09:00:00,        12.836861
08/17/2008 10:00:00,        14.931397
08/17/2008 11:00:00,        25.412525
08/17/2008 12:00:00,        27.056547
08/17/2008 13:00:00,        38.541033
08/17/2008 14:00:00,        42.020504
08/17/2008 15:00:00,       137.440339
08/17/2008 16:00:00,        32.372911
08/17/2008 17:00:00,        18.736809
08/17/2008 18:00:00,        42.707479
08/17/2008 19:00:00,        72.772079
08/17/2008 20:00:00,        90.771242
08/17/2008 21:00:00,        70.000337
08/17/2008 22:00:00,        57.511595
08/17/2008 23:00:00,        69.267578
08/18/2008 00:00:00,       127.987249
08/18/2008 01:00:00,       131.199649
08/18/2008 02:00:00,       217.986974
08/18/2008 03:00:00,       189.232654
08/18/2008 04:00:00,       244.652745
08/18/2008 05:00:00,       319.044013
08/18/2008 06:00:00,       326.206579
08/18/2008 07:00:00,       317.272116
08/18/2008 08:00:00,       320.503005
08/18/2008 09:00:00,       335.045972
08/18/2008 10:00:00,       337.103272
08/18/2008 11:00:00,       341.059434
08/18/2008 12:00:00,       335.648660
08/18/2008 13:00:00,       301.394977
08/18/2008 14:00:00,       257.888760
08/18/2008 15:00:00,       235.762566
08/18/2008 16:00:00,       177.166293
08/18/2008 17:00:00,       127.593476
08/18/2008 18:00:00,       120.761772
08/18/2008 19:00:00,       127.646011
08/18/2008 20:00:00,       137.131584
08/18/2008 21:00:00,       161.848766
08/18/2008 22:00:00,       173.369471
08/18/2008 23:00:00,        66.943523
08/19/2008 00:00:00,       112.587349
08/19/2008 01:00:00,       180.951883
08/19/2008 02:00:00,       220.409293
08/19/2008 03:00:00,       174.918419
08/19/2008 04:00:00,       152.128448
08/19/2008 05:00:00,       117.911362
08/19/2008 06:00:00,       124.790564
08/19/2008 07:00:00,        89.674367
08/19/2008 08:00:00,        99.839448
08/19/2008 09:00:00,        52.534310
08/19/2008 10:00:00,        51.435725
08/19/2008 11:00:00,       130.786010
08/19/2008 12:00:00,       287.480570
08/19/2008 13:00:00,       326.185128
08/19/2008 14:00:00,       301.719712
08/19/2008 15:00:00,       143.698558
08/19/2008 16:00:00,        14.048282
08/19/2008 17:00:00,        16.519031
08/19/2008 18:00:00,        17.720603
08/19/2008 19:00:00,        24.168301
08/19/2008 20:00:00,        71.743194
08/19/2008 21:00:00,       225.583856
08/19/2008 22:00:00,       129.351013
08/19/2008 23:00:00,       131.361110
08/20/2008 00:00:00,       304.130730
08/20/2008 01:00:00,       341.016662
08/20/2008 02:00:00,       309.275926
08/20/2008 03:00:00,       257.904083
08/20/2008 04:00:00,       240.060075
08/20/2008 05:00:00,       270.824861
08/20/2008 06:00:00,       281.588869
08/20/2008 07:00:00,       297.249712
08/20/2008 08:00:00,       274.472455
08/20/2008 09:00:00,       268.383636
08/20/2008 10:00:00,       215.783976
08/20/2008 11:00:00,       170.075342
08/20/2008 12:00:00,       161.162009
08/20/2008 13:00:00,       176.073210
08/20/2008 14:00:00,       179.809679
08/20/2008 15:00:00,       101.080905
08/20/2008 16:00:00,        96.098807
08/20/2008 17:00:00,       122.414587
08/20/2008 18:00:00,       128.368508
08/20/2008 19:00:00,       165.334068
08/20/2008 20:00:00,       190.173775
08/20/2008 21:00:00,       254.720645
08/20/2008 22:00:00,       260.905152
08/20/2008 23:00:00,       309.396303
08/21/2008 00:00:00,       311.930884
08/21/2008 01:00:00,       293.264356
08/21/2008 02:00:00,       301.850679
08/21/2008 03:00:00,       305.429976
08/21/2008 04:00:00,       322.885610
08/21/2008 05:00:00,       286.169720
08/21/2008 06:00:00,       242.612506
08/21/2008 07:00:00,       267.501554
08/21/2008 08:00:00,       269.182260
08/21/2008 09:00:00,       204.998726
08/21/2008 10:00:00,       194.042520
08/21/2008 11:00:00,       202.491699
08/21/2008 12:00:00,       226.461255
08/21/2008 13:00:00,       187.733485
08/21/2008 14:00:00,       187.602180
08/21/2008 15:00:00,       309.459439
08/21/2008 16:00:00,       321.368591
08/21/2008 17:00:00,       350.737623
08/21/2008 18:00:00,       347.081058
08/21/2008 19:00:00,       344.365188
08/21/2008 20:00:00,       349.248997
08/21/2008 21:00:00,       350.347878
08/21/2008 22:00:00,       350.688514
08/21/2008 23:00:00,       349.771735
08/22/2008 00:00:00,       351.363490
08/22/2008 01:00:00,       344.264334
08/22/2008 02:00:00,       343.001864
08/22/2008 03:00:00,       351.068676
08/22/2008 04:00:00,       343.183468
08/22/2008 05:00:00,       338.976316
08/22/2008 06:00:00,       264.313418
08/22/2008 07:00:00,       243.431674
08/22/2008 08:00:00,       223.418337
08/22/2008 09:00:00,       218.615254
08/22/2008 10:00:00,       156.233821
08/22/2008 11:00:00,       130.697496
08/22/2008 12:00:00,       117.036563
08/22/2008 13:00:00,        94.886498
08/22/2008 14:00:00,        47.584722
08/22/2008 15:00:00,        19.587748
08/22/2008 16:00:00,         6.973862
08/22/2008 17:00:00,         5.169305
08/22/2008 18:00:00,         3.209765
08/22/2008 19:00:00,         1.933628
08/22/2008 20:00:00,         2.115126
08/22/2008 21:00:00,         3.579681
08/22/2008 22:00:00,         0.868388
08/22/2008 23:00:00,         0.704859
08/23/2008 00:00:00,         3.118075
08/23/2008 01:00:00,        37.997811
08/23/2008 02:00:00,        94.321265
08/23/2008 03:00:00,       142.714836
08/23/2008 04:00:00,       143.791833
08/23/2008 05:00:00,       123.714660
08/23/2008 06:00:00,       113.190508
08/23/2008 07:00:00,        85.433550
08/23/2008 08:00:00,        71.717354
08/23/2008 09:00:00,        78.026546
08/23/2008 10:00:00,        70.279784
08/23/2008 11:00:00,        45.322738
08/23/2008 12:00:00,        25.871035
08/23/2008 13:00:00,        16.989751
08/23/2008 14:00:00,        11.603566
08/23/2008 15:00:00,         8.394442
08/23/2008 16:00:00,         2.403751
08/23/2008 17:00:00,         0.143890
08/23/2008 18:00:00,         0.000390
08/23/2008 19:00:00,         0.000955
08/23/2008 20:00:00,         0.000000
08/23/2008 21:00:00,         0.000000
08/23/2008 22:00:00,         0.000000
08/23/2008 23:00:00,         0.000000
08/24/2008 00:00:00,         0.009060
08/24/2008 01:00:00,         0.451199
08/24/2008 02:00:00,         1.450628
08/24/2008 03:00:00,        24.852753
08/24/2008 04:00:00,        87.690335
08/24/2008 05:00:00,        70.211274
08/24/2008 06:00:00,        71.118324
08/24/2008 07:00:00,        75.153669
08/24/2008 08:00:00,        60.994039
08/24/2008 09:00:00,        53.980845
08/24/2008 10:00:00,        61.136639
08/24/2008 11:00:00,        55.508141
08/24/2008 12:00:00,        76.700110
08/24/2008 13:00:00,       107.738672
08/24/2008 14:00:00,       127.927678
08/24/2008 15:00:00,       146.348801
08/24/2008 16:00:00,       109.338866
08/24/2008 17:00:00,        65.869132
08/24/2008 18:00:00,        83.230188
08/24/2008 19:00:00,       142.570472
08/24/2008 20:00:00,       132.451487
08/24/2008 21:00:00,       113.635986
08/24/2008 22:00:00,       147.385610
08/24/2008 23:00:00,       137.793674
08/25/2008 00:00:00,        99.535353
08/25/2008 01:00:00,       101.069466
08/25/2008 02:00:00,       121.532506
08/25/2008 03:00:00,       125.623792
08/25/2008 04:00:00,       149.117677
08/25/2008 05:00:00,       186.257238
08/25/2008 06:00:00,       188.176883
08/25/2008 07:00:00,       188.973983
08/25/2008 08:00:00,       128.580000
08/25/2008 09:00:00,       116.176623
08/25/2008 10:00:00,       136.763966
08/25/2008 11:00:00,       151.253460
08/25/2008 12:00:00,        87.509516
08/25/2008 13:00:00,        24.465413
08/25/2008 14:00:00,        11.348424
08/25/2008 15:00:00,         5.480716
08/25/2008 16:00:00,         0.934959
08/25/2008 17:00:00,         5.898599
08/25/2008 18:00:00,        11.090135
08/25/2008 19:00:00,        19.096089
08/25/2008 20:00:00,        22.774151
08/25/2008 21:00:00,        54.079851
08/25/2008 22:00:00,        88.020844
08/25/2008 23:00:00,       123.472858
08/26/2008 00:00:00,       258.342502
08/26/2008 01:00:00,       222.537042
08/26/2008 02:00:00,       164.880188
08/26/2008 03:00:00,       148.358292
08/26/2008 04:00:00,       172.976911
08/26/2008 05:00:00,        95.392703
08/26/2008 06:00:00,       206.006487
08/26/2008 07:00:00,       258.412631
08/26/2008 08:00:00,       125.271739
08/26/2008 09:00:00,        75.780609
08/26/2008 10:00:00,        90.815255
08/26/2008 11:00:00,        70.443943
08/26/2008 12:00:00,        70.478313
08/26/2008 13:00:00,       117.351668
08/26/2008 14:00:00,       130.669620
08/26/2008 15:00:00,        93.330468
08/26/2008 16:00:00,       143.433932
08/26/2008 17:00:00,       274.915445
08/26/2008 18:00:00,       221.186200
08/26/2008 19:00:00,       277.055786
08/26/2008 20:00:00,       262.862384
08/26/2008 21:00:00,       195.449163
08/26/2008 22:00:00,       199.401283
08/26/2008 23:00:00,       242.131213
08/27/2008 00:00:00,       227.168944
08/27/2008 01:00:00,       215.217697
08/27/2008 02:00:00,       255.041988
08/27/2008 03:00:00,       275.813885
08/27/2008 04:00:00,       243.111804
08/27/2008 05:00:00,       243.679499
08/27/2008 06:00:00,       159.426775
08/27/2008 07:00:00,        79.774564
08/27/2008 08:00:00,       122.464392
08/27/2008 09:00:00,       140.133237
08/27/2008 10:00:00,       125.281334
08/27/2008 11:00:00,        88.422105
08/27/2008 12:00:00,        58.172600
08/27/2008 13:00:00,        68.751289
08/27/2008 14:00:00,       173.255127
08/27/2008 15:00:00,       210.815233
08/27/2008 16:00:00,       179.800531
08/27/2008 17:00:00,       279.715903
08/27/2008 18:00:00,       349.796388
08/27/2008 19:00:00,       351.621339
08/27/2008 20:00:00,       351.803186
08/27/2008 21:00:00,       351.641616
08/27/2008 22:00:00,       351.354152
08/27/2008 23:00:00,       349.910315
08/28/2008 00:00:00,       346.344353
08/28/2008 01:00:00,       348.473207
08/28/2008 02:00:00,       347.000868
08/28/2008 03:00:00,       344.864326
08/28/2008 04:00:00,       336.570163
08/28/2008 05:00:00,       342.350396
08/28/2008 06:00:00,       338.159544
08/28/2008 07:00:00,       332.836856
08/28/2008 08:00:00,       322.973999
08/28/2008 09:00:00,       304.209378
08/28/2008 10:00:00,       217.373846
08/28/2008 11:00:00,       175.736517
08/28/2008 12:00:00,       195.447498
08/28/2008 13:00:00,       251.420129
08/28/2008 14:00:00,       262.445136
08/28/2008 15:00:00,       192.590376
08/28/2008 16:00:00,       175.354024
08/28/2008 17:00:00,       294.163077
08/28/2008 18:00:00,       345.973258
08/28/2008 19:00:00,       350.609757
08/28/2008 20:00:00,       351.618276
08/28/2008 21:00:00,       343.046058
08/28/2008 22:00:00,       341.340327
08/28/2008 23:00:00,       338.342660
08/29/2008 00:00:00,       312.249822
08/29/2008 01:00:00,       279.656172
08/29/2008 02:00:00,       273.446526
08/29/2008 03:00:00,       294.070681
08/29/2008 04:00:00,       271.056177
08/29/2008 05:00:00,       194.650675
08/29/2008 06:00:00,       216.892822
08/29/2008 07:00:00,       214.307420
08/29/2008 08:00:00,       251.148287
08/29/2008 09:00:00,       246.122127
08/29/2008 10:00:00,       254.461397
08/29/2008 11:00:00,       308.819073
08/29/2008 12:00:00,       332.013146
08/29/2008 13:00:00,       342.963419
08/29/2008 14:00:00,       345.344842
08/29/2008 15:00:00,       271.442444
08/29/2008 16:00:00,       138.758584
08/29/2008 17:00:00,       241.332314
08/29/2008 18:00:00,       239.607162
08/29/2008 19:00:00,       168.314210
08/29/2008 20:00:00,       186.752686
08/29/2008 21:00:00,       227.242773
08/29/2008 22:00:00,       265.609890
08/29/2008 23:00:00,       269.543256
08/30/2008 00:00:00,       272.794745
08/30/2008 01:00:00,       309.735044
08/30/2008 02:00:00,       301.806959
08/30/2008 03:00:00,       318.868002
08/30/2008 04:00:00,       328.309738
08/30/2008 05:00:00,       317.517114
08/30/2008 06:00:00,       296.302505
08/30/2008 07:00:00,       244.700315
08/30/2008 08:00:00,       168.481789
08/30/2008 09:00:00,       134.393508
08/30/2008 10:00:00,        90.338362
08/30/2008 11:00:00,        65.644855
08/30/2008 12:00:00,        72.155091
08/30/2008 13:00:00,        89.394427
08/30/2008 14:00:00,        70.964962
08/30/2008 15:00:00,        32.154183
08/30/2008 16:00:00,        18.591856
08/30/2008 17:00:00,        14.536497
08/30/2008 18:00:00,        25.809157
08/30/2008 19:00:00,        24.009014
08/30/2008 20:00:00,        15.573509
08/30/2008 21:00:00,         9.317337
08/30/2008 22:00:00,         8.165215
08/30/2008 23:00:00,        21.098478
08/31/2008 00:00:00,        40.635204
08/31/2008 01:00:00,        77.006969
08/31/2008 02:00:00,        93.646299
08/31/2008 03:00:00,        92.199860
08/31/2008 04:00:00,       101.732160
08/31/2008 05:00:00,       119.030290
08/31/2008 06:00:00,       132.529656
08/31/2008 07:00:00,       151.747386
08/31/2008 08:00:00,       135.189890
08/31/2008 09:00:00,        74.189829
08/31/2008 10:00:00,        42.965778
08/31/2008 11:00:00,        13.360618
08/31/2008 12:00:00,         8.731507
08/31/2008 13:00:00,         3.683263
08/31/2008 14:00:00,         5.365910
08/31/2008 15:00:00,         7.134933
08/31/2008 16:00:00,         1.280085
08/31/2008 17:00:00,         0.107164
08/31/2008 18:00:00,         0.268149
08/31/2008 19:00:00,         0.983538
08/31/2008 20:00:00,         1.445486
08/31/2008 21:00:00,         0.850692
08/31/2008 22:00:00,         1.289843
08/31/2008 23:00:00,         2.356605
09/01/2008 00:00:00,        18.765047
09/01/2008 01:00:00,        28.431484
09/01/2008 02:00:00,        25.055347
09/01/2008 03:00:00,        25.705520
09/01/2008 04:00:00,        22.600982
09/01/2008 05:00:00,        19.885508
09/01/2008 06:00:00,        15.477662
09/01/2008 07:00:00,         7.864972
09/01/2008 08:00:00,         9.734979
09/01/2008 09:00:00,        10.110986
09/01/2008 10:00:00,        17.248506
09/01/2008 11:00:00,        31.649647
09/01/2008 12:00:00,        29.380929
09/01/2008 13:00:00,        31.751445
09/01/2008 14:00:00,        30.989364
09/01/2008 15:00:00,        14.519649
09/01/2008 16:00:00,         5.406038
09/01/2008 17:00:00,         2.342860
09/01/2008 18:00:00,         2.655123
09/01/2008 19:00:00,         1.691504
09/01/2008 20:00:00,         1.650551
09/01/2008 21:00:00,         0.299790
09/01/2008 22:00:00,         0.134107
09/01/2008 23:00:00,         0.000000
09/02/2008 00:00:00,         0.000000
09/02/2008 01:00:00,         0.000000
09/02/2008 02:00:00,         0.000000
09/02/2008 03:00:00,         0.305120
09/02/2008 04:00:00,         2.574750
09/02/2008 05:00:00,        10.759882
09/02/2008 06:00:00,        15.291880
09/02/2008 07:00:00,        17.499732
09/02/2008 08:00:00,        15.596798
09/02/2008 09:00:00,        36.190462
09/02/2008 10:00:00,        70.171808
09/02/2008 11:00:00,        68.640782
09/02/2008 12:00:00,        75.266136
09/02/2008 13:00:00,        82.108544
09/02/2008 14:00:00,        77.406054
09/02/2008 15:00:00,        60.388508
09/02/2008 16:00:00,        33.545972
09/02/2008 17:00:00,        10.695332
09/02/2008 18:00:00,        15.066074
09/02/2008 19:00:00,        20.335699
09/02/2008 20:00:00,        16.468164
09/02/2008 21:00:00,        11.664778
09/02/2008 22:00:00,        18.666078
09/02/2008 23:00:00,         7.840591
09/03/2008 00:00:00,         1.609174
09/03/2008 01:00:00,         0.902028
09/03/2008 02:00:00,        25.441975
09/03/2008 03:00:00,        89.823020
09/03/2008 04:00:00,       117.438028
09/03/2008 05:00:00,        99.628520
09/03/2008 06:00:00,       118.144223
09/03/2008 07:00:00,        96.440952
09/03/2008 08:00:00,       101.875217
09/03/2008 09:00:00,       131.013068
09/03/2008 10:00:00,       143.847972
09/03/2008 11:00:00,       148.892588
09/03/2008 12:00:00,       131.137413
09/03/2008 13:00:00,        91.294356
09/03/2008 14:00:00,        70.248949
09/03/2008 15:00:00,        28.903232
09/03/2008 16:00:00,         8.647740
09/03/2008 17:00:00,         7.476971
09/03/2008 18:00:00,        48.698171
09/03/2008 19:00:00,        58.742575
09/03/2008 20:00:00,        48.265495
09/03/2008 21:00:00,        42.467786
09/03/2008 22:00:00,         8.492822
09/03/2008 23:00:00,         0.818800
09/04/2008 00:00:00,        12.834412
09/04/2008 01:00:00,        59.140890
09/04/2008 02:00:00,        60.959354
09/04/2008 03:00:00,        61.482926
09/04/2008 04:00:00,        75.498631
09/04/2008 05:00:00,        97.561061
09/04/2008 06:00:00,       131.302782
09/04/2008 07:00:00,       123.557156
09/04/2008 08:00:00,        85.102480
09/04/2008 09:00:00,        52.478149
09/04/2008 10:00:00,        42.119028
09/04/2008 11:00:00,        38.879868
09/04/2008 12:00:00,        60.081133
09/04/2008 13:00:00,        51.415159
09/04/2008 14:00:00,        28.443740
09/04/2008 15:00:00,        11.894984
09/04/2008 16:00:00,         2.454644
09/04/2008 17:00:00,        12.079872
09/04/2008 18:00:00,        23.420654
09/04/2008 19:00:00,        27.722757
09/04/2008 20:00:00,        39.575886
09/04/2008 21:00:00,        38.266594
09/04/2008 22:00:00,        30.523522
09/04/2008 23:00:00,        27.548376
09/05/2008 00:00:00,        20.226278
09/05/2008 01:00:00,         4.842700
09/05/2008 02:00:00,         0.177093
09/05/2008 03:00:00,         0.000000
09/05/2008 04:00:00,         0.000000
09/05/2008 05:00:00,         0.000000
09/05/2008 06:00:00,        33.416543
09/05/2008 07:00:00,        60.191179
09/05/2008 08:00:00,        45.917673
09/05/2008 09:00:00,        89.294796
09/05/2008 10:00:00,        80.062842
09/05/2008 11:00:00,       151.240371
09/05/2008 12:00:00,       221.607888
09/05/2008 13:00:00,       268.084360
09/05/2008 14:00:00,       186.332303
09/05/2008 15:00:00,       104.166517
09/05/2008 16:00:00,        32.923021
09/05/2008 17:00:00,         4.908685
09/05/2008 18:00:00,         1.832084
09/05/2008 19:00:00,        22.421928
09/05/2008 20:00:00,        25.664928
09/05/2008 21:00:00,        12.544185
09/05/2008 22:00:00,         7.440295
09/05/2008 23:00:00,         1.485445
09/06/2008 00:00:00,        23.045847
09/06/2008 01:00:00,        34.925727
09/06/2008 02:00:00,        32.233613
09/06/2008 03:00:00,        49.436230
09/06/2008 04:00:00,        53.608535
09/06/2008 05:00:00,        94.437800
09/06/2008 06:00:00,       153.213540
09/06/2008 07:00:00,       250.191408
09/06/2008 08:00:00,       191.410803
09/06/2008 09:00:00,       139.604240
09/06/2008 10:00:00,       111.508348
09/06/2008 11:00:00,        73.457979
09/06/2008 12:00:00,        50.843212
09/06/2008 13:00:00,        27.942568
09/06/2008 14:00:00,        13.033772
09/06/2008 15:00:00,         2.492607
09/06/2008 16:00:00,         1.653029
09/06/2008 17:00:00,         7.740160
09/06/2008 18:00:00,        10.384796
09/06/2008 19:00:00,         2.472242
09/06/2008 20:00:00,         1.839517
09/06/2008 21:00:00,         0.280449
09/06/2008 22:00:00,         1.045740
09/06/2008 23:00:00,         7.638001
09/07/2008 00:00:00,         1.496086
09/07/2008 01:00:00,         0.359307
09/07/2008 02:00:00,         0.615919
09/07/2008 03:00:00,         1.568866
09/07/2008 04:00:00,         1.109182
09/07/2008 05:00:00,         0.021104
09/07/2008 06:00:00,         9.200779
09/07/2008 07:00:00,         7.118202
09/07/2008 08:00:00,         0.000000
09/07/2008 09:00:00,         0.007202
09/07/2008 10:00:00,         0.046015
09/07/2008 11:00:00,         0.045163
09/07/2008 12:00:00,         0.046932
09/07/2008 13:00:00,         0.012022
09/07/2008 14:00:00,         0.144352
09/07/2008 15:00:00,         0.041066
09/07/2008 16:00:00,         0.105849
09/07/2008 17:00:00,         1.103586
09/07/2008 18:00:00,         1.837113
09/07/2008 19:00:00,         3.616185
09/07/2008 20:00:00,         2.360625
09/07/2008 21:00:00,         0.433064
09/07/2008 22:00:00,         0.136194
09/07/2008 23:00:00,         0.000000
09/08/2008 00:00:00,         0.027027
09/08/2008 01:00:00,         0.141413
09/08/2008 02:00:00,         0.557935
09/08/2008 03:00:00,         3.647842
09/08/2008 04:00:00,         5.051544
09/08/2008 05:00:00,        10.156567
09/08/2008 06:00:00,        27.645880
09/08/2008 07:00:00,        49.210533
09/08/2008 08:00:00,        68.296845
09/08/2008 09:00:00,        65.165281
09/08/2008 10:00:00,        46.139640
09/08/2008 11:00:00,        34.821569
09/08/2008 12:00:00,        35.584079
09/08/2008 13:00:00,        53.004772
09/08/2008 14:00:00,        42.485400
09/08/2008 15:00:00,        24.907694
09/08/2008 16:00:00,        25.580565
09/08/2008 17:00:00,         8.097852
09/08/2008 18:00:00,         1.607311
09/08/2008 19:00:00,         0.286778
09/08/2008 20:00:00,         0.261279
09/08/2008 21:00:00,         0.746546
09/08/2008 22:00:00,         7.639342
09/08/2008 23:00:00,         6.300553
09/09/2008 00:00:00,         0.769731
09/09/2008 01:00:00,         2.142827
09/09/2008 02:00:00,         4.552308
09/09/2008 03:00:00,        20.574892
09/09/2008 04:00:00,        60.146192
09/09/2008 05:00:00,        35.691951
09/09/2008 06:00:00,        33.856688
09/09/2008 07:00:00,        40.184261
09/09/2008 08:00:00,        55.921960
09/09/2008 09:00:00,        68.893602
09/09/2008 10:00:00,        54.724182
09/09/2008 11:00:00,        35.346906
09/09/2008 12:00:00,        19.530685
09/09/2008 13:00:00,        13.695818
09/09/2008 14:00:00,        10.548675
09/09/2008 15:00:00,         8.961823
09/09/2008 16:00:00,         9.453618
09/09/2008 17:00:00,         2.073512
09/09/2008 18:00:00,         8.830101
09/09/2008 19:00:00,         8.199139
09/09/2008 20:00:00,         2.871991
09/09/2008 21:00:00,         0.092420
09/09/2008 22:00:00,         0.000000
09/09/2008 23:00:00,         0.020225
09/10/2008 00:00:00,         0.030912
09/10/2008 01:00:00,         3.440955
09/10/2008 02:00:00,        50.153317
09/10/2008 03:00:00,        98.434114
09/10/2008 04:00:00,       104.412267
09/10/2008 05:00:00,        85.009691
09/10/2008 06:00:00,       157.878031
09/10/2008 07:00:00,       194.691434
09/10/2008 08:00:00,       158.541106
09/10/2008 09:00:00,       150.363281
09/10/2008 10:00:00,       129.748322
09/10/2008 11:00:00,       117.331268
09/10/2008 12:00:00,       154.033154
09/10/2008 13:00:00,       122.418124
09/10/2008 14:00:00,        86.923995
09/10/2008 15:00:00,        75.467998
09/10/2008 16:00:00,        79.532036
09/10/2008 17:00:00,        50.721168
09/10/2008 18:00:00,        74.404597
09/10/2008 19:00:00,        60.787924
09/10/2008 20:00:00,        64.854681
09/10/2008 21:00:00,        41.094999
09/10/2008 22:00:00,        30.806141
09/10/2008 23:00:00,        25.192822
09/11/2008 00:00:00,        15.704802
09/11/2008 01:00:00,         5.136880
09/11/2008 02:00:00,         3.839712
09/11/2008 03:00:00,         3.061571
09/11/2008 04:00:00,        15.460700
09/11/2008 05:00:00,        34.213202
09/11/2008 06:00:00,        34.579672
09/11/2008 07:00:00,        43.625136
09/11/2008 08:00:00,        72.702210
09/11/2008 09:00:00,       104.724685
09/11/2008 10:00:00,       112.468150
09/11/2008 11:00:00,       118.619417
09/11/2008 12:00:00,       109.664368
09/11/2008 13:00:00,        95.240152
09/11/2008 14:00:00,        99.249278
09/11/2008 15:00:00,       102.661345
09/11/2008 16:00:00,        73.083174
09/11/2008 17:00:00,        24.113372
09/11/2008 18:00:00,        11.094145
09/11/2008 19:00:00,        11.667939
09/11/2008 20:00:00,         9.776335
09/11/2008 21:00:00,         5.781929
09/11/2008 22:00:00,         4.543618
09/11/2008 23:00:00,         8.527589
09/12/2008 00:00:00,         2.047995
09/12/2008 01:00:00,        16.613284
09/12/2008 02:00:00,        69.467949
09/12/2008 03:00:00,       113.467370
09/12/2008 04:00:00,       127.369788
09/12/2008 05:00:00,       148.706727
09/12/2008 06:00:00,       189.033725
09/12/2008 07:00:00,       211.701979
09/12/2008 08:00:00,       213.961043
09/12/2008 09:00:00,       211.313415
09/12/2008 10:00:00,       191.892267
09/12/2008 11:00:00,       171.778639
09/12/2008 12:00:00,       164.442338
09/12/2008 13:00:00,       170.160398
09/12/2008 14:00:00,       181.311386
09/12/2008 15:00:00,       178.373417
09/12/2008 16:00:00,       117.402197
09/12/2008 17:00:00,        40.931980
09/12/2008 18:00:00,        23.777790
09/12/2008 19:00:00,        42.125576
09/12/2008 20:00:00,        25.975516
09/12/2008 21:00:00,        35.601344
09/12/2008 22:00:00,        42.802378
09/12/2008 23:00:00,       106.076126
09/13/2008 00:00:00,        99.599483
09/13/2008 01:00:00,        95.600947
09/13/2008 02:00:00,       144.854382
09/13/2008 03:00:00,       191.851219
09/13/2008 04:00:00,       112.504201
09/13/2008 05:00:00,       131.738013
09/13/2008 06:00:00,       148.755283
09/13/2008 07:00:00,       117.789523
09/13/2008 08:00:00,        77.356425
09/13/2008 09:00:00,        62.662869
09/13/2008 10:00:00,        62.909611
09/13/2008 11:00:00,        62.917475
09/13/2008 12:00:00,        53.524791
09/13/2008 13:00:00,        34.401601
09/13/2008 14:00:00,        21.825249
09/13/2008 15:00:00,        14.372734
09/13/2008 16:00:00,         4.107268
09/13/2008 17:00:00,         1.292729
09/13/2008 18:00:00,         1.054893
09/13/2008 19:00:00,         0.137217
09/13/2008 20:00:00,         0.206005
09/13/2008 21:00:00,         1.961143
09/13/2008 22:00:00,         7.722280
09/13/2008 23:00:00,        20.600437
09/14/2008 00:00:00,        34.764887
09/14/2008 01:00:00,        50.854830
09/14/2008 02:00:00,        74.983943
09/14/2008 03:00:00,       102.097469
09/14/2008 04:00:00,        86.854720
09/14/2008 05:00:00,        61.914196
09/14/2008 06:00:00,        97.586464
09/14/2008 07:00:00,       109.962547
09/14/2008 08:00:00,        70.121439
09/14/2008 09:00:00,        44.457965
09/14/2008 10:00:00,        42.084589
09/14/2008 11:00:00,        36.495103
09/14/2008 12:00:00,        24.863808
09/14/2008 13:00:00,        13.711801
09/14/2008 14:00:00,         8.554783
09/14/2008 15:00:00,         6.364572
09/14/2008 16:00:00,         2.804188
09/14/2008 17:00:00,         0.048973
09/14/2008 18:00:00,         0.000000
09/14/2008 19:00:00,         0.255425
09/14/2008 20:00:00,         0.736050
09/14/2008 21:00:00,         0.757927
09/14/2008 22:00:00,         0.490365
09/14/2008 23:00:00,         0.062622
09/15/2008 00:00:00,         0.002119
09/15/2008 01:00:00,         0.164175
09/15/2008 02:00:00,         9.894100
09/15/2008 03:00:00,       129.163595
09/15/2008 04:00:00,       152.059717
09/15/2008 05:00:00,        99.020236
09/15/2008 06:00:00,       101.910938
09/15/2008 07:00:00,        88.333250
09/15/2008 08:00:00,        70.081086
09/15/2008 09:00:00,        70.826429
09/15/2008 10:00:00,        65.657992
09/15/2008 11:00:00,        58.613499
09/15/2008 12:00:00,        52.879298
09/15/2008 13:00:00,        43.207148
09/15/2008 14:00:00,        43.253501
09/15/2008 15:00:00,        52.509048
09/15/2008 16:00:00,        71.928606
09/15/2008 17:00:00,        40.066612
09/15/2008 18:00:00,         5.730663
09/15/2008 19:00:00,         1.224959
09/15/2008 20:00:00,         2.854589
09/15/2008 21:00:00,         9.201593
09/15/2008 22:00:00,        10.677593
09/15/2008 23:00:00,         3.309332
09/16/2008 00:00:00,         0.605531
09/16/2008 01:00:00,         0.672686
09/16/2008 02:00:00,        11.447694
09/16/2008 03:00:00,        56.956223
09/16/2008 04:00:00,        94.369092
09/16/2008 05:00:00,       108.098659
09/16/2008 06:00:00,       119.050162
09/16/2008 07:00:00,       118.650139
09/16/2008 08:00:00,        89.031610
09/16/2008 09:00:00,        73.777290
09/16/2008 10:00:00,        62.610762
09/16/2008 11:00:00,        49.433276
09/16/2008 12:00:00,        33.337380
09/16/2008 13:00:00,        19.336655
09/16/2008 14:00:00,        21.941240
09/16/2008 15:00:00,        29.330758
09/16/2008 16:00:00,        31.591167
09/16/2008 17:00:00,        14.869098
09/16/2008 18:00:00,         1.047085
09/16/2008 19:00:00,         2.761804
09/16/2008 20:00:00,         5.175556
09/16/2008 21:00:00,         2.660445
09/16/2008 22:00:00,         2.321753
09/16/2008 23:00:00,         2.796216
09/17/2008 00:00:00,         3.760510
09/17/2008 01:00:00,         3.015526
09/17/2008 02:00:00,         1.471612
09/17/2008 03:00:00,         0.060073
09/17/2008 04:00:00,         0.016191
09/17/2008 05:00:00,         1.181356
09/17/2008 06:00:00,         8.213412
09/17/2008 07:00:00,        12.989132
09/17/2008 08:00:00,        11.610637
09/17/2008 09:00:00,        13.113859
09/17/2008 10:00:00,        12.210514
09/17/2008 11:00:00,        15.853235
09/17/2008 12:00:00,        20.856403
09/17/2008 13:00:00,        24.552451
09/17/2008 14:00:00,        33.439483
09/17/2008 15:00:00,        26.690204
09/17/2008 16:00:00,         5.700742
09/17/2008 17:00:00,         1.492827
09/17/2008 18:00:00,         4.631216
09/17/2008 19:00:00,         7.437431
09/17/2008 20:00:00,         2.712962
09/17/2008 21:00:00,         0.308374
09/17/2008 22:00:00,         0.101812
09/17/2008 23:00:00,         0.176329
09/18/2008 00:00:00,         0.044472
09/18/2008 01:00:00,         0.001163
09/18/2008 02:00:00,         0.032803
09/18/2008 03:00:00,         8.900771
09/18/2008 04:00:00,        50.819540
09/18/2008 05:00:00,        85.363135
09/18/2008 06:00:00,       131.955178
09/18/2008 07:00:00,       131.937280
09/18/2008 08:00:00,        90.469031
09/18/2008 09:00:00,        56.808134
09/18/2008 10:00:00,        31.821664
09/18/2008 11:00:00,        10.221985
09/18/2008 12:00:00,        11.360191
09/18/2008 13:00:00,         3.489111
09/18/2008 14:00:00,        25.368156
09/18/2008 15:00:00,        35.240929
09/18/2008 16:00:00,         7.160076
09/18/2008 17:00:00,         0.563042
09/18/2008 18:00:00,         0.361705
09/18/2008 19:00:00,         0.167400
09/18/2008 20:00:00,         0.227565
09/18/2008 21:00:00,         0.984887
09/18/2008 22:00:00,         0.386742
09/18/2008 23:00:00,         7.787546
09/19/2008 00:00:00,         9.190130
09/19/2008 01:00:00,        68.322147
09/19/2008 02:00:00,       107.671183
09/19/2008 03:00:00,        66.458926
09/19/2008 04:00:00,        74.851807
09/19/2008 05:00:00,       115.764349
09/19/2008 06:00:00,        87.678703
09/19/2008 07:00:00,        23.083602
09/19/2008 08:00:00,        22.386102
09/19/2008 09:00:00,        12.993969
09/19/2008 10:00:00,         7.326390
09/19/2008 11:00:00,        60.921398
09/19/2008 12:00:00,        53.551761
09/19/2008 13:00:00,        57.476051
09/19/2008 14:00:00,        47.551174
09/19/2008 15:00:00,        32.724307
09/19/2008 16:00:00,         4.038944
09/19/2008 17:00:00,         0.249250
09/19/2008 18:00:00,         0.124751
09/19/2008 19:00:00,         0.003399
09/19/2008 20:00:00,         0.089946
09/19/2008 21:00:00,         0.035363
09/19/2008 22:00:00,         0.139514
09/19/2008 23:00:00,         4.286325
09/20/2008 00:00:00,        23.763538
09/20/2008 01:00:00,        34.357061
09/20/2008 02:00:00,        34.962442
09/20/2008 03:00:00,        27.658571
09/20/2008 04:00:00,        12.251205
09/20/2008 05:00:00,         1.151891
09/20/2008 06:00:00,         0.800823
09/20/2008 07:00:00,         6.974082
09/20/2008 08:00:00,         9.317640
09/20/2008 09:00:00,        11.050703
09/20/2008 10:00:00,        15.792345
09/20/2008 11:00:00,        23.061173
09/20/2008 12:00:00,        16.460266
09/20/2008 13:00:00,         6.183162
09/20/2008 14:00:00,         7.720702
09/20/2008 15:00:00,         0.566924
09/20/2008 16:00:00,         0.023692
09/20/2008 17:00:00,         0.000000
09/20/2008 18:00:00,         0.311764
09/20/2008 19:00:00,         1.925114
09/20/2008 20:00:00,         3.077222
09/20/2008 21:00:00,         3.119365
09/20/2008 22:00:00,        15.955999
09/20/2008 23:00:00,        41.389554
09/21/2008 00:00:00,        69.568008
09/21/2008 01:00:00,       189.872043
09/21/2008 02:00:00,        96.110848
09/21/2008 03:00:00,        80.910208
09/21/2008 04:00:00,        95.507802
09/21/2008 05:00:00,        19.393325
09/21/2008 06:00:00,        25.476270
09/21/2008 07:00:00,         8.059504
09/21/2008 08:00:00,        32.499341
09/21/2008 09:00:00,        68.770255
09/21/2008 10:00:00,        77.953822
09/21/2008 11:00:00,       231.740701
09/21/2008 12:00:00,        92.061437
09/21/2008 13:00:00,       215.203501
09/21/2008 14:00:00,       215.594369
09/21/2008 15:00:00,        77.857123
09/21/2008 16:00:00,        51.661359
09/21/2008 17:00:00,        45.303941
09/21/2008 18:00:00,        88.890942
09/21/2008 19:00:00,        80.474478
09/21/2008 20:00:00,        16.108865
09/21/2008 21:00:00,       144.442761
09/21/2008 22:00:00,       296.515916
09/21/2008 23:00:00,       336.018364
09/22/2008 00:00:00,       342.446580
09/22/2008 01:00:00,       327.916716
09/22/2008 02:00:00,       335.213499
09/22/2008 03:00:00,       329.862102
09/22/2008 04:00:00,       305.597936
09/22/2008 05:00:00,       315.111342
09/22/2008 06:00:00,       314.893645
09/22/2008 07:00:00,       296.768489
09/22/2008 08:00:00,       228.579524
09/22/2008 09:00:00,       161.780570
09/22/2008 10:00:00,        90.616830
09/22/2008 11:00:00,        35.098963
09/22/2008 12:00:00,        48.648647
09/22/2008 13:00:00,        32.443131
09/22/2008 14:00:00,        12.880561
09/22/2008 15:00:00,        30.612812
09/22/2008 16:00:00,        27.638109
09/22/2008 17:00:00,       103.219627
09/22/2008 18:00:00,       172.839249
09/22/2008 19:00:00,       182.615113
09/22/2008 20:00:00,       241.782910
09/22/2008 21:00:00,       255.545534
09/22/2008 22:00:00,       214.371968
09/22/2008 23:00:00,       205.458291
09/23/2008 00:00:00,       155.780237
09/23/2008 01:00:00,       236.827991
09/23/2008 02:00:00,       228.959450
09/23/2008 03:00:00,       189.497210
09/23/2008 04:00:00,       249.876366
09/23/2008 05:00:00,       301.943133
09/23/2008 06:00:00,       266.686320
09/23/2008 07:00:00,       192.593347
09/23/2008 08:00:00,       178.722555
09/23/2008 09:00:00,       157.138470
09/23/2008 10:00:00,        77.224534
09/23/2008 11:00:00,       206.541198
09/23/2008 12:00:00,       272.361487
09/23/2008 13:00:00,       183.209585
09/23/2008 14:00:00,       129.531358
09/23/2008 15:00:00,        33.728375
09/23/2008 16:00:00,         1.936538
09/23/2008 17:00:00,         1.032501
09/23/2008 18:00:00,        20.891601
09/23/2008 19:00:00,       115.264613
09/23/2008 20:00:00,       121.780596
09/23/2008 21:00:00,       120.975158
09/23/2008 22:00:00,       129.727186
09/23/2008 23:00:00,       129.198231
09/24/2008 00:00:00,       100.595416
09/24/2008 01:00:00,        81.113256
09/24/2008 02:00:00,       111.585443
09/24/2008 03:00:00,        92.966327
09/24/2008 04:00:00,        65.308684
09/24/2008 05:00:00,        61.182760
09/24/2008 06:00:00,        53.361387
09/24/2008 07:00:00,        25.073810
09/24/2008 08:00:00,         3.848423
09/24/2008 09:00:00,         4.571888
09/24/2008 10:00:00,        30.747338
09/24/2008 11:00:00,        53.755514
09/24/2008 12:00:00,        56.815864
09/24/2008 13:00:00,       121.484455
09/24/2008 14:00:00,       191.753376
09/24/2008 15:00:00,       198.686314
09/24/2008 16:00:00,       133.614462
09/24/2008 17:00:00,        88.734606
09/24/2008 18:00:00,        84.197182
09/24/2008 19:00:00,        78.910176
09/24/2008 20:00:00,        68.842874
09/24/2008 21:00:00,        61.974658
09/24/2008 22:00:00,        52.294446
09/24/2008 23:00:00,        40.086004
09/25/2008 00:00:00,        34.005243
09/25/2008 01:00:00,        43.891043
09/25/2008 02:00:00,        75.831541
09/25/2008 03:00:00,        97.343768
09/25/2008 04:00:00,       115.243656
09/25/2008 05:00:00,       220.389782
09/25/2008 06:00:00,       306.393835
09/25/2008 07:00:00,       275.222707
09/25/2008 08:00:00,       250.418293
09/25/2008 09:00:00,       241.624408
09/25/2008 10:00:00,       212.726947
09/25/2008 11:00:00,       107.226496
09/25/2008 12:00:00,       118.029679
09/25/2008 13:00:00,        78.388425
09/25/2008 14:00:00,        88.089837
09/25/2008 15:00:00,       103.473940
09/25/2008 16:00:00,        75.783967
09/25/2008 17:00:00,        30.376830
09/25/2008 18:00:00,        39.809463
09/25/2008 19:00:00,       130.113317
09/25/2008 20:00:00,       101.653376
09/25/2008 21:00:00,       143.599184
09/25/2008 22:00:00,        80.069512
09/25/2008 23:00:00,       123.833516
09/26/2008 00:00:00,       137.719337
09/26/2008 01:00:00,       145.784330
09/26/2008 02:00:00,       198.399160
09/26/2008 03:00:00,       284.247179
09/26/2008 04:00:00,       243.945251
09/26/2008 05:00:00,       254.752728
09/26/2008 06:00:00,       217.531259
09/26/2008 07:00:00,       215.532430
09/26/2008 08:00:00,       259.937132
09/26/2008 09:00:00,       279.350938
09/26/2008 10:00:00,       217.113510
09/26/2008 11:00:00,       157.248095
09/26/2008 12:00:00,       126.766880
09/26/2008 13:00:00,       100.737301
09/26/2008 14:00:00,        72.527722
09/26/2008 15:00:00,        52.900219
09/26/2008 16:00:00,        19.240821
09/26/2008 17:00:00,         1.673799
09/26/2008 18:00:00,         0.811450
09/26/2008 19:00:00,         1.013273
09/26/2008 20:00:00,         0.078556
09/26/2008 21:00:00,         0.006884
09/26/2008 22:00:00,         1.361498
09/26/2008 23:00:00,        13.586756
09/27/2008 00:00:00,        20.317255
09/27/2008 01:00:00,        35.240001
09/27/2008 02:00:00,        68.004965
09/27/2008 03:00:00,       100.424462
09/27/2008 04:00:00,       103.422302
09/27/2008 05:00:00,       118.298464
09/27/2008 06:00:00,       162.378930
09/27/2008 07:00:00,       186.302797
09/27/2008 08:00:00,       216.813033
09/27/2008 09:00:00,       235.158364
09/27/2008 10:00:00,       240.842271
09/27/2008 11:00:00,       256.857040
09/27/2008 12:00:00,       320.723293
09/27/2008 13:00:00,       347.035345
09/27/2008 14:00:00,       341.141848
09/27/2008 15:00:00,       318.750324
09/27/2008 16:00:00,       232.352457
09/27/2008 17:00:00,       107.565804
09/27/2008 18:00:00,        74.719611
09/27/2008 19:00:00,       136.240445
09/27/2008 20:00:00,       170.625641
09/27/2008 21:00:00,       182.327279
09/27/2008 22:00:00,       160.767345
09/27/2008 23:00:00,       152.012023
09/28/2008 00:00:00,       153.490557
09/28/2008 01:00:00,       178.267351
09/28/2008 02:00:00,       161.433919
09/28/2008 03:00:00,       151.072383
09/28/2008 04:00:00,       147.881442
09/28/2008 05:00:00,       168.034041
09/28/2008 06:00:00,       127.647366
09/28/2008 07:00:00,        97.183551
09/28/2008 08:00:00,        60.070752
09/28/2008 09:00:00,        39.695268
09/28/2008 10:00:00,         7.731703
09/28/2008 11:00:00,         0.211110
09/28/2008 12:00:00,         0.525778
09/28/2008 13:00:00,         6.656076
09/28/2008 14:00:00,        25.325909
09/28/2008 15:00:00,        25.670518
09/28/2008 16:00:00,        15.515155
09/28/2008 17:00:00,         3.097111
09/28/2008 18:00:00,         1.733767
09/28/2008 19:00:00,         2.948575
09/28/2008 20:00:00,         3.735671
09/28/2008 21:00:00,         1.820858
09/28/2008 22:00:00,         1.381096
09/28/2008 23:00:00,         6.170108
09/29/2008 00:00:00,         9.849086
09/29/2008 01:00:00,        10.032299
09/29/2008 02:00:00,         9.028973
09/29/2008 03:00:00,        47.288728
09/29/2008 04:00:00,        53.759199
09/29/2008 05:00:00,        28.543323
09/29/2008 06:00:00,        13.573762
09/29/2008 07:00:00,         7.135295
09/29/2008 08:00:00,         2.235855
09/29/2008 09:00:00,         0.285896
09/29/2008 10:00:00,         0.447957
09/29/2008 11:00:00,         2.862861
09/29/2008 12:00:00,        13.162637
09/29/2008 13:00:00,        19.099830
09/29/2008 14:00:00,         4.379885
09/29/2008 15:00:00,         0.102361
09/29/2008 16:00:00,         0.000000
09/29/2008 17:00:00,         0.000000
09/29/2008 18:00:00,         0.000000
09/29/2008 19:00:00,         0.000000
09/29/2008 20:00:00,         0.000000
09/29/2008 21:00:00,         0.001689
09/29/2008 22:00:00,         0.484220
09/29/2008 23:00:00,         2.587144
09/30/2008 00:00:00,        19.105627
09/30/2008 01:00:00,        52.625680
09/30/2008 02:00:00,        81.983488
09/30/2008 03:00:00,       101.763671
09/30/2008 04:00:00,       113.003515
09/30/2008 05:00:00,        92.975060
09/30/2008 06:00:00,        66.181177
09/30/2008 07:00:00,        46.396300
09/30/2008 08:00:00,        43.053670
09/30/2008 09:00:00,        46.143003
09/30/2008 10:00:00,        50.402616
09/30/2008 11:00:00,        65.452889
09/30/2008 12:00:00,       104.290202
09/30/2008 13:00:00,       118.327402
09/30/2008 14:00:00,       120.869190
09/30/2008 15:00:00,        96.089443
09/30/2008 16:00:00,        53.637488
09/30/2008 17:00:00,        23.044235
09/30/2008 18:00:00,        17.721282
09/30/2008 19:00:00,        30.274226
09/30/2008 20:00:00,        33.091665
09/30/2008 21:00:00,        25.155378
09/30/2008 22:00:00,        19.075258
09/30/2008 23:00:00,        18.084546
10/01/2008 00:00:00,        28.258681
10/01/2008 01:00:00,        51.725686
10/01/2008 02:00:00,        83.515731
10/01/2008 03:00:00,       102.257067
10/01/2008 04:00:00,       114.686350
10/01/2008 05:00:00,        99.389869
10/01/2008 06:00:00,        70.121181
10/01/2008 07:00:00,        37.890309
10/01/2008 08:00:00,        19.882795
10/01/2008 09:00:00,        20.001118
10/01/2008 10:00:00,        25.960667
10/01/2008 11:00:00,        20.685238
10/01/2008 12:00:00,        12.021724
10/01/2008 13:00:00,        12.031085
10/01/2008 14:00:00,        15.751664
10/01/2008 15:00:00,         7.680441
10/01/2008 16:00:00,         1.666862
10/01/2008 17:00:00,         0.855608
10/01/2008 18:00:00,         0.413275
10/01/2008 19:00:00,         1.243166
10/01/2008 20:00:00,         4.105597
10/01/2008 21:00:00,         7.958269
10/01/2008 22:00:00,         4.318671
10/01/2008 23:00:00,         3.238246
10/02/2008 00:00:00,         2.578668
10/02/2008 01:00:00,         0.164474
10/02/2008 02:00:00,         0.000000
10/02/2008 03:00:00,         0.000000
10/02/2008 04:00:00,         0.335364
10/02/2008 05:00:00,         0.553289
10/02/2008 06:00:00,         0.973983
10/02/2008 07:00:00,         0.813085
10/02/2008 08:00:00,         0.499376
10/02/2008 09:00:00,         0.084539
10/02/2008 10:00:00,         0.000000
10/02/2008 11:00:00,         0.000000
10/02/2008 12:00:00,         0.000000
10/02/2008 13:00:00,         0.000000
10/02/2008 14:00:00,         0.000000
10/02/2008 15:00:00,         0.000875
10/02/2008 16:00:00,         0.677107
10/02/2008 17:00:00,         7.241856
10/02/2008 18:00:00,         2.849703
10/02/2008 19:00:00,         8.755464
10/02/2008 20:00:00,        14.512550
10/02/2008 21:00:00,        39.023161
10/02/2008 22:00:00,        27.321880
10/02/2008 23:00:00,        20.810641
10/03/2008 00:00:00,        22.557597
10/03/2008 01:00:00,        21.857982
10/03/2008 02:00:00,         8.802052
10/03/2008 03:00:00,        15.052770
10/03/2008 04:00:00,        97.691916
10/03/2008 05:00:00,       176.538464
10/03/2008 06:00:00,       277.602646
10/03/2008 07:00:00,       286.504997
10/03/2008 08:00:00,       240.404587
10/03/2008 09:00:00,       285.436212
10/03/2008 10:00:00,       229.807064
10/03/2008 11:00:00,       213.850508
10/03/2008 12:00:00,       224.028219
10/03/2008 13:00:00,       244.284003
10/03/2008 14:00:00,       125.668879
10/03/2008 15:00:00,       162.967590
10/03/2008 16:00:00,        81.230196
10/03/2008 17:00:00,        10.999215
10/03/2008 18:00:00,         3.611620
10/03/2008 19:00:00,        41.615883
10/03/2008 20:00:00,        72.791427
10/03/2008 21:00:00,        56.325602
10/03/2008 22:00:00,        44.849801
10/03/2008 23:00:00,        25.426257
10/04/2008 00:00:00,        44.522993
10/04/2008 01:00:00,        59.955873
10/04/2008 02:00:00,        57.401592
10/04/2008 03:00:00,       123.446001
10/04/2008 04:00:00,       134.515679
10/04/2008 05:00:00,        48.788993
10/04/2008 06:00:00,        38.477961
10/04/2008 07:00:00,        51.861596
10/04/2008 08:00:00,        69.297388
10/04/2008 09:00:00,        23.211162
10/04/2008 10:00:00,        50.585468
10/04/2008 11:00:00,       129.866894
10/04/2008 12:00:00,       127.245634
10/04/2008 13:00:00,        97.157459
10/04/2008 14:00:00,        50.012198
10/04/2008 15:00:00,        19.029016
10/04/2008 16:00:00,         6.291943
10/04/2008 17:00:00,        11.951412
10/04/2008 18:00:00,        14.126745
10/04/2008 19:00:00,        35.235648
10/04/2008 20:00:00,        22.702446
10/04/2008 21:00:00,        26.094765
10/04/2008 22:00:00,        26.389556
10/04/2008 23:00:00,        14.936737
10/05/2008 00:00:00,        42.214308
10/05/2008 01:00:00,        99.661448
10/05/2008 02:00:00,       114.293432
10/05/2008 03:00:00,       106.139861
10/05/2008 04:00:00,       150.717162
10/05/2008 05:00:00,       214.160534
10/05/2008 06:00:00,       276.539793
10/05/2008 07:00:00,       242.927932
10/05/2008 08:00:00,       180.785635
10/05/2008 09:00:00,       205.131107
10/05/2008 10:00:00,       218.351690
10/05/2008 11:00:00,       227.930807
10/05/2008 12:00:00,       250.513604
10/05/2008 13:00:00,       244.550095
10/05/2008 14:00:00,       267.547633
10/05/2008 15:00:00,       239.170243
10/05/2008 16:00:00,       257.708365
10/05/2008 17:00:00,       343.921873
10/05/2008 18:00:00,       351.274875
10/05/2008 19:00:00,       350.679622
10/05/2008 20:00:00,       351.261683
10/05/2008 21:00:00,       349.679307
10/05/2008 22:00:00,       349.706501
10/05/2008 23:00:00,       351.648479
10/06/2008 00:00:00,       351.806092
10/06/2008 01:00:00,       351.745137
10/06/2008 02:00:00,       351.107824
10/06/2008 03:00:00,       351.522967
10/06/2008 04:00:00,       349.661446
10/06/2008 05:00:00,       348.083665
10/06/2008 06:00:00,       349.722127
10/06/2008 07:00:00,       349.214036
10/06/2008 08:00:00,       346.547103
10/06/2008 09:00:00,       339.201534
10/06/2008 10:00:00,       319.148123
10/06/2008 11:00:00,       300.060816
10/06/2008 12:00:00,       258.251546
10/06/2008 13:00:00,       213.957413
10/06/2008 14:00:00,       208.587410
10/06/2008 15:00:00,       149.939558
10/06/2008 16:00:00,        53.326337
10/06/2008 17:00:00,        12.498691
10/06/2008 18:00:00,        31.485290
10/06/2008 19:00:00,       102.066476
10/06/2008 20:00:00,       124.727066
10/06/2008 21:00:00,       125.983452
10/06/2008 22:00:00,       127.916705
10/06/2008 23:00:00,       134.119574
10/07/2008 00:00:00,       100.695038
10/07/2008 01:00:00,        75.457998
10/07/2008 02:00:00,       101.057345
10/07/2008 03:00:00,       125.006523
10/07/2008 04:00:00,       188.301969
10/07/2008 05:00:00,       201.861019
10/07/2008 06:00:00,       235.664796
10/07/2008 07:00:00,       289.644042
10/07/2008 08:00:00,       329.342695
10/07/2008 09:00:00,       259.718459
10/07/2008 10:00:00,       238.345092
10/07/2008 11:00:00,       211.687983
10/07/2008 12:00:00,       278.484893
10/07/2008 13:00:00,       338.699742
10/07/2008 14:00:00,       343.016629
10/07/2008 15:00:00,       346.643231
10/07/2008 16:00:00,       332.072424
10/07/2008 17:00:00,       338.057988
10/07/2008 18:00:00,       350.648497
10/07/2008 19:00:00,       351.988767
10/07/2008 20:00:00,       351.985735
10/07/2008 21:00:00,       351.974504
10/07/2008 22:00:00,       351.976751
10/07/2008 23:00:00,       351.979465
10/08/2008 00:00:00,       351.997176
10/08/2008 01:00:00,       351.958996
10/08/2008 02:00:00,       351.728030
10/08/2008 03:00:00,       350.561007
10/08/2008 04:00:00,       345.246416
10/08/2008 05:00:00,       349.803088
10/08/2008 06:00:00,       350.782177
10/08/2008 07:00:00,       348.541250
10/08/2008 08:00:00,       346.897089
10/08/2008 09:00:00,       344.058599
10/08/2008 10:00:00,       336.458917
10/08/2008 11:00:00,       319.617216
10/08/2008 12:00:00,       322.486389
10/08/2008 13:00:00,       306.375413
10/08/2008 14:00:00,       273.607907
10/08/2008 15:00:00,       253.296121
10/08/2008 16:00:00,       147.086359
10/08/2008 17:00:00,       101.566138
10/08/2008 18:00:00,       200.180967
10/08/2008 19:00:00,       238.148178
10/08/2008 20:00:00,       294.586303
10/08/2008 21:00:00,       299.741991
10/08/2008 22:00:00,       233.282188
10/08/2008 23:00:00,       237.777827
10/09/2008 00:00:00,       196.888251
10/09/2008 01:00:00,       197.676189
10/09/2008 02:00:00,       167.742929
10/09/2008 03:00:00,       165.497848
10/09/2008 04:00:00,       161.172197
10/09/2008 05:00:00,       173.653900
10/09/2008 06:00:00,       151.719548
10/09/2008 07:00:00,       106.250597
10/09/2008 08:00:00,        63.094500
10/09/2008 09:00:00,        72.873724
10/09/2008 10:00:00,        85.045461
10/09/2008 11:00:00,        63.615392
10/09/2008 12:00:00,        42.961872
10/09/2008 13:00:00,        28.158392
10/09/2008 14:00:00,         9.718348
10/09/2008 15:00:00,        12.547415
10/09/2008 16:00:00,         3.842391
10/09/2008 17:00:00,         2.019676
10/09/2008 18:00:00,         0.757012
10/09/2008 19:00:00,         1.437003
10/09/2008 20:00:00,         2.192442
10/09/2008 21:00:00,         0.190530
10/09/2008 22:00:00,         0.007000
10/09/2008 23:00:00,         0.003668
10/10/2008 00:00:00,         0.059498
10/10/2008 01:00:00,         3.139838
10/10/2008 02:00:00,        13.344179
10/10/2008 03:00:00,        11.137049
10/10/2008 04:00:00,        14.091269
10/10/2008 05:00:00,        16.112757
10/10/2008 06:00:00,        16.305259
10/10/2008 07:00:00,        13.578317
10/10/2008 08:00:00,         9.796140
10/10/2008 09:00:00,         8.515194
10/10/2008 10:00:00,        17.975537
10/10/2008 11:00:00,        23.173905
10/10/2008 12:00:00,        24.865455
10/10/2008 13:00:00,        24.594788
10/10/2008 14:00:00,        27.449133
10/10/2008 15:00:00,        51.306639
10/10/2008 16:00:00,        43.235111
10/10/2008 17:00:00,        30.498352
10/10/2008 18:00:00,        62.486901
10/10/2008 19:00:00,        77.486882
10/10/2008 20:00:00,        68.875081
10/10/2008 21:00:00,        67.721785
10/10/2008 22:00:00,       113.213220
10/10/2008 23:00:00,       121.095885
10/11/2008 00:00:00,        62.314364
10/11/2008 01:00:00,        20.202621
10/11/2008 02:00:00,        23.786322
10/11/2008 03:00:00,        39.485588
10/11/2008 04:00:00,        30.674529
10/11/2008 05:00:00,        33.227401
10/11/2008 06:00:00,        41.100526
10/11/2008 07:00:00,        53.959112
10/11/2008 08:00:00,         2.807288
10/11/2008 09:00:00,         0.000000
10/11/2008 10:00:00,         0.619003
10/11/2008 11:00:00,         0.000000
10/11/2008 12:00:00,         0.000000
10/11/2008 13:00:00,         0.000000
10/11/2008 14:00:00,         0.000000
10/11/2008 15:00:00,         0.000000
10/11/2008 16:00:00,         0.000000
10/11/2008 17:00:00,         0.051172
10/11/2008 18:00:00,         0.554633
10/11/2008 19:00:00,         3.654795
10/11/2008 20:00:00,         5.484329
10/11/2008 21:00:00,         1.390884
10/11/2008 22:00:00,         0.734065
10/11/2008 23:00:00,         0.177020
10/12/2008 00:00:00,         0.031450
10/12/2008 01:00:00,         0.028132
10/12/2008 02:00:00,         0.054029
10/12/2008 03:00:00,         0.016357
10/12/2008 04:00:00,         0.000108
10/12/2008 05:00:00,         0.026104
10/12/2008 06:00:00,         0.079574
10/12/2008 07:00:00,         0.053318
10/12/2008 08:00:00,         0.015780
10/12/2008 09:00:00,         0.095532
10/12/2008 10:00:00,         0.536123
10/12/2008 11:00:00,         3.321335
10/12/2008 12:00:00,         5.246841
10/12/2008 13:00:00,         4.125127
10/12/2008 14:00:00,        11.449767
10/12/2008 15:00:00,        22.277868
10/12/2008 16:00:00,        29.086433
10/12/2008 17:00:00,        34.885981
10/12/2008 18:00:00,        26.730966
10/12/2008 19:00:00,        10.536753
10/12/2008 20:00:00,         1.318095
10/12/2008 21:00:00,         0.324822
10/12/2008 22:00:00,         0.106746
10/12/2008 23:00:00,         0.000242
10/13/2008 00:00:00,         0.656866
10/13/2008 01:00:00,         2.582179
10/13/2008 02:00:00,         9.143361
10/13/2008 03:00:00,        57.692981
10/13/2008 04:00:00,       119.359500
10/13/2008 05:00:00,       180.924059
10/13/2008 06:00:00,       198.920078
10/13/2008 07:00:00,       250.489938
10/13/2008 08:00:00,       280.687515
10/13/2008 09:00:00,       292.248352
10/13/2008 10:00:00,       255.123566
10/13/2008 11:00:00,       214.922330
10/13/2008 12:00:00,       262.758776
10/13/2008 13:00:00,       317.383040
10/13/2008 14:00:00,       302.698120
10/13/2008 15:00:00,       317.406771
10/13/2008 16:00:00,       332.316803
10/13/2008 17:00:00,       326.855585
10/13/2008 18:00:00,       324.355569
10/13/2008 19:00:00,       342.577878
10/13/2008 20:00:00,       348.639786
10/13/2008 21:00:00,       349.226204
10/13/2008 22:00:00,       342.137926
10/13/2008 23:00:00,       322.061036
10/14/2008 00:00:00,       311.318868
10/14/2008 01:00:00,       342.664652
10/14/2008 02:00:00,       351.173175
10/14/2008 03:00:00,       351.914570
10/14/2008 04:00:00,       351.846511
10/14/2008 05:00:00,       350.942843
10/14/2008 06:00:00,       347.290498
10/14/2008 07:00:00,       336.860173
10/14/2008 08:00:00,       252.119190
10/14/2008 09:00:00,       294.507406
10/14/2008 10:00:00,       339.793540
10/14/2008 11:00:00,       341.175628
10/14/2008 12:00:00,       339.886077
10/14/2008 13:00:00,       337.220122
10/14/2008 14:00:00,       213.470689
10/14/2008 15:00:00,        83.008731
10/14/2008 16:00:00,        22.992324
10/14/2008 17:00:00,         4.366706
10/14/2008 18:00:00,        23.650363
10/14/2008 19:00:00,        14.681947
10/14/2008 20:00:00,         2.693256
10/14/2008 21:00:00,         0.285474
10/14/2008 22:00:00,         0.000000
10/14/2008 23:00:00,         0.000000
10/15/2008 00:00:00,         0.168313
10/15/2008 01:00:00,         4.635792
10/15/2008 02:00:00,        10.811885
10/15/2008 03:00:00,        12.217461
10/15/2008 04:00:00,         8.075012
10/15/2008 05:00:00,         3.954380
10/15/2008 06:00:00,         0.594259
10/15/2008 07:00:00,         0.018058
10/15/2008 08:00:00,         0.000000
10/15/2008 09:00:00,         0.000000
10/15/2008 10:00:00,         1.656038
10/15/2008 11:00:00,        33.818461
10/15/2008 12:00:00,        72.241590
10/15/2008 13:00:00,       106.858341
10/15/2008 14:00:00,       140.383432
10/15/2008 15:00:00,       145.731368
10/15/2008 16:00:00,       102.219399
10/15/2008 17:00:00,        48.392704
10/15/2008 18:00:00,        32.800960
10/15/2008 19:00:00,        32.924586
10/15/2008 20:00:00,        24.378842
10/15/2008 21:00:00,        34.621489
10/15/2008 22:00:00,        51.580911
10/15/2008 23:00:00,        47.743576
10/16/2008 00:00:00,        61.518169
10/16/2008 01:00:00,       122.170229
10/16/2008 02:00:00,       161.505337
10/16/2008 03:00:00,       178.394734
10/16/2008 04:00:00,       139.097609
10/16/2008 05:00:00,       136.792235
10/16/2008 06:00:00,       195.817674
10/16/2008 07:00:00,       243.742254
10/16/2008 08:00:00,       263.336406
10/16/2008 09:00:00,       249.094747
10/16/2008 10:00:00,       243.052955
10/16/2008 11:00:00,       265.684236
10/16/2008 12:00:00,       299.763204
10/16/2008 13:00:00,       322.202646
10/16/2008 14:00:00,       322.268401
10/16/2008 15:00:00,       331.703271
10/16/2008 16:00:00,       269.513826
10/16/2008 17:00:00,       170.518573
10/16/2008 18:00:00,       209.833741
10/16/2008 19:00:00,       322.686349
10/16/2008 20:00:00,       336.442668
10/16/2008 21:00:00,       339.223553
10/16/2008 22:00:00,       337.909552
10/16/2008 23:00:00,       321.006724
10/17/2008 00:00:00,       319.815155
10/17/2008 01:00:00,       322.342228
10/17/2008 02:00:00,       292.863681
10/17/2008 03:00:00,       285.332248
10/17/2008 04:00:00,       319.964335
10/17/2008 05:00:00,       333.546220
10/17/2008 06:00:00,       339.427536
10/17/2008 07:00:00,       344.525582
10/17/2008 08:00:00,       351.195050
10/17/2008 09:00:00,       350.577178
10/17/2008 10:00:00,       331.286334
10/17/2008 11:00:00,       344.226728
10/17/2008 12:00:00,       346.404312
10/17/2008 13:00:00,       347.847734
10/17/2008 14:00:00,       349.132660
10/17/2008 15:00:00,       341.348588
10/17/2008 16:00:00,       274.636597
10/17/2008 17:00:00,       191.256703
10/17/2008 18:00:00,       259.979688
10/17/2008 19:00:00,       332.822032
10/17/2008 20:00:00,       332.401898
10/17/2008 21:00:00,       322.580184
10/17/2008 22:00:00,       310.892950
10/17/2008 23:00:00,       266.981587
10/18/2008 00:00:00,       203.746450
10/18/2008 01:00:00,       154.710287
10/18/2008 02:00:00,       122.935800
10/18/2008 03:00:00,        96.387521
10/18/2008 04:00:00,        79.321782
10/18/2008 05:00:00,        78.680484
10/18/2008 06:00:00,        96.743840
10/18/2008 07:00:00,       126.457457
10/18/2008 08:00:00,       172.575103
10/18/2008 09:00:00,       205.691805
10/18/2008 10:00:00,       273.895401
10/18/2008 11:00:00,       302.684604
10/18/2008 12:00:00,       329.673698
10/18/2008 13:00:00,       321.075053
10/18/2008 14:00:00,       304.948222
10/18/2008 15:00:00,       302.903815
10/18/2008 16:00:00,       282.988089
10/18/2008 17:00:00,       217.088149
10/18/2008 18:00:00,       206.552603
10/18/2008 19:00:00,       142.897030
10/18/2008 20:00:00,        38.829796
10/18/2008 21:00:00,        26.876210
10/18/2008 22:00:00,        23.556237
10/18/2008 23:00:00,        14.822277
10/19/2008 00:00:00,         7.935345
10/19/2008 01:00:00,         6.068574
10/19/2008 02:00:00,        11.114097
10/19/2008 03:00:00,         7.641783
10/19/2008 04:00:00,         1.033099
10/19/2008 05:00:00,         2.960242
10/19/2008 06:00:00,         9.819791
10/19/2008 07:00:00,        23.557335
10/19/2008 08:00:00,        16.178015
10/19/2008 09:00:00,         7.153058
10/19/2008 10:00:00,         2.461105
10/19/2008 11:00:00,         5.594500
10/19/2008 12:00:00,         6.530862
10/19/2008 13:00:00,         1.981953
10/19/2008 14:00:00,         2.266819
10/19/2008 15:00:00,         3.324191
10/19/2008 16:00:00,         2.920125
10/19/2008 17:00:00,         9.957696
10/19/2008 18:00:00,        14.473303
10/19/2008 19:00:00,        24.517989
10/19/2008 20:00:00,        43.554401
10/19/2008 21:00:00,        46.784885
10/19/2008 22:00:00,        59.626054
10/19/2008 23:00:00,        69.956923
10/20/2008 00:00:00,        95.482077
10/20/2008 01:00:00,       121.492095
10/20/2008 02:00:00,       144.051424
10/20/2008 03:00:00,       190.328580
10/20/2008 04:00:00,       239.578341
10/20/2008 05:00:00,       281.588052
10/20/2008 06:00:00,       300.208153
10/20/2008 07:00:00,       311.623799
10/20/2008 08:00:00,       313.970303
10/20/2008 09:00:00,       319.928316
10/20/2008 10:00:00,       304.822416
10/20/2008 11:00:00,       277.525182
10/20/2008 12:00:00,       266.728293
10/20/2008 13:00:00,       237.953620
10/20/2008 14:00:00,       229.603961
10/20/2008 15:00:00,       229.801698
10/20/2008 16:00:00,       207.229002
10/20/2008 17:00:00,       158.109593
10/20/2008 18:00:00,       224.401880
10/20/2008 19:00:00,       274.424448
10/20/2008 20:00:00,       242.878446
10/20/2008 21:00:00,       343.189455
10/20/2008 22:00:00,       349.733486
10/20/2008 23:00:00,       334.482328
10/21/2008 00:00:00,       287.273394
10/21/2008 01:00:00,       283.596428
10/21/2008 02:00:00,       264.588918
10/21/2008 03:00:00,       308.541790
10/21/2008 04:00:00,       281.870839
10/21/2008 05:00:00,       211.866613
10/21/2008 06:00:00,       220.477339
10/21/2008 07:00:00,       261.045416
10/21/2008 08:00:00,       273.955234
10/21/2008 09:00:00,       324.918265
10/21/2008 10:00:00,       343.890588
10/21/2008 11:00:00,       350.485301
10/21/2008 12:00:00,       348.666579
10/21/2008 13:00:00,       338.754410
10/21/2008 14:00:00,       294.698298
10/21/2008 15:00:00,       253.507374
10/21/2008 16:00:00,       157.641281
10/21/2008 17:00:00,       127.013215
10/21/2008 18:00:00,       104.964360
10/21/2008 19:00:00,       143.351600
10/21/2008 20:00:00,        98.748278
10/21/2008 21:00:00,       165.985372
10/21/2008 22:00:00,       229.324955
10/21/2008 23:00:00,       207.721236
10/22/2008 00:00:00,       175.751573
10/22/2008 01:00:00,       184.265843
10/22/2008 02:00:00,       226.250637
10/22/2008 03:00:00,       200.117138
10/22/2008 04:00:00,       187.595228
10/22/2008 05:00:00,       185.959142
10/22/2008 06:00:00,       197.075176
10/22/2008 07:00:00,       205.098196
10/22/2008 08:00:00,       224.200020
10/22/2008 09:00:00,       243.076635
10/22/2008 10:00:00,       249.305572
10/22/2008 11:00:00,       248.875592
10/22/2008 12:00:00,       247.848773
10/22/2008 13:00:00,       279.077982
10/22/2008 14:00:00,       272.604049
10/22/2008 15:00:00,       263.447992
10/22/2008 16:00:00,       231.065184
10/22/2008 17:00:00,       123.255998
10/22/2008 18:00:00,        65.065101
10/22/2008 19:00:00,        81.952212
10/22/2008 20:00:00,       141.069872
10/22/2008 21:00:00,       171.920761
10/22/2008 22:00:00,       164.286941
10/22/2008 23:00:00,       155.064341
10/23/2008 00:00:00,       172.132438
10/23/2008 01:00:00,       272.236988
10/23/2008 02:00:00,       341.555333
10/23/2008 03:00:00,       284.364828
10/23/2008 04:00:00,       298.383034
10/23/2008 05:00:00,       351.891826
10/23/2008 06:00:00,       351.993134
10/23/2008 07:00:00,       352.000000
10/23/2008 08:00:00,       352.000000
10/23/2008 09:00:00,       351.999841
10/23/2008 10:00:00,       351.965645
10/23/2008 11:00:00,       349.062812
10/23/2008 12:00:00,       324.451835
10/23/2008 13:00:00,       265.300299
10/23/2008 14:00:00,       187.506761
10/23/2008 15:00:00,       172.804136
10/23/2008 16:00:00,       174.053890
10/23/2008 17:00:00,       129.737084
10/23/2008 18:00:00,       124.242602
10/23/2008 19:00:00,       159.257786
10/23/2008 20:00:00,       188.341368
10/23/2008 21:00:00,       314.316474
10/23/2008 22:00:00,       328.232531
10/23/2008 23:00:00,       308.442288
10/24/2008 00:00:00,       257.293807
10/24/2008 01:00:00,       226.327519
10/24/2008 02:00:00,       205.390758
10/24/2008 03:00:00,       146.343090
10/24/2008 04:00:00,       156.629069
10/24/2008 05:00:00,       152.778437
10/24/2008 06:00:00,       132.648648
10/24/2008 07:00:00,       158.595229
10/24/2008 08:00:00,       213.077545
10/24/2008 09:00:00,       309.192350
10/24/2008 10:00:00,       347.317070
10/24/2008 11:00:00,       350.609224
10/24/2008 12:00:00,       351.801705
10/24/2008 13:00:00,       350.943597
10/24/2008 14:00:00,       351.244839
10/24/2008 15:00:00,       351.744041
10/24/2008 16:00:00,       351.613437
10/24/2008 17:00:00,       351.401630
10/24/2008 18:00:00,       351.972038
10/24/2008 19:00:00,       351.953225
10/24/2008 20:00:00,       351.725821
10/24/2008 21:00:00,       351.819232
10/24/2008 22:00:00,       351.798787
10/24/2008 23:00:00,       351.910459
10/25/2008 00:00:00,       351.996558
10/25/2008 01:00:00,       351.999837
10/25/2008 02:00:00,       351.999050
10/25/2008 03:00:00,       351.887211
10/25/2008 04:00:00,       350.864401
10/25/2008 05:00:00,       349.246520
10/25/2008 06:00:00,       344.802210
10/25/2008 07:00:00,       326.970552
10/25/2008 08:00:00,       290.180820
10/25/2008 09:00:00,       298.914973
10/25/2008 10:00:00,       275.506407
10/25/2008 11:00:00,       210.916240
10/25/2008 12:00:00,       190.760446
10/25/2008 13:00:00,       213.411156
10/25/2008 14:00:00,       206.249920
10/25/2008 15:00:00,       271.910065
10/25/2008 16:00:00,       305.878388
10/25/2008 17:00:00,       336.711546
10/25/2008 18:00:00,       351.865265
10/25/2008 19:00:00,       351.996796
10/25/2008 20:00:00,       351.990245
10/25/2008 21:00:00,       351.978891
10/25/2008 22:00:00,       351.958873
10/25/2008 23:00:00,       351.873574
10/26/2008 00:00:00,       350.668590
10/26/2008 01:00:00,       341.400552
10/26/2008 02:00:00,       337.634161
10/26/2008 03:00:00,       333.069095
10/26/2008 04:00:00,       316.976279
10/26/2008 05:00:00,       292.012389
10/26/2008 06:00:00,       247.659274
10/26/2008 07:00:00,       178.774227
10/26/2008 08:00:00,       145.575303
10/26/2008 09:00:00,       108.645753
10/26/2008 10:00:00,        71.895559
10/26/2008 11:00:00,        30.839933
10/26/2008 12:00:00,         1.970040
10/26/2008 13:00:00,         0.000000
10/26/2008 14:00:00,         0.000000
10/26/2008 15:00:00,         0.000038
10/26/2008 16:00:00,         0.175014
10/26/2008 17:00:00,         1.052657
10/26/2008 18:00:00,         6.365030
10/26/2008 19:00:00,        21.074049
10/26/2008 20:00:00,        26.671980
10/26/2008 21:00:00,        25.041976
10/26/2008 22:00:00,        26.593265
10/26/2008 23:00:00,        35.410832
10/27/2008 00:00:00,        66.765872
10/27/2008 01:00:00,       112.837098
10/27/2008 02:00:00,       155.853956
10/27/2008 03:00:00,       196.733582
10/27/2008 04:00:00,       216.337078
10/27/2008 05:00:00,       219.644848
10/27/2008 06:00:00,       186.359045
10/27/2008 07:00:00,       139.062990
10/27/2008 08:00:00,       107.351669
10/27/2008 09:00:00,        82.481072
10/27/2008 10:00:00,        74.384019
10/27/2008 11:00:00,        73.511710
10/27/2008 12:00:00,        79.270164
10/27/2008 13:00:00,       119.977861
10/27/2008 14:00:00,       189.910992
10/27/2008 15:00:00,       249.777264
10/27/2008 16:00:00,       298.199857
10/27/2008 17:00:00,       281.888745
10/27/2008 18:00:00,       170.558502
10/27/2008 19:00:00,        81.717659
10/27/2008 20:00:00,        87.693653
10/27/2008 21:00:00,       170.626639
10/27/2008 22:00:00,       175.933697
10/27/2008 23:00:00,       129.790311
10/28/2008 00:00:00,       102.529131
10/28/2008 01:00:00,        86.651500
10/28/2008 02:00:00,        94.200835
10/28/2008 03:00:00,       104.078962
10/28/2008 04:00:00,       123.458964
10/28/2008 05:00:00,       140.395167
10/28/2008 06:00:00,       149.100885
10/28/2008 07:00:00,       137.029031
10/28/2008 08:00:00,       113.000467
10/28/2008 09:00:00,        95.221857
10/28/2008 10:00:00,        53.443325
10/28/2008 11:00:00,        17.059601
10/28/2008 12:00:00,         5.216854
10/28/2008 13:00:00,        17.833500
10/28/2008 14:00:00,        27.523332
10/28/2008 15:00:00,        67.178602
10/28/2008 16:00:00,       179.658781
10/28/2008 17:00:00,       238.063150
10/28/2008 18:00:00,       155.712148
10/28/2008 19:00:00,        70.788417
10/28/2008 20:00:00,        73.809972
10/28/2008 21:00:00,       152.424068
10/28/2008 22:00:00,       189.338561
10/28/2008 23:00:00,       160.292074
10/29/2008 00:00:00,       120.994695
10/29/2008 01:00:00,       133.801460
10/29/2008 02:00:00,       210.059709
10/29/2008 03:00:00,       302.832335
10/29/2008 04:00:00,       343.133934
10/29/2008 05:00:00,       345.416126
10/29/2008 06:00:00,       335.961445
10/29/2008 07:00:00,       337.669016
10/29/2008 08:00:00,       331.530012
10/29/2008 09:00:00,       316.793372
10/29/2008 10:00:00,       321.077869
10/29/2008 11:00:00,       332.640181
10/29/2008 12:00:00,       346.987725
10/29/2008 13:00:00,       348.456891
10/29/2008 14:00:00,       342.622897
10/29/2008 15:00:00,       331.417945
10/29/2008 16:00:00,       313.978556
10/29/2008 17:00:00,       286.979767
10/29/2008 18:00:00,       344.484049
10/29/2008 19:00:00,       350.791652
10/29/2008 20:00:00,       351.523598
10/29/2008 21:00:00,       351.648426
10/29/2008 22:00:00,       349.471515
10/29/2008 23:00:00,       347.404193
10/30/2008 00:00:00,       312.038923
10/30/2008 01:00:00,       250.136317
10/30/2008 02:00:00,       265.146885
10/30/2008 03:00:00,       304.351446
10/30/2008 04:00:00,       328.675390
10/30/2008 05:00:00,       333.477048
10/30/2008 06:00:00,       341.864932
10/30/2008 07:00:00,       340.266076
10/30/2008 08:00:00,       336.702595
10/30/2008 09:00:00,       314.879789
10/30/2008 10:00:00,       200.764325
10/30/2008 11:00:00,        70.055684
10/30/2008 12:00:00,        29.260229
10/30/2008 13:00:00,        16.659887
10/30/2008 14:00:00,         0.430849
10/30/2008 15:00:00,         0.557697
10/30/2008 16:00:00,         5.802224
10/30/2008 17:00:00,         9.671852
10/30/2008 18:00:00,         2.115025
10/30/2008 19:00:00,         1.040394
10/30/2008 20:00:00,         0.976786
10/30/2008 21:00:00,         3.278519
10/30/2008 22:00:00,        21.722850
10/30/2008 23:00:00,        34.971671
10/31/2008 00:00:00,        39.948362
10/31/2008 01:00:00,        48.810549
10/31/2008 02:00:00,        50.104610
10/31/2008 03:00:00,        52.682823
10/31/2008 04:00:00,        73.899272
10/31/2008 05:00:00,       110.043865
10/31/2008 06:00:00,       125.142177
10/31/2008 07:00:00,        96.594630
10/31/2008 08:00:00,        80.279910
10/31/2008 09:00:00,        81.682975
10/31/2008 10:00:00,        64.807233
10/31/2008 11:00:00,        41.918747
10/31/2008 12:00:00,        69.453951
10/31/2008 13:00:00,       124.296438
10/31/2008 14:00:00,       159.441457
10/31/2008 15:00:00,       184.512985
10/31/2008 16:00:00,       176.202402
10/31/2008 17:00:00,       108.999693
10/31/2008 18:00:00,        43.307685
10/31/2008 19:00:00,        26.611271
10/31/2008 20:00:00,         6.746527
10/31/2008 21:00:00,        24.983451
10/31/2008 22:00:00,        50.410044
10/31/2008 23:00:00,        53.817954
11/01/2008 00:00:00,       126.098732
11/01/2008 01:00:00,       242.001152
11/01/2008 02:00:00,       161.805718
11/01/2008 03:00:00,       181.003901
11/01/2008 04:00:00,       253.642483
11/01/2008 05:00:00,       267.035514
11/01/2008 06:00:00,       286.789237
11/01/2008 07:00:00,       324.903032
11/01/2008 08:00:00,       333.992294
11/01/2008 09:00:00,       346.336429
11/01/2008 10:00:00,       347.716720
11/01/2008 11:00:00,       346.959596
11/01/2008 12:00:00,       342.834453
11/01/2008 13:00:00,       310.076604
11/01/2008 14:00:00,       259.598509
11/01/2008 15:00:00,       250.910298
11/01/2008 16:00:00,       195.751320
11/01/2008 17:00:00,       129.921579
11/01/2008 18:00:00,        89.190697
11/01/2008 19:00:00,        96.269495
11/01/2008 20:00:00,       114.107653
11/01/2008 21:00:00,       102.543257
11/01/2008 22:00:00,        85.060161
11/01/2008 23:00:00,        53.262489
11/02/2008 00:00:00,        26.726121
11/02/2008 01:00:00,        14.997159
11/02/2008 02:00:00,        35.692236
11/02/2008 03:00:00,        65.566721
11/02/2008 04:00:00,        98.330413
11/02/2008 05:00:00,        37.800700
11/02/2008 06:00:00,         5.045022
11/02/2008 07:00:00,        17.911499
11/02/2008 08:00:00,        22.539363
11/02/2008 09:00:00,        30.558133
11/02/2008 10:00:00,        33.219539
11/02/2008 11:00:00,        38.614548
11/02/2008 12:00:00,        41.193798
11/02/2008 13:00:00,       134.686681
11/02/2008 14:00:00,        44.817091
11/02/2008 15:00:00,         4.280160
11/02/2008 16:00:00,         1.299638
11/02/2008 17:00:00,         8.454511
11/02/2008 18:00:00,        37.864223
11/02/2008 19:00:00,        70.218722
11/02/2008 20:00:00,       101.927193
11/02/2008 21:00:00,        73.790093
11/02/2008 22:00:00,        87.260061
11/02/2008 23:00:00,        97.360394
11/03/2008 00:00:00,       122.509143
11/03/2008 01:00:00,       138.332095
11/03/2008 02:00:00,       214.230555
11/03/2008 03:00:00,       322.001114
11/03/2008 04:00:00,       350.846092
11/03/2008 05:00:00,       351.732630
11/03/2008 06:00:00,       351.428022
11/03/2008 07:00:00,       350.990678
11/03/2008 08:00:00,       350.952496
11/03/2008 09:00:00,       350.892211
11/03/2008 10:00:00,       350.603521
11/03/2008 11:00:00,       351.647861
11/03/2008 12:00:00,       351.750836
11/03/2008 13:00:00,       351.089816
11/03/2008 14:00:00,       350.435628
11/03/2008 15:00:00,       350.754576
11/03/2008 16:00:00,       347.823494
11/03/2008 17:00:00,       331.166560
11/03/2008 18:00:00,       324.991653
11/03/2008 19:00:00,       331.120335
11/03/2008 20:00:00,       319.141123
11/03/2008 21:00:00,       290.789201
11/03/2008 22:00:00,       246.092782
11/03/2008 23:00:00,       175.474806
11/04/2008 00:00:00,       122.421216
11/04/2008 01:00:00,       110.987613
11/04/2008 02:00:00,       100.204278
11/04/2008 03:00:00,        91.284441
11/04/2008 04:00:00,        86.243861
11/04/2008 05:00:00,        68.617317
11/04/2008 06:00:00,        38.887630
11/04/2008 07:00:00,         5.631578
11/04/2008 08:00:00,         0.002326
11/04/2008 09:00:00,         1.468732
11/04/2008 10:00:00,        16.364953
11/04/2008 11:00:00,        42.841771
11/04/2008 12:00:00,        72.313831
11/04/2008 13:00:00,       105.232357
11/04/2008 14:00:00,       106.049987
11/04/2008 15:00:00,       139.731837
11/04/2008 16:00:00,       134.232845
11/04/2008 17:00:00,       105.084132
11/04/2008 18:00:00,        34.734567
11/04/2008 19:00:00,        18.925113
11/04/2008 20:00:00,        53.042264
11/04/2008 21:00:00,       151.540264
11/04/2008 22:00:00,       131.972906
11/04/2008 23:00:00,        61.026714
11/05/2008 00:00:00,        24.579131
11/05/2008 01:00:00,         1.344335
11/05/2008 02:00:00,         0.012418
11/05/2008 03:00:00,         0.000000
11/05/2008 04:00:00,         0.000000
11/05/2008 05:00:00,         0.000000
11/05/2008 06:00:00,         0.318095
11/05/2008 07:00:00,         0.000000
11/05/2008 08:00:00,         0.000000
11/05/2008 09:00:00,         0.000000
11/05/2008 10:00:00,         0.000000
11/05/2008 11:00:00,         5.204370
11/05/2008 12:00:00,        66.382846
11/05/2008 13:00:00,       121.331973
11/05/2008 14:00:00,       119.915543
11/05/2008 15:00:00,       145.006408
11/05/2008 16:00:00,       142.579223
11/05/2008 17:00:00,        73.830779
11/05/2008 18:00:00,        51.104531
11/05/2008 19:00:00,        47.675600
11/05/2008 20:00:00,        56.813504
11/05/2008 21:00:00,        89.976366
11/05/2008 22:00:00,       125.458257
11/05/2008 23:00:00,       118.164668
11/06/2008 00:00:00,       117.750848
11/06/2008 01:00:00,       166.472156
11/06/2008 02:00:00,       204.255399
11/06/2008 03:00:00,       224.871501
11/06/2008 04:00:00,       228.719771
11/06/2008 05:00:00,       289.942269
11/06/2008 06:00:00,       313.271712
11/06/2008 07:00:00,       304.787999
11/06/2008 08:00:00,       269.856414
11/06/2008 09:00:00,       258.335135
11/06/2008 10:00:00,       251.746330
11/06/2008 11:00:00,       245.174769
11/06/2008 12:00:00,       221.599250
11/06/2008 13:00:00,       196.796591
11/06/2008 14:00:00,       187.403364
11/06/2008 15:00:00,       152.048458
11/06/2008 16:00:00,        95.914707
11/06/2008 17:00:00,        33.583447
11/06/2008 18:00:00,         9.479695
11/06/2008 19:00:00,         7.725148
11/06/2008 20:00:00,        16.428745
11/06/2008 21:00:00,        27.764024
11/06/2008 22:00:00,        33.815662
11/06/2008 23:00:00,        60.622208
11/07/2008 00:00:00,        95.553456
11/07/2008 01:00:00,       105.234269
11/07/2008 02:00:00,       159.041531
11/07/2008 03:00:00,       252.514578
11/07/2008 04:00:00,       336.658829
11/07/2008 05:00:00,       351.130177
11/07/2008 06:00:00,       351.997638
11/07/2008 07:00:00,       351.992725
11/07/2008 08:00:00,       351.498193
11/07/2008 09:00:00,       348.016133
11/07/2008 10:00:00,       341.893183
11/07/2008 11:00:00,       298.076082
11/07/2008 12:00:00,       210.032975
11/07/2008 13:00:00,       230.869587
11/07/2008 14:00:00,       246.352872
11/07/2008 15:00:00,       208.632251
11/07/2008 16:00:00,       194.603317
11/07/2008 17:00:00,       160.775212
11/07/2008 18:00:00,        69.995239
11/07/2008 19:00:00,        24.291610
11/07/2008 20:00:00,        17.340091
11/07/2008 21:00:00,        14.979845
11/07/2008 22:00:00,         9.404109
11/07/2008 23:00:00,        24.507871
11/08/2008 00:00:00,        33.722286
11/08/2008 01:00:00,        32.300867
11/08/2008 02:00:00,        34.686771
11/08/2008 03:00:00,        34.836332
11/08/2008 04:00:00,        32.413034
11/08/2008 05:00:00,        43.215180
11/08/2008 06:00:00,        37.012336
11/08/2008 07:00:00,        24.301866
11/08/2008 08:00:00,        32.856311
11/08/2008 09:00:00,        68.001681
11/08/2008 10:00:00,       117.823276
11/08/2008 11:00:00,       144.015341
11/08/2008 12:00:00,       176.710316
11/08/2008 13:00:00,       189.819888
11/08/2008 14:00:00,       216.377694
11/08/2008 15:00:00,       209.290701
11/08/2008 16:00:00,       186.435651
11/08/2008 17:00:00,       124.179992
11/08/2008 18:00:00,        78.214108
11/08/2008 19:00:00,        87.361992
11/08/2008 20:00:00,       138.214784
11/08/2008 21:00:00,       167.872999
11/08/2008 22:00:00,       154.847355
11/08/2008 23:00:00,       181.880889
11/09/2008 00:00:00,       176.866986
11/09/2008 01:00:00,       141.365488
11/09/2008 02:00:00,       137.091289
11/09/2008 03:00:00,       127.362065
11/09/2008 04:00:00,       117.024334
11/09/2008 05:00:00,       124.429142
11/09/2008 06:00:00,       120.365162
11/09/2008 07:00:00,        78.257753
11/09/2008 08:00:00,        55.044090
11/09/2008 09:00:00,        59.566898
11/09/2008 10:00:00,        53.573649
11/09/2008 11:00:00,        44.768743
11/09/2008 12:00:00,        35.574382
11/09/2008 13:00:00,        27.406397
11/09/2008 14:00:00,        34.511637
11/09/2008 15:00:00,        41.192276
11/09/2008 16:00:00,        68.282795
11/09/2008 17:00:00,        98.869244
11/09/2008 18:00:00,        60.121263
11/09/2008 19:00:00,        15.507674
11/09/2008 20:00:00,         9.499821
11/09/2008 21:00:00,        50.897649
11/09/2008 22:00:00,        70.391855
11/09/2008 23:00:00,        71.445132
11/10/2008 00:00:00,        96.124434
11/10/2008 01:00:00,       115.079897
11/10/2008 02:00:00,       139.868681
11/10/2008 03:00:00,       243.319890
11/10/2008 04:00:00,       275.980978
11/10/2008 05:00:00,       270.502678
11/10/2008 06:00:00,       269.014705
11/10/2008 07:00:00,       286.273380
11/10/2008 08:00:00,       292.364976
11/10/2008 09:00:00,       272.633418
11/10/2008 10:00:00,       253.956309
11/10/2008 11:00:00,       242.112848
11/10/2008 12:00:00,       256.298953
11/10/2008 13:00:00,       285.962164
11/10/2008 14:00:00,       291.371526
11/10/2008 15:00:00,       245.695888
11/10/2008 16:00:00,       182.828278
11/10/2008 17:00:00,       113.944519
11/10/2008 18:00:00,       114.031953
11/10/2008 19:00:00,       211.433931
11/10/2008 20:00:00,       302.806238
11/10/2008 21:00:00,       261.068730
11/10/2008 22:00:00,       297.702700
11/10/2008 23:00:00,       311.100021
11/11/2008 00:00:00,       333.694488
11/11/2008 01:00:00,       324.279404
11/11/2008 02:00:00,       310.495076
11/11/2008 03:00:00,       312.274154
11/11/2008 04:00:00,       325.367514
11/11/2008 05:00:00,       337.291600
11/11/2008 06:00:00,       331.102997
11/11/2008 07:00:00,       323.937569
11/11/2008 08:00:00,       334.368323
11/11/2008 09:00:00,       337.065725
11/11/2008 10:00:00,       343.850015
11/11/2008 11:00:00,       346.152557
11/11/2008 12:00:00,       346.769510
11/11/2008 13:00:00,       344.303681
11/11/2008 14:00:00,       349.276224
11/11/2008 15:00:00,       346.894874
11/11/2008 16:00:00,       298.066361
11/11/2008 17:00:00,       226.084847
11/11/2008 18:00:00,       258.299158
11/11/2008 19:00:00,       202.928250
11/11/2008 20:00:00,       139.774329
11/11/2008 21:00:00,       192.297869
11/11/2008 22:00:00,       184.387537
11/11/2008 23:00:00,       269.720929
11/12/2008 00:00:00,       330.016939
11/12/2008 01:00:00,       340.404316
11/12/2008 02:00:00,       345.386309
11/12/2008 03:00:00,       340.885118
11/12/2008 04:00:00,       328.632909
11/12/2008 05:00:00,       334.808874
11/12/2008 06:00:00,       329.721732
11/12/2008 07:00:00,       297.053012
11/12/2008 08:00:00,       321.626274
11/12/2008 09:00:00,       267.299322
11/12/2008 10:00:00,       218.225536
11/12/2008 11:00:00,       347.010930
11/12/2008 12:00:00,       349.772338
11/12/2008 13:00:00,       346.877255
11/12/2008 14:00:00,       351.329873
11/12/2008 15:00:00,       350.432153
11/12/2008 16:00:00,       335.373463
11/12/2008 17:00:00,       329.199454
11/12/2008 18:00:00,       350.605245
11/12/2008 19:00:00,       351.990387
11/12/2008 20:00:00,       352.000000
11/12/2008 21:00:00,       352.000000
11/12/2008 22:00:00,       352.000000
11/12/2008 23:00:00,       352.000000
11/13/2008 00:00:00,       351.999890
11/13/2008 01:00:00,       351.996258
11/13/2008 02:00:00,       351.991751
11/13/2008 03:00:00,       347.903613
11/13/2008 04:00:00,       340.459551
11/13/2008 05:00:00,       328.871733
11/13/2008 06:00:00,       328.992082
11/13/2008 07:00:00,       346.116255
11/13/2008 08:00:00,       339.098820
11/13/2008 09:00:00,       351.409751
11/13/2008 10:00:00,       351.779551
11/13/2008 11:00:00,       351.681448
11/13/2008 12:00:00,       351.549473
11/13/2008 13:00:00,       351.846722
11/13/2008 14:00:00,       351.963823
11/13/2008 15:00:00,       351.860345
11/13/2008 16:00:00,       350.525371
11/13/2008 17:00:00,       304.388605
11/13/2008 18:00:00,       159.781189
11/13/2008 19:00:00,       124.840536
11/13/2008 20:00:00,       257.063248
11/13/2008 21:00:00,       341.494029
11/13/2008 22:00:00,       325.988789
11/13/2008 23:00:00,       325.587204
11/14/2008 00:00:00,       341.624541
11/14/2008 01:00:00,       339.850854
11/14/2008 02:00:00,       336.235060
11/14/2008 03:00:00,       335.420643
11/14/2008 04:00:00,       332.171679
11/14/2008 05:00:00,       335.557423
11/14/2008 06:00:00,       337.423992
11/14/2008 07:00:00,       323.625807
11/14/2008 08:00:00,       309.794768
11/14/2008 09:00:00,       292.315360
11/14/2008 10:00:00,       271.221150
11/14/2008 11:00:00,       266.464561
11/14/2008 12:00:00,       229.361640
11/14/2008 13:00:00,       207.577637
11/14/2008 14:00:00,       130.244515
11/14/2008 15:00:00,        84.537363
11/14/2008 16:00:00,        67.858774
11/14/2008 17:00:00,        57.361988
11/14/2008 18:00:00,        35.894222
11/14/2008 19:00:00,        14.099877
11/14/2008 20:00:00,        19.532557
11/14/2008 21:00:00,        81.687950
11/14/2008 22:00:00,       148.170091
11/14/2008 23:00:00,       139.175940
11/15/2008 00:00:00,       140.406474
11/15/2008 01:00:00,       196.070837
11/15/2008 02:00:00,       273.905440
11/15/2008 03:00:00,       324.610984
11/15/2008 04:00:00,       348.012608
11/15/2008 05:00:00,       351.664866
11/15/2008 06:00:00,       351.908230
11/15/2008 07:00:00,       351.978350
11/15/2008 08:00:00,       350.691905
11/15/2008 09:00:00,       329.198075
11/15/2008 10:00:00,       345.824956
11/15/2008 11:00:00,       351.400423
11/15/2008 12:00:00,       351.998354
11/15/2008 13:00:00,       352.000000
11/15/2008 14:00:00,       352.000000
11/15/2008 15:00:00,       351.999949
11/15/2008 16:00:00,       351.991360
11/15/2008 17:00:00,       351.291349
11/15/2008 18:00:00,       346.114165
11/15/2008 19:00:00,       347.639844
11/15/2008 20:00:00,       351.446380
11/15/2008 21:00:00,       351.802209
11/15/2008 22:00:00,       351.839440
11/15/2008 23:00:00,       351.788277
11/16/2008 00:00:00,       351.457997
11/16/2008 01:00:00,       346.317392
11/16/2008 02:00:00,       318.300858
11/16/2008 03:00:00,       290.871387
11/16/2008 04:00:00,       235.882813
11/16/2008 05:00:00,       145.901956
11/16/2008 06:00:00,        98.428971
11/16/2008 07:00:00,        53.477061
11/16/2008 08:00:00,         2.636648
11/16/2008 09:00:00,         9.054584
11/16/2008 10:00:00,        16.705768
11/16/2008 11:00:00,         0.000000
11/16/2008 12:00:00,         0.000000
11/16/2008 13:00:00,         0.000000
11/16/2008 14:00:00,         0.000000
11/16/2008 15:00:00,         0.000000
11/16/2008 16:00:00,         0.000000
11/16/2008 17:00:00,         0.000000
11/16/2008 18:00:00,         0.000000
11/16/2008 19:00:00,         0.000000
11/16/2008 20:00:00,         1.797663
11/16/2008 21:00:00,        30.260269
11/16/2008 22:00:00,        38.573535
11/16/2008 23:00:00,        47.866322
11/17/2008 00:00:00,        68.297684
11/17/2008 01:00:00,        77.114795
11/17/2008 02:00:00,        31.030415
11/17/2008 03:00:00,        13.406733
11/17/2008 04:00:00,         5.835339
11/17/2008 05:00:00,         0.000000
11/17/2008 06:00:00,         0.000000
11/17/2008 07:00:00,         0.000000
11/17/2008 08:00:00,         3.596465
11/17/2008 09:00:00,        14.856478
11/17/2008 10:00:00,        73.435381
11/17/2008 11:00:00,        97.484858
11/17/2008 12:00:00,       150.601790
11/17/2008 13:00:00,       188.269342
11/17/2008 14:00:00,       210.259650
11/17/2008 15:00:00,       251.079590
11/17/2008 16:00:00,       269.752709
11/17/2008 17:00:00,       290.849571
11/17/2008 18:00:00,       304.830404
11/17/2008 19:00:00,       318.553906
11/17/2008 20:00:00,       340.929916
11/17/2008 21:00:00,       343.530470
11/17/2008 22:00:00,       347.346586
11/17/2008 23:00:00,       350.560965
11/18/2008 00:00:00,       351.247788
11/18/2008 01:00:00,       350.095351
11/18/2008 02:00:00,       350.504633
11/18/2008 03:00:00,       351.341386
11/18/2008 04:00:00,       351.375159
11/18/2008 05:00:00,       351.707821
11/18/2008 06:00:00,       351.884047
11/18/2008 07:00:00,       351.883918
11/18/2008 08:00:00,       351.202215
11/18/2008 09:00:00,       349.506072
11/18/2008 10:00:00,       348.410348
11/18/2008 11:00:00,       344.301359
11/18/2008 12:00:00,       340.569412
11/18/2008 13:00:00,       332.338261
11/18/2008 14:00:00,       323.875805
11/18/2008 15:00:00,       326.455462
11/18/2008 16:00:00,       321.036307
11/18/2008 17:00:00,       253.124649
11/18/2008 18:00:00,       157.834552
11/18/2008 19:00:00,       184.924692
11/18/2008 20:00:00,       221.047580
11/18/2008 21:00:00,       194.384990
11/18/2008 22:00:00,       190.463078
11/18/2008 23:00:00,       125.930002
11/19/2008 00:00:00,        57.272410
11/19/2008 01:00:00,        43.456051
11/19/2008 02:00:00,        18.324573
11/19/2008 03:00:00,        21.031777
11/19/2008 04:00:00,        26.954798
11/19/2008 05:00:00,        23.843895
11/19/2008 06:00:00,        10.514649
11/19/2008 07:00:00,         1.730169
11/19/2008 08:00:00,         0.000000
11/19/2008 09:00:00,         0.000000
11/19/2008 10:00:00,         5.871790
11/19/2008 11:00:00,        21.052701
11/19/2008 12:00:00,        13.677499
11/19/2008 13:00:00,        13.313820
11/19/2008 14:00:00,        11.095086
11/19/2008 15:00:00,         6.697375
11/19/2008 16:00:00,         4.228016
11/19/2008 17:00:00,         2.184872
11/19/2008 18:00:00,         0.476255
11/19/2008 19:00:00,         0.011850
11/19/2008 20:00:00,         0.252617
11/19/2008 21:00:00,         0.148280
11/19/2008 22:00:00,         0.096760
11/19/2008 23:00:00,         0.307231
11/20/2008 00:00:00,         3.596914
11/20/2008 01:00:00,         9.876862
11/20/2008 02:00:00,        12.299191
11/20/2008 03:00:00,        16.584412
11/20/2008 04:00:00,        20.070033
11/20/2008 05:00:00,        31.939439
11/20/2008 06:00:00,        56.259298
11/20/2008 07:00:00,       106.992988
11/20/2008 08:00:00,       196.433348
11/20/2008 09:00:00,       273.449914
11/20/2008 10:00:00,       321.127130
11/20/2008 11:00:00,       340.411066
11/20/2008 12:00:00,       347.741272
11/20/2008 13:00:00,       350.181440
11/20/2008 14:00:00,       350.704833
11/20/2008 15:00:00,       350.590239
11/20/2008 16:00:00,       349.409071
11/20/2008 17:00:00,       343.779255
11/20/2008 18:00:00,       328.141351
11/20/2008 19:00:00,       326.997665
11/20/2008 20:00:00,       333.069747
11/20/2008 21:00:00,       332.427719
11/20/2008 22:00:00,       320.312273
11/20/2008 23:00:00,       318.815329
11/21/2008 00:00:00,       333.667202
11/21/2008 01:00:00,       326.347273
11/21/2008 02:00:00,       318.713836
11/21/2008 03:00:00,       314.220470
11/21/2008 04:00:00,       296.469782
11/21/2008 05:00:00,       257.582643
11/21/2008 06:00:00,       226.038385
11/21/2008 07:00:00,       250.046848
11/21/2008 08:00:00,       308.489897
11/21/2008 09:00:00,       345.714259
11/21/2008 10:00:00,       350.190062
11/21/2008 11:00:00,       351.042387
11/21/2008 12:00:00,       351.699433
11/21/2008 13:00:00,       351.336850
11/21/2008 14:00:00,       350.745866
11/21/2008 15:00:00,       350.826699
11/21/2008 16:00:00,       350.340348
11/21/2008 17:00:00,       341.498487
11/21/2008 18:00:00,       280.747005
11/21/2008 19:00:00,       245.820612
11/21/2008 20:00:00,       280.123992
11/21/2008 21:00:00,       308.415126
11/21/2008 22:00:00,       331.988792
11/21/2008 23:00:00,       315.282323
11/22/2008 00:00:00,       223.242885
11/22/2008 01:00:00,       207.675339
11/22/2008 02:00:00,       285.350029
11/22/2008 03:00:00,       336.086221
11/22/2008 04:00:00,       338.640379
11/22/2008 05:00:00,       342.507001
11/22/2008 06:00:00,       351.978220
11/22/2008 07:00:00,       351.319848
11/22/2008 08:00:00,       349.580160
11/22/2008 09:00:00,       345.834346
11/22/2008 10:00:00,       322.254243
11/22/2008 11:00:00,       237.558823
11/22/2008 12:00:00,       224.250780
11/22/2008 13:00:00,       256.068214
11/22/2008 14:00:00,       232.267432
11/22/2008 15:00:00,       274.257926
11/22/2008 16:00:00,       237.020959
11/22/2008 17:00:00,       218.494985
11/22/2008 18:00:00,       237.499375
11/22/2008 19:00:00,       247.294044
11/22/2008 20:00:00,       270.681750
11/22/2008 21:00:00,       333.302752
11/22/2008 22:00:00,       336.761870
11/22/2008 23:00:00,       330.029877
11/23/2008 00:00:00,       309.599470
11/23/2008 01:00:00,       302.965912
11/23/2008 02:00:00,       304.505773
11/23/2008 03:00:00,       302.586664
11/23/2008 04:00:00,       315.109082
11/23/2008 05:00:00,       325.953950
11/23/2008 06:00:00,       329.394242
11/23/2008 07:00:00,       313.764955
11/23/2008 08:00:00,       281.147505
11/23/2008 09:00:00,       246.280129
11/23/2008 10:00:00,       213.320098
11/23/2008 11:00:00,       189.343246
11/23/2008 12:00:00,       173.139774
11/23/2008 13:00:00,       163.604289
11/23/2008 14:00:00,       141.878977
11/23/2008 15:00:00,       111.461729
11/23/2008 16:00:00,        92.250898
11/23/2008 17:00:00,        78.884433
11/23/2008 18:00:00,        45.402435
11/23/2008 19:00:00,         8.168363
11/23/2008 20:00:00,        31.309498
11/23/2008 21:00:00,        75.033375
11/23/2008 22:00:00,        98.196679
11/23/2008 23:00:00,        93.279483
11/24/2008 00:00:00,        71.408381
11/24/2008 01:00:00,       102.878533
11/24/2008 02:00:00,       137.305924
11/24/2008 03:00:00,       192.097045
11/24/2008 04:00:00,       256.593546
11/24/2008 05:00:00,       322.400635
11/24/2008 06:00:00,       343.901795
11/24/2008 07:00:00,       351.951410
11/24/2008 08:00:00,       351.843938
11/24/2008 09:00:00,       348.348132
11/24/2008 10:00:00,       340.275946
11/24/2008 11:00:00,       343.332892
11/24/2008 12:00:00,       349.279377
11/24/2008 13:00:00,       351.185506
11/24/2008 14:00:00,       349.028066
11/24/2008 15:00:00,       348.538901
11/24/2008 16:00:00,       351.223221
11/24/2008 17:00:00,       351.565518
11/24/2008 18:00:00,       351.026851
11/24/2008 19:00:00,       350.932924
11/24/2008 20:00:00,       351.482227
11/24/2008 21:00:00,       349.004630
11/24/2008 22:00:00,       349.116576
11/24/2008 23:00:00,       351.662621
11/25/2008 00:00:00,       351.954614
11/25/2008 01:00:00,       351.908330
11/25/2008 02:00:00,       351.818167
11/25/2008 03:00:00,       351.843441
11/25/2008 04:00:00,       351.916079
11/25/2008 05:00:00,       351.280403
11/25/2008 06:00:00,       349.598179
11/25/2008 07:00:00,       348.182379
11/25/2008 08:00:00,       345.732882
11/25/2008 09:00:00,       345.699703
11/25/2008 10:00:00,       348.322789
11/25/2008 11:00:00,       348.861580
11/25/2008 12:00:00,       348.156505
11/25/2008 13:00:00,       350.032369
11/25/2008 14:00:00,       350.872595
11/25/2008 15:00:00,       350.842539
11/25/2008 16:00:00,       348.296997
11/25/2008 17:00:00,       315.464988
11/25/2008 18:00:00,       217.747742
11/25/2008 19:00:00,       150.744339
11/25/2008 20:00:00,       166.504560
11/25/2008 21:00:00,       215.835557
11/25/2008 22:00:00,       244.887194
11/25/2008 23:00:00,       246.041971
11/26/2008 00:00:00,       264.938992
11/26/2008 01:00:00,       265.870832
11/26/2008 02:00:00,       218.615595
11/26/2008 03:00:00,       156.462701
11/26/2008 04:00:00,       161.296570
11/26/2008 05:00:00,       219.046161
11/26/2008 06:00:00,       277.643039
11/26/2008 07:00:00,       270.297626
11/26/2008 08:00:00,       225.919212
11/26/2008 09:00:00,       247.729010
11/26/2008 10:00:00,       230.913627
11/26/2008 11:00:00,       243.103592
11/26/2008 12:00:00,       307.791330
11/26/2008 13:00:00,       264.591689
11/26/2008 14:00:00,       174.001587
11/26/2008 15:00:00,        56.750418
11/26/2008 16:00:00,         5.418442
11/26/2008 17:00:00,        44.651911
11/26/2008 18:00:00,        51.134066
11/26/2008 19:00:00,        16.168206
11/26/2008 20:00:00,         3.498562
11/26/2008 21:00:00,         0.504599
11/26/2008 22:00:00,         0.140682
11/26/2008 23:00:00,         0.430557
11/27/2008 00:00:00,         8.679324
11/27/2008 01:00:00,        39.090627
11/27/2008 02:00:00,       104.696731
11/27/2008 03:00:00,       131.435853
11/27/2008 04:00:00,       106.211098
11/27/2008 05:00:00,       113.178551
11/27/2008 06:00:00,       113.394543
11/27/2008 07:00:00,        83.801944
11/27/2008 08:00:00,        55.182225
11/27/2008 09:00:00,        40.838582
11/27/2008 10:00:00,        44.150935
11/27/2008 11:00:00,        84.418465
11/27/2008 12:00:00,       274.140788
11/27/2008 13:00:00,       306.231049
11/27/2008 14:00:00,       218.804812
11/27/2008 15:00:00,       156.574112
11/27/2008 16:00:00,       143.053146
11/27/2008 17:00:00,       102.477019
11/27/2008 18:00:00,        62.411521
11/27/2008 19:00:00,        43.305604
11/27/2008 20:00:00,        53.113564
11/27/2008 21:00:00,        76.193554
11/27/2008 22:00:00,       173.962775
11/27/2008 23:00:00,       210.652416
11/28/2008 00:00:00,       242.161062
11/28/2008 01:00:00,       240.662365
11/28/2008 02:00:00,       272.337783
11/28/2008 03:00:00,       339.074894
11/28/2008 04:00:00,       340.133684
11/28/2008 05:00:00,       334.535100
11/28/2008 06:00:00,       351.008574
11/28/2008 07:00:00,       351.459319
11/28/2008 08:00:00,       349.409266
11/28/2008 09:00:00,       342.253887
11/28/2008 10:00:00,       344.121405
11/28/2008 11:00:00,       348.528040
11/28/2008 12:00:00,       346.907700
11/28/2008 13:00:00,       344.882527
11/28/2008 14:00:00,       344.407837
11/28/2008 15:00:00,       340.379443
11/28/2008 16:00:00,       295.674212
11/28/2008 17:00:00,       260.468214
11/28/2008 18:00:00,       165.359506
11/28/2008 19:00:00,        95.831147
11/28/2008 20:00:00,       105.846828
11/28/2008 21:00:00,       131.831905
11/28/2008 22:00:00,       121.111403
11/28/2008 23:00:00,       172.774515
11/29/2008 00:00:00,       230.208719
11/29/2008 01:00:00,       226.016048
11/29/2008 02:00:00,       286.702320
11/29/2008 03:00:00,       323.232165
11/29/2008 04:00:00,       346.603537
11/29/2008 05:00:00,       350.924334
11/29/2008 06:00:00,       351.335662
11/29/2008 07:00:00,       351.441809
11/29/2008 08:00:00,       351.259038
11/29/2008 09:00:00,       350.739119
11/29/2008 10:00:00,       349.535262
11/29/2008 11:00:00,       349.162329
11/29/2008 12:00:00,       350.342817
11/29/2008 13:00:00,       351.297361
11/29/2008 14:00:00,       350.957738
11/29/2008 15:00:00,       350.801316
11/29/2008 16:00:00,       350.616271
11/29/2008 17:00:00,       346.886890
11/29/2008 18:00:00,       325.598502
11/29/2008 19:00:00,       300.838832
11/29/2008 20:00:00,       311.127287
11/29/2008 21:00:00,       334.311484
11/29/2008 22:00:00,       343.713836
11/29/2008 23:00:00,       345.226010
11/30/2008 00:00:00,       344.370021
11/30/2008 01:00:00,       341.064722
11/30/2008 02:00:00,       338.930037
11/30/2008 03:00:00,       337.035760
11/30/2008 04:00:00,       334.447547
11/30/2008 05:00:00,       329.193923
11/30/2008 06:00:00,       328.471052
11/30/2008 07:00:00,       332.232884
11/30/2008 08:00:00,       333.306565
11/30/2008 09:00:00,       333.613969
11/30/2008 10:00:00,       340.124968
11/30/2008 11:00:00,       327.409012
11/30/2008 12:00:00,       231.191929
11/30/2008 13:00:00,       164.682731
11/30/2008 14:00:00,       218.690558
11/30/2008 15:00:00,       242.153542
11/30/2008 16:00:00,       269.328329
11/30/2008 17:00:00,       279.810906
11/30/2008 18:00:00,       190.042191
11/30/2008 19:00:00,        82.496978
11/30/2008 20:00:00,        34.991095
11/30/2008 21:00:00,        14.352473
11/30/2008 22:00:00,         5.994168
11/30/2008 23:00:00,         6.858107
12/01/2008 00:00:00,       352.000000
12/01/2008 01:00:00,       352.000000
12/01/2008 02:00:00,       351.999995
12/01/2008 03:00:00,       351.938653
12/01/2008 04:00:00,       346.130264
12/01/2008 05:00:00,       239.442799
12/01/2008 06:00:00,        66.940255
12/01/2008 07:00:00,        99.616665
12/01/2008 08:00:00,       313.723315
12/01/2008 09:00:00,       351.581060
12/01/2008 10:00:00,       351.314182
12/01/2008 11:00:00,       351.086501
12/01/2008 12:00:00,       349.319771
12/01/2008 13:00:00,       302.389901
12/01/2008 14:00:00,       180.943486
12/01/2008 15:00:00,       119.568581
12/01/2008 16:00:00,        76.370648
12/01/2008 17:00:00,        96.567787
12/01/2008 18:00:00,         2.366007
12/01/2008 19:00:00,         0.000000
12/01/2008 20:00:00,         0.000000
12/01/2008 21:00:00,         0.000000
12/01/2008 22:00:00,         0.000000
12/01/2008 23:00:00,         0.000000
12/02/2008 00:00:00,         0.000000
12/02/2008 01:00:00,         0.000000
12/02/2008 02:00:00,         0.000000
12/02/2008 03:00:00,         0.000000
12/02/2008 04:00:00,         0.000000
12/02/2008 05:00:00,         0.000000
12/02/2008 06:00:00,         0.000000
12/02/2008 07:00:00,         0.000000
12/02/2008 08:00:00,         0.000000
12/02/2008 09:00:00,         0.000000
12/02/2008 10:00:00,         0.000000
12/02/2008 11:00:00,        17.322711
12/02/2008 12:00:00,        94.085715
12/02/2008 13:00:00,        63.828079
12/02/2008 14:00:00,        16.786932
12/02/2008 15:00:00,         2.146331
12/02/2008 16:00:00,         0.000000
12/02/2008 17:00:00,         1.472186
12/02/2008 18:00:00,        41.413177
12/02/2008 19:00:00,        39.569594
12/02/2008 20:00:00,         5.446599
12/02/2008 21:00:00,         2.231543
12/02/2008 22:00:00,         3.192446
12/02/2008 23:00:00,         1.130420
12/03/2008 00:00:00,         0.000000
12/03/2008 01:00:00,         0.000000
12/03/2008 02:00:00,         0.000000
12/03/2008 03:00:00,         0.000000
12/03/2008 04:00:00,         0.000000
12/03/2008 05:00:00,         0.000000
12/03/2008 06:00:00,         0.000000
12/03/2008 07:00:00,         0.000000
12/03/2008 08:00:00,         0.000000
12/03/2008 09:00:00,         4.074240
12/03/2008 10:00:00,        26.521396
12/03/2008 11:00:00,        18.798528
12/03/2008 12:00:00,         9.399347
12/03/2008 13:00:00,         9.340812
12/03/2008 14:00:00,        17.528081
12/03/2008 15:00:00,        27.874586
12/03/2008 16:00:00,        38.600358
12/03/2008 17:00:00,        46.350237
12/03/2008 18:00:00,        45.914309
12/03/2008 19:00:00,         7.309432
12/03/2008 20:00:00,         3.321642
12/03/2008 21:00:00,         0.000000
12/03/2008 22:00:00,         2.657771
12/03/2008 23:00:00,         1.555074
12/04/2008 00:00:00,         2.399342
12/04/2008 01:00:00,        24.992102
12/04/2008 02:00:00,        61.593690
12/04/2008 03:00:00,        88.125823
12/04/2008 04:00:00,        84.174197
12/04/2008 05:00:00,        69.080549
12/04/2008 06:00:00,        69.825224
12/04/2008 07:00:00,        71.117813
12/04/2008 08:00:00,        61.383968
12/04/2008 09:00:00,        89.118607
12/04/2008 10:00:00,       178.951027
12/04/2008 11:00:00,       298.474268
12/04/2008 12:00:00,       347.827694
12/04/2008 13:00:00,       351.717439
12/04/2008 14:00:00,       351.979705
12/04/2008 15:00:00,       351.988429
12/04/2008 16:00:00,       351.972044
12/04/2008 17:00:00,       351.968492
12/04/2008 18:00:00,       351.976530
12/04/2008 19:00:00,       351.987736
12/04/2008 20:00:00,       351.992994
12/04/2008 21:00:00,       351.990300
12/04/2008 22:00:00,       351.989591
12/04/2008 23:00:00,       351.990649
12/05/2008 00:00:00,       351.984495
12/05/2008 01:00:00,       351.954623
12/05/2008 02:00:00,       351.955175
12/05/2008 03:00:00,       351.899356
12/05/2008 04:00:00,       351.693222
12/05/2008 05:00:00,       350.665182
12/05/2008 06:00:00,       347.439269
12/05/2008 07:00:00,       342.737286
12/05/2008 08:00:00,       341.444225
12/05/2008 09:00:00,       344.434588
12/05/2008 10:00:00,       344.217317
12/05/2008 11:00:00,       343.932940
12/05/2008 12:00:00,       345.982095
12/05/2008 13:00:00,       347.344129
12/05/2008 14:00:00,       348.036609
12/05/2008 15:00:00,       347.620372
12/05/2008 16:00:00,       345.737311
12/05/2008 17:00:00,       341.722353
12/05/2008 18:00:00,       331.625624
12/05/2008 19:00:00,       317.242462
12/05/2008 20:00:00,       307.716804
12/05/2008 21:00:00,       306.266554
12/05/2008 22:00:00,       308.399099
12/05/2008 23:00:00,       339.919006
12/06/2008 00:00:00,       349.713051
12/06/2008 01:00:00,       350.974328
12/06/2008 02:00:00,       351.180483
12/06/2008 03:00:00,       351.653878
12/06/2008 04:00:00,       351.862366
12/06/2008 05:00:00,       351.992436
12/06/2008 06:00:00,       351.991676
12/06/2008 07:00:00,       351.975663
12/06/2008 08:00:00,       351.976641
12/06/2008 09:00:00,       351.995139
12/06/2008 10:00:00,       351.995125
12/06/2008 11:00:00,       351.990118
12/06/2008 12:00:00,       351.985325
12/06/2008 13:00:00,       351.976031
12/06/2008 14:00:00,       351.939632
12/06/2008 15:00:00,       351.828135
12/06/2008 16:00:00,       351.553931
12/06/2008 17:00:00,       350.504048
12/06/2008 18:00:00,       344.740880
12/06/2008 19:00:00,       319.693063
12/06/2008 20:00:00,       293.928913
12/06/2008 21:00:00,       293.099679
12/06/2008 22:00:00,       338.160054
12/06/2008 23:00:00,       347.199720
12/07/2008 00:00:00,       347.563006
12/07/2008 01:00:00,       347.266861
12/07/2008 02:00:00,       344.115346
12/07/2008 03:00:00,       348.583136
12/07/2008 04:00:00,       346.866668
12/07/2008 05:00:00,       348.039384
12/07/2008 06:00:00,       349.676924
12/07/2008 07:00:00,       349.608830
12/07/2008 08:00:00,       350.433450
12/07/2008 09:00:00,       346.278927
12/07/2008 10:00:00,       329.835123
12/07/2008 11:00:00,       316.615236
12/07/2008 12:00:00,       325.554873
12/07/2008 13:00:00,        62.553949
12/07/2008 14:00:00,         0.000000
12/07/2008 15:00:00,         0.000000
12/07/2008 16:00:00,         0.000000
12/07/2008 17:00:00,         0.000000
12/07/2008 18:00:00,         0.000000
12/07/2008 19:00:00,         0.000000
12/07/2008 20:00:00,         0.000000
12/07/2008 21:00:00,         0.000000
12/07/2008 22:00:00,         0.000000
12/07/2008 23:00:00,         0.000000
12/08/2008 00:00:00,         0.000000
12/08/2008 01:00:00,         0.000000
12/08/2008 02:00:00,         0.000000
12/08/2008 03:00:00,         0.000000
12/08/2008 04:00:00,         0.000000
12/08/2008 05:00:00,         0.000000
12/08/2008 06:00:00,         0.000000
12/08/2008 07:00:00,         0.055171
12/08/2008 08:00:00,         1.194820
12/08/2008 09:00:00,        10.420383
12/08/2008 10:00:00,        22.856385
12/08/2008 11:00:00,        50.934034
12/08/2008 12:00:00,       166.754062
12/08/2008 13:00:00,       186.707761
12/08/2008 14:00:00,       183.962696
12/08/2008 15:00:00,       219.213900
12/08/2008 16:00:00,       261.229043
12/08/2008 17:00:00,       301.099351
12/08/2008 18:00:00,       310.279956
12/08/2008 19:00:00,       293.416145
12/08/2008 20:00:00,       254.592694
12/08/2008 21:00:00,       212.556524
12/08/2008 22:00:00,       193.672890
12/08/2008 23:00:00,       167.924475
12/09/2008 00:00:00,       159.007745
12/09/2008 01:00:00,       220.398581
12/09/2008 02:00:00,       280.907894
12/09/2008 03:00:00,       312.845754
12/09/2008 04:00:00,       322.955656
12/09/2008 05:00:00,       294.847285
12/09/2008 06:00:00,       206.238920
12/09/2008 07:00:00,       188.551824
12/09/2008 08:00:00,       308.765450
12/09/2008 09:00:00,       351.068475
12/09/2008 10:00:00,       351.998738
12/09/2008 11:00:00,       352.000000
12/09/2008 12:00:00,       352.000000
12/09/2008 13:00:00,       352.000000
12/09/2008 14:00:00,       352.000000
12/09/2008 15:00:00,       352.000000
12/09/2008 16:00:00,       351.994646
12/09/2008 17:00:00,       351.907995
12/09/2008 18:00:00,       351.750700
12/09/2008 19:00:00,       349.992250
12/09/2008 20:00:00,       345.185879
12/09/2008 21:00:00,       344.179439
12/09/2008 22:00:00,       347.275215
12/09/2008 23:00:00,       349.240740
12/10/2008 00:00:00,       350.622844
12/10/2008 01:00:00,       351.105094
12/10/2008 02:00:00,       351.489131
12/10/2008 03:00:00,       351.544087
12/10/2008 04:00:00,       350.911050
12/10/2008 05:00:00,       349.850896
12/10/2008 06:00:00,       348.905615
12/10/2008 07:00:00,       345.090351
12/10/2008 08:00:00,       330.017350
12/10/2008 09:00:00,       321.447609
12/10/2008 10:00:00,       319.448082
12/10/2008 11:00:00,       310.486422
12/10/2008 12:00:00,       313.586509
12/10/2008 13:00:00,       326.717592
12/10/2008 14:00:00,       336.787778
12/10/2008 15:00:00,       349.361951
12/10/2008 16:00:00,       351.412058
12/10/2008 17:00:00,       351.665457
12/10/2008 18:00:00,       351.681574
12/10/2008 19:00:00,       341.263957
12/10/2008 20:00:00,       136.667950
12/10/2008 21:00:00,        13.219567
12/10/2008 22:00:00,         0.000000
12/10/2008 23:00:00,         0.000000
12/11/2008 00:00:00,         0.000000
12/11/2008 01:00:00,         0.000000
12/11/2008 02:00:00,         0.000000
12/11/2008 03:00:00,         0.000000
12/11/2008 04:00:00,         2.691555
12/11/2008 05:00:00,         6.503746
12/11/2008 06:00:00,         2.673147
12/11/2008 07:00:00,         2.422119
12/11/2008 08:00:00,        10.517269
12/11/2008 09:00:00,        31.070333
12/11/2008 10:00:00,        82.334482
12/11/2008 11:00:00,       180.659647
12/11/2008 12:00:00,       273.256577
12/11/2008 13:00:00,       274.566507
12/11/2008 14:00:00,       309.570374
12/11/2008 15:00:00,       336.230681
12/11/2008 16:00:00,       347.384700
12/11/2008 17:00:00,       350.389215
12/11/2008 18:00:00,       351.589612
12/11/2008 19:00:00,       351.860557
12/11/2008 20:00:00,       351.985022
12/11/2008 21:00:00,       351.979470
12/11/2008 22:00:00,       351.958456
12/11/2008 23:00:00,       351.915740
12/12/2008 00:00:00,       351.858738
12/12/2008 01:00:00,       351.296649
12/12/2008 02:00:00,       347.343216
12/12/2008 03:00:00,       329.086672
12/12/2008 04:00:00,       261.876291
12/12/2008 05:00:00,       218.903082
12/12/2008 06:00:00,       199.524290
12/12/2008 07:00:00,       109.176225
12/12/2008 08:00:00,        52.284094
12/12/2008 09:00:00,        21.928953
12/12/2008 10:00:00,         7.212283
12/12/2008 11:00:00,         0.460281
12/12/2008 12:00:00,         0.042481
12/12/2008 13:00:00,         8.341745
12/12/2008 14:00:00,        75.319437
12/12/2008 15:00:00,        32.616769
12/12/2008 16:00:00,         0.000000
12/12/2008 17:00:00,         0.000000
12/12/2008 18:00:00,         0.000000
12/12/2008 19:00:00,         0.000000
12/12/2008 20:00:00,         0.000000
12/12/2008 21:00:00,         0.000000
12/12/2008 22:00:00,         0.000000
12/12/2008 23:00:00,         0.000000
12/13/2008 00:00:00,         0.000000
12/13/2008 01:00:00,         0.000000
12/13/2008 02:00:00,         0.000000
12/13/2008 03:00:00,         0.000000
12/13/2008 04:00:00,         0.000000
12/13/2008 05:00:00,         0.000000
12/13/2008 06:00:00,         0.000000
12/13/2008 07:00:00,         0.000000
12/13/2008 08:00:00,         0.000000
12/13/2008 09:00:00,         0.000000
12/13/2008 10:00:00,         0.000000
12/13/2008 11:00:00,         0.000000
12/13/2008 12:00:00,         0.000000
12/13/2008 13:00:00,         0.000000
12/13/2008 14:00:00,         0.000000
12/13/2008 15:00:00,         0.000000
12/13/2008 16:00:00,         0.000000
12/13/2008 17:00:00,         0.000000
12/13/2008 18:00:00,         1.276318
12/13/2008 19:00:00,         5.386819
12/13/2008 20:00:00,        12.496767
12/13/2008 21:00:00,        22.704828
12/13/2008 22:00:00,         6.258910
12/13/2008 23:00:00,         0.000000
12/14/2008 00:00:00,         0.000000
12/14/2008 01:00:00,        17.968189
12/14/2008 02:00:00,        73.262882
12/14/2008 03:00:00,        77.898663
12/14/2008 04:00:00,        75.712175
12/14/2008 05:00:00,        73.718694
12/14/2008 06:00:00,        70.416753
12/14/2008 07:00:00,        65.306113
12/14/2008 08:00:00,        59.923075
12/14/2008 09:00:00,        51.767639
12/14/2008 10:00:00,        42.117672
12/14/2008 11:00:00,        32.211086
12/14/2008 12:00:00,        22.355917
12/14/2008 13:00:00,        20.847893
12/14/2008 14:00:00,        24.457422
12/14/2008 15:00:00,        30.424278
12/14/2008 16:00:00,        39.544862
12/14/2008 17:00:00,        50.444542
12/14/2008 18:00:00,        57.620556
12/14/2008 19:00:00,        54.627447
12/14/2008 20:00:00,        49.557301
12/14/2008 21:00:00,        46.381334
12/14/2008 22:00:00,        39.993124
12/14/2008 23:00:00,        36.124408
12/15/2008 00:00:00,        32.461580
12/15/2008 01:00:00,        35.468923
12/15/2008 02:00:00,        48.430778
12/15/2008 03:00:00,        59.499460
12/15/2008 04:00:00,        67.644614
12/15/2008 05:00:00,        69.469443
12/15/2008 06:00:00,        52.888174
12/15/2008 07:00:00,        28.357350
12/15/2008 08:00:00,        15.029220
12/15/2008 09:00:00,         7.574265
12/15/2008 10:00:00,         4.720712
12/15/2008 11:00:00,         7.899700
12/15/2008 12:00:00,        19.693735
12/15/2008 13:00:00,        33.435543
12/15/2008 14:00:00,        36.492809
12/15/2008 15:00:00,        36.931721
12/15/2008 16:00:00,        36.897063
12/15/2008 17:00:00,        48.110787
12/15/2008 18:00:00,        76.867514
12/15/2008 19:00:00,        93.163958
12/15/2008 20:00:00,       117.814093
12/15/2008 21:00:00,       111.211978
12/15/2008 22:00:00,        92.209621
12/15/2008 23:00:00,       168.943831
12/16/2008 00:00:00,       256.452080
12/16/2008 01:00:00,       232.698984
12/16/2008 02:00:00,       215.823187
12/16/2008 03:00:00,       226.819072
12/16/2008 04:00:00,       210.537613
12/16/2008 05:00:00,       186.673485
12/16/2008 06:00:00,       170.371799
12/16/2008 07:00:00,       164.425336
12/16/2008 08:00:00,       174.116680
12/16/2008 09:00:00,       194.264722
12/16/2008 10:00:00,       236.357255
12/16/2008 11:00:00,       244.379796
12/16/2008 12:00:00,       248.951500
12/16/2008 13:00:00,       299.264901
12/16/2008 14:00:00,       342.874650
12/16/2008 15:00:00,       350.431649
12/16/2008 16:00:00,       351.407675
12/16/2008 17:00:00,       351.628187
12/16/2008 18:00:00,       351.562685
12/16/2008 19:00:00,       351.163251
12/16/2008 20:00:00,       350.849257
12/16/2008 21:00:00,       350.220291
12/16/2008 22:00:00,       348.766921
12/16/2008 23:00:00,       347.656310
12/17/2008 00:00:00,       347.540672
12/17/2008 01:00:00,       337.868735
12/17/2008 02:00:00,       335.804679
12/17/2008 03:00:00,       349.505695
12/17/2008 04:00:00,       348.690157
12/17/2008 05:00:00,       334.629134
12/17/2008 06:00:00,       324.648790
12/17/2008 07:00:00,       308.890006
12/17/2008 08:00:00,       274.494254
12/17/2008 09:00:00,       174.111012
12/17/2008 10:00:00,       111.064655
12/17/2008 11:00:00,        67.829632
12/17/2008 12:00:00,        44.646169
12/17/2008 13:00:00,        47.054453
12/17/2008 14:00:00,        19.739018
12/17/2008 15:00:00,         1.847914
12/17/2008 16:00:00,         0.101416
12/17/2008 17:00:00,         0.000000
12/17/2008 18:00:00,         0.000000
12/17/2008 19:00:00,         0.000000
12/17/2008 20:00:00,         0.000000
12/17/2008 21:00:00,         0.000000
12/17/2008 22:00:00,         0.000000
12/17/2008 23:00:00,         0.000000
12/18/2008 00:00:00,         0.000000
12/18/2008 01:00:00,         0.000000
12/18/2008 02:00:00,         0.000000
12/18/2008 03:00:00,         0.000000
12/18/2008 04:00:00,         0.000000
12/18/2008 05:00:00,         0.477175
12/18/2008 06:00:00,         1.279768
12/18/2008 07:00:00,         1.742199
12/18/2008 08:00:00,         1.536311
12/18/2008 09:00:00,         0.637497
12/18/2008 10:00:00,         0.011194
12/18/2008 11:00:00,         0.559109
12/18/2008 12:00:00,         0.000000
12/18/2008 13:00:00,         0.000000
12/18/2008 14:00:00,         0.000000
12/18/2008 15:00:00,         0.000000
12/18/2008 16:00:00,         0.000000
12/18/2008 17:00:00,         0.000000
12/18/2008 18:00:00,         0.000000
12/18/2008 19:00:00,         0.808294
12/18/2008 20:00:00,        28.910716
12/18/2008 21:00:00,        90.099896
12/18/2008 22:00:00,       110.937942
12/18/2008 23:00:00,       117.097485
12/19/2008 00:00:00,       107.406649
12/19/2008 01:00:00,       126.938720
12/19/2008 02:00:00,       133.183336
12/19/2008 03:00:00,       129.099190
12/19/2008 04:00:00,       123.066240
12/19/2008 05:00:00,       122.421359
12/19/2008 06:00:00,       118.767134
12/19/2008 07:00:00,       102.062504
12/19/2008 08:00:00,        78.972615
12/19/2008 09:00:00,        54.455134
12/19/2008 10:00:00,        39.783087
12/19/2008 11:00:00,        31.126137
12/19/2008 12:00:00,        25.131632
12/19/2008 13:00:00,        23.348780
12/19/2008 14:00:00,        22.326867
12/19/2008 15:00:00,        21.147049
12/19/2008 16:00:00,        22.916617
12/19/2008 17:00:00,        27.932837
12/19/2008 18:00:00,        27.122092
12/19/2008 19:00:00,        21.923738
12/19/2008 20:00:00,        20.761771
12/19/2008 21:00:00,        22.604303
12/19/2008 22:00:00,        23.505621
12/19/2008 23:00:00,        25.600518
12/20/2008 00:00:00,        29.258062
12/20/2008 01:00:00,        31.417153
12/20/2008 02:00:00,        39.042363
12/20/2008 03:00:00,        45.668508
12/20/2008 04:00:00,        48.347652
12/20/2008 05:00:00,        45.463415
12/20/2008 06:00:00,        43.615797
12/20/2008 07:00:00,        41.649148
12/20/2008 08:00:00,        48.605566
12/20/2008 09:00:00,        54.606448
12/20/2008 10:00:00,        52.643232
12/20/2008 11:00:00,        51.935408
12/20/2008 12:00:00,        37.881282
12/20/2008 13:00:00,        16.839653
12/20/2008 14:00:00,         1.965025
12/20/2008 15:00:00,         0.877631
12/20/2008 16:00:00,         0.570307
12/20/2008 17:00:00,         0.353646
12/20/2008 18:00:00,         0.356003
12/20/2008 19:00:00,         3.125092
12/20/2008 20:00:00,        34.997717
12/20/2008 21:00:00,        72.551449
12/20/2008 22:00:00,        79.758423
12/20/2008 23:00:00,       271.797379
12/21/2008 00:00:00,       327.956404
12/21/2008 01:00:00,       327.172731
12/21/2008 02:00:00,       320.488790
12/21/2008 03:00:00,       311.078470
12/21/2008 04:00:00,       292.730538
12/21/2008 05:00:00,       271.796212
12/21/2008 06:00:00,       257.219564
12/21/2008 07:00:00,       247.844865
12/21/2008 08:00:00,       234.572803
12/21/2008 09:00:00,       223.144961
12/21/2008 10:00:00,       225.923631
12/21/2008 11:00:00,       238.135479
12/21/2008 12:00:00,       244.169737
12/21/2008 13:00:00,       233.172083
12/21/2008 14:00:00,       214.415961
12/21/2008 15:00:00,       195.478286
12/21/2008 16:00:00,       167.340305
12/21/2008 17:00:00,       142.405110
12/21/2008 18:00:00,       122.023921
12/21/2008 19:00:00,        65.258956
12/21/2008 20:00:00,        10.469991
12/21/2008 21:00:00,         1.767831
12/21/2008 22:00:00,        13.991714
12/21/2008 23:00:00,        11.573975
12/22/2008 00:00:00,         0.000000
12/22/2008 01:00:00,         0.000000
12/22/2008 02:00:00,         0.000000
12/22/2008 03:00:00,         0.000000
12/22/2008 04:00:00,         0.000000
12/22/2008 05:00:00,         0.000000
12/22/2008 06:00:00,         0.000000
12/22/2008 07:00:00,         0.000000
12/22/2008 08:00:00,         0.000000
12/22/2008 09:00:00,         0.000000
12/22/2008 10:00:00,         0.000000
12/22/2008 11:00:00,        77.887468
12/22/2008 12:00:00,       265.598276
12/22/2008 13:00:00,       225.701133
12/22/2008 14:00:00,       180.658621
12/22/2008 15:00:00,       172.005540
12/22/2008 16:00:00,       155.382070
12/22/2008 17:00:00,       140.812306
12/22/2008 18:00:00,       131.992719
12/22/2008 19:00:00,       103.743839
12/22/2008 20:00:00,        83.769867
12/22/2008 21:00:00,        70.103663
12/22/2008 22:00:00,        50.080643
12/22/2008 23:00:00,        26.217927
12/23/2008 00:00:00,        14.478771
12/23/2008 01:00:00,         1.386351
12/23/2008 02:00:00,        11.221304
12/23/2008 03:00:00,        58.020783
12/23/2008 04:00:00,        74.202866
12/23/2008 05:00:00,        56.562345
12/23/2008 06:00:00,        24.918644
12/23/2008 07:00:00,        29.558953
12/23/2008 08:00:00,        30.258119
12/23/2008 09:00:00,        80.825458
12/23/2008 10:00:00,       143.140057
12/23/2008 11:00:00,       233.619719
12/23/2008 12:00:00,       317.283157
12/23/2008 13:00:00,       342.147012
12/23/2008 14:00:00,       344.075516
12/23/2008 15:00:00,       345.726958
12/23/2008 16:00:00,       349.042768
12/23/2008 17:00:00,       350.444526
12/23/2008 18:00:00,       349.537026
12/23/2008 19:00:00,       345.254406
12/23/2008 20:00:00,       343.702129
12/23/2008 21:00:00,       346.829440
12/23/2008 22:00:00,       347.677836
12/23/2008 23:00:00,       349.115468
12/24/2008 00:00:00,       351.352941
12/24/2008 01:00:00,       351.838446
12/24/2008 02:00:00,       351.936397
12/24/2008 03:00:00,       350.594569
12/24/2008 04:00:00,       348.144188
12/24/2008 05:00:00,       349.919306
12/24/2008 06:00:00,       349.572395
12/24/2008 07:00:00,       350.130896
12/24/2008 08:00:00,       351.044830
12/24/2008 09:00:00,       351.849323
12/24/2008 10:00:00,       351.195993
12/24/2008 11:00:00,       346.285896
12/24/2008 12:00:00,       329.197124
12/24/2008 13:00:00,       310.257082
12/24/2008 14:00:00,       294.829909
12/24/2008 15:00:00,       269.688134
12/24/2008 16:00:00,       226.660237
12/24/2008 17:00:00,       195.698335
12/24/2008 18:00:00,        91.111930
12/24/2008 19:00:00,        80.502124
12/24/2008 20:00:00,        73.885834
12/24/2008 21:00:00,        71.809926
12/24/2008 22:00:00,        70.101182
12/24/2008 23:00:00,        63.102831
12/25/2008 00:00:00,        50.381105
12/25/2008 01:00:00,        33.598791
12/25/2008 02:00:00,        31.157865
12/25/2008 03:00:00,        19.054830
12/25/2008 04:00:00,        14.140604
12/25/2008 05:00:00,         4.451359
12/25/2008 06:00:00,         0.271619
12/25/2008 07:00:00,         0.410578
12/25/2008 08:00:00,         3.065403
12/25/2008 09:00:00,        21.439194
12/25/2008 10:00:00,        49.161944
12/25/2008 11:00:00,        24.412310
12/25/2008 12:00:00,         0.000000
12/25/2008 13:00:00,         0.000000
12/25/2008 14:00:00,         0.000000
12/25/2008 15:00:00,         0.000000
12/25/2008 16:00:00,         0.000000
12/25/2008 17:00:00,         0.000000
12/25/2008 18:00:00,         0.000000
12/25/2008 19:00:00,         0.000000
12/25/2008 20:00:00,         0.000000
12/25/2008 21:00:00,         0.000000
12/25/2008 22:00:00,         0.000000
12/25/2008 23:00:00,         0.000000
12/26/2008 00:00:00,         0.593543
12/26/2008 01:00:00,        14.992814
12/26/2008 02:00:00,        27.160332
12/26/2008 03:00:00,        15.050826
12/26/2008 04:00:00,        24.473403
12/26/2008 05:00:00,        40.819707
12/26/2008 06:00:00,        69.144847
12/26/2008 07:00:00,       119.806342
12/26/2008 08:00:00,       134.798935
12/26/2008 09:00:00,       179.143851
12/26/2008 10:00:00,       302.866578
12/26/2008 11:00:00,       335.848975
12/26/2008 12:00:00,       346.663223
12/26/2008 13:00:00,       350.720888
12/26/2008 14:00:00,       351.824337
12/26/2008 15:00:00,       351.964890
12/26/2008 16:00:00,       351.998224
12/26/2008 17:00:00,       351.980840
12/26/2008 18:00:00,       351.698688
12/26/2008 19:00:00,       351.902802
12/26/2008 20:00:00,       351.996872
12/26/2008 21:00:00,       351.993591
12/26/2008 22:00:00,       351.997729
12/26/2008 23:00:00,       352.000000
12/27/2008 00:00:00,       351.999566
12/27/2008 01:00:00,       351.659268
12/27/2008 02:00:00,       347.919901
12/27/2008 03:00:00,       350.562038
12/27/2008 04:00:00,       351.999467
12/27/2008 05:00:00,       352.000000
12/27/2008 06:00:00,       351.998743
12/27/2008 07:00:00,       351.995486
12/27/2008 08:00:00,       351.999095
12/27/2008 09:00:00,       352.000000
12/27/2008 10:00:00,       352.000000
12/27/2008 11:00:00,       351.992772
12/27/2008 12:00:00,       346.779147
12/27/2008 13:00:00,       289.906961
12/27/2008 14:00:00,       253.535258
12/27/2008 15:00:00,       315.212029
12/27/2008 16:00:00,       334.325311
12/27/2008 17:00:00,       327.763433
12/27/2008 18:00:00,       279.336529
12/27/2008 19:00:00,       231.380064
12/27/2008 20:00:00,       253.179319
12/27/2008 21:00:00,       274.580921
12/27/2008 22:00:00,       265.762364
12/27/2008 23:00:00,       268.285674
12/28/2008 00:00:00,       191.182427
12/28/2008 01:00:00,       122.855275
12/28/2008 02:00:00,       103.814739
12/28/2008 03:00:00,       101.297303
12/28/2008 04:00:00,        99.302629
12/28/2008 05:00:00,        97.597392
12/28/2008 06:00:00,        79.864410
12/28/2008 07:00:00,        51.552854
12/28/2008 08:00:00,        19.706116
12/28/2008 09:00:00,         6.016103
12/28/2008 10:00:00,         8.879833
12/28/2008 11:00:00,         3.506055
12/28/2008 12:00:00,         0.050336
12/28/2008 13:00:00,         0.000000
12/28/2008 14:00:00,         0.000000
12/28/2008 15:00:00,         0.000000
12/28/2008 16:00:00,        63.874936
12/28/2008 17:00:00,        84.874536
12/28/2008 18:00:00,         0.000000
12/28/2008 19:00:00,        12.811301
12/28/2008 20:00:00,         0.000000
12/28/2008 21:00:00,       101.014643
12/28/2008 22:00:00,       237.930852
12/28/2008 23:00:00,       217.140625
12/29/2008 00:00:00,       173.051645
12/29/2008 01:00:00,       113.009074
12/29/2008 02:00:00,        99.259439
12/29/2008 03:00:00,       128.248282
12/29/2008 04:00:00,       218.104662
12/29/2008 05:00:00,       294.567859
12/29/2008 06:00:00,       298.478457
12/29/2008 07:00:00,       285.784414
12/29/2008 08:00:00,       254.576345
12/29/2008 09:00:00,       235.782046
12/29/2008 10:00:00,       194.483823
12/29/2008 11:00:00,       169.980368
12/29/2008 12:00:00,       196.650161
12/29/2008 13:00:00,       147.333650
12/29/2008 14:00:00,       141.000325
12/29/2008 15:00:00,       127.121510
12/29/2008 16:00:00,       190.552308
12/29/2008 17:00:00,       343.077056
12/29/2008 18:00:00,       352.000000
12/29/2008 19:00:00,       351.999940
12/29/2008 20:00:00,       351.998115
12/29/2008 21:00:00,       322.655462
12/29/2008 22:00:00,        88.000000
12/29/2008 23:00:00,         0.000000
12/30/2008 00:00:00,         0.000000
12/30/2008 01:00:00,         0.000000
12/30/2008 02:00:00,         0.000000
12/30/2008 03:00:00,         0.000000
12/30/2008 04:00:00,         0.000000
12/30/2008 05:00:00,       186.454900
12/30/2008 06:00:00,       338.514308
12/30/2008 07:00:00,       310.760969
12/30/2008 08:00:00,       289.934613
12/30/2008 09:00:00,       263.339958
12/30/2008 10:00:00,       219.247376
12/30/2008 11:00:00,       169.378606
12/30/2008 12:00:00,       129.055955
12/30/2008 13:00:00,       116.193633
12/30/2008 14:00:00,       111.598173
12/30/2008 15:00:00,       108.883790
12/30/2008 16:00:00,       134.237042
12/30/2008 17:00:00,       132.455589
12/30/2008 18:00:00,       152.270709
12/30/2008 19:00:00,       183.917413
12/30/2008 20:00:00,       292.496510
12/30/2008 21:00:00,       283.746979
12/30/2008 22:00:00,       304.162776
12/30/2008 23:00:00,       334.794095
12/31/2008 00:00:00,       347.074613
12/31/2008 01:00:00,       333.145506
12/31/2008 02:00:00,       275.383252
12/31/2008 03:00:00,       263.247443
12/31/2008 04:00:00,       324.103033
12/31/2008 05:00:00,       348.083865
12/31/2008 06:00:00,       349.598589
12/31/2008 07:00:00,       350.723741
12/31/2008 08:00:00,       351.561746
12/31/2008 09:00:00,       351.987067
12/31/2008 10:00:00,       351.598315
12/31/2008 11:00:00,       351.534240
12/31/2008 12:00:00,         2.247701
12/31/2008 13:00:00,         6.823713
12/31/2008 14:00:00,        47.800234
12/31/2008 15:00:00,       141.076157
12/31/2008 16:00:00,       251.750200
12/31/2008 17:00:00,       320.666783
12/31/2008 18:00:00,       338.110610
12/31/2008 19:00:00,       306.105738
12/31/2008 20:00:00,       329.344083
12/31/2008 21:00:00,       351.532910
12/31/2008 22:00:00,       351.981624
12/31/2008 23:00:00,       352.000000
01/01/2009 00:00:00,       351.930175
01/01/2009 01:00:00,       351.977941
01/01/2009 02:00:00,       351.955400
01/01/2009 03:00:00,       351.998609
01/01/2009 04:00:00,       351.980343
01/01/2009 05:00:00,       351.971634
01/01/2009 06:00:00,       351.938072
01/01/2009 07:00:00,       351.853600
01/01/2009 08:00:00,       351.787541
01/01/2009 09:00:00,       351.522807
01/01/2009 10:00:00,       348.685319
01/01/2009 11:00:00,       338.260828
01/01/2009 12:00:00,       338.777873
01/01/2009 13:00:00,       339.749921
01/01/2009 14:00:00,       323.893947
01/01/2009 15:00:00,       316.768916
01/01/2009 16:00:00,       269.440949
01/01/2009 17:00:00,       169.844711
01/01/2009 18:00:00,       117.352956
01/01/2009 19:00:00,        46.761631
01/01/2009 20:00:00,        34.398180
01/01/2009 21:00:00,        73.117758
01/01/2009 22:00:00,       147.559138
01/01/2009 23:00:00,       189.239987
01/02/2009 00:00:00,       126.936302
01/02/2009 01:00:00,         0.000000
01/02/2009 02:00:00,        28.833468
01/02/2009 03:00:00,        95.972590
01/02/2009 04:00:00,        65.990366
01/02/2009 05:00:00,       121.980307
01/02/2009 06:00:00,       265.606762
01/02/2009 07:00:00,       155.328563
01/02/2009 08:00:00,       125.440509
01/02/2009 09:00:00,       136.049076
01/02/2009 10:00:00,       137.070123
01/02/2009 11:00:00,       117.281049
01/02/2009 12:00:00,        79.790064
01/02/2009 13:00:00,        48.540319
01/02/2009 14:00:00,        42.200368
01/02/2009 15:00:00,        76.634613
01/02/2009 16:00:00,       117.531477
01/02/2009 17:00:00,       207.882226
01/02/2009 18:00:00,       285.195174
01/02/2009 19:00:00,       267.300574
01/02/2009 20:00:00,       191.271996
01/02/2009 21:00:00,       141.703419
01/02/2009 22:00:00,        92.754311
01/02/2009 23:00:00,        60.706864
01/03/2009 00:00:00,        34.062810
01/03/2009 01:00:00,        19.904673
01/03/2009 02:00:00,        16.202469
01/03/2009 03:00:00,        18.802973
01/03/2009 04:00:00,        16.058931
01/03/2009 05:00:00,         9.844206
01/03/2009 06:00:00,         6.465749
01/03/2009 07:00:00,         5.637830
01/03/2009 08:00:00,         8.213739
01/03/2009 09:00:00,         4.154989
01/03/2009 10:00:00,         0.486606
01/03/2009 11:00:00,         0.104055
01/03/2009 12:00:00,         1.497438
01/03/2009 13:00:00,        11.664483
01/03/2009 14:00:00,        55.869581
01/03/2009 15:00:00,       101.465477
01/03/2009 16:00:00,       123.256656
01/03/2009 17:00:00,       198.203584
01/03/2009 18:00:00,       180.829583
01/03/2009 19:00:00,       151.081422
01/03/2009 20:00:00,       158.561728
01/03/2009 21:00:00,       179.805569
01/03/2009 22:00:00,       237.210198
01/03/2009 23:00:00,       311.474852
01/04/2009 00:00:00,       340.466766
01/04/2009 01:00:00,       347.326794
01/04/2009 02:00:00,       350.745528
01/04/2009 03:00:00,       350.551722
01/04/2009 04:00:00,       348.806676
01/04/2009 05:00:00,       345.652661
01/04/2009 06:00:00,       347.301930
01/04/2009 07:00:00,       347.398822
01/04/2009 08:00:00,       346.750313
01/04/2009 09:00:00,       346.035957
01/04/2009 10:00:00,       344.383656
01/04/2009 11:00:00,       343.401965
01/04/2009 12:00:00,       343.435475
01/04/2009 13:00:00,       343.843870
01/04/2009 14:00:00,       343.588102
01/04/2009 15:00:00,       342.469286
01/04/2009 16:00:00,       341.490482
01/04/2009 17:00:00,       336.334262
01/04/2009 18:00:00,       324.243113
01/04/2009 19:00:00,       319.060578
01/04/2009 20:00:00,       319.538452
01/04/2009 21:00:00,       322.567834
01/04/2009 22:00:00,       323.576584
01/04/2009 23:00:00,       297.903062
01/05/2009 00:00:00,       217.255937
01/05/2009 01:00:00,       140.154538
01/05/2009 02:00:00,       164.271668
01/05/2009 03:00:00,       172.851457
01/05/2009 04:00:00,       274.289971
01/05/2009 05:00:00,       334.323938
01/05/2009 06:00:00,       343.826135
01/05/2009 07:00:00,       351.827603
01/05/2009 08:00:00,       351.915169
01/05/2009 09:00:00,       351.388674
01/05/2009 10:00:00,       350.267420
01/05/2009 11:00:00,       351.300509
01/05/2009 12:00:00,       351.993458
01/05/2009 13:00:00,       351.996355
01/05/2009 14:00:00,       351.977632
01/05/2009 15:00:00,       351.990517
01/05/2009 16:00:00,       351.693757
01/05/2009 17:00:00,       350.933031
01/05/2009 18:00:00,       349.926000
01/05/2009 19:00:00,       349.890722
01/05/2009 20:00:00,       351.042028
01/05/2009 21:00:00,       351.504579
01/05/2009 22:00:00,       351.741781
01/05/2009 23:00:00,       351.738595
01/06/2009 00:00:00,       351.283785
01/06/2009 01:00:00,       351.166702
01/06/2009 02:00:00,       351.025234
01/06/2009 03:00:00,       351.176357
01/06/2009 04:00:00,       351.394540
01/06/2009 05:00:00,       351.364070
01/06/2009 06:00:00,       351.144463
01/06/2009 07:00:00,       351.260009
01/06/2009 08:00:00,       351.402482
01/06/2009 09:00:00,       351.393751
01/06/2009 10:00:00,       347.530825
01/06/2009 11:00:00,       340.779284
01/06/2009 12:00:00,       346.257076
01/06/2009 13:00:00,       350.299519
01/06/2009 14:00:00,       351.102248
01/06/2009 15:00:00,       351.476773
01/06/2009 16:00:00,       351.602234
01/06/2009 17:00:00,       351.389836
01/06/2009 18:00:00,       350.976134
01/06/2009 19:00:00,       350.473792
01/06/2009 20:00:00,       350.355543
01/06/2009 21:00:00,       345.134568
01/06/2009 22:00:00,       329.060108
01/06/2009 23:00:00,       318.931736
01/07/2009 00:00:00,       303.620094
01/07/2009 01:00:00,       255.555655
01/07/2009 02:00:00,       220.296174
01/07/2009 03:00:00,       222.323977
01/07/2009 04:00:00,       200.223199
01/07/2009 05:00:00,       217.505269
01/07/2009 06:00:00,       277.374145
01/07/2009 07:00:00,       306.554034
01/07/2009 08:00:00,       267.239840
01/07/2009 09:00:00,       213.117812
01/07/2009 10:00:00,       235.014839
01/07/2009 11:00:00,       315.170139
01/07/2009 12:00:00,       349.735131
01/07/2009 13:00:00,       351.520447
01/07/2009 14:00:00,       351.551409
01/07/2009 15:00:00,       351.620588
01/07/2009 16:00:00,       351.624034
01/07/2009 17:00:00,       351.637026
01/07/2009 18:00:00,       351.671884
01/07/2009 19:00:00,       351.533642
01/07/2009 20:00:00,       351.792845
01/07/2009 21:00:00,       351.956550
01/07/2009 22:00:00,       351.905822
01/07/2009 23:00:00,       351.624126
01/08/2009 00:00:00,       351.576117
01/08/2009 01:00:00,       351.478965
01/08/2009 02:00:00,       351.121984
01/08/2009 03:00:00,       351.370729
01/08/2009 04:00:00,       351.417667
01/08/2009 05:00:00,       351.300403
01/08/2009 06:00:00,       351.509650
01/08/2009 07:00:00,       350.512036
01/08/2009 08:00:00,       349.163233
01/08/2009 09:00:00,       350.911184
01/08/2009 10:00:00,       351.864949
01/08/2009 11:00:00,       351.977066
01/08/2009 12:00:00,       351.994854
01/08/2009 13:00:00,       351.993795
01/08/2009 14:00:00,       351.972182
01/08/2009 15:00:00,       351.655567
01/08/2009 16:00:00,       347.387872
01/08/2009 17:00:00,       332.457256
01/08/2009 18:00:00,       328.536729
01/08/2009 19:00:00,       346.494496
01/08/2009 20:00:00,       351.568612
01/08/2009 21:00:00,       340.681070
01/08/2009 22:00:00,       111.418172
01/08/2009 23:00:00,        62.200861
01/09/2009 00:00:00,       250.875791
01/09/2009 01:00:00,       302.927473
01/09/2009 02:00:00,       293.531587
01/09/2009 03:00:00,       254.827043
01/09/2009 04:00:00,       277.668513
01/09/2009 05:00:00,       296.126318
01/09/2009 06:00:00,       244.742408
01/09/2009 07:00:00,       171.763444
01/09/2009 08:00:00,       144.756647
01/09/2009 09:00:00,       126.737767
01/09/2009 10:00:00,        77.333426
01/09/2009 11:00:00,       120.918903
01/09/2009 12:00:00,       158.521374
01/09/2009 13:00:00,       127.798258
01/09/2009 14:00:00,        91.367380
01/09/2009 15:00:00,        67.879349
01/09/2009 16:00:00,        57.395440
01/09/2009 17:00:00,       148.387454
01/09/2009 18:00:00,       132.469680
01/09/2009 19:00:00,       172.731477
01/09/2009 20:00:00,       242.063003
01/09/2009 21:00:00,       292.429549
01/09/2009 22:00:00,       351.568976
01/09/2009 23:00:00,       351.997045
01/10/2009 00:00:00,       351.999946
01/10/2009 01:00:00,       352.000000
01/10/2009 02:00:00,       352.000000
01/10/2009 03:00:00,       352.000000
01/10/2009 04:00:00,       352.000000
01/10/2009 05:00:00,       352.000000
01/10/2009 06:00:00,       351.973340
01/10/2009 07:00:00,       351.782176
01/10/2009 08:00:00,       351.454049
01/10/2009 09:00:00,       351.768769
01/10/2009 10:00:00,       351.954956
01/10/2009 11:00:00,       351.963776
01/10/2009 12:00:00,       351.970590
01/10/2009 13:00:00,       351.974868
01/10/2009 14:00:00,       351.961406
01/10/2009 15:00:00,       351.919375
01/10/2009 16:00:00,       351.859260
01/10/2009 17:00:00,       351.559489
01/10/2009 18:00:00,       350.496318
01/10/2009 19:00:00,       349.150266
01/10/2009 20:00:00,       347.716661
01/10/2009 21:00:00,       345.988977
01/10/2009 22:00:00,       345.856063
01/10/2009 23:00:00,       346.877937
01/11/2009 00:00:00,       346.777785
01/11/2009 01:00:00,       346.522187
01/11/2009 02:00:00,       346.307250
01/11/2009 03:00:00,       345.437624
01/11/2009 04:00:00,       343.503071
01/11/2009 05:00:00,       332.043671
01/11/2009 06:00:00,       320.232059
01/11/2009 07:00:00,       325.048711
01/11/2009 08:00:00,       345.601587
01/11/2009 09:00:00,       349.439372
01/11/2009 10:00:00,       351.791946
01/11/2009 11:00:00,       351.997317
01/11/2009 12:00:00,       352.000000
01/11/2009 13:00:00,       352.000000
01/11/2009 14:00:00,       352.000000
01/11/2009 15:00:00,       352.000000
01/11/2009 16:00:00,       352.000000
01/11/2009 17:00:00,       351.999629
01/11/2009 18:00:00,       351.998684
01/11/2009 19:00:00,       351.998902
01/11/2009 20:00:00,       351.963842
01/11/2009 21:00:00,       351.907790
01/11/2009 22:00:00,       351.961960
01/11/2009 23:00:00,       351.804626
01/12/2009 00:00:00,       351.647908
01/12/2009 01:00:00,       350.989997
01/12/2009 02:00:00,       350.582355
01/12/2009 03:00:00,       333.143114
01/12/2009 04:00:00,       319.876550
01/12/2009 05:00:00,       278.794229
01/12/2009 06:00:00,       269.092562
01/12/2009 07:00:00,       200.122878
01/12/2009 08:00:00,       155.622033
01/12/2009 09:00:00,       193.628874
01/12/2009 10:00:00,       261.329580
01/12/2009 11:00:00,       322.591952
01/12/2009 12:00:00,       249.184150
01/12/2009 13:00:00,       113.982257
01/12/2009 14:00:00,       230.616090
01/12/2009 15:00:00,       294.955062
01/12/2009 16:00:00,       292.364142
01/12/2009 17:00:00,       298.391335
01/12/2009 18:00:00,       314.886424
01/12/2009 19:00:00,       326.087992
01/12/2009 20:00:00,       341.613078
01/12/2009 21:00:00,       347.683712
01/12/2009 22:00:00,       351.516183
01/12/2009 23:00:00,       351.968328
01/13/2009 00:00:00,       351.997299
01/13/2009 01:00:00,       351.997278
01/13/2009 02:00:00,       351.995012
01/13/2009 03:00:00,       351.995893
01/13/2009 04:00:00,       351.997822
01/13/2009 05:00:00,       351.998552
01/13/2009 06:00:00,       351.999499
01/13/2009 07:00:00,       351.999911
01/13/2009 08:00:00,       351.999523
01/13/2009 09:00:00,       351.998591
01/13/2009 10:00:00,       351.998245
01/13/2009 11:00:00,       351.997353
01/13/2009 12:00:00,       351.996512
01/13/2009 13:00:00,       351.986071
01/13/2009 14:00:00,       351.967583
01/13/2009 15:00:00,       351.915658
01/13/2009 16:00:00,       351.713887
01/13/2009 17:00:00,       351.066893
01/13/2009 18:00:00,       349.600923
01/13/2009 19:00:00,       343.633597
01/13/2009 20:00:00,       314.709064
01/13/2009 21:00:00,       248.056244
01/13/2009 22:00:00,       222.921482
01/13/2009 23:00:00,       176.020930
01/14/2009 00:00:00,        88.901942
01/14/2009 01:00:00,        61.942516
01/14/2009 02:00:00,        40.172407
01/14/2009 03:00:00,         0.000000
01/14/2009 04:00:00,         0.000000
01/14/2009 05:00:00,         0.000000
01/14/2009 06:00:00,         0.000000
01/14/2009 07:00:00,         0.000000
01/14/2009 08:00:00,         0.000000
01/14/2009 09:00:00,         0.000000
01/14/2009 10:00:00,         0.000000
01/14/2009 11:00:00,         0.000000
01/14/2009 12:00:00,         0.000000
01/14/2009 13:00:00,         0.000000
01/14/2009 14:00:00,         0.000000
01/14/2009 15:00:00,         0.000000
01/14/2009 16:00:00,         0.000000
01/14/2009 17:00:00,         0.000000
01/14/2009 18:00:00,         0.000000
01/14/2009 19:00:00,         0.000000
01/14/2009 20:00:00,         0.000000
01/14/2009 21:00:00,         0.003713
01/14/2009 22:00:00,         0.828000
01/14/2009 23:00:00,         6.116370
01/15/2009 00:00:00,        18.606787
01/15/2009 01:00:00,        49.590247
01/15/2009 02:00:00,        77.048019
01/15/2009 03:00:00,       119.495875
01/15/2009 04:00:00,       172.275334
01/15/2009 05:00:00,       214.262722
01/15/2009 06:00:00,       213.338593
01/15/2009 07:00:00,       200.381378
01/15/2009 08:00:00,       219.263090
01/15/2009 09:00:00,       220.348871
01/15/2009 10:00:00,       253.936946
01/15/2009 11:00:00,       299.789971
01/15/2009 12:00:00,       319.286746
01/15/2009 13:00:00,       328.202031
01/15/2009 14:00:00,       336.971996
01/15/2009 15:00:00,       343.481384
01/15/2009 16:00:00,       348.958865
01/15/2009 17:00:00,       350.464664
01/15/2009 18:00:00,       349.426786
01/15/2009 19:00:00,       333.536655
01/15/2009 20:00:00,       299.705701
01/15/2009 21:00:00,       302.539911
01/15/2009 22:00:00,       328.777620
01/15/2009 23:00:00,       343.458124
01/16/2009 00:00:00,       347.967918
01/16/2009 01:00:00,       349.291121
01/16/2009 02:00:00,       350.606670
01/16/2009 03:00:00,       351.109553
01/16/2009 04:00:00,       351.296760
01/16/2009 05:00:00,       351.001967
01/16/2009 06:00:00,       349.360202
01/16/2009 07:00:00,       343.629556
01/16/2009 08:00:00,       342.377618
01/16/2009 09:00:00,       347.843923
01/16/2009 10:00:00,       349.652793
01/16/2009 11:00:00,       350.901688
01/16/2009 12:00:00,       351.885354
01/16/2009 13:00:00,       351.920246
01/16/2009 14:00:00,       351.753924
01/16/2009 15:00:00,       350.700512
01/16/2009 16:00:00,       350.745682
01/16/2009 17:00:00,       351.272686
01/16/2009 18:00:00,       349.619514
01/16/2009 19:00:00,       350.696812
01/16/2009 20:00:00,       333.773074
01/16/2009 21:00:00,       281.458167
01/16/2009 22:00:00,       263.181836
01/16/2009 23:00:00,       179.804672
01/17/2009 00:00:00,       112.392152
01/17/2009 01:00:00,       130.471070
01/17/2009 02:00:00,       109.874793
01/17/2009 03:00:00,        66.265470
01/17/2009 04:00:00,       100.193816
01/17/2009 05:00:00,        97.776607
01/17/2009 06:00:00,        95.959510
01/17/2009 07:00:00,        93.894271
01/17/2009 08:00:00,        96.795179
01/17/2009 09:00:00,       106.485027
01/17/2009 10:00:00,       144.790858
01/17/2009 11:00:00,       218.418789
01/17/2009 12:00:00,       253.660615
01/17/2009 13:00:00,       193.386310
01/17/2009 14:00:00,       170.084483
01/17/2009 15:00:00,       191.665191
01/17/2009 16:00:00,       219.681404
01/17/2009 17:00:00,       240.965558
01/17/2009 18:00:00,       208.215330
01/17/2009 19:00:00,       188.801986
01/17/2009 20:00:00,       177.438793
01/17/2009 21:00:00,       137.966688
01/17/2009 22:00:00,       163.647632
01/17/2009 23:00:00,       204.053620
01/18/2009 00:00:00,       253.015231
01/18/2009 01:00:00,       311.561817
01/18/2009 02:00:00,       339.175372
01/18/2009 03:00:00,       348.882466
01/18/2009 04:00:00,       349.772256
01/18/2009 05:00:00,       350.689555
01/18/2009 06:00:00,       350.936299
01/18/2009 07:00:00,       350.360800
01/18/2009 08:00:00,       350.859029
01/18/2009 09:00:00,       350.348179
01/18/2009 10:00:00,       347.973632
01/18/2009 11:00:00,       342.882984
01/18/2009 12:00:00,       339.785926
01/18/2009 13:00:00,       344.530445
01/18/2009 14:00:00,       348.653310
01/18/2009 15:00:00,       350.433804
01/18/2009 16:00:00,       350.174056
01/18/2009 17:00:00,       349.793670
01/18/2009 18:00:00,       347.629376
01/18/2009 19:00:00,       344.691484
01/18/2009 20:00:00,       343.693718
01/18/2009 21:00:00,       343.938223
01/18/2009 22:00:00,       341.560774
01/18/2009 23:00:00,       342.613368
01/19/2009 00:00:00,       346.509198
01/19/2009 01:00:00,       347.050491
01/19/2009 02:00:00,       349.048614
01/19/2009 03:00:00,       349.740920
01/19/2009 04:00:00,       349.126604
01/19/2009 05:00:00,       347.957433
01/19/2009 06:00:00,       339.702935
01/19/2009 07:00:00,       335.171185
01/19/2009 08:00:00,       335.147968
01/19/2009 09:00:00,       330.814100
01/19/2009 10:00:00,       322.472489
01/19/2009 11:00:00,       282.974293
01/19/2009 12:00:00,       174.517177
01/19/2009 13:00:00,       122.580991
01/19/2009 14:00:00,       135.092108
01/19/2009 15:00:00,       143.172584
01/19/2009 16:00:00,       186.787639
01/19/2009 17:00:00,       204.458082
01/19/2009 18:00:00,       213.245587
01/19/2009 19:00:00,       201.514156
01/19/2009 20:00:00,       188.273467
01/19/2009 21:00:00,       198.229761
01/19/2009 22:00:00,       238.890475
01/19/2009 23:00:00,       298.631496
01/20/2009 00:00:00,       309.260541
01/20/2009 01:00:00,       309.291504
01/20/2009 02:00:00,       326.245469
01/20/2009 03:00:00,       333.363787
01/20/2009 04:00:00,       317.157566
01/20/2009 05:00:00,       329.589976
01/20/2009 06:00:00,       348.881808
01/20/2009 07:00:00,       349.095792
01/20/2009 08:00:00,       347.949157
01/20/2009 09:00:00,       343.015457
01/20/2009 10:00:00,       320.383517
01/20/2009 11:00:00,       267.707226
01/20/2009 12:00:00,       239.889593
01/20/2009 13:00:00,       232.292651
01/20/2009 14:00:00,       226.993774
01/20/2009 15:00:00,       200.547007
01/20/2009 16:00:00,       186.724414
01/20/2009 17:00:00,       198.201729
01/20/2009 18:00:00,       214.847706
01/20/2009 19:00:00,       246.630726
01/20/2009 20:00:00,       258.800706
01/20/2009 21:00:00,       236.509908
01/20/2009 22:00:00,       215.962217
01/20/2009 23:00:00,       286.362261
01/21/2009 00:00:00,       346.035214
01/21/2009 01:00:00,       351.556529
01/21/2009 02:00:00,       351.787510
01/21/2009 03:00:00,       351.976932
01/21/2009 04:00:00,       351.993366
01/21/2009 05:00:00,       351.989803
01/21/2009 06:00:00,       351.949010
01/21/2009 07:00:00,       351.612056
01/21/2009 08:00:00,       351.005832
01/21/2009 09:00:00,       350.635780
01/21/2009 10:00:00,       349.898370
01/21/2009 11:00:00,       348.129882
01/21/2009 12:00:00,       344.096989
01/21/2009 13:00:00,       336.210864
01/21/2009 14:00:00,       330.890832
01/21/2009 15:00:00,       325.034736
01/21/2009 16:00:00,       297.623043
01/21/2009 17:00:00,       260.711543
01/21/2009 18:00:00,       228.329511
01/21/2009 19:00:00,       210.175276
01/21/2009 20:00:00,       202.260189
01/21/2009 21:00:00,       224.319727
01/21/2009 22:00:00,       239.677172
01/21/2009 23:00:00,       272.158963
01/22/2009 00:00:00,       304.116523
01/22/2009 01:00:00,       343.923704
01/22/2009 02:00:00,       351.794122
01/22/2009 03:00:00,       351.468557
01/22/2009 04:00:00,       349.365517
01/22/2009 05:00:00,       343.893188
01/22/2009 06:00:00,       340.949782
01/22/2009 07:00:00,       348.890309
01/22/2009 08:00:00,       351.056734
01/22/2009 09:00:00,       341.158910
01/22/2009 10:00:00,       348.221570
01/22/2009 11:00:00,       351.882595
01/22/2009 12:00:00,       351.693537
01/22/2009 13:00:00,       350.829781
01/22/2009 14:00:00,       177.453771
01/22/2009 15:00:00,       177.138314
01/22/2009 16:00:00,       174.697414
01/22/2009 17:00:00,       132.228676
01/22/2009 18:00:00,       118.542249
01/22/2009 19:00:00,       118.189326
01/22/2009 20:00:00,       104.717984
01/22/2009 21:00:00,        91.358804
01/22/2009 22:00:00,        85.526670
01/22/2009 23:00:00,        93.719779
01/23/2009 00:00:00,        94.705769
01/23/2009 01:00:00,        83.897439
01/23/2009 02:00:00,        48.253941
01/23/2009 03:00:00,        39.838938
01/23/2009 04:00:00,        46.697752
01/23/2009 05:00:00,        56.659592
01/23/2009 06:00:00,        61.312586
01/23/2009 07:00:00,        41.628737
01/23/2009 08:00:00,        16.718045
01/23/2009 09:00:00,         9.106849
01/23/2009 10:00:00,         9.743784
01/23/2009 11:00:00,        13.831752
01/23/2009 12:00:00,        16.033126
01/23/2009 13:00:00,        10.368454
01/23/2009 14:00:00,         6.234379
01/23/2009 15:00:00,         3.269835
01/23/2009 16:00:00,         3.047935
01/23/2009 17:00:00,         2.946685
01/23/2009 18:00:00,         0.706289
01/23/2009 19:00:00,         0.000000
01/23/2009 20:00:00,         0.004363
01/23/2009 21:00:00,         0.153630
01/23/2009 22:00:00,         0.432825
01/23/2009 23:00:00,         1.138180
01/24/2009 00:00:00,         6.823878
01/24/2009 01:00:00,        14.742805
01/24/2009 02:00:00,        19.496613
01/24/2009 03:00:00,        21.527454
01/24/2009 04:00:00,        16.040852
01/24/2009 05:00:00,         7.139339
01/24/2009 06:00:00,         3.143539
01/24/2009 07:00:00,         1.365918
01/24/2009 08:00:00,         1.105114
01/24/2009 09:00:00,         0.510116
01/24/2009 10:00:00,         0.142717
01/24/2009 11:00:00,         0.212021
01/24/2009 12:00:00,         0.256420
01/24/2009 13:00:00,         0.381017
01/24/2009 14:00:00,         0.858687
01/24/2009 15:00:00,         1.848809
01/24/2009 16:00:00,         3.528171
01/24/2009 17:00:00,         3.476185
01/24/2009 18:00:00,         2.795511
01/24/2009 19:00:00,         2.882044
01/24/2009 20:00:00,         2.396421
01/24/2009 21:00:00,         1.975134
01/24/2009 22:00:00,         2.752418
01/24/2009 23:00:00,         5.801561
01/25/2009 00:00:00,         8.899034
01/25/2009 01:00:00,         8.795126
01/25/2009 02:00:00,         7.926974
01/25/2009 03:00:00,        11.850043
01/25/2009 04:00:00,        24.405454
01/25/2009 05:00:00,        36.270713
01/25/2009 06:00:00,        49.191700
01/25/2009 07:00:00,        76.084128
01/25/2009 08:00:00,       106.663364
01/25/2009 09:00:00,       129.416480
01/25/2009 10:00:00,       135.584741
01/25/2009 11:00:00,       125.535901
01/25/2009 12:00:00,       121.957808
01/25/2009 13:00:00,       143.012221
01/25/2009 14:00:00,       166.220552
01/25/2009 15:00:00,       177.753084
01/25/2009 16:00:00,       202.268654
01/25/2009 17:00:00,       230.975834
01/25/2009 18:00:00,       217.173599
01/25/2009 19:00:00,       119.314939
01/25/2009 20:00:00,        50.825598
01/25/2009 21:00:00,        33.721672
01/25/2009 22:00:00,        42.855672
01/25/2009 23:00:00,        65.898570
01/26/2009 00:00:00,        97.552194
01/26/2009 01:00:00,       122.762335
01/26/2009 02:00:00,       161.916775
01/26/2009 03:00:00,       213.626344
01/26/2009 04:00:00,       246.627236
01/26/2009 05:00:00,       237.614367
01/26/2009 06:00:00,       214.662468
01/26/2009 07:00:00,       195.643391
01/26/2009 08:00:00,       154.564933
01/26/2009 09:00:00,       124.824233
01/26/2009 10:00:00,       137.361990
01/26/2009 11:00:00,       174.526885
01/26/2009 12:00:00,       204.293696
01/26/2009 13:00:00,       225.672625
01/26/2009 14:00:00,       210.308039
01/26/2009 15:00:00,       183.454962
01/26/2009 16:00:00,       151.671898
01/26/2009 17:00:00,       111.698151
01/26/2009 18:00:00,        90.354379
01/26/2009 19:00:00,        81.725851
01/26/2009 20:00:00,        59.771912
01/26/2009 21:00:00,        41.279493
01/26/2009 22:00:00,        28.967242
01/26/2009 23:00:00,        41.928860
01/27/2009 00:00:00,        81.468388
01/27/2009 01:00:00,       141.691632
01/27/2009 02:00:00,       249.239238
01/27/2009 03:00:00,       330.959841
01/27/2009 04:00:00,       348.631577
01/27/2009 05:00:00,       350.732718
01/27/2009 06:00:00,       351.710813
01/27/2009 07:00:00,       351.869070
01/27/2009 08:00:00,       351.970907
01/27/2009 09:00:00,       352.000000
01/27/2009 10:00:00,       352.000000
01/27/2009 11:00:00,       352.000000
01/27/2009 12:00:00,       352.000000
01/27/2009 13:00:00,       352.000000
01/27/2009 14:00:00,       352.000000
01/27/2009 15:00:00,       352.000000
01/27/2009 16:00:00,       352.000000
01/27/2009 17:00:00,       352.000000
01/27/2009 18:00:00,       352.000000
01/27/2009 19:00:00,       352.000000
01/27/2009 20:00:00,       352.000000
01/27/2009 21:00:00,       352.000000
01/27/2009 22:00:00,       352.000000
01/27/2009 23:00:00,       352.000000
01/28/2009 00:00:00,       352.000000
01/28/2009 01:00:00,       352.000000
01/28/2009 02:00:00,       352.000000
01/28/2009 03:00:00,       351.999728
01/28/2009 04:00:00,       351.989291
01/28/2009 05:00:00,       351.966555
01/28/2009 06:00:00,       351.932037
01/28/2009 07:00:00,       351.775723
01/28/2009 08:00:00,       351.320326
01/28/2009 09:00:00,       350.783027
01/28/2009 10:00:00,       350.318443
01/28/2009 11:00:00,       349.540839
01/28/2009 12:00:00,       348.602264
01/28/2009 13:00:00,       347.109253
01/28/2009 14:00:00,       345.005193
01/28/2009 15:00:00,       341.926848
01/28/2009 16:00:00,       333.376493
01/28/2009 17:00:00,       317.588010
01/28/2009 18:00:00,       291.934464
01/28/2009 19:00:00,       280.110816
01/28/2009 20:00:00,       299.515191
01/28/2009 21:00:00,       329.034177
01/28/2009 22:00:00,       335.406848
01/28/2009 23:00:00,       333.452497
01/29/2009 00:00:00,       335.749937
01/29/2009 01:00:00,       335.971067
01/29/2009 02:00:00,       342.541770
01/29/2009 03:00:00,       347.511395
01/29/2009 04:00:00,       348.224495
01/29/2009 05:00:00,       347.708381
01/29/2009 06:00:00,       343.430364
01/29/2009 07:00:00,       342.839458
01/29/2009 08:00:00,       343.458289
01/29/2009 09:00:00,       345.461490
01/29/2009 10:00:00,       347.037605
01/29/2009 11:00:00,       349.249379
01/29/2009 12:00:00,       350.632842
01/29/2009 13:00:00,       351.482238
01/29/2009 14:00:00,       351.854543
01/29/2009 15:00:00,       351.966137
01/29/2009 16:00:00,       351.988129
01/29/2009 17:00:00,       351.990550
01/29/2009 18:00:00,       351.982115
01/29/2009 19:00:00,       351.978616
01/29/2009 20:00:00,       351.986206
01/29/2009 21:00:00,       351.994973
01/29/2009 22:00:00,       351.998501
01/29/2009 23:00:00,       351.999757
01/30/2009 00:00:00,       352.000000
01/30/2009 01:00:00,       351.999856
01/30/2009 02:00:00,       351.999349
01/30/2009 03:00:00,       351.998950
01/30/2009 04:00:00,       351.998481
01/30/2009 05:00:00,       351.997827
01/30/2009 06:00:00,       351.997557
01/30/2009 07:00:00,       351.998124
01/30/2009 08:00:00,       351.998661
01/30/2009 09:00:00,       351.998762
01/30/2009 10:00:00,       351.998398
01/30/2009 11:00:00,       351.999074
01/30/2009 12:00:00,       351.999883
01/30/2009 13:00:00,       351.999554
01/30/2009 14:00:00,       351.999887
01/30/2009 15:00:00,       351.999813
01/30/2009 16:00:00,       351.860034
01/30/2009 17:00:00,       350.933220
01/30/2009 18:00:00,       352.000000
01/30/2009 19:00:00,       325.333333
01/30/2009 20:00:00,       210.666667
01/30/2009 21:00:00,       224.000000
01/30/2009 22:00:00,       349.333333
01/30/2009 23:00:00,       351.998729
01/31/2009 00:00:00,       351.988080
01/31/2009 01:00:00,       351.960594
01/31/2009 02:00:00,       351.987278
01/31/2009 03:00:00,       351.988593
01/31/2009 04:00:00,       351.921137
01/31/2009 05:00:00,       351.955533
01/31/2009 06:00:00,       351.977953
01/31/2009 07:00:00,       351.908908
01/31/2009 08:00:00,       351.855053
01/31/2009 09:00:00,       351.985347
01/31/2009 10:00:00,       351.997543
01/31/2009 11:00:00,       351.882430
01/31/2009 12:00:00,       350.931127
01/31/2009 13:00:00,       345.896180
01/31/2009 14:00:00,       351.649937
01/31/2009 15:00:00,       351.845270
01/31/2009 16:00:00,       351.809471
01/31/2009 17:00:00,       350.756881
01/31/2009 18:00:00,       347.220910
01/31/2009 19:00:00,       346.452675
01/31/2009 20:00:00,       345.566991
01/31/2009 21:00:00,       342.967778
01/31/2009 22:00:00,       335.692542
01/31/2009 23:00:00,       326.839801
02/01/2009 00:00:00,       335.874247
02/01/2009 01:00:00,       327.550915
02/01/2009 02:00:00,       346.858040
02/01/2009 03:00:00,       346.588785
02/01/2009 04:00:00,       341.679698
02/01/2009 05:00:00,       338.841334
02/01/2009 06:00:00,       349.236474
02/01/2009 07:00:00,       343.126374
02/01/2009 08:00:00,       330.351062
02/01/2009 09:00:00,       327.704737
02/01/2009 10:00:00,       332.122073
02/01/2009 11:00:00,       340.345501
02/01/2009 12:00:00,       344.656696
02/01/2009 13:00:00,       341.466990
02/01/2009 14:00:00,       337.566979
02/01/2009 15:00:00,       339.872120
02/01/2009 16:00:00,       339.083660
02/01/2009 17:00:00,       316.880514
02/01/2009 18:00:00,       254.911851
02/01/2009 19:00:00,       194.353870
02/01/2009 20:00:00,       241.062415
02/01/2009 21:00:00,       286.580602
02/01/2009 22:00:00,       331.437021
02/01/2009 23:00:00,       348.580733
02/02/2009 00:00:00,       350.204719
02/02/2009 01:00:00,       350.112767
02/02/2009 02:00:00,       348.896033
02/02/2009 03:00:00,       348.495213
02/02/2009 04:00:00,       349.970607
02/02/2009 05:00:00,       351.562624
02/02/2009 06:00:00,       351.914744
02/02/2009 07:00:00,       351.972067
02/02/2009 08:00:00,       351.987075
02/02/2009 09:00:00,       351.996543
02/02/2009 10:00:00,       351.997148
02/02/2009 11:00:00,       351.981817
02/02/2009 12:00:00,       351.922710
02/02/2009 13:00:00,       351.979289
02/02/2009 14:00:00,       351.997412
02/02/2009 15:00:00,       351.999878
02/02/2009 16:00:00,       352.000000
02/02/2009 17:00:00,       352.000000
02/02/2009 18:00:00,       351.999990
02/02/2009 19:00:00,       351.999313
02/02/2009 20:00:00,       351.997888
02/02/2009 21:00:00,       351.994259
02/02/2009 22:00:00,       351.989017
02/02/2009 23:00:00,       351.988001
02/03/2009 00:00:00,       351.993031
02/03/2009 01:00:00,       351.991741
02/03/2009 02:00:00,       351.955344
02/03/2009 03:00:00,       351.573357
02/03/2009 04:00:00,       349.061454
02/03/2009 05:00:00,       339.993347
02/03/2009 06:00:00,       332.883175
02/03/2009 07:00:00,       339.723248
02/03/2009 08:00:00,       341.440042
02/03/2009 09:00:00,       328.779952
02/03/2009 10:00:00,       333.324298
02/03/2009 11:00:00,       339.643802
02/03/2009 12:00:00,       342.095646
02/03/2009 13:00:00,       333.351545
02/03/2009 14:00:00,       310.805524
02/03/2009 15:00:00,       293.213447
02/03/2009 16:00:00,       305.726679
02/03/2009 17:00:00,       329.304684
02/03/2009 18:00:00,       333.602764
02/03/2009 19:00:00,       323.805861
02/03/2009 20:00:00,       313.787540
02/03/2009 21:00:00,       301.924636
02/03/2009 22:00:00,       184.500356
02/03/2009 23:00:00,       104.928900
02/04/2009 00:00:00,       173.046154
02/04/2009 01:00:00,       240.675413
02/04/2009 02:00:00,       319.549383
02/04/2009 03:00:00,       327.951853
02/04/2009 04:00:00,       323.006256
02/04/2009 05:00:00,       343.362609
02/04/2009 06:00:00,       351.879174
02/04/2009 07:00:00,       351.992027
02/04/2009 08:00:00,       351.961122
02/04/2009 09:00:00,       351.825665
02/04/2009 10:00:00,       351.470403
02/04/2009 11:00:00,       351.198618
02/04/2009 12:00:00,       351.077970
02/04/2009 13:00:00,       350.785909
02/04/2009 14:00:00,       351.227270
02/04/2009 15:00:00,       351.548624
02/04/2009 16:00:00,       351.570711
02/04/2009 17:00:00,       350.981534
02/04/2009 18:00:00,       347.981262
02/04/2009 19:00:00,       340.242611
02/04/2009 20:00:00,       325.041794
02/04/2009 21:00:00,       295.400884
02/04/2009 22:00:00,       263.855042
02/04/2009 23:00:00,       249.679360
02/05/2009 00:00:00,       243.099471
02/05/2009 01:00:00,       263.434199
02/05/2009 02:00:00,       248.676917
02/05/2009 03:00:00,       210.587862
02/05/2009 04:00:00,       232.865187
02/05/2009 05:00:00,       308.162863
02/05/2009 06:00:00,       346.636040
02/05/2009 07:00:00,       350.930658
02/05/2009 08:00:00,       351.420966
02/05/2009 09:00:00,       351.629225
02/05/2009 10:00:00,       351.748768
02/05/2009 11:00:00,       351.852295
02/05/2009 12:00:00,       351.888934
02/05/2009 13:00:00,       351.795736
02/05/2009 14:00:00,       350.019642
02/05/2009 15:00:00,       334.917314
02/05/2009 16:00:00,       293.046263
02/05/2009 17:00:00,       228.773942
02/05/2009 18:00:00,       195.942950
02/05/2009 19:00:00,       200.318235
02/05/2009 20:00:00,       137.774926
02/05/2009 21:00:00,        91.796058
02/05/2009 22:00:00,        55.683864
02/05/2009 23:00:00,        57.269070
02/06/2009 00:00:00,        68.533340
02/06/2009 01:00:00,        93.616302
02/06/2009 02:00:00,       120.671962
02/06/2009 03:00:00,       111.767947
02/06/2009 04:00:00,       116.710120
02/06/2009 05:00:00,       158.091913
02/06/2009 06:00:00,       269.384461
02/06/2009 07:00:00,       298.279703
02/06/2009 08:00:00,       278.841131
02/06/2009 09:00:00,       295.085628
02/06/2009 10:00:00,       243.606229
02/06/2009 11:00:00,       201.474576
02/06/2009 12:00:00,       183.891506
02/06/2009 13:00:00,       217.905478
02/06/2009 14:00:00,       287.374684
02/06/2009 15:00:00,       306.273611
02/06/2009 16:00:00,       244.116952
02/06/2009 17:00:00,       189.299256
02/06/2009 18:00:00,       135.664873
02/06/2009 19:00:00,        62.914280
02/06/2009 20:00:00,        52.305446
02/06/2009 21:00:00,        41.435247
02/06/2009 22:00:00,        58.456023
02/06/2009 23:00:00,        23.446862
02/07/2009 00:00:00,         0.000000
02/07/2009 01:00:00,        14.134259
02/07/2009 02:00:00,       106.072631
02/07/2009 03:00:00,         0.000000
02/07/2009 04:00:00,         0.000000
02/07/2009 05:00:00,         0.000000
02/07/2009 06:00:00,        15.587196
02/07/2009 07:00:00,         9.405239
02/07/2009 08:00:00,        28.967753
02/07/2009 09:00:00,        73.821725
02/07/2009 10:00:00,        90.947189
02/07/2009 11:00:00,       107.495551
02/07/2009 12:00:00,       118.198153
02/07/2009 13:00:00,       175.311806
02/07/2009 14:00:00,       145.694376
02/07/2009 15:00:00,       245.604530
02/07/2009 16:00:00,       332.464820
02/07/2009 17:00:00,       323.082099
02/07/2009 18:00:00,       275.242141
02/07/2009 19:00:00,       236.063544
02/07/2009 20:00:00,       240.090091
02/07/2009 21:00:00,       226.912757
02/07/2009 22:00:00,       241.832461
02/07/2009 23:00:00,       268.505596
02/08/2009 00:00:00,       310.471023
02/08/2009 01:00:00,       332.237835
02/08/2009 02:00:00,       333.600477
02/08/2009 03:00:00,       332.650356
02/08/2009 04:00:00,       326.207723
02/08/2009 05:00:00,       326.158777
02/08/2009 06:00:00,       327.894113
02/08/2009 07:00:00,       296.706278
02/08/2009 08:00:00,       256.181627
02/08/2009 09:00:00,       256.658083
02/08/2009 10:00:00,       244.277588
02/08/2009 11:00:00,       227.119686
02/08/2009 12:00:00,       199.008160
02/08/2009 13:00:00,       150.217598
02/08/2009 14:00:00,       102.942871
02/08/2009 15:00:00,        82.304930
02/08/2009 16:00:00,       100.726041
02/08/2009 17:00:00,        68.208140
02/08/2009 18:00:00,        33.479913
02/08/2009 19:00:00,         4.733368
02/08/2009 20:00:00,         1.889833
02/08/2009 21:00:00,         0.843309
02/08/2009 22:00:00,         0.083929
02/08/2009 23:00:00,         1.018077
02/09/2009 00:00:00,        21.988500
02/09/2009 01:00:00,        77.448444
02/09/2009 02:00:00,       110.325704
02/09/2009 03:00:00,       121.077899
02/09/2009 04:00:00,       185.652677
02/09/2009 05:00:00,       278.501223
02/09/2009 06:00:00,       317.020398
02/09/2009 07:00:00,       342.969710
02/09/2009 08:00:00,       350.103752
02/09/2009 09:00:00,       351.159314
02/09/2009 10:00:00,       351.044950
02/09/2009 11:00:00,       350.923067
02/09/2009 12:00:00,       350.678970
02/09/2009 13:00:00,       349.543675
02/09/2009 14:00:00,       349.064764
02/09/2009 15:00:00,       349.362888
02/09/2009 16:00:00,       347.703123
02/09/2009 17:00:00,       344.861787
02/09/2009 18:00:00,       327.925463
02/09/2009 19:00:00,       287.809690
02/09/2009 20:00:00,       280.298045
02/09/2009 21:00:00,       299.036434
02/09/2009 22:00:00,       294.606169
02/09/2009 23:00:00,       302.887622
02/10/2009 00:00:00,       322.462488
02/10/2009 01:00:00,       340.556250
02/10/2009 02:00:00,       347.374067
02/10/2009 03:00:00,       349.350560
02/10/2009 04:00:00,       350.047072
02/10/2009 05:00:00,       350.174004
02/10/2009 06:00:00,       349.852986
02/10/2009 07:00:00,       349.380472
02/10/2009 08:00:00,       350.151128
02/10/2009 09:00:00,       351.320642
02/10/2009 10:00:00,       351.872624
02/10/2009 11:00:00,       351.829420
02/10/2009 12:00:00,       350.895641
02/10/2009 13:00:00,       349.477193
02/10/2009 14:00:00,       346.242500
02/10/2009 15:00:00,       333.835020
02/10/2009 16:00:00,       315.552391
02/10/2009 17:00:00,       228.815329
02/10/2009 18:00:00,       177.087061
02/10/2009 19:00:00,       192.951546
02/10/2009 20:00:00,       139.631859
02/10/2009 21:00:00,       107.249605
02/10/2009 22:00:00,        88.944658
02/10/2009 23:00:00,        28.627132
02/11/2009 00:00:00,        16.473822
02/11/2009 01:00:00,        26.561764
02/11/2009 02:00:00,        31.936353
02/11/2009 03:00:00,        27.427883
02/11/2009 04:00:00,        35.210512
02/11/2009 05:00:00,        26.976686
02/11/2009 06:00:00,        37.042403
02/11/2009 07:00:00,        31.530516
02/11/2009 08:00:00,        19.131290
02/11/2009 09:00:00,         6.773700
02/11/2009 10:00:00,         1.691776
02/11/2009 11:00:00,         0.436777
02/11/2009 12:00:00,         0.018184
02/11/2009 13:00:00,         0.242342
02/11/2009 14:00:00,         3.375078
02/11/2009 15:00:00,         5.588657
02/11/2009 16:00:00,        11.794080
02/11/2009 17:00:00,        31.889355
02/11/2009 18:00:00,        25.040151
02/11/2009 19:00:00,         4.499383
02/11/2009 20:00:00,         0.076270
02/11/2009 21:00:00,         0.233618
02/11/2009 22:00:00,         4.153761
02/11/2009 23:00:00,         6.702531
02/12/2009 00:00:00,         1.852377
02/12/2009 01:00:00,         0.082477
02/12/2009 02:00:00,         0.027986
02/12/2009 03:00:00,         0.008271
02/12/2009 04:00:00,         0.140223
02/12/2009 05:00:00,         5.640400
02/12/2009 06:00:00,        32.021626
02/12/2009 07:00:00,        45.639419
02/12/2009 08:00:00,        41.282069
02/12/2009 09:00:00,        25.323191
02/12/2009 10:00:00,         8.763190
02/12/2009 11:00:00,         2.277835
02/12/2009 12:00:00,         0.389384
02/12/2009 13:00:00,         0.032946
02/12/2009 14:00:00,         3.208904
02/12/2009 15:00:00,        19.807199
02/12/2009 16:00:00,        32.240915
02/12/2009 17:00:00,        25.499771
02/12/2009 18:00:00,        16.764865
02/12/2009 19:00:00,        18.579552
02/12/2009 20:00:00,        28.016570
02/12/2009 21:00:00,        31.606293
02/12/2009 22:00:00,        18.331688
02/12/2009 23:00:00,        21.072658
02/13/2009 00:00:00,        34.150391
02/13/2009 01:00:00,        61.908434
02/13/2009 02:00:00,        69.222142
02/13/2009 03:00:00,        54.794728
02/13/2009 04:00:00,        35.343020
02/13/2009 05:00:00,        32.296249
02/13/2009 06:00:00,         9.331149
02/13/2009 07:00:00,         0.568700
02/13/2009 08:00:00,        10.612674
02/13/2009 09:00:00,         5.421062
02/13/2009 10:00:00,         0.000000
02/13/2009 11:00:00,         0.000000
02/13/2009 12:00:00,         0.206656
02/13/2009 13:00:00,         2.151359
02/13/2009 14:00:00,         4.744305
02/13/2009 15:00:00,         4.118029
02/13/2009 16:00:00,         2.996687
02/13/2009 17:00:00,         0.916775
02/13/2009 18:00:00,         0.056906
02/13/2009 19:00:00,         0.000000
02/13/2009 20:00:00,         0.000034
02/13/2009 21:00:00,         0.453493
02/13/2009 22:00:00,         1.799038
02/13/2009 23:00:00,         5.090560
02/14/2009 00:00:00,         8.254055
02/14/2009 01:00:00,         8.443829
02/14/2009 02:00:00,        13.536735
02/14/2009 03:00:00,        23.182627
02/14/2009 04:00:00,        29.684461
02/14/2009 05:00:00,        32.095741
02/14/2009 06:00:00,        31.894458
02/14/2009 07:00:00,        25.525921
02/14/2009 08:00:00,        15.574642
02/14/2009 09:00:00,         6.937832
02/14/2009 10:00:00,         2.253223
02/14/2009 11:00:00,         1.088221
02/14/2009 12:00:00,         1.174579
02/14/2009 13:00:00,         2.652944
02/14/2009 14:00:00,         3.212698
02/14/2009 15:00:00,         2.397485
02/14/2009 16:00:00,         1.412162
02/14/2009 17:00:00,         0.723628
02/14/2009 18:00:00,         0.159685
02/14/2009 19:00:00,         0.000000
02/14/2009 20:00:00,         0.000000
02/14/2009 21:00:00,         0.000000
02/14/2009 22:00:00,         0.000000
02/14/2009 23:00:00,         0.570280
02/15/2009 00:00:00,         2.514604
02/15/2009 01:00:00,         4.411454
02/15/2009 02:00:00,         7.334827
02/15/2009 03:00:00,         7.705371
02/15/2009 04:00:00,        13.061831
02/15/2009 05:00:00,        32.579712
02/15/2009 06:00:00,        53.135180
02/15/2009 07:00:00,        51.840738
02/15/2009 08:00:00,        40.953388
02/15/2009 09:00:00,        39.925236
02/15/2009 10:00:00,        18.532453
02/15/2009 11:00:00,         4.181485
02/15/2009 12:00:00,         0.482465
02/15/2009 13:00:00,         0.052722
02/15/2009 14:00:00,         0.000000
02/15/2009 15:00:00,         0.009492
02/15/2009 16:00:00,         0.203383
02/15/2009 17:00:00,         0.714887
02/15/2009 18:00:00,         0.212561
02/15/2009 19:00:00,         0.010014
02/15/2009 20:00:00,         0.000000
02/15/2009 21:00:00,         0.000000
02/15/2009 22:00:00,         0.056494
02/15/2009 23:00:00,         0.033580
02/16/2009 00:00:00,         1.299497
02/16/2009 01:00:00,         3.687858
02/16/2009 02:00:00,         5.743257
02/16/2009 03:00:00,         8.915786
02/16/2009 04:00:00,         6.373063
02/16/2009 05:00:00,         4.128404
02/16/2009 06:00:00,         3.232475
02/16/2009 07:00:00,         3.332634
02/16/2009 08:00:00,         4.559943
02/16/2009 09:00:00,        11.689756
02/16/2009 10:00:00,        14.315316
02/16/2009 11:00:00,        21.871944
02/16/2009 12:00:00,        20.449083
02/16/2009 13:00:00,        26.219647
02/16/2009 14:00:00,        16.986628
02/16/2009 15:00:00,        11.238378
02/16/2009 16:00:00,        14.520646
02/16/2009 17:00:00,        17.873714
02/16/2009 18:00:00,        14.806476
02/16/2009 19:00:00,         9.782742
02/16/2009 20:00:00,         1.302983
02/16/2009 21:00:00,         0.196876
02/16/2009 22:00:00,         6.625771
02/16/2009 23:00:00,        49.846592
02/17/2009 00:00:00,        47.625919
02/17/2009 01:00:00,        23.475179
02/17/2009 02:00:00,        10.157320
02/17/2009 03:00:00,        22.665342
02/17/2009 04:00:00,        68.207832
02/17/2009 05:00:00,       112.381300
02/17/2009 06:00:00,       105.711171
02/17/2009 07:00:00,        80.490766
02/17/2009 08:00:00,        54.904592
02/17/2009 09:00:00,        45.626361
02/17/2009 10:00:00,        49.707147
02/17/2009 11:00:00,        60.456832
02/17/2009 12:00:00,        64.767410
02/17/2009 13:00:00,        39.238466
02/17/2009 14:00:00,         4.688361
02/17/2009 15:00:00,         0.173980
02/17/2009 16:00:00,         0.002148
02/17/2009 17:00:00,         0.078477
02/17/2009 18:00:00,         0.524697
02/17/2009 19:00:00,         1.058416
02/17/2009 20:00:00,         0.704241
02/17/2009 21:00:00,         0.211889
02/17/2009 22:00:00,         0.040157
02/17/2009 23:00:00,         0.000045
02/18/2009 00:00:00,         0.000000
02/18/2009 01:00:00,         0.000000
02/18/2009 02:00:00,         0.000000
02/18/2009 03:00:00,         0.017704
02/18/2009 04:00:00,         1.020614
02/18/2009 05:00:00,         9.204909
02/18/2009 06:00:00,        26.122207
02/18/2009 07:00:00,        52.157707
02/18/2009 08:00:00,        26.919092
02/18/2009 09:00:00,        37.704122
02/18/2009 10:00:00,        23.840726
02/18/2009 11:00:00,        21.033065
02/18/2009 12:00:00,        33.979031
02/18/2009 13:00:00,        44.783250
02/18/2009 14:00:00,        66.261083
02/18/2009 15:00:00,        97.279448
02/18/2009 16:00:00,       133.833488
02/18/2009 17:00:00,       185.851183
02/18/2009 18:00:00,       183.644081
02/18/2009 19:00:00,       106.175214
02/18/2009 20:00:00,        70.389588
02/18/2009 21:00:00,        49.641733
02/18/2009 22:00:00,        28.587680
02/18/2009 23:00:00,        16.048926
02/19/2009 00:00:00,        27.510266
02/19/2009 01:00:00,        71.274830
02/19/2009 02:00:00,       148.692499
02/19/2009 03:00:00,       241.513129
02/19/2009 04:00:00,       297.266932
02/19/2009 05:00:00,       298.997460
02/19/2009 06:00:00,       278.646863
02/19/2009 07:00:00,       253.407848
02/19/2009 08:00:00,       265.832454
02/19/2009 09:00:00,       271.867674
02/19/2009 10:00:00,       257.829717
02/19/2009 11:00:00,       242.510865
02/19/2009 12:00:00,       249.475963
02/19/2009 13:00:00,       271.291139
02/19/2009 14:00:00,       301.272273
02/19/2009 15:00:00,       328.788918
02/19/2009 16:00:00,       331.570224
02/19/2009 17:00:00,       305.647932
02/19/2009 18:00:00,       247.564417
02/19/2009 19:00:00,       194.812572
02/19/2009 20:00:00,       186.133904
02/19/2009 21:00:00,       235.965657
02/19/2009 22:00:00,       302.798951
02/19/2009 23:00:00,       307.279310
02/20/2009 00:00:00,       305.237420
02/20/2009 01:00:00,       270.823383
02/20/2009 02:00:00,       208.053491
02/20/2009 03:00:00,        28.889094
02/20/2009 04:00:00,         0.000000
02/20/2009 05:00:00,         2.747353
02/20/2009 06:00:00,         0.000000
02/20/2009 07:00:00,         0.000000
02/20/2009 08:00:00,         0.000000
02/20/2009 09:00:00,         0.000000
02/20/2009 10:00:00,         0.000000
02/20/2009 11:00:00,         0.000000
02/20/2009 12:00:00,         2.793357
02/20/2009 13:00:00,         1.379454
02/20/2009 14:00:00,         0.000000
02/20/2009 15:00:00,         0.000000
02/20/2009 16:00:00,         0.000000
02/20/2009 17:00:00,         0.013605
02/20/2009 18:00:00,         0.184126
02/20/2009 19:00:00,         0.509140
02/20/2009 20:00:00,         1.242582
02/20/2009 21:00:00,         6.571542
02/20/2009 22:00:00,         2.829989
02/20/2009 23:00:00,         0.130580
02/21/2009 00:00:00,         0.005063
02/21/2009 01:00:00,         1.834287
02/21/2009 02:00:00,        35.384661
02/21/2009 03:00:00,        63.774003
02/21/2009 04:00:00,        89.881376
02/21/2009 05:00:00,        97.604625
02/21/2009 06:00:00,        73.857867
02/21/2009 07:00:00,        61.072058
02/21/2009 08:00:00,        41.320761
02/21/2009 09:00:00,        15.963647
02/21/2009 10:00:00,         7.451741
02/21/2009 11:00:00,         3.785224
02/21/2009 12:00:00,         1.986300
02/21/2009 13:00:00,         2.687197
02/21/2009 14:00:00,         3.874345
02/21/2009 15:00:00,         8.424196
02/21/2009 16:00:00,         8.676117
02/21/2009 17:00:00,         6.633448
02/21/2009 18:00:00,         4.981987
02/21/2009 19:00:00,         3.093537
02/21/2009 20:00:00,         0.750409
02/21/2009 21:00:00,         0.554324
02/21/2009 22:00:00,         0.946510
02/21/2009 23:00:00,         2.072626
02/22/2009 00:00:00,         2.898267
02/22/2009 01:00:00,         9.186239
02/22/2009 02:00:00,        70.029258
02/22/2009 03:00:00,       112.307803
02/22/2009 04:00:00,       119.917145
02/22/2009 05:00:00,       102.922287
02/22/2009 06:00:00,        65.710085
02/22/2009 07:00:00,        35.507212
02/22/2009 08:00:00,        15.583963
02/22/2009 09:00:00,         2.368537
02/22/2009 10:00:00,         0.166161
02/22/2009 11:00:00,         0.719594
02/22/2009 12:00:00,         0.209539
02/22/2009 13:00:00,         0.000000
02/22/2009 14:00:00,         0.000000
02/22/2009 15:00:00,         0.387187
02/22/2009 16:00:00,         1.312539
02/22/2009 17:00:00,         1.712927
02/22/2009 18:00:00,         1.676257
02/22/2009 19:00:00,         1.187449
02/22/2009 20:00:00,         5.871761
02/22/2009 21:00:00,        27.779612
02/22/2009 22:00:00,        65.642804
02/22/2009 23:00:00,       122.966674
02/23/2009 00:00:00,       183.502067
02/23/2009 01:00:00,       225.302985
02/23/2009 02:00:00,       246.874226
02/23/2009 03:00:00,       200.135642
02/23/2009 04:00:00,       240.168979
02/23/2009 05:00:00,       251.862032
02/23/2009 06:00:00,       226.478180
02/23/2009 07:00:00,       250.090597
02/23/2009 08:00:00,       241.547821
02/23/2009 09:00:00,       286.323429
02/23/2009 10:00:00,       289.768282
02/23/2009 11:00:00,       169.946831
02/23/2009 12:00:00,        64.898619
02/23/2009 13:00:00,        11.690555
02/23/2009 14:00:00,         0.533374
02/23/2009 15:00:00,         0.000000
02/23/2009 16:00:00,         0.000000
02/23/2009 17:00:00,         0.000000
02/23/2009 18:00:00,         0.000000
02/23/2009 19:00:00,         0.000000
02/23/2009 20:00:00,         0.000000
02/23/2009 21:00:00,         0.000000
02/23/2009 22:00:00,         0.000000
02/23/2009 23:00:00,         0.000000
02/24/2009 00:00:00,         0.000000
02/24/2009 01:00:00,         0.000000
02/24/2009 02:00:00,         0.000000
02/24/2009 03:00:00,         0.000000
02/24/2009 04:00:00,         0.000000
02/24/2009 05:00:00,         0.000000
02/24/2009 06:00:00,         0.000000
02/24/2009 07:00:00,         0.000000
02/24/2009 08:00:00,         0.000000
02/24/2009 09:00:00,         0.000000
02/24/2009 10:00:00,         0.000000
02/24/2009 11:00:00,         0.000000
02/24/2009 12:00:00,         0.000000
02/24/2009 13:00:00,         0.000000
02/24/2009 14:00:00,         0.003491
02/24/2009 15:00:00,         0.034002
02/24/2009 16:00:00,         0.263954
02/24/2009 17:00:00,         0.094027
02/24/2009 18:00:00,         0.011895
02/24/2009 19:00:00,         0.000000
02/24/2009 20:00:00,         0.000000
02/24/2009 21:00:00,         0.000000
02/24/2009 22:00:00,         0.015865
02/24/2009 23:00:00,         0.152702
02/25/2009 00:00:00,         3.251761
02/25/2009 01:00:00,         5.638135
02/25/2009 02:00:00,         3.163670
02/25/2009 03:00:00,         1.390503
02/25/2009 04:00:00,         2.864190
02/25/2009 05:00:00,        15.647097
02/25/2009 06:00:00,        34.541177
02/25/2009 07:00:00,        44.330162
02/25/2009 08:00:00,        44.789905
02/25/2009 09:00:00,        28.426681
02/25/2009 10:00:00,        17.580394
02/25/2009 11:00:00,         7.172758
02/25/2009 12:00:00,         4.558657
02/25/2009 13:00:00,         2.148720
02/25/2009 14:00:00,         4.536965
02/25/2009 15:00:00,        12.197795
02/25/2009 16:00:00,         4.609415
02/25/2009 17:00:00,         1.866185
02/25/2009 18:00:00,         1.444736
02/25/2009 19:00:00,         0.993046
02/25/2009 20:00:00,         0.779693
02/25/2009 21:00:00,         0.425334
02/25/2009 22:00:00,         0.571116
02/25/2009 23:00:00,         0.894279
02/26/2009 00:00:00,         1.293897
02/26/2009 01:00:00,         0.979696
02/26/2009 02:00:00,         0.030613
02/26/2009 03:00:00,         0.012218
02/26/2009 04:00:00,         0.000244
02/26/2009 05:00:00,         0.000000
02/26/2009 06:00:00,         0.065948
02/26/2009 07:00:00,         0.375512
02/26/2009 08:00:00,         0.184933
02/26/2009 09:00:00,         0.742812
02/26/2009 10:00:00,         4.658707
02/26/2009 11:00:00,        10.081838
02/26/2009 12:00:00,        19.772031
02/26/2009 13:00:00,        24.530904
02/26/2009 14:00:00,        27.864074
02/26/2009 15:00:00,        22.417068
02/26/2009 16:00:00,        11.303590
02/26/2009 17:00:00,         7.159876
02/26/2009 18:00:00,         3.770909
02/26/2009 19:00:00,         3.641137
02/26/2009 20:00:00,         0.594540
02/26/2009 21:00:00,         0.279126
02/26/2009 22:00:00,         0.906290
02/26/2009 23:00:00,        12.148853
02/27/2009 00:00:00,        22.921532
02/27/2009 01:00:00,        38.889211
02/27/2009 02:00:00,        75.212957
02/27/2009 03:00:00,        81.678802
02/27/2009 04:00:00,        83.400816
02/27/2009 05:00:00,        84.505747
02/27/2009 06:00:00,        77.974437
02/27/2009 07:00:00,        37.019806
02/27/2009 08:00:00,        66.569779
02/27/2009 09:00:00,       150.054164
02/27/2009 10:00:00,       299.056210
02/27/2009 11:00:00,       351.028954
02/27/2009 12:00:00,       351.344329
02/27/2009 13:00:00,       351.656293
02/27/2009 14:00:00,       351.706913
02/27/2009 15:00:00,       351.346747
02/27/2009 16:00:00,       350.181810
02/27/2009 17:00:00,       337.285911
02/27/2009 18:00:00,       247.258779
02/27/2009 19:00:00,       162.067197
02/27/2009 20:00:00,       110.520984
02/27/2009 21:00:00,        75.412766
02/27/2009 22:00:00,        51.360739
02/27/2009 23:00:00,        34.656530
02/28/2009 00:00:00,        29.022995
02/28/2009 01:00:00,        24.052114
02/28/2009 02:00:00,        20.022729
02/28/2009 03:00:00,        10.705128
02/28/2009 04:00:00,         2.341850
02/28/2009 05:00:00,         0.029052
02/28/2009 06:00:00,         0.000000
02/28/2009 07:00:00,         0.175311
02/28/2009 08:00:00,         2.641682
02/28/2009 09:00:00,        17.758742
02/28/2009 10:00:00,        27.371928
02/28/2009 11:00:00,        22.364913
02/28/2009 12:00:00,        14.314617
02/28/2009 13:00:00,        36.167047
02/28/2009 14:00:00,        42.847251
02/28/2009 15:00:00,        26.205626
02/28/2009 16:00:00,        38.306003
02/28/2009 17:00:00,        41.995382
02/28/2009 18:00:00,        73.235799
02/28/2009 19:00:00,       123.727584
02/28/2009 20:00:00,       148.295573
02/28/2009 21:00:00,       148.840515
02/28/2009 22:00:00,       171.543599
02/28/2009 23:00:00,       194.411037
03/01/2009 00:00:00,       225.567938
03/01/2009 01:00:00,       261.905302
03/01/2009 02:00:00,       271.850216
03/01/2009 03:00:00,       221.140779
03/01/2009 04:00:00,       156.210270
03/01/2009 05:00:00,       147.527449
03/01/2009 06:00:00,       180.954023
03/01/2009 07:00:00,       206.137278
03/01/2009 08:00:00,       199.133014
03/01/2009 09:00:00,       300.281634
03/01/2009 10:00:00,       341.292677
03/01/2009 11:00:00,       346.742177
03/01/2009 12:00:00,       346.781893
03/01/2009 13:00:00,       346.361357
03/01/2009 14:00:00,       348.433159
03/01/2009 15:00:00,       351.590479
03/01/2009 16:00:00,       351.305684
03/01/2009 17:00:00,       349.000271
03/01/2009 18:00:00,       333.185220
03/01/2009 19:00:00,       276.907534
03/01/2009 20:00:00,       212.614552
03/01/2009 21:00:00,       194.584346
03/01/2009 22:00:00,       179.043759
03/01/2009 23:00:00,       166.548042
03/02/2009 00:00:00,       170.259126
03/02/2009 01:00:00,       254.493309
03/02/2009 02:00:00,       306.082278
03/02/2009 03:00:00,       327.748292
03/02/2009 04:00:00,       325.774014
03/02/2009 05:00:00,       326.449127
03/02/2009 06:00:00,       325.434309
03/02/2009 07:00:00,       308.652187
03/02/2009 08:00:00,       306.191077
03/02/2009 09:00:00,       303.769979
03/02/2009 10:00:00,       267.423891
03/02/2009 11:00:00,       224.589224
03/02/2009 12:00:00,       207.978935
03/02/2009 13:00:00,       221.883985
03/02/2009 14:00:00,       269.721334
03/02/2009 15:00:00,       311.280415
03/02/2009 16:00:00,       299.491150
03/02/2009 17:00:00,       226.222222
03/02/2009 18:00:00,       120.862272
03/02/2009 19:00:00,        90.694765
03/02/2009 20:00:00,       193.427638
03/02/2009 21:00:00,       251.691944
03/02/2009 22:00:00,        87.016761
03/02/2009 23:00:00,        90.608976
03/03/2009 00:00:00,       127.485668
03/03/2009 01:00:00,       177.687118
03/03/2009 02:00:00,       220.288065
03/03/2009 03:00:00,       155.789535
03/03/2009 04:00:00,        54.104289
03/03/2009 05:00:00,         8.687219
03/03/2009 06:00:00,         0.096548
03/03/2009 07:00:00,         0.248268
03/03/2009 08:00:00,         2.673409
03/03/2009 09:00:00,        12.935186
03/03/2009 10:00:00,       137.193483
03/03/2009 11:00:00,       253.014629
03/03/2009 12:00:00,       340.260315
03/03/2009 13:00:00,       309.747773
03/03/2009 14:00:00,       215.226624
03/03/2009 15:00:00,       242.262128
03/03/2009 16:00:00,       235.682053
03/03/2009 17:00:00,       283.298382
03/03/2009 18:00:00,       312.375541
03/03/2009 19:00:00,       235.960891
03/03/2009 20:00:00,       224.811590
03/03/2009 21:00:00,       287.517450
03/03/2009 22:00:00,       251.942731
03/03/2009 23:00:00,       221.001290
03/04/2009 00:00:00,       186.239036
03/04/2009 01:00:00,       184.196131
03/04/2009 02:00:00,       193.016237
03/04/2009 03:00:00,       144.168145
03/04/2009 04:00:00,        88.916607
03/04/2009 05:00:00,        94.536095
03/04/2009 06:00:00,        92.858385
03/04/2009 07:00:00,        61.386208
03/04/2009 08:00:00,        32.263409
03/04/2009 09:00:00,        31.190244
03/04/2009 10:00:00,        94.638243
03/04/2009 11:00:00,       184.923970
03/04/2009 12:00:00,       183.853698
03/04/2009 13:00:00,       142.396205
03/04/2009 14:00:00,       296.626588
03/04/2009 15:00:00,       300.416798
03/04/2009 16:00:00,       332.745844
03/04/2009 17:00:00,       285.168148
03/04/2009 18:00:00,       205.446795
03/04/2009 19:00:00,       257.858635
03/04/2009 20:00:00,       274.866231
03/04/2009 21:00:00,       291.952260
03/04/2009 22:00:00,       314.963282
03/04/2009 23:00:00,       337.033667
03/05/2009 00:00:00,       338.746909
03/05/2009 01:00:00,       341.147515
03/05/2009 02:00:00,       347.420320
03/05/2009 03:00:00,       350.524542
03/05/2009 04:00:00,       351.243861
03/05/2009 05:00:00,       350.962434
03/05/2009 06:00:00,       349.876929
03/05/2009 07:00:00,       345.699679
03/05/2009 08:00:00,       342.500080
03/05/2009 09:00:00,       326.430659
03/05/2009 10:00:00,       339.399164
03/05/2009 11:00:00,       308.899477
03/05/2009 12:00:00,       102.470836
03/05/2009 13:00:00,        25.781131
03/05/2009 14:00:00,        69.148000
03/05/2009 15:00:00,        62.688103
03/05/2009 16:00:00,        54.756432
03/05/2009 17:00:00,        97.680810
03/05/2009 18:00:00,       160.397277
03/05/2009 19:00:00,       203.516629
03/05/2009 20:00:00,       193.777845
03/05/2009 21:00:00,       176.172760
03/05/2009 22:00:00,       158.652229
03/05/2009 23:00:00,       141.869430
03/06/2009 00:00:00,       128.296881
03/06/2009 01:00:00,       103.939650
03/06/2009 02:00:00,        86.272113
03/06/2009 03:00:00,        87.893417
03/06/2009 04:00:00,        85.318333
03/06/2009 05:00:00,        83.631898
03/06/2009 06:00:00,        75.622379
03/06/2009 07:00:00,        51.779197
03/06/2009 08:00:00,        32.957155
03/06/2009 09:00:00,        19.683341
03/06/2009 10:00:00,         9.879488
03/06/2009 11:00:00,         4.791501
03/06/2009 12:00:00,        12.295295
03/06/2009 13:00:00,        19.253412
03/06/2009 14:00:00,        10.221284
03/06/2009 15:00:00,         7.152271
03/06/2009 16:00:00,         1.553550
03/06/2009 17:00:00,         1.174330
03/06/2009 18:00:00,         0.571937
03/06/2009 19:00:00,         0.241190
03/06/2009 20:00:00,         0.132923
03/06/2009 21:00:00,         1.074929
03/06/2009 22:00:00,         6.235841
03/06/2009 23:00:00,        19.550168
03/07/2009 00:00:00,        69.241028
03/07/2009 01:00:00,       157.755219
03/07/2009 02:00:00,       229.110889
03/07/2009 03:00:00,       265.387895
03/07/2009 04:00:00,       310.839542
03/07/2009 05:00:00,       337.505621
03/07/2009 06:00:00,       348.157189
03/07/2009 07:00:00,       350.739323
03/07/2009 08:00:00,       350.143725
03/07/2009 09:00:00,       344.393681
03/07/2009 10:00:00,       340.876153
03/07/2009 11:00:00,       349.827828
03/07/2009 12:00:00,       351.944916
03/07/2009 13:00:00,       351.958375
03/07/2009 14:00:00,       335.105708
03/07/2009 15:00:00,       329.740272
03/07/2009 16:00:00,       340.194222
03/07/2009 17:00:00,       333.544035
03/07/2009 18:00:00,       350.515687
03/07/2009 19:00:00,       351.548019
03/07/2009 20:00:00,       331.073724
03/07/2009 21:00:00,       302.912562
03/07/2009 22:00:00,       307.069978
03/07/2009 23:00:00,       311.983325
03/08/2009 00:00:00,       261.918220
03/08/2009 01:00:00,       231.147266
03/08/2009 02:00:00,       215.693068
03/08/2009 03:00:00,       235.645796
03/08/2009 04:00:00,       266.386017
03/08/2009 05:00:00,       230.747529
03/08/2009 06:00:00,       284.240576
03/08/2009 07:00:00,       235.343090
03/08/2009 08:00:00,       223.777852
03/08/2009 09:00:00,       226.592192
03/08/2009 10:00:00,       277.000143
03/08/2009 11:00:00,       319.695821
03/08/2009 12:00:00,       324.324574
03/08/2009 13:00:00,       301.480616
03/08/2009 14:00:00,       232.028062
03/08/2009 15:00:00,       171.188039
03/08/2009 16:00:00,        72.561993
03/08/2009 17:00:00,        55.296275
03/08/2009 18:00:00,        95.945369
03/08/2009 19:00:00,        83.014085
03/08/2009 20:00:00,        54.987710
03/08/2009 21:00:00,        55.312348
03/08/2009 22:00:00,        56.694346
03/08/2009 23:00:00,        47.633371
03/09/2009 00:00:00,        41.169135
03/09/2009 01:00:00,        26.513113
03/09/2009 02:00:00,        18.486963
03/09/2009 03:00:00,        21.910869
03/09/2009 04:00:00,        20.425301
03/09/2009 05:00:00,        16.493697
03/09/2009 06:00:00,        13.015235
03/09/2009 07:00:00,        10.580845
03/09/2009 08:00:00,         6.841822
03/09/2009 09:00:00,         4.688013
03/09/2009 10:00:00,         1.823347
03/09/2009 11:00:00,         1.492813
03/09/2009 12:00:00,         2.211377
03/09/2009 13:00:00,         3.782420
03/09/2009 14:00:00,         6.022104
03/09/2009 15:00:00,         5.963597
03/09/2009 16:00:00,         8.569269
03/09/2009 17:00:00,        15.383645
03/09/2009 18:00:00,        15.309248
03/09/2009 19:00:00,        19.086518
03/09/2009 20:00:00,        24.060647
03/09/2009 21:00:00,        25.605286
03/09/2009 22:00:00,        28.137889
03/09/2009 23:00:00,        29.408483
03/10/2009 00:00:00,        35.611666
03/10/2009 01:00:00,        42.905043
03/10/2009 02:00:00,        49.478813
03/10/2009 03:00:00,        40.236708
03/10/2009 04:00:00,        42.004671
03/10/2009 05:00:00,        42.137971
03/10/2009 06:00:00,        24.808067
03/10/2009 07:00:00,        26.145974
03/10/2009 08:00:00,        19.333213
03/10/2009 09:00:00,        14.429790
03/10/2009 10:00:00,        17.946624
03/10/2009 11:00:00,        20.586161
03/10/2009 12:00:00,        22.179126
03/10/2009 13:00:00,        19.035308
03/10/2009 14:00:00,        14.300757
03/10/2009 15:00:00,        11.368575
03/10/2009 16:00:00,         8.801941
03/10/2009 17:00:00,         9.099846
03/10/2009 18:00:00,         2.992391
03/10/2009 19:00:00,         0.076498
03/10/2009 20:00:00,         0.000000
03/10/2009 21:00:00,         0.000000
03/10/2009 22:00:00,         0.017053
03/10/2009 23:00:00,         0.132864
03/11/2009 00:00:00,         0.221508
03/11/2009 01:00:00,         0.243475
03/11/2009 02:00:00,         2.600182
03/11/2009 03:00:00,        11.144479
03/11/2009 04:00:00,        25.202651
03/11/2009 05:00:00,        34.187610
03/11/2009 06:00:00,        32.022589
03/11/2009 07:00:00,        13.396698
03/11/2009 08:00:00,         3.304321
03/11/2009 09:00:00,         2.885416
03/11/2009 10:00:00,         2.464211
03/11/2009 11:00:00,         1.960888
03/11/2009 12:00:00,         1.970193
03/11/2009 13:00:00,         1.612816
03/11/2009 14:00:00,         1.533438
03/11/2009 15:00:00,         2.915703
03/11/2009 16:00:00,         9.396255
03/11/2009 17:00:00,        19.957722
03/11/2009 18:00:00,         8.138286
03/11/2009 19:00:00,         2.350129
03/11/2009 20:00:00,         2.477032
03/11/2009 21:00:00,         2.079509
03/11/2009 22:00:00,         2.579958
03/11/2009 23:00:00,         2.291780
03/12/2009 00:00:00,         0.705711
03/12/2009 01:00:00,         0.245908
03/12/2009 02:00:00,        12.396736
03/12/2009 03:00:00,        73.515710
03/12/2009 04:00:00,       116.188923
03/12/2009 05:00:00,       109.770077
03/12/2009 06:00:00,       123.508249
03/12/2009 07:00:00,       190.508122
03/12/2009 08:00:00,       231.312600
03/12/2009 09:00:00,       190.339776
03/12/2009 10:00:00,       194.516166
03/12/2009 11:00:00,       221.028153
03/12/2009 12:00:00,       203.674056
03/12/2009 13:00:00,       142.920159
03/12/2009 14:00:00,       150.615042
03/12/2009 15:00:00,       188.315853
03/12/2009 16:00:00,       232.671221
03/12/2009 17:00:00,       248.240956
03/12/2009 18:00:00,       159.409315
03/12/2009 19:00:00,        79.530224
03/12/2009 20:00:00,        67.722192
03/12/2009 21:00:00,        90.036764
03/12/2009 22:00:00,        98.143312
03/12/2009 23:00:00,       114.265281
03/13/2009 00:00:00,       164.631763
03/13/2009 01:00:00,       245.683389
03/13/2009 02:00:00,       319.412722
03/13/2009 03:00:00,       341.529783
03/13/2009 04:00:00,       348.560687
03/13/2009 05:00:00,       350.683490
03/13/2009 06:00:00,       351.160381
03/13/2009 07:00:00,       351.213103
03/13/2009 08:00:00,       351.389815
03/13/2009 09:00:00,       351.485066
03/13/2009 10:00:00,       351.867399
03/13/2009 11:00:00,       351.660888
03/13/2009 12:00:00,       351.637897
03/13/2009 13:00:00,       349.886002
03/13/2009 14:00:00,       347.127683
03/13/2009 15:00:00,       342.758480
03/13/2009 16:00:00,       325.060545
03/13/2009 17:00:00,       319.165011
03/13/2009 18:00:00,       337.215863
03/13/2009 19:00:00,       341.523603
03/13/2009 20:00:00,       333.342915
03/13/2009 21:00:00,       336.395462
03/13/2009 22:00:00,       349.302592
03/13/2009 23:00:00,       351.871953
03/14/2009 00:00:00,       351.920394
03/14/2009 01:00:00,       351.960757
03/14/2009 02:00:00,       351.431742
03/14/2009 03:00:00,       347.145870
03/14/2009 04:00:00,       344.931798
03/14/2009 05:00:00,       346.734929
03/14/2009 06:00:00,       345.718901
03/14/2009 07:00:00,       344.651075
03/14/2009 08:00:00,       344.459565
03/14/2009 09:00:00,       336.343284
03/14/2009 10:00:00,       316.080660
03/14/2009 11:00:00,       309.979160
03/14/2009 12:00:00,       314.021130
03/14/2009 13:00:00,       310.011357
03/14/2009 14:00:00,       276.778039
03/14/2009 15:00:00,       213.524919
03/14/2009 16:00:00,       144.257180
03/14/2009 17:00:00,        92.076775
03/14/2009 18:00:00,        79.620574
03/14/2009 19:00:00,       104.710352
03/14/2009 20:00:00,       132.934775
03/14/2009 21:00:00,       156.110820
03/14/2009 22:00:00,       161.112705
03/14/2009 23:00:00,       192.147915
03/15/2009 00:00:00,       212.051917
03/15/2009 01:00:00,       257.121540
03/15/2009 02:00:00,       300.407975
03/15/2009 03:00:00,       299.686354
03/15/2009 04:00:00,       234.594116
03/15/2009 05:00:00,       184.064745
03/15/2009 06:00:00,       169.019599
03/15/2009 07:00:00,       183.280385
03/15/2009 08:00:00,       284.934291
03/15/2009 09:00:00,       307.191408
03/15/2009 10:00:00,       292.736472
03/15/2009 11:00:00,       213.285575
03/15/2009 12:00:00,       223.577123
03/15/2009 13:00:00,       305.619543
03/15/2009 14:00:00,       324.180073
03/15/2009 15:00:00,       325.013286
03/15/2009 16:00:00,       301.017965
03/15/2009 17:00:00,       288.208065
03/15/2009 18:00:00,       333.682983
03/15/2009 19:00:00,       333.129120
03/15/2009 20:00:00,       333.691081
03/15/2009 21:00:00,       330.488238
03/15/2009 22:00:00,       339.169122
03/15/2009 23:00:00,       349.337082
03/16/2009 00:00:00,       349.918865
03/16/2009 01:00:00,       342.023633
03/16/2009 02:00:00,       322.193750
03/16/2009 03:00:00,       332.644118
03/16/2009 04:00:00,       315.260055
03/16/2009 05:00:00,       228.995964
03/16/2009 06:00:00,       160.993759
03/16/2009 07:00:00,        98.765080
03/16/2009 08:00:00,        61.595048
03/16/2009 09:00:00,        58.342243
03/16/2009 10:00:00,        72.393110
03/16/2009 11:00:00,       181.610666
03/16/2009 12:00:00,       347.510636
03/16/2009 13:00:00,       342.693409
03/16/2009 14:00:00,       349.270419
03/16/2009 15:00:00,       350.895047
03/16/2009 16:00:00,       346.262903
03/16/2009 17:00:00,       342.694628
03/16/2009 18:00:00,       340.809175
03/16/2009 19:00:00,       329.034515
03/16/2009 20:00:00,       345.344350
03/16/2009 21:00:00,       336.245248
03/16/2009 22:00:00,       295.464254
03/16/2009 23:00:00,       286.268438
03/17/2009 00:00:00,       268.164658
03/17/2009 01:00:00,       193.665789
03/17/2009 02:00:00,       107.426202
03/17/2009 03:00:00,       145.213959
03/17/2009 04:00:00,       133.788420
03/17/2009 05:00:00,       106.409415
03/17/2009 06:00:00,       112.446235
03/17/2009 07:00:00,       129.114629
03/17/2009 08:00:00,       125.141186
03/17/2009 09:00:00,       188.858670
03/17/2009 10:00:00,       179.410321
03/17/2009 11:00:00,       204.132132
03/17/2009 12:00:00,       315.083755
03/17/2009 13:00:00,       221.473053
03/17/2009 14:00:00,       223.340164
03/17/2009 15:00:00,       293.960636
03/17/2009 16:00:00,       216.503366
03/17/2009 17:00:00,       236.351214
03/17/2009 18:00:00,       347.267360
03/17/2009 19:00:00,       346.249645
03/17/2009 20:00:00,       314.422326
03/17/2009 21:00:00,       323.229470
03/17/2009 22:00:00,       329.557511
03/17/2009 23:00:00,       284.671970
03/18/2009 00:00:00,       182.111402
03/18/2009 01:00:00,       234.927161
03/18/2009 02:00:00,       313.962856
03/18/2009 03:00:00,       306.159898
03/18/2009 04:00:00,       298.781112
03/18/2009 05:00:00,       308.612876
03/18/2009 06:00:00,       327.832785
03/18/2009 07:00:00,       337.537382
03/18/2009 08:00:00,       312.602683
03/18/2009 09:00:00,       275.088998
03/18/2009 10:00:00,       234.469845
03/18/2009 11:00:00,       231.118030
03/18/2009 12:00:00,       225.438125
03/18/2009 13:00:00,       173.962148
03/18/2009 14:00:00,       134.641756
03/18/2009 15:00:00,        82.907235
03/18/2009 16:00:00,        39.751950
03/18/2009 17:00:00,        17.936244
03/18/2009 18:00:00,        29.758101
03/18/2009 19:00:00,       106.039217
03/18/2009 20:00:00,       125.406803
03/18/2009 21:00:00,       175.537314
03/18/2009 22:00:00,       219.684094
03/18/2009 23:00:00,       243.328600
03/19/2009 00:00:00,       214.417397
03/19/2009 01:00:00,       164.568484
03/19/2009 02:00:00,       130.460005
03/19/2009 03:00:00,       146.298657
03/19/2009 04:00:00,       138.474795
03/19/2009 05:00:00,       129.169957
03/19/2009 06:00:00,       180.927522
03/19/2009 07:00:00,       209.216523
03/19/2009 08:00:00,       211.610365
03/19/2009 09:00:00,       188.062795
03/19/2009 10:00:00,       175.593988
03/19/2009 11:00:00,       201.502787
03/19/2009 12:00:00,       242.078512
03/19/2009 13:00:00,       288.136099
03/19/2009 14:00:00,       343.565636
03/19/2009 15:00:00,       351.693304
03/19/2009 16:00:00,       351.386966
03/19/2009 17:00:00,       342.173495
03/19/2009 18:00:00,       330.160068
03/19/2009 19:00:00,       335.368543
03/19/2009 20:00:00,       341.085800
03/19/2009 21:00:00,       340.446847
03/19/2009 22:00:00,       335.174224
03/19/2009 23:00:00,       335.225720
03/20/2009 00:00:00,       323.469502
03/20/2009 01:00:00,       322.307682
03/20/2009 02:00:00,       327.186646
03/20/2009 03:00:00,       322.469127
03/20/2009 04:00:00,       319.318404
03/20/2009 05:00:00,       336.008162
03/20/2009 06:00:00,       350.249341
03/20/2009 07:00:00,       351.884807
03/20/2009 08:00:00,       351.667803
03/20/2009 09:00:00,       350.258983
03/20/2009 10:00:00,       347.698857
03/20/2009 11:00:00,       348.218023
03/20/2009 12:00:00,       347.199164
03/20/2009 13:00:00,       343.475930
03/20/2009 14:00:00,       346.364075
03/20/2009 15:00:00,       342.518389
03/20/2009 16:00:00,       334.243833
03/20/2009 17:00:00,       274.360395
03/20/2009 18:00:00,       160.322006
03/20/2009 19:00:00,       141.126121
03/20/2009 20:00:00,       146.543272
03/20/2009 21:00:00,       203.367967
03/20/2009 22:00:00,       290.263604
03/20/2009 23:00:00,       238.468607
03/21/2009 00:00:00,       168.935337
03/21/2009 01:00:00,       119.490377
03/21/2009 02:00:00,       160.821296
03/21/2009 03:00:00,       190.335811
03/21/2009 04:00:00,       203.330191
03/21/2009 05:00:00,       231.306529
03/21/2009 06:00:00,       257.190191
03/21/2009 07:00:00,       204.111291
03/21/2009 08:00:00,       118.047657
03/21/2009 09:00:00,       143.792235
03/21/2009 10:00:00,       134.197037
03/21/2009 11:00:00,       154.817853
03/21/2009 12:00:00,        94.273227
03/21/2009 13:00:00,        89.389679
03/21/2009 14:00:00,       114.498306
03/21/2009 15:00:00,        38.984252
03/21/2009 16:00:00,        12.513232
03/21/2009 17:00:00,         0.430108
03/21/2009 18:00:00,         0.493650
03/21/2009 19:00:00,         0.835915
03/21/2009 20:00:00,         5.847036
03/21/2009 21:00:00,        47.368408
03/21/2009 22:00:00,        31.594073
03/21/2009 23:00:00,        20.196681
03/22/2009 00:00:00,        38.186822
03/22/2009 01:00:00,         0.514530
03/22/2009 02:00:00,         0.172967
03/22/2009 03:00:00,        11.957463
03/22/2009 04:00:00,        21.262067
03/22/2009 05:00:00,        39.327139
03/22/2009 06:00:00,        51.418987
03/22/2009 07:00:00,         0.000000
03/22/2009 08:00:00,         0.000000
03/22/2009 09:00:00,         0.000000
03/22/2009 10:00:00,         0.000000
03/22/2009 11:00:00,         0.000000
03/22/2009 12:00:00,         0.000000
03/22/2009 13:00:00,         0.000000
03/22/2009 14:00:00,         0.000000
03/22/2009 15:00:00,         0.000000
03/22/2009 16:00:00,         0.000000
03/22/2009 17:00:00,         0.000000
03/22/2009 18:00:00,        51.903382
03/22/2009 19:00:00,       107.317315
03/22/2009 20:00:00,       128.779526
03/22/2009 21:00:00,       165.336677
03/22/2009 22:00:00,       183.990305
03/22/2009 23:00:00,       198.384035
03/23/2009 00:00:00,       186.487292
03/23/2009 01:00:00,       160.631138
03/23/2009 02:00:00,        99.778286
03/23/2009 03:00:00,        54.682135
03/23/2009 04:00:00,        19.118242
03/23/2009 05:00:00,        17.171408
03/23/2009 06:00:00,        15.062137
03/23/2009 07:00:00,        11.296015
03/23/2009 08:00:00,         8.966188
03/23/2009 09:00:00,         4.331825
03/23/2009 10:00:00,         0.000000
03/23/2009 11:00:00,         0.000000
03/23/2009 12:00:00,         0.000000
03/23/2009 13:00:00,         0.000000
03/23/2009 14:00:00,         0.000000
03/23/2009 15:00:00,         0.000000
03/23/2009 16:00:00,         1.573870
03/23/2009 17:00:00,        14.028201
03/23/2009 18:00:00,        23.559949
03/23/2009 19:00:00,        29.068121
03/23/2009 20:00:00,        25.558598
03/23/2009 21:00:00,        14.069355
03/23/2009 22:00:00,         5.707364
03/23/2009 23:00:00,         2.241223
03/24/2009 00:00:00,         2.252694
03/24/2009 01:00:00,         2.248077
03/24/2009 02:00:00,         0.919150
03/24/2009 03:00:00,         4.249650
03/24/2009 04:00:00,        25.531292
03/24/2009 05:00:00,        82.822734
03/24/2009 06:00:00,       137.630379
03/24/2009 07:00:00,       107.845676
03/24/2009 08:00:00,       113.485712
03/24/2009 09:00:00,       119.708228
03/24/2009 10:00:00,       176.098348
03/24/2009 11:00:00,       199.959483
03/24/2009 12:00:00,       218.553947
03/24/2009 13:00:00,       198.753790
03/24/2009 14:00:00,       186.179436
03/24/2009 15:00:00,       183.554822
03/24/2009 16:00:00,       106.528247
03/24/2009 17:00:00,        42.826563
03/24/2009 18:00:00,        40.260581
03/24/2009 19:00:00,        48.935323
03/24/2009 20:00:00,        48.838095
03/24/2009 21:00:00,        44.777480
03/24/2009 22:00:00,        39.282874
03/24/2009 23:00:00,        24.055376
03/25/2009 00:00:00,        39.539342
03/25/2009 01:00:00,        84.975981
03/25/2009 02:00:00,       124.860035
03/25/2009 03:00:00,       139.367901
03/25/2009 04:00:00,       148.096347
03/25/2009 05:00:00,       174.648279
03/25/2009 06:00:00,       202.771481
03/25/2009 07:00:00,       173.463895
03/25/2009 08:00:00,       133.917641
03/25/2009 09:00:00,        95.363249
03/25/2009 10:00:00,        41.330850
03/25/2009 11:00:00,         7.752753
03/25/2009 12:00:00,         0.148982
03/25/2009 13:00:00,         0.000000
03/25/2009 14:00:00,         0.548471
03/25/2009 15:00:00,         3.009328
03/25/2009 16:00:00,        33.734223
03/25/2009 17:00:00,        62.875918
03/25/2009 18:00:00,       102.614316
03/25/2009 19:00:00,       141.325489
03/25/2009 20:00:00,       149.258784
03/25/2009 21:00:00,       221.111000
03/25/2009 22:00:00,       220.157605
03/25/2009 23:00:00,       232.719972
03/26/2009 00:00:00,       241.656928
03/26/2009 01:00:00,       244.983884
03/26/2009 02:00:00,       274.262390
03/26/2009 03:00:00,       247.658362
03/26/2009 04:00:00,       224.605384
03/26/2009 05:00:00,       209.653980
03/26/2009 06:00:00,       169.988578
03/26/2009 07:00:00,       118.054723
03/26/2009 08:00:00,        94.741208
03/26/2009 09:00:00,        79.940727
03/26/2009 10:00:00,        71.112659
03/26/2009 11:00:00,        88.597079
03/26/2009 12:00:00,       116.385901
03/26/2009 13:00:00,       110.521034
03/26/2009 14:00:00,        80.547252
03/26/2009 15:00:00,        55.015767
03/26/2009 16:00:00,        21.582058
03/26/2009 17:00:00,         4.183862
03/26/2009 18:00:00,         1.631292
03/26/2009 19:00:00,         2.620134
03/26/2009 20:00:00,        17.177919
03/26/2009 21:00:00,        38.191791
03/26/2009 22:00:00,        60.462550
03/26/2009 23:00:00,        69.545678
03/27/2009 00:00:00,        83.862262
03/27/2009 01:00:00,       112.664702
03/27/2009 02:00:00,       137.003495
03/27/2009 03:00:00,       153.385377
03/27/2009 04:00:00,       200.863032
03/27/2009 05:00:00,       250.306862
03/27/2009 06:00:00,       304.860580
03/27/2009 07:00:00,       340.081576
03/27/2009 08:00:00,       349.181178
03/27/2009 09:00:00,       349.539927
03/27/2009 10:00:00,       346.767304
03/27/2009 11:00:00,       346.286781
03/27/2009 12:00:00,       343.054866
03/27/2009 13:00:00,       341.934858
03/27/2009 14:00:00,       345.499611
03/27/2009 15:00:00,       345.892631
03/27/2009 16:00:00,       350.287178
03/27/2009 17:00:00,       351.449748
03/27/2009 18:00:00,       351.734312
03/27/2009 19:00:00,       351.504329
03/27/2009 20:00:00,       350.914977
03/27/2009 21:00:00,       351.054168
03/27/2009 22:00:00,       350.373789
03/27/2009 23:00:00,       348.343443
03/28/2009 00:00:00,       344.986335
03/28/2009 01:00:00,       346.622124
03/28/2009 02:00:00,       343.952208
03/28/2009 03:00:00,       314.643030
03/28/2009 04:00:00,       286.130445
03/28/2009 05:00:00,       279.659092
03/28/2009 06:00:00,       264.728642
03/28/2009 07:00:00,       242.661329
03/28/2009 08:00:00,       183.695948
03/28/2009 09:00:00,        72.144343
03/28/2009 10:00:00,         4.090472
03/28/2009 11:00:00,         0.208060
03/28/2009 12:00:00,         0.023548
03/28/2009 13:00:00,         0.093216
03/28/2009 14:00:00,         8.869078
03/28/2009 15:00:00,         5.615263
03/28/2009 16:00:00,         0.921688
03/28/2009 17:00:00,         0.063768
03/28/2009 18:00:00,         0.319488
03/28/2009 19:00:00,         0.027613
03/28/2009 20:00:00,         0.000000
03/28/2009 21:00:00,         0.238194
03/28/2009 22:00:00,         1.585036
03/28/2009 23:00:00,         6.695719
03/29/2009 00:00:00,         4.524867
03/29/2009 01:00:00,         4.357467
03/29/2009 02:00:00,         6.031779
03/29/2009 03:00:00,         1.774259
03/29/2009 04:00:00,         0.548774
03/29/2009 05:00:00,         0.327637
03/29/2009 06:00:00,         0.213583
03/29/2009 07:00:00,        12.038956
03/29/2009 08:00:00,         3.066936
03/29/2009 09:00:00,         0.000000
03/29/2009 10:00:00,         0.000000
03/29/2009 11:00:00,         0.000000
03/29/2009 12:00:00,         0.000000
03/29/2009 13:00:00,         0.000000
03/29/2009 14:00:00,         0.000000
03/29/2009 15:00:00,         0.000000
03/29/2009 16:00:00,         0.000000
03/29/2009 17:00:00,        12.743072
03/29/2009 18:00:00,       113.365501
03/29/2009 19:00:00,       191.271651
03/29/2009 20:00:00,       131.540384
03/29/2009 21:00:00,       158.279519
03/29/2009 22:00:00,       197.529497
03/29/2009 23:00:00,       165.514323
03/30/2009 00:00:00,       108.265463
03/30/2009 01:00:00,        39.863695
03/30/2009 02:00:00,        21.243029
03/30/2009 03:00:00,        46.696880
03/30/2009 04:00:00,        81.272245
03/30/2009 05:00:00,        97.700179
03/30/2009 06:00:00,        73.222877
03/30/2009 07:00:00,        31.931609
03/30/2009 08:00:00,        15.085519
03/30/2009 09:00:00,         2.719635
03/30/2009 10:00:00,         6.973672
03/30/2009 11:00:00,        37.657812
03/30/2009 12:00:00,       108.014873
03/30/2009 13:00:00,       135.511320
03/30/2009 14:00:00,       113.435535
03/30/2009 15:00:00,        89.233079
03/30/2009 16:00:00,        71.406603
03/30/2009 17:00:00,        36.290425
03/30/2009 18:00:00,        55.355886
03/30/2009 19:00:00,       131.958672
03/30/2009 20:00:00,       257.709055
03/30/2009 21:00:00,       260.830063
03/30/2009 22:00:00,       247.026947
03/30/2009 23:00:00,       221.507084
03/31/2009 00:00:00,       235.798227
03/31/2009 01:00:00,       275.815499
03/31/2009 02:00:00,       309.711665
03/31/2009 03:00:00,       323.471618
03/31/2009 04:00:00,       322.187738
03/31/2009 05:00:00,       335.220221
03/31/2009 06:00:00,       341.637388
03/31/2009 07:00:00,       342.030423
03/31/2009 08:00:00,       331.770439
03/31/2009 09:00:00,       322.526686
03/31/2009 10:00:00,       304.117634
03/31/2009 11:00:00,       291.002777
03/31/2009 12:00:00,       286.343680
03/31/2009 13:00:00,       259.565090
03/31/2009 14:00:00,       258.824081
03/31/2009 15:00:00,       244.678124
03/31/2009 16:00:00,       224.757122
03/31/2009 17:00:00,       167.969606
03/31/2009 18:00:00,       185.907420
03/31/2009 19:00:00,       197.816334
03/31/2009 20:00:00,       175.013048
03/31/2009 21:00:00,       129.790573
03/31/2009 22:00:00,        85.933718
03/31/2009 23:00:00,        57.111653
04/01/2009 00:00:00,        64.274822
04/01/2009 01:00:00,        81.947104
04/01/2009 02:00:00,       131.724658
04/01/2009 03:00:00,       190.338665
04/01/2009 04:00:00,       230.069594
04/01/2009 05:00:00,       249.898524
04/01/2009 06:00:00,       142.012391
04/01/2009 07:00:00,         0.000000
04/01/2009 08:00:00,         0.000000
04/01/2009 09:00:00,         0.000000
04/01/2009 10:00:00,         0.000000
04/01/2009 11:00:00,         4.556998
04/01/2009 12:00:00,        17.539027
04/01/2009 13:00:00,        13.156108
04/01/2009 14:00:00,         9.725887
04/01/2009 15:00:00,        14.934026
04/01/2009 16:00:00,        31.324675
04/01/2009 17:00:00,        16.453235
04/01/2009 18:00:00,         3.054860
04/01/2009 19:00:00,         2.914520
04/01/2009 20:00:00,        18.835267
04/01/2009 21:00:00,        43.570364
04/01/2009 22:00:00,        86.259660
04/01/2009 23:00:00,        85.431989
04/02/2009 00:00:00,       102.846227
04/02/2009 01:00:00,        90.360098
04/02/2009 02:00:00,       156.814864
04/02/2009 03:00:00,       233.613435
04/02/2009 04:00:00,       187.355419
04/02/2009 05:00:00,       174.770542
04/02/2009 06:00:00,       139.561783
04/02/2009 07:00:00,       112.573355
04/02/2009 08:00:00,        93.118310
04/02/2009 09:00:00,       104.623993
04/02/2009 10:00:00,       120.081219
04/02/2009 11:00:00,       120.564768
04/02/2009 12:00:00,       109.600924
04/02/2009 13:00:00,        90.824533
04/02/2009 14:00:00,        64.469212
04/02/2009 15:00:00,        32.628205
04/02/2009 16:00:00,        14.045304
04/02/2009 17:00:00,         1.219546
04/02/2009 18:00:00,         0.000000
04/02/2009 19:00:00,         0.000000
04/02/2009 20:00:00,         0.018859
04/02/2009 21:00:00,         0.010731
04/02/2009 22:00:00,         0.173821
04/02/2009 23:00:00,         0.273936
04/03/2009 00:00:00,         0.102766
04/03/2009 01:00:00,         0.000000
04/03/2009 02:00:00,         0.067345
04/03/2009 03:00:00,         0.155689
04/03/2009 04:00:00,         0.001035
04/03/2009 05:00:00,         0.000000
04/03/2009 06:00:00,         0.000000
04/03/2009 07:00:00,         0.000000
04/03/2009 08:00:00,         0.000000
04/03/2009 09:00:00,         0.066611
04/03/2009 10:00:00,         0.043340
04/03/2009 11:00:00,         0.026687
04/03/2009 12:00:00,         1.010019
04/03/2009 13:00:00,         1.583020
04/03/2009 14:00:00,         6.022680
04/03/2009 15:00:00,         2.210597
04/03/2009 16:00:00,         2.112996
04/03/2009 17:00:00,         1.133116
04/03/2009 18:00:00,         0.961180
04/03/2009 19:00:00,         0.568451
04/03/2009 20:00:00,         0.682541
04/03/2009 21:00:00,         0.545326
04/03/2009 22:00:00,         0.579595
04/03/2009 23:00:00,         0.600432
04/04/2009 00:00:00,         0.349898
04/04/2009 01:00:00,         1.367288
04/04/2009 02:00:00,         1.056810
04/04/2009 03:00:00,         4.462091
04/04/2009 04:00:00,        19.834773
04/04/2009 05:00:00,         6.576933
04/04/2009 06:00:00,         2.210764
04/04/2009 07:00:00,         4.956691
04/04/2009 08:00:00,         8.324688
04/04/2009 09:00:00,         8.410152
04/04/2009 10:00:00,         4.306999
04/04/2009 11:00:00,         0.957232
04/04/2009 12:00:00,         2.361865
04/04/2009 13:00:00,         3.382776
04/04/2009 14:00:00,         2.671863
04/04/2009 15:00:00,         0.752052
04/04/2009 16:00:00,         0.005729
04/04/2009 17:00:00,         0.000000
04/04/2009 18:00:00,         0.000000
04/04/2009 19:00:00,         0.007541
04/04/2009 20:00:00,         0.021107
04/04/2009 21:00:00,         0.056859
04/04/2009 22:00:00,         0.068972
04/04/2009 23:00:00,         0.734949
04/05/2009 00:00:00,         2.781083
04/05/2009 01:00:00,        12.026677
04/05/2009 02:00:00,        35.717421
04/05/2009 03:00:00,        58.111483
04/05/2009 04:00:00,        68.933800
04/05/2009 05:00:00,        76.071234
04/05/2009 06:00:00,        91.504811
04/05/2009 07:00:00,       132.118148
04/05/2009 08:00:00,       163.281519
04/05/2009 09:00:00,       168.272539
04/05/2009 10:00:00,       156.748645
04/05/2009 11:00:00,       134.315048
04/05/2009 12:00:00,       134.406106
04/05/2009 13:00:00,       143.339388
04/05/2009 14:00:00,       154.834065
04/05/2009 15:00:00,       145.892102
04/05/2009 16:00:00,       102.034052
04/05/2009 17:00:00,        86.413826
04/05/2009 18:00:00,        67.785188
04/05/2009 19:00:00,        54.447995
04/05/2009 20:00:00,        51.129737
04/05/2009 21:00:00,        51.624269
04/05/2009 22:00:00,        50.445803
04/05/2009 23:00:00,        50.349265
04/06/2009 00:00:00,        64.723691
04/06/2009 01:00:00,        98.569950
04/06/2009 02:00:00,       163.188280
04/06/2009 03:00:00,       239.318350
04/06/2009 04:00:00,       215.488861
04/06/2009 05:00:00,       209.126268
04/06/2009 06:00:00,       246.458019
04/06/2009 07:00:00,       240.941087
04/06/2009 08:00:00,       202.246746
04/06/2009 09:00:00,       150.166047
04/06/2009 10:00:00,       202.124231
04/06/2009 11:00:00,       261.450595
04/06/2009 12:00:00,       260.599890
04/06/2009 13:00:00,       207.281395
04/06/2009 14:00:00,       231.372936
04/06/2009 15:00:00,       227.962069
04/06/2009 16:00:00,       128.526186
04/06/2009 17:00:00,       129.204827
04/06/2009 18:00:00,       210.487764
04/06/2009 19:00:00,       268.542638
04/06/2009 20:00:00,       287.769523
04/06/2009 21:00:00,       285.108421
04/06/2009 22:00:00,       255.815220
04/06/2009 23:00:00,       227.838473
04/07/2009 00:00:00,       244.050998
04/07/2009 01:00:00,       303.434442
04/07/2009 02:00:00,       334.861189
04/07/2009 03:00:00,       346.120838
04/07/2009 04:00:00,       347.074548
04/07/2009 05:00:00,       340.812994
04/07/2009 06:00:00,       332.569734
04/07/2009 07:00:00,       333.712576
04/07/2009 08:00:00,       327.001763
04/07/2009 09:00:00,       275.738872
04/07/2009 10:00:00,       179.972029
04/07/2009 11:00:00,        98.473198
04/07/2009 12:00:00,        46.591328
04/07/2009 13:00:00,        31.668070
04/07/2009 14:00:00,        13.156710
04/07/2009 15:00:00,         9.133960
04/07/2009 16:00:00,         3.597494
04/07/2009 17:00:00,         0.004717
04/07/2009 18:00:00,         0.170934
04/07/2009 19:00:00,         0.693632
04/07/2009 20:00:00,         6.664779
04/07/2009 21:00:00,        12.860471
04/07/2009 22:00:00,        18.036477
04/07/2009 23:00:00,        78.918732
04/08/2009 00:00:00,       107.150897
04/08/2009 01:00:00,        95.426750
04/08/2009 02:00:00,        75.568875
04/08/2009 03:00:00,        56.424836
04/08/2009 04:00:00,        53.498572
04/08/2009 05:00:00,        36.536331
04/08/2009 06:00:00,        45.601155
04/08/2009 07:00:00,        52.308399
04/08/2009 08:00:00,        62.815140
04/08/2009 09:00:00,       148.753569
04/08/2009 10:00:00,       140.455239
04/08/2009 11:00:00,       170.136417
04/08/2009 12:00:00,       194.186803
04/08/2009 13:00:00,       244.736138
04/08/2009 14:00:00,       218.971058
04/08/2009 15:00:00,       122.871220
04/08/2009 16:00:00,        35.324169
04/08/2009 17:00:00,         3.963485
04/08/2009 18:00:00,         0.052060
04/08/2009 19:00:00,         1.086202
04/08/2009 20:00:00,        21.303854
04/08/2009 21:00:00,        14.611515
04/08/2009 22:00:00,        11.419876
04/08/2009 23:00:00,         6.464137
04/09/2009 00:00:00,        43.942316
04/09/2009 01:00:00,        11.260026
04/09/2009 02:00:00,        49.876954
04/09/2009 03:00:00,       126.127644
04/09/2009 04:00:00,       143.473835
04/09/2009 05:00:00,        53.142210
04/09/2009 06:00:00,       101.336769
04/09/2009 07:00:00,       146.942232
04/09/2009 08:00:00,       162.325042
04/09/2009 09:00:00,       212.871171
04/09/2009 10:00:00,       189.521203
04/09/2009 11:00:00,       202.791059
04/09/2009 12:00:00,       223.626274
04/09/2009 13:00:00,       169.178530
04/09/2009 14:00:00,       105.264242
04/09/2009 15:00:00,        59.869608
04/09/2009 16:00:00,        34.542024
04/09/2009 17:00:00,        16.636572
04/09/2009 18:00:00,        24.083405
04/09/2009 19:00:00,        80.546279
04/09/2009 20:00:00,        98.204122
04/09/2009 21:00:00,       127.248637
04/09/2009 22:00:00,       138.492824
04/09/2009 23:00:00,       151.792272
04/10/2009 00:00:00,       183.526694
04/10/2009 01:00:00,       189.831988
04/10/2009 02:00:00,       149.280780
04/10/2009 03:00:00,       150.965695
04/10/2009 04:00:00,       150.986388
04/10/2009 05:00:00,       152.990008
04/10/2009 06:00:00,       146.572349
04/10/2009 07:00:00,       119.472839
04/10/2009 08:00:00,       131.480609
04/10/2009 09:00:00,        96.275785
04/10/2009 10:00:00,        94.994407
04/10/2009 11:00:00,       166.307817
04/10/2009 12:00:00,       214.057483
04/10/2009 13:00:00,       273.813261
04/10/2009 14:00:00,       270.256457
04/10/2009 15:00:00,       189.120765
04/10/2009 16:00:00,        64.454061
04/10/2009 17:00:00,         7.088645
04/10/2009 18:00:00,         4.409178
04/10/2009 19:00:00,        22.857688
04/10/2009 20:00:00,        41.373525
04/10/2009 21:00:00,        46.194510
04/10/2009 22:00:00,        39.609941
04/10/2009 23:00:00,        45.853351
04/11/2009 00:00:00,        60.945610
04/11/2009 01:00:00,        55.840871
04/11/2009 02:00:00,        87.964098
04/11/2009 03:00:00,       102.147762
04/11/2009 04:00:00,        90.969836
04/11/2009 05:00:00,        77.775873
04/11/2009 06:00:00,        64.144623
04/11/2009 07:00:00,        58.797724
04/11/2009 08:00:00,        35.135580
04/11/2009 09:00:00,        21.238388
04/11/2009 10:00:00,        13.953358
04/11/2009 11:00:00,        10.198350
04/11/2009 12:00:00,         8.665707
04/11/2009 13:00:00,         4.068371
04/11/2009 14:00:00,         1.062308
04/11/2009 15:00:00,         7.943741
04/11/2009 16:00:00,        25.837409
04/11/2009 17:00:00,        13.876192
04/11/2009 18:00:00,         0.829430
04/11/2009 19:00:00,         3.461569
04/11/2009 20:00:00,        13.058887
04/11/2009 21:00:00,        26.534711
04/11/2009 22:00:00,        44.592143
04/11/2009 23:00:00,        54.381344
04/12/2009 00:00:00,        98.350054
04/12/2009 01:00:00,       178.308660
04/12/2009 02:00:00,       224.226221
04/12/2009 03:00:00,       249.595464
04/12/2009 04:00:00,       275.924856
04/12/2009 05:00:00,       327.534695
04/12/2009 06:00:00,       346.915750
04/12/2009 07:00:00,       349.121580
04/12/2009 08:00:00,       346.459004
04/12/2009 09:00:00,       345.303828
04/12/2009 10:00:00,       321.383378
04/12/2009 11:00:00,       280.086431
04/12/2009 12:00:00,       220.705555
04/12/2009 13:00:00,       238.118508
04/12/2009 14:00:00,       257.281760
04/12/2009 15:00:00,       214.553688
04/12/2009 16:00:00,       251.546096
04/12/2009 17:00:00,       295.001397
04/12/2009 18:00:00,       288.137362
04/12/2009 19:00:00,       295.214634
04/12/2009 20:00:00,       258.732271
04/12/2009 21:00:00,       276.699385
04/12/2009 22:00:00,       308.178274
04/12/2009 23:00:00,       300.569308
04/13/2009 00:00:00,       318.301489
04/13/2009 01:00:00,       276.286057
04/13/2009 02:00:00,       249.386201
04/13/2009 03:00:00,       205.920614
04/13/2009 04:00:00,       185.115628
04/13/2009 05:00:00,       181.933931
04/13/2009 06:00:00,       186.374682
04/13/2009 07:00:00,       155.922582
04/13/2009 08:00:00,       182.220770
04/13/2009 09:00:00,       210.019090
04/13/2009 10:00:00,       212.391028
04/13/2009 11:00:00,       236.391878
04/13/2009 12:00:00,       219.760310
04/13/2009 13:00:00,       205.223666
04/13/2009 14:00:00,       175.547838
04/13/2009 15:00:00,       237.238474
04/13/2009 16:00:00,       322.011503
04/13/2009 17:00:00,       343.133607
04/13/2009 18:00:00,       351.928627
04/13/2009 19:00:00,       351.999638
04/13/2009 20:00:00,       351.928322
04/13/2009 21:00:00,       351.501502
04/13/2009 22:00:00,       351.191923
04/13/2009 23:00:00,       351.075822
04/14/2009 00:00:00,       349.505134
04/14/2009 01:00:00,       350.239053
04/14/2009 02:00:00,       350.580392
04/14/2009 03:00:00,       349.242002
04/14/2009 04:00:00,       346.489003
04/14/2009 05:00:00,       346.785780
04/14/2009 06:00:00,       340.240247
04/14/2009 07:00:00,       324.061839
04/14/2009 08:00:00,       324.254908
04/14/2009 09:00:00,       322.256256
04/14/2009 10:00:00,       316.520127
04/14/2009 11:00:00,       296.262002
04/14/2009 12:00:00,       253.592457
04/14/2009 13:00:00,       158.934521
04/14/2009 14:00:00,       116.191108
04/14/2009 15:00:00,        65.492740
04/14/2009 16:00:00,        48.037682
04/14/2009 17:00:00,        51.400814
04/14/2009 18:00:00,        41.794395
04/14/2009 19:00:00,        62.288365
04/14/2009 20:00:00,        73.614461
04/14/2009 21:00:00,       153.543942
04/14/2009 22:00:00,       150.712819
04/14/2009 23:00:00,       114.787097
04/15/2009 00:00:00,       175.533768
04/15/2009 01:00:00,       257.625860
04/15/2009 02:00:00,       148.968831
04/15/2009 03:00:00,       114.089921
04/15/2009 04:00:00,        64.147393
04/15/2009 05:00:00,        57.265554
04/15/2009 06:00:00,        99.575851
04/15/2009 07:00:00,        75.870533
04/15/2009 08:00:00,        39.949600
04/15/2009 09:00:00,        90.317388
04/15/2009 10:00:00,        36.225929
04/15/2009 11:00:00,         9.103839
04/15/2009 12:00:00,         0.927844
04/15/2009 13:00:00,         0.000000
04/15/2009 14:00:00,        13.770927
04/15/2009 15:00:00,        34.191282
04/15/2009 16:00:00,       110.896349
04/15/2009 17:00:00,       130.887935
04/15/2009 18:00:00,       154.439572
04/15/2009 19:00:00,       127.078478
04/15/2009 20:00:00,       106.073517
04/15/2009 21:00:00,        71.497371
04/15/2009 22:00:00,        41.301771
04/15/2009 23:00:00,        35.001443
04/16/2009 00:00:00,        28.627798
04/16/2009 01:00:00,        53.640665
04/16/2009 02:00:00,        25.974121
04/16/2009 03:00:00,        14.317199
04/16/2009 04:00:00,         3.253175
04/16/2009 05:00:00,         3.344488
04/16/2009 06:00:00,         0.552475
04/16/2009 07:00:00,         0.338954
04/16/2009 08:00:00,         0.649146
04/16/2009 09:00:00,         3.032733
04/16/2009 10:00:00,        10.705055
04/16/2009 11:00:00,         9.800580
04/16/2009 12:00:00,        18.320878
04/16/2009 13:00:00,        17.971202
04/16/2009 14:00:00,        11.103048
04/16/2009 15:00:00,         6.795035
04/16/2009 16:00:00,         0.201737
04/16/2009 17:00:00,         0.000000
04/16/2009 18:00:00,         0.053930
04/16/2009 19:00:00,         1.233974
04/16/2009 20:00:00,         2.561144
04/16/2009 21:00:00,         8.972052
04/16/2009 22:00:00,        14.039475
04/16/2009 23:00:00,        15.931770
04/17/2009 00:00:00,        33.134592
04/17/2009 01:00:00,        50.322391
04/17/2009 02:00:00,        40.325863
04/17/2009 03:00:00,        28.128164
04/17/2009 04:00:00,        31.768174
04/17/2009 05:00:00,        72.215286
04/17/2009 06:00:00,       102.584089
04/17/2009 07:00:00,       115.898402
04/17/2009 08:00:00,        96.026214
04/17/2009 09:00:00,        70.575583
04/17/2009 10:00:00,        45.810609
04/17/2009 11:00:00,        26.786225
04/17/2009 12:00:00,        39.391298
04/17/2009 13:00:00,        57.255637
04/17/2009 14:00:00,        58.903898
04/17/2009 15:00:00,        42.242184
04/17/2009 16:00:00,         7.085564
04/17/2009 17:00:00,         8.958397
04/17/2009 18:00:00,        36.137407
04/17/2009 19:00:00,        52.043077
04/17/2009 20:00:00,        45.995241
04/17/2009 21:00:00,        58.394811
04/17/2009 22:00:00,        57.105786
04/17/2009 23:00:00,        97.705112
04/18/2009 00:00:00,       124.280972
04/18/2009 01:00:00,       163.851607
04/18/2009 02:00:00,       159.826396
04/18/2009 03:00:00,       203.971182
04/18/2009 04:00:00,       301.208488
04/18/2009 05:00:00,       348.926402
04/18/2009 06:00:00,       351.841914
04/18/2009 07:00:00,       351.825094
04/18/2009 08:00:00,       351.260379
04/18/2009 09:00:00,       349.393847
04/18/2009 10:00:00,       341.715410
04/18/2009 11:00:00,       338.476622
04/18/2009 12:00:00,       334.022884
04/18/2009 13:00:00,       326.167976
04/18/2009 14:00:00,       271.427712
04/18/2009 15:00:00,       175.947848
04/18/2009 16:00:00,       127.074500
04/18/2009 17:00:00,       123.735287
04/18/2009 18:00:00,       108.250440
04/18/2009 19:00:00,       156.846282
04/18/2009 20:00:00,       186.691064
04/18/2009 21:00:00,       215.617181
04/18/2009 22:00:00,       273.111701
04/18/2009 23:00:00,       296.939929
04/19/2009 00:00:00,       325.491490
04/19/2009 01:00:00,       340.588072
04/19/2009 02:00:00,       340.913999
04/19/2009 03:00:00,       329.442908
04/19/2009 04:00:00,       311.432941
04/19/2009 05:00:00,       266.440746
04/19/2009 06:00:00,       236.983581
04/19/2009 07:00:00,       197.535360
04/19/2009 08:00:00,       185.909835
04/19/2009 09:00:00,       172.407347
04/19/2009 10:00:00,       152.205469
04/19/2009 11:00:00,       115.882214
04/19/2009 12:00:00,        57.886027
04/19/2009 13:00:00,        22.160991
04/19/2009 14:00:00,        25.230286
04/19/2009 15:00:00,        28.952743
04/19/2009 16:00:00,        13.431211
04/19/2009 17:00:00,        77.744927
04/19/2009 18:00:00,       241.980627
04/19/2009 19:00:00,       272.007384
04/19/2009 20:00:00,       314.574296
04/19/2009 21:00:00,       329.423007
04/19/2009 22:00:00,       340.439545
04/19/2009 23:00:00,       344.988532
04/20/2009 00:00:00,       349.550201
04/20/2009 01:00:00,       350.513583
04/20/2009 02:00:00,       349.911368
04/20/2009 03:00:00,       349.466834
04/20/2009 04:00:00,       347.655453
04/20/2009 05:00:00,       348.194748
04/20/2009 06:00:00,       339.077065
04/20/2009 07:00:00,       322.314083
04/20/2009 08:00:00,       339.175012
04/20/2009 09:00:00,       344.302975
04/20/2009 10:00:00,       343.758348
04/20/2009 11:00:00,       344.728185
04/20/2009 12:00:00,       346.212052
04/20/2009 13:00:00,       344.750984
04/20/2009 14:00:00,       326.169167
04/20/2009 15:00:00,       251.152012
04/20/2009 16:00:00,       253.960425
04/20/2009 17:00:00,       305.935726
04/20/2009 18:00:00,       334.692905
04/20/2009 19:00:00,       343.685086
04/20/2009 20:00:00,       345.420107
04/20/2009 21:00:00,       343.218070
04/20/2009 22:00:00,       344.319592
04/20/2009 23:00:00,       342.041260
04/21/2009 00:00:00,       342.244415
04/21/2009 01:00:00,       333.724299
04/21/2009 02:00:00,       334.648064
04/21/2009 03:00:00,       326.634555
04/21/2009 04:00:00,       323.780704
04/21/2009 05:00:00,       322.339269
04/21/2009 06:00:00,       328.027805
04/21/2009 07:00:00,       323.835185
04/21/2009 08:00:00,       324.288058
04/21/2009 09:00:00,       324.610478
04/21/2009 10:00:00,       327.307042
04/21/2009 11:00:00,       339.323315
04/21/2009 12:00:00,       339.185359
04/21/2009 13:00:00,       333.981612
04/21/2009 14:00:00,       322.147916
04/21/2009 15:00:00,       250.071588
04/21/2009 16:00:00,       149.089785
04/21/2009 17:00:00,       197.528395
04/21/2009 18:00:00,       300.972719
04/21/2009 19:00:00,       280.926940
04/21/2009 20:00:00,       308.470523
04/21/2009 21:00:00,       302.443508
04/21/2009 22:00:00,       324.391337
04/21/2009 23:00:00,       344.799715
04/22/2009 00:00:00,       346.429589
04/22/2009 01:00:00,       346.338313
04/22/2009 02:00:00,       351.069318
04/22/2009 03:00:00,       351.412137
04/22/2009 04:00:00,       351.656242
04/22/2009 05:00:00,       348.016384
04/22/2009 06:00:00,       335.604533
04/22/2009 07:00:00,       323.682283
04/22/2009 08:00:00,       326.884859
04/22/2009 09:00:00,       326.752627
04/22/2009 10:00:00,       306.687008
04/22/2009 11:00:00,       257.263944
04/22/2009 12:00:00,       224.024247
04/22/2009 13:00:00,       188.943795
04/22/2009 14:00:00,       148.252963
04/22/2009 15:00:00,       203.605510
04/22/2009 16:00:00,       297.614235
04/22/2009 17:00:00,       281.541634
04/22/2009 18:00:00,       249.055882
04/22/2009 19:00:00,       159.760821
04/22/2009 20:00:00,       130.811471
04/22/2009 21:00:00,        87.873966
04/22/2009 22:00:00,        79.136137
04/22/2009 23:00:00,       111.816590
04/23/2009 00:00:00,       135.074513
04/23/2009 01:00:00,        58.987654
04/23/2009 02:00:00,        40.875543
04/23/2009 03:00:00,        36.293278
04/23/2009 04:00:00,         1.222292
04/23/2009 05:00:00,         0.000000
04/23/2009 06:00:00,         0.000000
04/23/2009 07:00:00,         0.000000
04/23/2009 08:00:00,         0.000000
04/23/2009 09:00:00,         5.949088
04/23/2009 10:00:00,        14.474049
04/23/2009 11:00:00,        52.487232
04/23/2009 12:00:00,        37.462050
04/23/2009 13:00:00,        22.161793
04/23/2009 14:00:00,        13.470779
04/23/2009 15:00:00,         8.578614
04/23/2009 16:00:00,        10.394143
04/23/2009 17:00:00,        46.465767
04/23/2009 18:00:00,        92.090589
04/23/2009 19:00:00,        60.074239
04/23/2009 20:00:00,        50.664543
04/23/2009 21:00:00,        47.662158
04/23/2009 22:00:00,        39.786588
04/23/2009 23:00:00,        33.558113
04/24/2009 00:00:00,        25.916914
04/24/2009 01:00:00,        17.227620
04/24/2009 02:00:00,        11.178731
04/24/2009 03:00:00,         5.249880
04/24/2009 04:00:00,         5.643112
04/24/2009 05:00:00,         7.192115
04/24/2009 06:00:00,         6.064712
04/24/2009 07:00:00,         2.994131
04/24/2009 08:00:00,         3.088003
04/24/2009 09:00:00,        17.732079
04/24/2009 10:00:00,        33.587204
04/24/2009 11:00:00,        52.010252
04/24/2009 12:00:00,        33.693280
04/24/2009 13:00:00,        34.766964
04/24/2009 14:00:00,        29.822641
04/24/2009 15:00:00,        10.486913
04/24/2009 16:00:00,         9.031734
04/24/2009 17:00:00,         2.867764
04/24/2009 18:00:00,         6.692777
04/24/2009 19:00:00,        15.929380
04/24/2009 20:00:00,        29.155584
04/24/2009 21:00:00,        74.443190
04/24/2009 22:00:00,        81.258684
04/24/2009 23:00:00,       153.964140
04/25/2009 00:00:00,       181.427871
04/25/2009 01:00:00,       222.810901
04/25/2009 02:00:00,       253.098056
04/25/2009 03:00:00,       257.061246
04/25/2009 04:00:00,       277.619619
04/25/2009 05:00:00,       318.970788
04/25/2009 06:00:00,       332.016431
04/25/2009 07:00:00,       335.974332
04/25/2009 08:00:00,       336.598889
04/25/2009 09:00:00,       320.850213
04/25/2009 10:00:00,       269.657301
04/25/2009 11:00:00,       240.038279
04/25/2009 12:00:00,       221.768564
04/25/2009 13:00:00,       196.175545
04/25/2009 14:00:00,       148.641283
04/25/2009 15:00:00,        88.741105
04/25/2009 16:00:00,        47.591182
04/25/2009 17:00:00,        32.241265
04/25/2009 18:00:00,        17.428261
04/25/2009 19:00:00,         3.786238
04/25/2009 20:00:00,         0.348448
04/25/2009 21:00:00,         0.272565
04/25/2009 22:00:00,         0.812164
04/25/2009 23:00:00,         6.375804
04/26/2009 00:00:00,         7.258864
04/26/2009 01:00:00,         2.618260
04/26/2009 02:00:00,         3.552972
04/26/2009 03:00:00,         8.852746
04/26/2009 04:00:00,         0.000000
04/26/2009 05:00:00,         0.000000
04/26/2009 06:00:00,         0.000000
04/26/2009 07:00:00,         0.000000
04/26/2009 08:00:00,         0.000000
04/26/2009 09:00:00,         0.000000
04/26/2009 10:00:00,         0.000000
04/26/2009 11:00:00,         0.000000
04/26/2009 12:00:00,         0.000000
04/26/2009 13:00:00,         0.000000
04/26/2009 14:00:00,         0.000000
04/26/2009 15:00:00,         0.000000
04/26/2009 16:00:00,         5.735214
04/26/2009 17:00:00,        40.066998
04/26/2009 18:00:00,        23.891879
04/26/2009 19:00:00,        21.256978
04/26/2009 20:00:00,        20.103239
04/26/2009 21:00:00,        10.748825
04/26/2009 22:00:00,         6.773813
04/26/2009 23:00:00,         0.717815
04/27/2009 00:00:00,         0.007571
04/27/2009 01:00:00,         0.024505
04/27/2009 02:00:00,         0.767214
04/27/2009 03:00:00,         1.465440
04/27/2009 04:00:00,         3.353695
04/27/2009 05:00:00,         2.338929
04/27/2009 06:00:00,         0.106902
04/27/2009 07:00:00,         0.000000
04/27/2009 08:00:00,         0.000000
04/27/2009 09:00:00,         0.000000
04/27/2009 10:00:00,         0.000000
04/27/2009 11:00:00,         0.000000
04/27/2009 12:00:00,         0.000000
04/27/2009 13:00:00,         0.000000
04/27/2009 14:00:00,         0.000000
04/27/2009 15:00:00,         0.000000
04/27/2009 16:00:00,         5.274785
04/27/2009 17:00:00,        64.757700
04/27/2009 18:00:00,        94.057765
04/27/2009 19:00:00,        77.181821
04/27/2009 20:00:00,        81.561525
04/27/2009 21:00:00,        67.683194
04/27/2009 22:00:00,        48.396982
04/27/2009 23:00:00,        38.588077
04/28/2009 00:00:00,        39.652903
04/28/2009 01:00:00,        28.312308
04/28/2009 02:00:00,         8.890144
04/28/2009 03:00:00,         6.429510
04/28/2009 04:00:00,         2.499794
04/28/2009 05:00:00,         0.000000
04/28/2009 06:00:00,         1.795729
04/28/2009 07:00:00,         1.376525
04/28/2009 08:00:00,         2.121668
04/28/2009 09:00:00,         8.999072
04/28/2009 10:00:00,         0.000000
04/28/2009 11:00:00,       132.735625
04/28/2009 12:00:00,       147.901490
04/28/2009 13:00:00,        31.967582
04/28/2009 14:00:00,         5.367331
04/28/2009 15:00:00,        28.015435
04/28/2009 16:00:00,        44.809669
04/28/2009 17:00:00,       118.297806
04/28/2009 18:00:00,       185.644881
04/28/2009 19:00:00,       215.193703
04/28/2009 20:00:00,       199.074732
04/28/2009 21:00:00,       230.324834
04/28/2009 22:00:00,       105.524470
04/28/2009 23:00:00,        93.907431
04/29/2009 00:00:00,       181.780568
04/29/2009 01:00:00,       186.828473
04/29/2009 02:00:00,       277.911273
04/29/2009 03:00:00,       259.480299
04/29/2009 04:00:00,       260.049171
04/29/2009 05:00:00,       239.399608
04/29/2009 06:00:00,       108.143650
04/29/2009 07:00:00,        28.052234
04/29/2009 08:00:00,         0.000000
04/29/2009 09:00:00,         6.892598
04/29/2009 10:00:00,         0.000000
04/29/2009 11:00:00,        14.885890
04/29/2009 12:00:00,        14.447657
04/29/2009 13:00:00,         0.000000
04/29/2009 14:00:00,         0.000000
04/29/2009 15:00:00,         0.000000
04/29/2009 16:00:00,         8.733351
04/29/2009 17:00:00,       111.152064
04/29/2009 18:00:00,       197.840997
04/29/2009 19:00:00,       163.170734
04/29/2009 20:00:00,       126.086904
04/29/2009 21:00:00,       107.395631
04/29/2009 22:00:00,        64.047408
04/29/2009 23:00:00,        56.224918
04/30/2009 00:00:00,        51.947042
04/30/2009 01:00:00,        24.997895
04/30/2009 02:00:00,        22.818445
04/30/2009 03:00:00,        28.805615
04/30/2009 04:00:00,        48.181291
04/30/2009 05:00:00,        59.412574
04/30/2009 06:00:00,        38.783010
04/30/2009 07:00:00,        20.489523
04/30/2009 08:00:00,         9.623469
04/30/2009 09:00:00,         2.977274
04/30/2009 10:00:00,         0.313773
04/30/2009 11:00:00,         0.000000
04/30/2009 12:00:00,         0.000000
04/30/2009 13:00:00,         0.004639
04/30/2009 14:00:00,         2.100789
04/30/2009 15:00:00,         4.536036
04/30/2009 16:00:00,        12.458142
04/30/2009 17:00:00,         7.697102
04/30/2009 18:00:00,         2.285305
04/30/2009 19:00:00,         1.047636
04/30/2009 20:00:00,         1.495140
04/30/2009 21:00:00,         1.074130
04/30/2009 22:00:00,         0.618307
04/30/2009 23:00:00,         0.776962
05/01/2009 00:00:00,         0.987830
05/01/2009 01:00:00,         4.549073
05/01/2009 02:00:00,         0.506563
05/01/2009 03:00:00,         7.471394
05/01/2009 04:00:00,        39.424691
05/01/2009 05:00:00,        65.725909
05/01/2009 06:00:00,        44.557736
05/01/2009 07:00:00,        44.833515
05/01/2009 08:00:00,        24.582326
05/01/2009 09:00:00,        20.386416
05/01/2009 10:00:00,        34.341641
05/01/2009 11:00:00,        36.103665
05/01/2009 12:00:00,        42.999658
05/01/2009 13:00:00,        44.773361
05/01/2009 14:00:00,        30.510186
05/01/2009 15:00:00,        20.361767
05/01/2009 16:00:00,        16.716866
05/01/2009 17:00:00,        14.657266
05/01/2009 18:00:00,        13.096134
05/01/2009 19:00:00,        10.661794
05/01/2009 20:00:00,         8.001992
05/01/2009 21:00:00,         4.893702
05/01/2009 22:00:00,         5.143882
05/01/2009 23:00:00,         6.359758
05/02/2009 00:00:00,         1.300045
05/02/2009 01:00:00,         0.088975
05/02/2009 02:00:00,         1.161666
05/02/2009 03:00:00,         2.043738
05/02/2009 04:00:00,         4.029874
05/02/2009 05:00:00,         3.099883
05/02/2009 06:00:00,         6.967223
05/02/2009 07:00:00,         3.259424
05/02/2009 08:00:00,         0.379103
05/02/2009 09:00:00,         0.050519
05/02/2009 10:00:00,         0.193911
05/02/2009 11:00:00,         0.230013
05/02/2009 12:00:00,         0.024292
05/02/2009 13:00:00,         0.117285
05/02/2009 14:00:00,         0.282996
05/02/2009 15:00:00,         1.325150
05/02/2009 16:00:00,         2.855137
05/02/2009 17:00:00,         0.625966
05/02/2009 18:00:00,         0.108635
05/02/2009 19:00:00,         3.656596
05/02/2009 20:00:00,        13.020486
05/02/2009 21:00:00,        24.963936
05/02/2009 22:00:00,        19.275872
05/02/2009 23:00:00,        27.351127
05/03/2009 00:00:00,        40.020090
05/03/2009 01:00:00,        38.161161
05/03/2009 02:00:00,        31.673504
05/03/2009 03:00:00,        72.556663
05/03/2009 04:00:00,       126.004486
05/03/2009 05:00:00,       213.192670
05/03/2009 06:00:00,       281.705958
05/03/2009 07:00:00,       305.045828
05/03/2009 08:00:00,       315.733464
05/03/2009 09:00:00,       317.474561
05/03/2009 10:00:00,       304.746682
05/03/2009 11:00:00,       241.295323
05/03/2009 12:00:00,       290.741067
05/03/2009 13:00:00,       340.113348
05/03/2009 14:00:00,       333.792919
05/03/2009 15:00:00,       255.257537
05/03/2009 16:00:00,       127.564606
05/03/2009 17:00:00,        50.560113
05/03/2009 18:00:00,        67.487491
05/03/2009 19:00:00,        77.122154
05/03/2009 20:00:00,        77.542661
05/03/2009 21:00:00,        73.507217
05/03/2009 22:00:00,        69.287478
05/03/2009 23:00:00,        48.341327
05/04/2009 00:00:00,        54.353627
05/04/2009 01:00:00,       134.612327
05/04/2009 02:00:00,       243.596596
05/04/2009 03:00:00,       297.909098
05/04/2009 04:00:00,       344.246455
05/04/2009 05:00:00,       351.420236
05/04/2009 06:00:00,       351.721990
05/04/2009 07:00:00,       351.841955
05/04/2009 08:00:00,       350.723786
05/04/2009 09:00:00,       350.772665
05/04/2009 10:00:00,       350.345769
05/04/2009 11:00:00,       349.395230
05/04/2009 12:00:00,       347.100026
05/04/2009 13:00:00,       344.304359
05/04/2009 14:00:00,       331.861974
05/04/2009 15:00:00,       266.146628
05/04/2009 16:00:00,       234.921599
05/04/2009 17:00:00,       245.497589
05/04/2009 18:00:00,       274.606041
05/04/2009 19:00:00,       261.359198
05/04/2009 20:00:00,       218.872122
05/04/2009 21:00:00,       238.943655
05/04/2009 22:00:00,       228.304021
05/04/2009 23:00:00,       178.604619
05/05/2009 00:00:00,       137.201537
05/05/2009 01:00:00,        82.870520
05/05/2009 02:00:00,        82.380423
05/05/2009 03:00:00,       150.977077
05/05/2009 04:00:00,       163.134993
05/05/2009 05:00:00,       164.568423
05/05/2009 06:00:00,       213.144535
05/05/2009 07:00:00,       182.454953
05/05/2009 08:00:00,       233.183388
05/05/2009 09:00:00,       206.062833
05/05/2009 10:00:00,       296.045186
05/05/2009 11:00:00,       282.895515
05/05/2009 12:00:00,       212.166576
05/05/2009 13:00:00,       246.065082
05/05/2009 14:00:00,       270.704134
05/05/2009 15:00:00,       286.027076
05/05/2009 16:00:00,       336.141240
05/05/2009 17:00:00,       342.029755
05/05/2009 18:00:00,       342.098552
05/05/2009 19:00:00,       349.622259
05/05/2009 20:00:00,       351.995350
05/05/2009 21:00:00,       351.979458
05/05/2009 22:00:00,       351.999345
05/05/2009 23:00:00,       351.994507
05/06/2009 00:00:00,       351.995706
05/06/2009 01:00:00,       351.999355
05/06/2009 02:00:00,       351.996365
05/06/2009 03:00:00,       351.990034
05/06/2009 04:00:00,       351.998960
05/06/2009 05:00:00,       351.997980
05/06/2009 06:00:00,       351.994245
05/06/2009 07:00:00,       351.982138
05/06/2009 08:00:00,       351.973757
05/06/2009 09:00:00,       351.896636
05/06/2009 10:00:00,       351.519516
05/06/2009 11:00:00,       349.525150
05/06/2009 12:00:00,       346.864126
05/06/2009 13:00:00,       335.560934
05/06/2009 14:00:00,       299.462231
05/06/2009 15:00:00,       287.933384
05/06/2009 16:00:00,       295.650338
05/06/2009 17:00:00,       286.580016
05/06/2009 18:00:00,       246.316297
05/06/2009 19:00:00,       262.737945
05/06/2009 20:00:00,       264.290667
05/06/2009 21:00:00,       241.057895
05/06/2009 22:00:00,       265.729642
05/06/2009 23:00:00,       238.128755
05/07/2009 00:00:00,       195.955901
05/07/2009 01:00:00,       123.225753
05/07/2009 02:00:00,        79.453050
05/07/2009 03:00:00,        70.998201
05/07/2009 04:00:00,        69.664082
05/07/2009 05:00:00,        62.168029
05/07/2009 06:00:00,        86.204702
05/07/2009 07:00:00,        59.754902
05/07/2009 08:00:00,        39.551263
05/07/2009 09:00:00,       138.841510
05/07/2009 10:00:00,       233.116410
05/07/2009 11:00:00,       267.238849
05/07/2009 12:00:00,       286.649759
05/07/2009 13:00:00,       272.822390
05/07/2009 14:00:00,       296.417922
05/07/2009 15:00:00,       301.336770
05/07/2009 16:00:00,       325.931179
05/07/2009 17:00:00,       333.803695
05/07/2009 18:00:00,       341.544313
05/07/2009 19:00:00,       342.740720
05/07/2009 20:00:00,       346.318617
05/07/2009 21:00:00,       342.523027
05/07/2009 22:00:00,       294.847170
05/07/2009 23:00:00,       186.296341
05/08/2009 00:00:00,       136.541122
05/08/2009 01:00:00,        53.894804
05/08/2009 02:00:00,        93.387531
05/08/2009 03:00:00,       118.267861
05/08/2009 04:00:00,       159.132080
05/08/2009 05:00:00,       139.495800
05/08/2009 06:00:00,       174.078349
05/08/2009 07:00:00,       161.618412
05/08/2009 08:00:00,       163.699917
05/08/2009 09:00:00,       186.776396
05/08/2009 10:00:00,       123.234048
05/08/2009 11:00:00,       196.770384
05/08/2009 12:00:00,       195.637235
05/08/2009 13:00:00,       154.460057
05/08/2009 14:00:00,       104.847032
05/08/2009 15:00:00,        37.643166
05/08/2009 16:00:00,        17.739946
05/08/2009 17:00:00,        22.920725
05/08/2009 18:00:00,        13.032939
05/08/2009 19:00:00,        20.418311
05/08/2009 20:00:00,        46.161861
05/08/2009 21:00:00,        39.566437
05/08/2009 22:00:00,        31.845707
05/08/2009 23:00:00,        36.422482
05/09/2009 00:00:00,       110.121722
05/09/2009 01:00:00,       188.839926
05/09/2009 02:00:00,       136.799114
05/09/2009 03:00:00,        97.340044
05/09/2009 04:00:00,       102.561677
05/09/2009 05:00:00,       145.680737
05/09/2009 06:00:00,       115.690500
05/09/2009 07:00:00,       169.316101
05/09/2009 08:00:00,       181.753733
05/09/2009 09:00:00,       149.234089
05/09/2009 10:00:00,       119.778549
05/09/2009 11:00:00,       113.123467
05/09/2009 12:00:00,        35.498575
05/09/2009 13:00:00,        21.526594
05/09/2009 14:00:00,        14.545654
05/09/2009 15:00:00,        10.067947
05/09/2009 16:00:00,         6.278720
05/09/2009 17:00:00,        14.745741
05/09/2009 18:00:00,         7.716839
05/09/2009 19:00:00,         5.121049
05/09/2009 20:00:00,         1.403040
05/09/2009 21:00:00,         0.405733
05/09/2009 22:00:00,         9.962454
05/09/2009 23:00:00,         9.747765
05/10/2009 00:00:00,         5.183812
05/10/2009 01:00:00,         4.596153
05/10/2009 02:00:00,         0.487866
05/10/2009 03:00:00,         0.081460
05/10/2009 04:00:00,         0.052099
05/10/2009 05:00:00,         0.000000
05/10/2009 06:00:00,         0.000000
05/10/2009 07:00:00,         0.000000
05/10/2009 08:00:00,         0.000000
05/10/2009 09:00:00,         0.000000
05/10/2009 10:00:00,         0.008980
05/10/2009 11:00:00,         0.481575
05/10/2009 12:00:00,         5.297224
05/10/2009 13:00:00,        44.723290
05/10/2009 14:00:00,        52.759045
05/10/2009 15:00:00,        21.229851
05/10/2009 16:00:00,         5.696085
05/10/2009 17:00:00,         0.501422
05/10/2009 18:00:00,         0.691848
05/10/2009 19:00:00,        19.234110
05/10/2009 20:00:00,        25.979614
05/10/2009 21:00:00,         5.630096
05/10/2009 22:00:00,         5.130551
05/10/2009 23:00:00,        20.745958
05/11/2009 00:00:00,        42.653679
05/11/2009 01:00:00,        20.620013
05/11/2009 02:00:00,        12.113864
05/11/2009 03:00:00,        24.529110
05/11/2009 04:00:00,        54.200673
05/11/2009 05:00:00,        99.827964
05/11/2009 06:00:00,       104.633332
05/11/2009 07:00:00,        50.809758
05/11/2009 08:00:00,        26.344120
05/11/2009 09:00:00,        24.613604
05/11/2009 10:00:00,        17.320859
05/11/2009 11:00:00,         8.737253
05/11/2009 12:00:00,        17.347659
05/11/2009 13:00:00,         9.010430
05/11/2009 14:00:00,        23.928723
05/11/2009 15:00:00,        82.076715
05/11/2009 16:00:00,        50.511404
05/11/2009 17:00:00,        58.047526
05/11/2009 18:00:00,        63.531555
05/11/2009 19:00:00,        50.266073
05/11/2009 20:00:00,       144.954402
05/11/2009 21:00:00,       143.432722
05/11/2009 22:00:00,       173.103130
05/11/2009 23:00:00,       237.824015
05/12/2009 00:00:00,       254.890600
05/12/2009 01:00:00,       267.205561
05/12/2009 02:00:00,       279.851578
05/12/2009 03:00:00,       285.229778
05/12/2009 04:00:00,       330.829445
05/12/2009 05:00:00,       345.832299
05/12/2009 06:00:00,       345.292802
05/12/2009 07:00:00,       346.632295
05/12/2009 08:00:00,       343.540233
05/12/2009 09:00:00,       338.132544
05/12/2009 10:00:00,       322.864848
05/12/2009 11:00:00,       319.692616
05/12/2009 12:00:00,       341.545181
05/12/2009 13:00:00,       340.918190
05/12/2009 14:00:00,       329.877455
05/12/2009 15:00:00,       314.549682
05/12/2009 16:00:00,       290.836858
05/12/2009 17:00:00,       309.620071
05/12/2009 18:00:00,       282.914857
05/12/2009 19:00:00,       338.226168
05/12/2009 20:00:00,       304.854751
05/12/2009 21:00:00,       315.390060
05/12/2009 22:00:00,       277.700023
05/12/2009 23:00:00,       279.078648
05/13/2009 00:00:00,       304.937237
05/13/2009 01:00:00,       254.813063
05/13/2009 02:00:00,       194.563935
05/13/2009 03:00:00,       164.874338
05/13/2009 04:00:00,       106.166570
05/13/2009 05:00:00,        38.199134
05/13/2009 06:00:00,         0.000000
05/13/2009 07:00:00,         0.000000
05/13/2009 08:00:00,         0.000000
05/13/2009 09:00:00,         0.000000
05/13/2009 10:00:00,         0.000000
05/13/2009 11:00:00,         0.000000
05/13/2009 12:00:00,         0.000000
05/13/2009 13:00:00,         0.000000
05/13/2009 14:00:00,        12.260059
05/13/2009 15:00:00,        23.980402
05/13/2009 16:00:00,         2.752085
05/13/2009 17:00:00,         0.127396
05/13/2009 18:00:00,         0.406445
05/13/2009 19:00:00,         6.138116
05/13/2009 20:00:00,        61.362905
05/13/2009 21:00:00,       118.191784
05/13/2009 22:00:00,       142.764052
05/13/2009 23:00:00,       187.616362
05/14/2009 00:00:00,       217.928450
05/14/2009 01:00:00,       174.731027
05/14/2009 02:00:00,       185.891022
05/14/2009 03:00:00,       121.105514
05/14/2009 04:00:00,        84.777883
05/14/2009 05:00:00,        47.454354
05/14/2009 06:00:00,        34.201029
05/14/2009 07:00:00,        41.165291
05/14/2009 08:00:00,        74.714043
05/14/2009 09:00:00,        84.127335
05/14/2009 10:00:00,        73.572477
05/14/2009 11:00:00,        31.416999
05/14/2009 12:00:00,         8.028052
05/14/2009 13:00:00,         0.836019
05/14/2009 14:00:00,         0.682606
05/14/2009 15:00:00,         0.225026
05/14/2009 16:00:00,         0.267622
05/14/2009 17:00:00,        10.113671
05/14/2009 18:00:00,       143.714921
05/14/2009 19:00:00,        87.879879
05/14/2009 20:00:00,       130.074895
05/14/2009 21:00:00,        90.347915
05/14/2009 22:00:00,        36.073251
05/14/2009 23:00:00,        34.336085
05/15/2009 00:00:00,        51.000385
05/15/2009 01:00:00,         8.964267
05/15/2009 02:00:00,         8.849667
05/15/2009 03:00:00,        13.950078
05/15/2009 04:00:00,        30.586759
05/15/2009 05:00:00,        30.161433
05/15/2009 06:00:00,        20.393233
05/15/2009 07:00:00,        24.655023
05/15/2009 08:00:00,        41.669287
05/15/2009 09:00:00,        41.146015
05/15/2009 10:00:00,        46.865454
05/15/2009 11:00:00,        49.599182
05/15/2009 12:00:00,        31.070950
05/15/2009 13:00:00,        17.554489
05/15/2009 14:00:00,        17.940339
05/15/2009 15:00:00,         5.539526
05/15/2009 16:00:00,         2.929901
05/15/2009 17:00:00,         4.150823
05/15/2009 18:00:00,         0.940712
05/15/2009 19:00:00,         0.743889
05/15/2009 20:00:00,         5.893789
05/15/2009 21:00:00,         5.443304
05/15/2009 22:00:00,         7.783359
05/15/2009 23:00:00,        24.017001
05/16/2009 00:00:00,        19.013227
05/16/2009 01:00:00,        35.742148
05/16/2009 02:00:00,        43.083540
05/16/2009 03:00:00,        61.663837
05/16/2009 04:00:00,       100.154552
05/16/2009 05:00:00,        84.332903
05/16/2009 06:00:00,       133.215729
05/16/2009 07:00:00,       201.180447
05/16/2009 08:00:00,       206.996033
05/16/2009 09:00:00,       201.980286
05/16/2009 10:00:00,       198.519886
05/16/2009 11:00:00,       188.104181
05/16/2009 12:00:00,       175.532082
05/16/2009 13:00:00,       146.865867
05/16/2009 14:00:00,       128.445515
05/16/2009 15:00:00,        60.512667
05/16/2009 16:00:00,        18.215588
05/16/2009 17:00:00,        50.170045
05/16/2009 18:00:00,       100.427221
05/16/2009 19:00:00,       168.710110
05/16/2009 20:00:00,       196.319661
05/16/2009 21:00:00,       188.479907
05/16/2009 22:00:00,       203.120416
05/16/2009 23:00:00,       204.962936
05/17/2009 00:00:00,       196.774775
05/17/2009 01:00:00,       218.104261
05/17/2009 02:00:00,       267.723452
05/17/2009 03:00:00,       296.635633
05/17/2009 04:00:00,       304.701143
05/17/2009 05:00:00,       254.182431
05/17/2009 06:00:00,       202.749276
05/17/2009 07:00:00,       210.100773
05/17/2009 08:00:00,       251.692836
05/17/2009 09:00:00,       310.439851
05/17/2009 10:00:00,       338.235805
05/17/2009 11:00:00,       337.201527
05/17/2009 12:00:00,       336.255028
05/17/2009 13:00:00,       330.845252
05/17/2009 14:00:00,       316.633679
05/17/2009 15:00:00,       338.332515
05/17/2009 16:00:00,       342.432016
05/17/2009 17:00:00,       340.617413
05/17/2009 18:00:00,       325.391520
05/17/2009 19:00:00,       336.683170
05/17/2009 20:00:00,       345.189613
05/17/2009 21:00:00,       341.395644
05/17/2009 22:00:00,       334.777639
05/17/2009 23:00:00,       326.299639
05/18/2009 00:00:00,       307.381193
05/18/2009 01:00:00,       289.498936
05/18/2009 02:00:00,       274.111177
05/18/2009 03:00:00,       263.007079
05/18/2009 04:00:00,       246.270864
05/18/2009 05:00:00,       238.636558
05/18/2009 06:00:00,       213.323986
05/18/2009 07:00:00,       161.098657
05/18/2009 08:00:00,        91.984190
05/18/2009 09:00:00,        15.115251
05/18/2009 10:00:00,         1.355773
05/18/2009 11:00:00,         1.631821
05/18/2009 12:00:00,         7.447025
05/18/2009 13:00:00,        44.299991
05/18/2009 14:00:00,        35.561958
05/18/2009 15:00:00,        17.450550
05/18/2009 16:00:00,        13.805364
05/18/2009 17:00:00,        11.890382
05/18/2009 18:00:00,        15.646257
05/18/2009 19:00:00,        29.687424
05/18/2009 20:00:00,        44.160791
05/18/2009 21:00:00,        57.749789
05/18/2009 22:00:00,        78.792782
05/18/2009 23:00:00,       102.734834
05/19/2009 00:00:00,       129.391233
05/19/2009 01:00:00,       145.041053
05/19/2009 02:00:00,       176.783239
05/19/2009 03:00:00,       203.575613
05/19/2009 04:00:00,       163.603634
05/19/2009 05:00:00,       153.379663
05/19/2009 06:00:00,       150.757160
05/19/2009 07:00:00,       158.695059
05/19/2009 08:00:00,       175.076123
05/19/2009 09:00:00,       117.353079
05/19/2009 10:00:00,        87.442667
05/19/2009 11:00:00,       118.502439
05/19/2009 12:00:00,       185.242089
05/19/2009 13:00:00,       120.742039
05/19/2009 14:00:00,        70.416860
05/19/2009 15:00:00,        39.377695
05/19/2009 16:00:00,        34.402142
05/19/2009 17:00:00,       217.173117
05/19/2009 18:00:00,       196.402757
05/19/2009 19:00:00,       108.005645
05/19/2009 20:00:00,       338.141054
05/19/2009 21:00:00,       348.995221
05/19/2009 22:00:00,       329.791800
05/19/2009 23:00:00,       346.879723
05/20/2009 00:00:00,       351.316883
05/20/2009 01:00:00,       351.933934
05/20/2009 02:00:00,       351.586883
05/20/2009 03:00:00,       350.660848
05/20/2009 04:00:00,       341.040036
05/20/2009 05:00:00,       344.151422
05/20/2009 06:00:00,       339.298449
05/20/2009 07:00:00,       304.461126
05/20/2009 08:00:00,       297.758433
05/20/2009 09:00:00,       215.059345
05/20/2009 10:00:00,       137.014768
05/20/2009 11:00:00,       131.538675
05/20/2009 12:00:00,       175.744913
05/20/2009 13:00:00,       151.774402
05/20/2009 14:00:00,        40.872471
05/20/2009 15:00:00,        14.343367
05/20/2009 16:00:00,        27.076575
05/20/2009 17:00:00,        47.259698
05/20/2009 18:00:00,        55.087059
05/20/2009 19:00:00,        43.627268
05/20/2009 20:00:00,        54.967812
05/20/2009 21:00:00,        82.695285
05/20/2009 22:00:00,        88.871544
05/20/2009 23:00:00,       146.232630
05/21/2009 00:00:00,       176.279214
05/21/2009 01:00:00,       202.286308
05/21/2009 02:00:00,       301.696311
05/21/2009 03:00:00,       269.904583
05/21/2009 04:00:00,       287.465755
05/21/2009 05:00:00,       269.942667
05/21/2009 06:00:00,       298.560201
05/21/2009 07:00:00,       292.495038
05/21/2009 08:00:00,       279.887156
05/21/2009 09:00:00,       323.999961
05/21/2009 10:00:00,       312.057317
05/21/2009 11:00:00,       274.801825
05/21/2009 12:00:00,       267.405852
05/21/2009 13:00:00,       207.953032
05/21/2009 14:00:00,       102.305175
05/21/2009 15:00:00,        18.553362
05/21/2009 16:00:00,        35.376644
05/21/2009 17:00:00,        59.601789
05/21/2009 18:00:00,        64.970452
05/21/2009 19:00:00,        49.677848
05/21/2009 20:00:00,        83.513476
05/21/2009 21:00:00,        57.874829
05/21/2009 22:00:00,        52.955932
05/21/2009 23:00:00,        28.231876
05/22/2009 00:00:00,        86.825466
05/22/2009 01:00:00,        24.889092
05/22/2009 02:00:00,        29.805212
05/22/2009 03:00:00,        23.797874
05/22/2009 04:00:00,        44.558896
05/22/2009 05:00:00,        62.295071
05/22/2009 06:00:00,        69.315875
05/22/2009 07:00:00,        24.812365
05/22/2009 08:00:00,        55.799559
05/22/2009 09:00:00,        33.024862
05/22/2009 10:00:00,        30.932207
05/22/2009 11:00:00,        18.026059
05/22/2009 12:00:00,         5.528382
05/22/2009 13:00:00,         6.586593
05/22/2009 14:00:00,         0.528805
05/22/2009 15:00:00,         0.090738
05/22/2009 16:00:00,         2.447571
05/22/2009 17:00:00,        12.320697
05/22/2009 18:00:00,        11.834823
05/22/2009 19:00:00,        39.103251
05/22/2009 20:00:00,        72.787699
05/22/2009 21:00:00,        55.180141
05/22/2009 22:00:00,        53.216735
05/22/2009 23:00:00,        85.359170
05/23/2009 00:00:00,       187.056836
05/23/2009 01:00:00,       171.804920
05/23/2009 02:00:00,       200.706073
05/23/2009 03:00:00,       104.815588
05/23/2009 04:00:00,       197.486589
05/23/2009 05:00:00,       258.666098
05/23/2009 06:00:00,       276.638643
05/23/2009 07:00:00,       275.040002
05/23/2009 08:00:00,       256.964008
05/23/2009 09:00:00,       270.069184
05/23/2009 10:00:00,       268.869902
05/23/2009 11:00:00,       210.778780
05/23/2009 12:00:00,       169.411667
05/23/2009 13:00:00,        89.403087
05/23/2009 14:00:00,        33.217249
05/23/2009 15:00:00,        11.078399
05/23/2009 16:00:00,         0.518131
05/23/2009 17:00:00,         0.276481
05/23/2009 18:00:00,         0.638595
05/23/2009 19:00:00,        13.577570
05/23/2009 20:00:00,        38.511914
05/23/2009 21:00:00,        19.628695
05/23/2009 22:00:00,        35.655530
05/23/2009 23:00:00,        15.380229
05/24/2009 00:00:00,        60.097266
05/24/2009 01:00:00,        68.173530
05/24/2009 02:00:00,        93.736396
05/24/2009 03:00:00,        50.911958
05/24/2009 04:00:00,        91.768390
05/24/2009 05:00:00,       214.852637
05/24/2009 06:00:00,       109.580461
05/24/2009 07:00:00,       280.460675
05/24/2009 08:00:00,        95.309249
05/24/2009 09:00:00,        53.934141
05/24/2009 10:00:00,        34.080857
05/24/2009 11:00:00,       102.241328
05/24/2009 12:00:00,        10.570177
05/24/2009 13:00:00,         0.097298
05/24/2009 14:00:00,         0.302081
05/24/2009 15:00:00,         0.234736
05/24/2009 16:00:00,         0.001199
05/24/2009 17:00:00,         0.349887
05/24/2009 18:00:00,         0.389216
05/24/2009 19:00:00,        16.113496
05/24/2009 20:00:00,        30.885117
05/24/2009 21:00:00,        12.750134
05/24/2009 22:00:00,         0.676174
05/24/2009 23:00:00,        52.483449
05/25/2009 00:00:00,         0.586283
05/25/2009 01:00:00,        42.636658
05/25/2009 02:00:00,        64.268126
05/25/2009 03:00:00,       113.946499
05/25/2009 04:00:00,        26.432335
05/25/2009 05:00:00,         7.928251
05/25/2009 06:00:00,         4.820167
05/25/2009 07:00:00,         5.399693
05/25/2009 08:00:00,        14.924195
05/25/2009 09:00:00,        38.503469
05/25/2009 10:00:00,        19.287023
05/25/2009 11:00:00,        42.532917
05/25/2009 12:00:00,       100.962597
05/25/2009 13:00:00,       119.478493
05/25/2009 14:00:00,        59.089568
05/25/2009 15:00:00,        23.718495
05/25/2009 16:00:00,        17.544671
05/25/2009 17:00:00,         7.166323
05/25/2009 18:00:00,         2.157731
05/25/2009 19:00:00,         1.221093
05/25/2009 20:00:00,        13.513679
05/25/2009 21:00:00,        15.086773
05/25/2009 22:00:00,        67.459499
05/25/2009 23:00:00,         5.784990
05/26/2009 00:00:00,        83.782751
05/26/2009 01:00:00,        14.733798
05/26/2009 02:00:00,        78.181360
05/26/2009 03:00:00,       106.658747
05/26/2009 04:00:00,       116.119856
05/26/2009 05:00:00,        89.559833
05/26/2009 06:00:00,        32.011020
05/26/2009 07:00:00,        10.800345
05/26/2009 08:00:00,        39.835964
05/26/2009 09:00:00,        14.581042
05/26/2009 10:00:00,        13.826823
05/26/2009 11:00:00,        10.379179
05/26/2009 12:00:00,         8.890145
05/26/2009 13:00:00,        45.713110
05/26/2009 14:00:00,        69.907492
05/26/2009 15:00:00,        43.731038
05/26/2009 16:00:00,        72.970717
05/26/2009 17:00:00,       173.243668
05/26/2009 18:00:00,       169.639874
05/26/2009 19:00:00,       237.842513
05/26/2009 20:00:00,       227.582791
05/26/2009 21:00:00,       226.003804
05/26/2009 22:00:00,       266.374330
05/26/2009 23:00:00,       268.738998
05/27/2009 00:00:00,       212.310725
05/27/2009 01:00:00,       227.460633
05/27/2009 02:00:00,       293.625632
05/27/2009 03:00:00,       268.832043
05/27/2009 04:00:00,       284.158803
05/27/2009 05:00:00,       286.627337
05/27/2009 06:00:00,       270.804899
05/27/2009 07:00:00,       275.103667
05/27/2009 08:00:00,       298.815208
05/27/2009 09:00:00,       295.153186
05/27/2009 10:00:00,       320.220924
05/27/2009 11:00:00,       326.474517
05/27/2009 12:00:00,       328.968273
05/27/2009 13:00:00,       294.899023
05/27/2009 14:00:00,       208.605693
05/27/2009 15:00:00,       194.117337
05/27/2009 16:00:00,       211.894956
05/27/2009 17:00:00,       236.332826
05/27/2009 18:00:00,       208.276618
05/27/2009 19:00:00,       229.060376
05/27/2009 20:00:00,       244.959830
05/27/2009 21:00:00,       265.733831
05/27/2009 22:00:00,       270.722813
05/27/2009 23:00:00,       274.877658
05/28/2009 00:00:00,       277.332733
05/28/2009 01:00:00,       239.595454
05/28/2009 02:00:00,       267.332635
05/28/2009 03:00:00,       266.274360
05/28/2009 04:00:00,       288.106195
05/28/2009 05:00:00,       294.486743
05/28/2009 06:00:00,       233.839586
05/28/2009 07:00:00,       225.753244
05/28/2009 08:00:00,       234.709846
05/28/2009 09:00:00,       145.368499
05/28/2009 10:00:00,        46.715195
05/28/2009 11:00:00,        18.563728
05/28/2009 12:00:00,        29.843517
05/28/2009 13:00:00,        39.621873
05/28/2009 14:00:00,        25.519965
05/28/2009 15:00:00,         0.104278
05/28/2009 16:00:00,         0.038105
05/28/2009 17:00:00,        43.938569
05/28/2009 18:00:00,       178.558351
05/28/2009 19:00:00,       250.647353
05/28/2009 20:00:00,       212.492733
05/28/2009 21:00:00,       243.279185
05/28/2009 22:00:00,       229.381551
05/28/2009 23:00:00,       259.745437
05/29/2009 00:00:00,       284.582860
05/29/2009 01:00:00,       285.902316
05/29/2009 02:00:00,       315.114140
05/29/2009 03:00:00,       318.070913
05/29/2009 04:00:00,       302.045348
05/29/2009 05:00:00,       282.535454
05/29/2009 06:00:00,       229.849677
05/29/2009 07:00:00,       158.060813
05/29/2009 08:00:00,       116.278463
05/29/2009 09:00:00,       118.144808
05/29/2009 10:00:00,       123.203660
05/29/2009 11:00:00,        73.799570
05/29/2009 12:00:00,        36.363831
05/29/2009 13:00:00,        27.604124
05/29/2009 14:00:00,        11.363914
05/29/2009 15:00:00,         0.055552
05/29/2009 16:00:00,         0.000335
05/29/2009 17:00:00,         0.189708
05/29/2009 18:00:00,         0.142296
05/29/2009 19:00:00,         0.009166
05/29/2009 20:00:00,         1.216515
05/29/2009 21:00:00,         7.950797
05/29/2009 22:00:00,        12.436221
05/29/2009 23:00:00,        18.110066
05/30/2009 00:00:00,         9.265171
05/30/2009 01:00:00,        75.425229
05/30/2009 02:00:00,        10.417875
05/30/2009 03:00:00,        64.668283
05/30/2009 04:00:00,       250.613106
05/30/2009 05:00:00,       255.766993
05/30/2009 06:00:00,       268.048605
05/30/2009 07:00:00,       298.635806
05/30/2009 08:00:00,       299.739891
05/30/2009 09:00:00,       297.807720
05/30/2009 10:00:00,       330.977873
05/30/2009 11:00:00,       327.676618
05/30/2009 12:00:00,       316.781951
05/30/2009 13:00:00,       319.909401
05/30/2009 14:00:00,       245.771851
05/30/2009 15:00:00,       129.122658
05/30/2009 16:00:00,       169.341051
05/30/2009 17:00:00,       165.662865
05/30/2009 18:00:00,       184.352069
05/30/2009 19:00:00,       208.266634
05/30/2009 20:00:00,       216.702617
05/30/2009 21:00:00,       252.256458
05/30/2009 22:00:00,       321.333962
05/30/2009 23:00:00,       186.008647
05/31/2009 00:00:00,       241.978860
05/31/2009 01:00:00,       196.587525
05/31/2009 02:00:00,       168.117467
05/31/2009 03:00:00,       259.958437
05/31/2009 04:00:00,       292.873331
05/31/2009 05:00:00,       286.612193
05/31/2009 06:00:00,       134.507834
05/31/2009 07:00:00,       156.226422
05/31/2009 08:00:00,       117.926203
05/31/2009 09:00:00,       132.950532
05/31/2009 10:00:00,       255.564358
05/31/2009 11:00:00,       139.678689
05/31/2009 12:00:00,        78.831653
05/31/2009 13:00:00,        11.181025
05/31/2009 14:00:00,        25.660818
05/31/2009 15:00:00,         3.811798
05/31/2009 16:00:00,        20.426896
05/31/2009 17:00:00,        34.293219
05/31/2009 18:00:00,         8.088377
05/31/2009 19:00:00,         0.171079
05/31/2009 20:00:00,         1.165025
05/31/2009 21:00:00,         3.726473
05/31/2009 22:00:00,        31.849380
05/31/2009 23:00:00,        77.125495
06/01/2009 00:00:00,       179.349424
06/01/2009 01:00:00,       121.046752
06/01/2009 02:00:00,        46.012571
06/01/2009 03:00:00,       149.631888
06/01/2009 04:00:00,       122.252451
06/01/2009 05:00:00,       179.174261
06/01/2009 06:00:00,       235.891750
06/01/2009 07:00:00,       280.291598
06/01/2009 08:00:00,       131.907503
06/01/2009 09:00:00,       117.706783
06/01/2009 10:00:00,       162.637415
06/01/2009 11:00:00,        97.560444
06/01/2009 12:00:00,       106.686828
06/01/2009 13:00:00,        90.204434
06/01/2009 14:00:00,        74.050357
06/01/2009 15:00:00,        71.516119
06/01/2009 16:00:00,        64.054246
06/01/2009 17:00:00,        30.466263
06/01/2009 18:00:00,        26.994091
06/01/2009 19:00:00,        23.272563
06/01/2009 20:00:00,         5.991027
06/01/2009 21:00:00,         7.643150
06/01/2009 22:00:00,         3.971859
06/01/2009 23:00:00,         3.777568
06/02/2009 00:00:00,         7.762261
06/02/2009 01:00:00,         1.310270
06/02/2009 02:00:00,         0.682406
06/02/2009 03:00:00,        15.767912
06/02/2009 04:00:00,         7.839499
06/02/2009 05:00:00,         1.580616
06/02/2009 06:00:00,        13.748965
06/02/2009 07:00:00,        18.032822
06/02/2009 08:00:00,        14.141302
06/02/2009 09:00:00,        20.601048
06/02/2009 10:00:00,        14.882846
06/02/2009 11:00:00,        27.913887
06/02/2009 12:00:00,        30.067738
06/02/2009 13:00:00,        16.895170
06/02/2009 14:00:00,        10.310866
06/02/2009 15:00:00,         4.157559
06/02/2009 16:00:00,         4.178898
06/02/2009 17:00:00,        19.705692
06/02/2009 18:00:00,        15.167540
06/02/2009 19:00:00,        57.970874
06/02/2009 20:00:00,        43.814120
06/02/2009 21:00:00,        37.799260
06/02/2009 22:00:00,        95.742245
06/02/2009 23:00:00,        70.691267
06/03/2009 00:00:00,        60.293495
06/03/2009 01:00:00,        41.516802
06/03/2009 02:00:00,        41.352972
06/03/2009 03:00:00,        46.517155
06/03/2009 04:00:00,        98.750560
06/03/2009 05:00:00,       138.056370
06/03/2009 06:00:00,       188.167858
06/03/2009 07:00:00,       142.491908
06/03/2009 08:00:00,        99.349306
06/03/2009 09:00:00,       103.435306
06/03/2009 10:00:00,       136.343520
06/03/2009 11:00:00,       180.990778
06/03/2009 12:00:00,       174.525852
06/03/2009 13:00:00,       159.559844
06/03/2009 14:00:00,        93.723752
06/03/2009 15:00:00,        33.143802
06/03/2009 16:00:00,        17.904356
06/03/2009 17:00:00,         9.593095
06/03/2009 18:00:00,         6.428721
06/03/2009 19:00:00,         5.412206
06/03/2009 20:00:00,         2.811412
06/03/2009 21:00:00,         0.485173
06/03/2009 22:00:00,         0.269169
06/03/2009 23:00:00,         0.002226
06/04/2009 00:00:00,        15.229803
06/04/2009 01:00:00,         0.583968
06/04/2009 02:00:00,         7.563729
06/04/2009 03:00:00,        50.336564
06/04/2009 04:00:00,        70.781667
06/04/2009 05:00:00,        69.383973
06/04/2009 06:00:00,        92.472826
06/04/2009 07:00:00,        93.068970
06/04/2009 08:00:00,        93.182292
06/04/2009 09:00:00,        95.274406
06/04/2009 10:00:00,        71.214226
06/04/2009 11:00:00,        39.835474
06/04/2009 12:00:00,        21.881355
06/04/2009 13:00:00,         9.352873
06/04/2009 14:00:00,        22.697967
06/04/2009 15:00:00,        10.927543
06/04/2009 16:00:00,         3.086766
06/04/2009 17:00:00,         3.551004
06/04/2009 18:00:00,         3.292476
06/04/2009 19:00:00,         1.812698
06/04/2009 20:00:00,        83.046252
06/04/2009 21:00:00,         7.787168
06/04/2009 22:00:00,        36.689947
06/04/2009 23:00:00,        82.768521
06/05/2009 00:00:00,        61.888483
06/05/2009 01:00:00,        42.499282
06/05/2009 02:00:00,        37.369370
06/05/2009 03:00:00,        72.243778
06/05/2009 04:00:00,       103.042119
06/05/2009 05:00:00,        64.886598
06/05/2009 06:00:00,       109.445969
06/05/2009 07:00:00,       165.675741
06/05/2009 08:00:00,       119.232458
06/05/2009 09:00:00,        89.078655
06/05/2009 10:00:00,        61.184609
06/05/2009 11:00:00,        86.140502
06/05/2009 12:00:00,        70.520366
06/05/2009 13:00:00,        59.389063
06/05/2009 14:00:00,        26.798834
06/05/2009 15:00:00,        37.666946
06/05/2009 16:00:00,        26.334751
06/05/2009 17:00:00,        12.927477
06/05/2009 18:00:00,         3.528489
06/05/2009 19:00:00,         0.869967
06/05/2009 20:00:00,         2.028258
06/05/2009 21:00:00,         2.426335
06/05/2009 22:00:00,         7.773076
06/05/2009 23:00:00,        21.757594
06/06/2009 00:00:00,        42.147079
06/06/2009 01:00:00,        54.306906
06/06/2009 02:00:00,        26.979032
06/06/2009 03:00:00,        23.196378
06/06/2009 04:00:00,        22.986662
06/06/2009 05:00:00,        19.841368
06/06/2009 06:00:00,        15.291040
06/06/2009 07:00:00,         2.294247
06/06/2009 08:00:00,         0.000000
06/06/2009 09:00:00,         0.000000
06/06/2009 10:00:00,         0.000000
06/06/2009 11:00:00,         0.000000
06/06/2009 12:00:00,         0.000000
06/06/2009 13:00:00,         0.000000
06/06/2009 14:00:00,         0.000000
06/06/2009 15:00:00,         0.000000
06/06/2009 16:00:00,         0.000000
06/06/2009 17:00:00,        13.978249
06/06/2009 18:00:00,       112.530614
06/06/2009 19:00:00,       102.019907
06/06/2009 20:00:00,        92.714023
06/06/2009 21:00:00,        72.469666
06/06/2009 22:00:00,        68.549549
06/06/2009 23:00:00,        77.719958
06/07/2009 00:00:00,        85.233098
06/07/2009 01:00:00,        60.167371
06/07/2009 02:00:00,        35.809584
06/07/2009 03:00:00,        15.671020
06/07/2009 04:00:00,        11.471190
06/07/2009 05:00:00,        28.866259
06/07/2009 06:00:00,         4.989746
06/07/2009 07:00:00,         2.755524
06/07/2009 08:00:00,         1.532770
06/07/2009 09:00:00,         0.620185
06/07/2009 10:00:00,         1.204779
06/07/2009 11:00:00,         1.373685
06/07/2009 12:00:00,         0.502868
06/07/2009 13:00:00,         0.070641
06/07/2009 14:00:00,         0.041066
06/07/2009 15:00:00,         0.442310
06/07/2009 16:00:00,         0.831284
06/07/2009 17:00:00,         0.697389
06/07/2009 18:00:00,         5.201827
06/07/2009 19:00:00,         3.353727
06/07/2009 20:00:00,         0.950303
06/07/2009 21:00:00,         1.962834
06/07/2009 22:00:00,        14.180769
06/07/2009 23:00:00,        21.183305
06/08/2009 00:00:00,        13.529941
06/08/2009 01:00:00,        17.199392
06/08/2009 02:00:00,        40.693189
06/08/2009 03:00:00,        87.929806
06/08/2009 04:00:00,        86.776647
06/08/2009 05:00:00,        49.415089
06/08/2009 06:00:00,        75.423437
06/08/2009 07:00:00,       125.161549
06/08/2009 08:00:00,       134.710305
06/08/2009 09:00:00,       141.885845
06/08/2009 10:00:00,       132.644962
06/08/2009 11:00:00,       148.103648
06/08/2009 12:00:00,       124.370444
06/08/2009 13:00:00,        78.021986
06/08/2009 14:00:00,        24.930353
06/08/2009 15:00:00,         5.615989
06/08/2009 16:00:00,         5.834529
06/08/2009 17:00:00,        11.779307
06/08/2009 18:00:00,         6.323849
06/08/2009 19:00:00,         1.767033
06/08/2009 20:00:00,         0.617265
06/08/2009 21:00:00,         0.162680
06/08/2009 22:00:00,         0.015952
06/08/2009 23:00:00,         0.000000
06/09/2009 00:00:00,         0.000000
06/09/2009 01:00:00,         0.121323
06/09/2009 02:00:00,         0.733364
06/09/2009 03:00:00,         2.002020
06/09/2009 04:00:00,         1.779068
06/09/2009 05:00:00,         0.071229
06/09/2009 06:00:00,         0.131946
06/09/2009 07:00:00,         0.405334
06/09/2009 08:00:00,         1.147776
06/09/2009 09:00:00,        12.084735
06/09/2009 10:00:00,        19.935790
06/09/2009 11:00:00,        20.357866
06/09/2009 12:00:00,        23.451898
06/09/2009 13:00:00,        28.837008
06/09/2009 14:00:00,        45.433352
06/09/2009 15:00:00,        26.844942
06/09/2009 16:00:00,        13.145766
06/09/2009 17:00:00,         8.220905
06/09/2009 18:00:00,         8.245690
06/09/2009 19:00:00,         7.766581
06/09/2009 20:00:00,        13.433551
06/09/2009 21:00:00,         4.578376
06/09/2009 22:00:00,         5.732639
06/09/2009 23:00:00,         2.887745
06/10/2009 00:00:00,         0.773665
06/10/2009 01:00:00,         0.626846
06/10/2009 02:00:00,         9.252569
06/10/2009 03:00:00,        41.605926
06/10/2009 04:00:00,        59.956423
06/10/2009 05:00:00,        40.856524
06/10/2009 06:00:00,        39.414631
06/10/2009 07:00:00,        59.903206
06/10/2009 08:00:00,        53.267433
06/10/2009 09:00:00,       114.902182
06/10/2009 10:00:00,       104.148757
06/10/2009 11:00:00,        96.573170
06/10/2009 12:00:00,        81.747905
06/10/2009 13:00:00,        57.452339
06/10/2009 14:00:00,        44.994428
06/10/2009 15:00:00,        20.730817
06/10/2009 16:00:00,        23.692682
06/10/2009 17:00:00,        13.251215
06/10/2009 18:00:00,        11.174118
06/10/2009 19:00:00,         9.617448
06/10/2009 20:00:00,         4.329977
06/10/2009 21:00:00,         2.329457
06/10/2009 22:00:00,         4.759979
06/10/2009 23:00:00,         9.297830
06/11/2009 00:00:00,         4.022950
06/11/2009 01:00:00,        31.366457
06/11/2009 02:00:00,         3.858482
06/11/2009 03:00:00,        41.986060
06/11/2009 04:00:00,        14.799021
06/11/2009 05:00:00,        28.305603
06/11/2009 06:00:00,        27.313433
06/11/2009 07:00:00,        10.755533
06/11/2009 08:00:00,         2.960752
06/11/2009 09:00:00,         0.719736
06/11/2009 10:00:00,         0.539023
06/11/2009 11:00:00,         0.379895
06/11/2009 12:00:00,         0.193344
06/11/2009 13:00:00,         0.209315
06/11/2009 14:00:00,         0.034883
06/11/2009 15:00:00,         0.000000
06/11/2009 16:00:00,         0.000000
06/11/2009 17:00:00,         0.000000
06/11/2009 18:00:00,         0.009128
06/11/2009 19:00:00,         0.175926
06/11/2009 20:00:00,        33.841387
06/11/2009 21:00:00,        22.189197
06/11/2009 22:00:00,         3.584466
06/11/2009 23:00:00,         5.777702
06/12/2009 00:00:00,       126.605893
06/12/2009 01:00:00,        20.628092
06/12/2009 02:00:00,         2.840689
06/12/2009 03:00:00,        38.413644
06/12/2009 04:00:00,        40.117772
06/12/2009 05:00:00,        50.043980
06/12/2009 06:00:00,       122.932925
06/12/2009 07:00:00,       133.456003
06/12/2009 08:00:00,       114.654102
06/12/2009 09:00:00,        94.381180
06/12/2009 10:00:00,       123.837244
06/12/2009 11:00:00,       169.422373
06/12/2009 12:00:00,       190.150224
06/12/2009 13:00:00,       145.477084
06/12/2009 14:00:00,        79.351180
06/12/2009 15:00:00,        31.520155
06/12/2009 16:00:00,         6.090635
06/12/2009 17:00:00,         0.217104
06/12/2009 18:00:00,         0.094332
06/12/2009 19:00:00,        33.423023
06/12/2009 20:00:00,        48.667500
06/12/2009 21:00:00,        30.006050
06/12/2009 22:00:00,         2.515016
06/12/2009 23:00:00,         2.862609
06/13/2009 00:00:00,       100.066433
06/13/2009 01:00:00,        56.870983
06/13/2009 02:00:00,        94.470922
06/13/2009 03:00:00,       169.730213
06/13/2009 04:00:00,        87.345338
06/13/2009 05:00:00,         0.088097
06/13/2009 06:00:00,         4.307559
06/13/2009 07:00:00,         9.825590
06/13/2009 08:00:00,        19.291100
06/13/2009 09:00:00,         5.872194
06/13/2009 10:00:00,         0.914035
06/13/2009 11:00:00,         4.381437
06/13/2009 12:00:00,        30.341082
06/13/2009 13:00:00,        49.813752
06/13/2009 14:00:00,        39.521931
06/13/2009 15:00:00,        25.701251
06/13/2009 16:00:00,        10.178892
06/13/2009 17:00:00,         6.310602
06/13/2009 18:00:00,         3.715394
06/13/2009 19:00:00,         5.602706
06/13/2009 20:00:00,       127.644313
06/13/2009 21:00:00,        88.690225
06/13/2009 22:00:00,        27.974741
06/13/2009 23:00:00,       126.918304
06/14/2009 00:00:00,       186.001796
06/14/2009 01:00:00,        16.292948
06/14/2009 02:00:00,       147.397834
06/14/2009 03:00:00,        41.029705
06/14/2009 04:00:00,        61.529813
06/14/2009 05:00:00,       262.022846
06/14/2009 06:00:00,        73.924871
06/14/2009 07:00:00,        44.378285
06/14/2009 08:00:00,        67.406277
06/14/2009 09:00:00,        49.916973
06/14/2009 10:00:00,        48.293273
06/14/2009 11:00:00,        53.695970
06/14/2009 12:00:00,        48.267092
06/14/2009 13:00:00,        15.643516
06/14/2009 14:00:00,         5.443308
06/14/2009 15:00:00,         0.155329
06/14/2009 16:00:00,         0.000000
06/14/2009 17:00:00,         0.003649
06/14/2009 18:00:00,        90.754047
06/14/2009 19:00:00,        13.762105
06/14/2009 20:00:00,        75.718465
06/14/2009 21:00:00,       162.328248
06/14/2009 22:00:00,         3.649910
06/14/2009 23:00:00,         7.703858
06/15/2009 00:00:00,         6.025531
06/15/2009 01:00:00,       129.387221
06/15/2009 02:00:00,        39.893701
06/15/2009 03:00:00,         7.768790
06/15/2009 04:00:00,         8.335854
06/15/2009 05:00:00,        17.009489
06/15/2009 06:00:00,        10.446843
06/15/2009 07:00:00,        22.091709
06/15/2009 08:00:00,        70.270076
06/15/2009 09:00:00,        30.156660
06/15/2009 10:00:00,        15.645121
06/15/2009 11:00:00,        12.410080
06/15/2009 12:00:00,        11.104779
06/15/2009 13:00:00,         2.191450
06/15/2009 14:00:00,         0.168675
06/15/2009 15:00:00,         0.000000
06/15/2009 16:00:00,         0.000000
06/15/2009 17:00:00,         0.032694
06/15/2009 18:00:00,        11.139330
06/15/2009 19:00:00,        54.534851
06/15/2009 20:00:00,        34.322925
06/15/2009 21:00:00,        19.318639
06/15/2009 22:00:00,       136.906042
06/15/2009 23:00:00,        59.943969
06/16/2009 00:00:00,         9.108462
06/16/2009 01:00:00,       186.530626
06/16/2009 02:00:00,       169.348778
06/16/2009 03:00:00,        22.083135
06/16/2009 04:00:00,        78.350210
06/16/2009 05:00:00,       194.156810
06/16/2009 06:00:00,       282.203863
06/16/2009 07:00:00,       264.793047
06/16/2009 08:00:00,       273.508611
06/16/2009 09:00:00,       300.081458
06/16/2009 10:00:00,       280.571734
06/16/2009 11:00:00,       236.634303
06/16/2009 12:00:00,       238.594774
06/16/2009 13:00:00,       241.832235
06/16/2009 14:00:00,       140.230738
06/16/2009 15:00:00,        58.785370
06/16/2009 16:00:00,        17.802398
06/16/2009 17:00:00,         5.413744
06/16/2009 18:00:00,       104.751620
06/16/2009 19:00:00,       127.983472
06/16/2009 20:00:00,        39.292253
06/16/2009 21:00:00,        79.804946
06/16/2009 22:00:00,       115.702486
06/16/2009 23:00:00,       207.692884
06/17/2009 00:00:00,       140.344009
06/17/2009 01:00:00,       206.461884
06/17/2009 02:00:00,        81.659897
06/17/2009 03:00:00,        70.280359
06/17/2009 04:00:00,       196.545971
06/17/2009 05:00:00,       326.502601
06/17/2009 06:00:00,       298.328070
06/17/2009 07:00:00,       223.791735
06/17/2009 08:00:00,       226.134986
06/17/2009 09:00:00,       230.318819
06/17/2009 10:00:00,       226.794376
06/17/2009 11:00:00,       213.713202
06/17/2009 12:00:00,       198.127577
06/17/2009 13:00:00,       149.287000
06/17/2009 14:00:00,       120.086328
06/17/2009 15:00:00,        67.761141
06/17/2009 16:00:00,        24.755849
06/17/2009 17:00:00,        18.122158
06/17/2009 18:00:00,        24.136212
06/17/2009 19:00:00,       117.304660
06/17/2009 20:00:00,        73.114028
06/17/2009 21:00:00,       155.301052
06/17/2009 22:00:00,       157.077146
06/17/2009 23:00:00,        80.448461
06/18/2009 00:00:00,        92.453294
06/18/2009 01:00:00,       144.753366
06/18/2009 02:00:00,       190.617990
06/18/2009 03:00:00,       215.270007
06/18/2009 04:00:00,       245.043726
06/18/2009 05:00:00,       277.106155
06/18/2009 06:00:00,       307.784620
06/18/2009 07:00:00,       281.646602
06/18/2009 08:00:00,       291.293653
06/18/2009 09:00:00,       256.696426
06/18/2009 10:00:00,       256.192898
06/18/2009 11:00:00,       220.808093
06/18/2009 12:00:00,       159.344354
06/18/2009 13:00:00,       119.618058
06/18/2009 14:00:00,        79.333056
06/18/2009 15:00:00,        52.099056
06/18/2009 16:00:00,        43.734884
06/18/2009 17:00:00,       123.013259
06/18/2009 18:00:00,        82.650082
06/18/2009 19:00:00,        41.889165
06/18/2009 20:00:00,        87.127335
06/18/2009 21:00:00,        33.582501
06/18/2009 22:00:00,        15.217776
06/18/2009 23:00:00,        26.918950
06/19/2009 00:00:00,        33.958138
06/19/2009 01:00:00,        43.135533
06/19/2009 02:00:00,       121.813448
06/19/2009 03:00:00,        23.686977
06/19/2009 04:00:00,        61.718049
06/19/2009 05:00:00,       249.388129
06/19/2009 06:00:00,       291.359922
06/19/2009 07:00:00,       289.028434
06/19/2009 08:00:00,       265.656780
06/19/2009 09:00:00,       245.539936
06/19/2009 10:00:00,       233.613508
06/19/2009 11:00:00,       261.479663
06/19/2009 12:00:00,       261.052678
06/19/2009 13:00:00,       219.498084
06/19/2009 14:00:00,       115.145640
06/19/2009 15:00:00,        33.881282
06/19/2009 16:00:00,        15.417296
06/19/2009 17:00:00,        14.574143
06/19/2009 18:00:00,        87.302237
06/19/2009 19:00:00,        61.855203
06/19/2009 20:00:00,        74.400909
06/19/2009 21:00:00,        36.984460
06/19/2009 22:00:00,       124.296047
06/19/2009 23:00:00,       196.542714
06/20/2009 00:00:00,       217.477585
06/20/2009 01:00:00,       197.404099
06/20/2009 02:00:00,       254.160587
06/20/2009 03:00:00,       275.685780
06/20/2009 04:00:00,       257.951849
06/20/2009 05:00:00,       267.375172
06/20/2009 06:00:00,       285.192775
06/20/2009 07:00:00,       287.138079
06/20/2009 08:00:00,       268.633303
06/20/2009 09:00:00,       266.159562
06/20/2009 10:00:00,       273.399710
06/20/2009 11:00:00,       284.190703
06/20/2009 12:00:00,       264.370368
06/20/2009 13:00:00,       213.657328
06/20/2009 14:00:00,       136.474271
06/20/2009 15:00:00,        54.249456
06/20/2009 16:00:00,        26.500364
06/20/2009 17:00:00,        52.990254
06/20/2009 18:00:00,        30.458568
06/20/2009 19:00:00,        11.239447
06/20/2009 20:00:00,         4.046400
06/20/2009 21:00:00,         5.055311
06/20/2009 22:00:00,         1.957081
06/20/2009 23:00:00,       104.683513
06/21/2009 00:00:00,        25.870360
06/21/2009 01:00:00,        64.778726
06/21/2009 02:00:00,        25.352601
06/21/2009 03:00:00,        23.860157
06/21/2009 04:00:00,        44.126121
06/21/2009 05:00:00,       104.860555
06/21/2009 06:00:00,        25.363455
06/21/2009 07:00:00,        99.128751
06/21/2009 08:00:00,        85.764120
06/21/2009 09:00:00,        55.013943
06/21/2009 10:00:00,        82.521724
06/21/2009 11:00:00,        23.497595
06/21/2009 12:00:00,        26.676705
06/21/2009 13:00:00,        54.273552
06/21/2009 14:00:00,        80.272861
06/21/2009 15:00:00,        40.959277
06/21/2009 16:00:00,        17.616013
06/21/2009 17:00:00,        45.281145
06/21/2009 18:00:00,        34.713493
06/21/2009 19:00:00,        19.203580
06/21/2009 20:00:00,        13.924545
06/21/2009 21:00:00,         2.260953
06/21/2009 22:00:00,        13.699214
06/21/2009 23:00:00,        31.313319
06/22/2009 00:00:00,        42.924860
06/22/2009 01:00:00,        36.186492
06/22/2009 02:00:00,        34.796810
06/22/2009 03:00:00,        11.885437
06/22/2009 04:00:00,         9.709979
06/22/2009 05:00:00,        17.555911
06/22/2009 06:00:00,         9.954360
06/22/2009 07:00:00,        10.217314
06/22/2009 08:00:00,        13.524532
06/22/2009 09:00:00,        39.432150
06/22/2009 10:00:00,        59.195230
06/22/2009 11:00:00,        59.315954
06/22/2009 12:00:00,        71.261933
06/22/2009 13:00:00,       115.510580
06/22/2009 14:00:00,        91.406108
06/22/2009 15:00:00,       101.983786
06/22/2009 16:00:00,        94.562038
06/22/2009 17:00:00,       113.869864
06/22/2009 18:00:00,       138.592381
06/22/2009 19:00:00,       146.108963
06/22/2009 20:00:00,       176.772878
06/22/2009 21:00:00,       212.567948
06/22/2009 22:00:00,       195.899391
06/22/2009 23:00:00,       263.880311
06/23/2009 00:00:00,       282.268553
06/23/2009 01:00:00,       304.728079
06/23/2009 02:00:00,       340.744365
06/23/2009 03:00:00,       340.667957
06/23/2009 04:00:00,       346.638093
06/23/2009 05:00:00,       347.690633
06/23/2009 06:00:00,       351.736223
06/23/2009 07:00:00,       350.567189
06/23/2009 08:00:00,       349.072196
06/23/2009 09:00:00,       342.975176
06/23/2009 10:00:00,       319.749789
06/23/2009 11:00:00,       306.508258
06/23/2009 12:00:00,       306.271082
06/23/2009 13:00:00,       254.989430
06/23/2009 14:00:00,       150.444676
06/23/2009 15:00:00,        86.111174
06/23/2009 16:00:00,       100.498764
06/23/2009 17:00:00,       134.063699
06/23/2009 18:00:00,       128.555121
06/23/2009 19:00:00,       139.705824
06/23/2009 20:00:00,       153.601204
06/23/2009 21:00:00,       159.644004
06/23/2009 22:00:00,       159.225024
06/23/2009 23:00:00,       106.387159
06/24/2009 00:00:00,        81.352945
06/24/2009 01:00:00,        94.253180
06/24/2009 02:00:00,       123.716472
06/24/2009 03:00:00,       114.346250
06/24/2009 04:00:00,       102.189023
06/24/2009 05:00:00,        91.239262
06/24/2009 06:00:00,       146.372287
06/24/2009 07:00:00,       194.166510
06/24/2009 08:00:00,       174.679805
06/24/2009 09:00:00,       172.732691
06/24/2009 10:00:00,       158.025040
06/24/2009 11:00:00,       125.930964
06/24/2009 12:00:00,        85.303941
06/24/2009 13:00:00,        50.961945
06/24/2009 14:00:00,        32.929834
06/24/2009 15:00:00,        13.835755
06/24/2009 16:00:00,         3.571656
06/24/2009 17:00:00,        23.092686
06/24/2009 18:00:00,        25.426047
06/24/2009 19:00:00,        39.723158
06/24/2009 20:00:00,        26.465852
06/24/2009 21:00:00,        15.834076
06/24/2009 22:00:00,        29.501080
06/24/2009 23:00:00,        67.406638
06/25/2009 00:00:00,        75.064841
06/25/2009 01:00:00,        87.763113
06/25/2009 02:00:00,       111.090418
06/25/2009 03:00:00,       127.752901
06/25/2009 04:00:00,       188.302573
06/25/2009 05:00:00,       221.307200
06/25/2009 06:00:00,       183.448440
06/25/2009 07:00:00,       199.133563
06/25/2009 08:00:00,       162.571384
06/25/2009 09:00:00,       232.148201
06/25/2009 10:00:00,       144.997964
06/25/2009 11:00:00,       299.236508
06/25/2009 12:00:00,       284.451313
06/25/2009 13:00:00,       301.727905
06/25/2009 14:00:00,       288.491685
06/25/2009 15:00:00,       232.271421
06/25/2009 16:00:00,       209.971067
06/25/2009 17:00:00,       291.184192
06/25/2009 18:00:00,       291.480261
06/25/2009 19:00:00,       177.901148
06/25/2009 20:00:00,        90.807123
06/25/2009 21:00:00,       168.370531
06/25/2009 22:00:00,       229.103549
06/25/2009 23:00:00,       277.993197
06/26/2009 00:00:00,       279.429667
06/26/2009 01:00:00,       276.768250
06/26/2009 02:00:00,       218.842867
06/26/2009 03:00:00,       206.564205
06/26/2009 04:00:00,       134.247557
06/26/2009 05:00:00,       115.386770
06/26/2009 06:00:00,       164.855522
06/26/2009 07:00:00,       198.437205
06/26/2009 08:00:00,       247.910199
06/26/2009 09:00:00,       293.864722
06/26/2009 10:00:00,       291.629235
06/26/2009 11:00:00,       281.789726
06/26/2009 12:00:00,       299.204609
06/26/2009 13:00:00,       262.671949
06/26/2009 14:00:00,       214.503536
06/26/2009 15:00:00,       133.513099
06/26/2009 16:00:00,        79.529426
06/26/2009 17:00:00,       119.136005
06/26/2009 18:00:00,       108.162411
06/26/2009 19:00:00,        90.983313
06/26/2009 20:00:00,        86.347622
06/26/2009 21:00:00,        57.770090
06/26/2009 22:00:00,       122.926927
06/26/2009 23:00:00,       231.266979
06/27/2009 00:00:00,       248.405473
06/27/2009 01:00:00,       316.303678
06/27/2009 02:00:00,       321.684810
06/27/2009 03:00:00,       297.233779
06/27/2009 04:00:00,       245.609075
06/27/2009 05:00:00,       174.056003
06/27/2009 06:00:00,       243.137190
06/27/2009 07:00:00,       114.541444
06/27/2009 08:00:00,       172.323576
06/27/2009 09:00:00,       254.002999
06/27/2009 10:00:00,       243.004612
06/27/2009 11:00:00,       212.556248
06/27/2009 12:00:00,       179.129083
06/27/2009 13:00:00,       165.709191
06/27/2009 14:00:00,       132.573127
06/27/2009 15:00:00,        49.177056
06/27/2009 16:00:00,        14.545557
06/27/2009 17:00:00,         9.736225
06/27/2009 18:00:00,        23.193604
06/27/2009 19:00:00,        24.624907
06/27/2009 20:00:00,        30.224730
06/27/2009 21:00:00,        66.627092
06/27/2009 22:00:00,        71.108591
06/27/2009 23:00:00,        54.826065
06/28/2009 00:00:00,        69.704647
06/28/2009 01:00:00,       105.752976
06/28/2009 02:00:00,       136.519471
06/28/2009 03:00:00,       176.865389
06/28/2009 04:00:00,       289.275847
06/28/2009 05:00:00,       328.151166
06/28/2009 06:00:00,       277.592722
06/28/2009 07:00:00,       200.374506
06/28/2009 08:00:00,       149.371395
06/28/2009 09:00:00,       193.329030
06/28/2009 10:00:00,       318.865234
06/28/2009 11:00:00,       256.240754
06/28/2009 12:00:00,       239.606720
06/28/2009 13:00:00,       182.501915
06/28/2009 14:00:00,       285.105663
06/28/2009 15:00:00,       239.145862
06/28/2009 16:00:00,       201.127060
06/28/2009 17:00:00,       221.442064
06/28/2009 18:00:00,       318.765218
06/28/2009 19:00:00,       154.522324
06/28/2009 20:00:00,       253.672007
06/28/2009 21:00:00,       335.578019
06/28/2009 22:00:00,       327.295395
06/28/2009 23:00:00,       236.901746
06/29/2009 00:00:00,       227.725836
06/29/2009 01:00:00,       140.978197
06/29/2009 02:00:00,        42.789944
06/29/2009 03:00:00,       173.014823
06/29/2009 04:00:00,       169.847023
06/29/2009 05:00:00,       214.883964
06/29/2009 06:00:00,       159.995656
06/29/2009 07:00:00,        73.371207
06/29/2009 08:00:00,        24.053562
06/29/2009 09:00:00,        38.544337
06/29/2009 10:00:00,        32.117978
06/29/2009 11:00:00,        10.076605
06/29/2009 12:00:00,         1.446443
06/29/2009 13:00:00,         2.818472
06/29/2009 14:00:00,         0.000000
06/29/2009 15:00:00,         0.004318
06/29/2009 16:00:00,         0.485603
06/29/2009 17:00:00,         1.660726
06/29/2009 18:00:00,         0.302746
06/29/2009 19:00:00,         3.700973
06/29/2009 20:00:00,        19.428980
06/29/2009 21:00:00,        34.358012
06/29/2009 22:00:00,        85.606940
06/29/2009 23:00:00,       134.507571
06/30/2009 00:00:00,       119.755348
06/30/2009 01:00:00,       126.912290
06/30/2009 02:00:00,       125.089474
06/30/2009 03:00:00,       103.904547
06/30/2009 04:00:00,       132.433018
06/30/2009 05:00:00,       189.752380
06/30/2009 06:00:00,       239.775657
06/30/2009 07:00:00,       203.388123
06/30/2009 08:00:00,       129.269653
06/30/2009 09:00:00,        78.268528
06/30/2009 10:00:00,        42.615659
06/30/2009 11:00:00,        25.607129
06/30/2009 12:00:00,        30.027354
06/30/2009 13:00:00,        39.119685
06/30/2009 14:00:00,        11.213289
06/30/2009 15:00:00,         0.103114
06/30/2009 16:00:00,         0.000000
06/30/2009 17:00:00,         0.263607
06/30/2009 18:00:00,         1.365813
06/30/2009 19:00:00,         5.167956
06/30/2009 20:00:00,        14.681070
06/30/2009 21:00:00,         4.451710
06/30/2009 22:00:00,        88.893313
06/30/2009 23:00:00,        65.817486
07/01/2009 00:00:00,       162.484085
07/01/2009 01:00:00,        30.449028
07/01/2009 02:00:00,        33.087141
07/01/2009 03:00:00,        41.230350
07/01/2009 04:00:00,        66.566731
07/01/2009 05:00:00,       135.489631
07/01/2009 06:00:00,       157.768354
07/01/2009 07:00:00,       267.529947
07/01/2009 08:00:00,       284.883391
07/01/2009 09:00:00,        86.824467
07/01/2009 10:00:00,       163.757036
07/01/2009 11:00:00,        56.205613
07/01/2009 12:00:00,        30.365461
07/01/2009 13:00:00,        10.925096
07/01/2009 14:00:00,         0.877744
07/01/2009 15:00:00,         0.002696
07/01/2009 16:00:00,         0.012996
07/01/2009 17:00:00,         0.218173
07/01/2009 18:00:00,         6.101291
07/01/2009 19:00:00,        20.930651
07/01/2009 20:00:00,        26.673889
07/01/2009 21:00:00,        88.591855
07/01/2009 22:00:00,       179.014481
07/01/2009 23:00:00,       250.069461
07/02/2009 00:00:00,       181.458415
07/02/2009 01:00:00,       209.075372
07/02/2009 02:00:00,       255.071655
07/02/2009 03:00:00,       152.809132
07/02/2009 04:00:00,       136.298111
07/02/2009 05:00:00,        92.308895
07/02/2009 06:00:00,       249.526816
07/02/2009 07:00:00,       195.285256
07/02/2009 08:00:00,        74.868689
07/02/2009 09:00:00,       150.869677
07/02/2009 10:00:00,       179.736363
07/02/2009 11:00:00,       104.439052
07/02/2009 12:00:00,        67.856906
07/02/2009 13:00:00,        71.506734
07/02/2009 14:00:00,         9.432340
07/02/2009 15:00:00,        15.249853
07/02/2009 16:00:00,        36.013712
07/02/2009 17:00:00,        55.590744
07/02/2009 18:00:00,        50.241011
07/02/2009 19:00:00,        34.695085
07/02/2009 20:00:00,        85.690319
07/02/2009 21:00:00,       114.125734
07/02/2009 22:00:00,       103.121041
07/02/2009 23:00:00,        36.166147
07/03/2009 00:00:00,        50.527952
07/03/2009 01:00:00,        87.770746
07/03/2009 02:00:00,        17.609905
07/03/2009 03:00:00,        59.641173
07/03/2009 04:00:00,        24.092788
07/03/2009 05:00:00,        47.388261
07/03/2009 06:00:00,        61.621927
07/03/2009 07:00:00,       120.991070
07/03/2009 08:00:00,       199.077235
07/03/2009 09:00:00,        23.970602
07/03/2009 10:00:00,        18.503022
07/03/2009 11:00:00,        77.305042
07/03/2009 12:00:00,        60.103330
07/03/2009 13:00:00,        49.640552
07/03/2009 14:00:00,        42.948168
07/03/2009 15:00:00,        22.296800
07/03/2009 16:00:00,        12.111014
07/03/2009 17:00:00,        21.779311
07/03/2009 18:00:00,        29.244491
07/03/2009 19:00:00,        12.290490
07/03/2009 20:00:00,        13.965616
07/03/2009 21:00:00,         9.842493
07/03/2009 22:00:00,         5.254798
07/03/2009 23:00:00,         1.298339
07/04/2009 00:00:00,        14.211145
07/04/2009 01:00:00,        12.029553
07/04/2009 02:00:00,        21.402662
07/04/2009 03:00:00,        42.037239
07/04/2009 04:00:00,        39.924429
07/04/2009 05:00:00,        76.601114
07/04/2009 06:00:00,        81.214064
07/04/2009 07:00:00,       118.690036
07/04/2009 08:00:00,        86.205023
07/04/2009 09:00:00,       103.525997
07/04/2009 10:00:00,       254.882182
07/04/2009 11:00:00,       235.754310
07/04/2009 12:00:00,       256.137716
07/04/2009 13:00:00,       223.525586
07/04/2009 14:00:00,       172.644536
07/04/2009 15:00:00,       224.074552
07/04/2009 16:00:00,       201.550967
07/04/2009 17:00:00,       147.825767
07/04/2009 18:00:00,       126.826818
07/04/2009 19:00:00,       166.788620
07/04/2009 20:00:00,       251.161693
07/04/2009 21:00:00,       150.305920
07/04/2009 22:00:00,        67.304387
07/04/2009 23:00:00,       126.186955
07/05/2009 00:00:00,       216.553831
07/05/2009 01:00:00,       115.235769
07/05/2009 02:00:00,       141.934905
07/05/2009 03:00:00,       206.251828
07/05/2009 04:00:00,       311.618144
07/05/2009 05:00:00,       340.668674
07/05/2009 06:00:00,       295.384952
07/05/2009 07:00:00,       105.031697
07/05/2009 08:00:00,         4.943111
07/05/2009 09:00:00,        16.742704
07/05/2009 10:00:00,         2.481260
07/05/2009 11:00:00,         5.993164
07/05/2009 12:00:00,        13.300865
07/05/2009 13:00:00,         9.378849
07/05/2009 14:00:00,         7.766481
07/05/2009 15:00:00,        17.558040
07/05/2009 16:00:00,         5.670630
07/05/2009 17:00:00,         2.788570
07/05/2009 18:00:00,        23.082085
07/05/2009 19:00:00,        11.972525
07/05/2009 20:00:00,        45.669980
07/05/2009 21:00:00,        97.135514
07/05/2009 22:00:00,        83.452278
07/05/2009 23:00:00,        96.404835
07/06/2009 00:00:00,       233.576829
07/06/2009 01:00:00,       245.996572
07/06/2009 02:00:00,       145.613518
07/06/2009 03:00:00,        86.443795
07/06/2009 04:00:00,       200.172501
07/06/2009 05:00:00,       126.166858
07/06/2009 06:00:00,        38.680839
07/06/2009 07:00:00,        40.307846
07/06/2009 08:00:00,        57.038827
07/06/2009 09:00:00,        39.940230
07/06/2009 10:00:00,        25.769416
07/06/2009 11:00:00,        17.996364
07/06/2009 12:00:00,        20.605928
07/06/2009 13:00:00,        42.789409
07/06/2009 14:00:00,        54.791855
07/06/2009 15:00:00,        40.577647
07/06/2009 16:00:00,        43.936000
07/06/2009 17:00:00,        48.155918
07/06/2009 18:00:00,       112.198424
07/06/2009 19:00:00,        42.409776
07/06/2009 20:00:00,        46.864614
07/06/2009 21:00:00,        61.999812
07/06/2009 22:00:00,       155.853046
07/06/2009 23:00:00,       189.691819
07/07/2009 00:00:00,       283.745923
07/07/2009 01:00:00,       333.931805
07/07/2009 02:00:00,       348.679974
07/07/2009 03:00:00,       347.928928
07/07/2009 04:00:00,       348.535657
07/07/2009 05:00:00,       349.783483
07/07/2009 06:00:00,       350.709436
07/07/2009 07:00:00,       347.986582
07/07/2009 08:00:00,       334.382032
07/07/2009 09:00:00,       328.467316
07/07/2009 10:00:00,       311.709957
07/07/2009 11:00:00,       257.506685
07/07/2009 12:00:00,       257.862684
07/07/2009 13:00:00,       281.702968
07/07/2009 14:00:00,       185.725250
07/07/2009 15:00:00,        68.446518
07/07/2009 16:00:00,        34.843946
07/07/2009 17:00:00,        52.567087
07/07/2009 18:00:00,        73.093213
07/07/2009 19:00:00,        63.827159
07/07/2009 20:00:00,        68.393134
07/07/2009 21:00:00,        97.480829
07/07/2009 22:00:00,       127.391952
07/07/2009 23:00:00,       112.340039
07/08/2009 00:00:00,       144.086888
07/08/2009 01:00:00,       116.591001
07/08/2009 02:00:00,        99.210316
07/08/2009 03:00:00,       161.402358
07/08/2009 04:00:00,       111.493662
07/08/2009 05:00:00,       114.989800
07/08/2009 06:00:00,       155.722118
07/08/2009 07:00:00,       214.638139
07/08/2009 08:00:00,       277.793088
07/08/2009 09:00:00,       272.221250
07/08/2009 10:00:00,       181.235415
07/08/2009 11:00:00,       183.801744
07/08/2009 12:00:00,       193.709306
07/08/2009 13:00:00,       201.019002
07/08/2009 14:00:00,       153.713378
07/08/2009 15:00:00,        77.823705
07/08/2009 16:00:00,        63.990680
07/08/2009 17:00:00,       160.516498
07/08/2009 18:00:00,       172.787618
07/08/2009 19:00:00,       214.302362
07/08/2009 20:00:00,       241.827554
07/08/2009 21:00:00,       273.677637
07/08/2009 22:00:00,       222.120710
07/08/2009 23:00:00,       311.316562
07/09/2009 00:00:00,       332.420036
07/09/2009 01:00:00,       321.753056
07/09/2009 02:00:00,       300.081375
07/09/2009 03:00:00,       270.164816
07/09/2009 04:00:00,       288.582517
07/09/2009 05:00:00,       289.573231
07/09/2009 06:00:00,       299.201921
07/09/2009 07:00:00,       267.103146
07/09/2009 08:00:00,       227.656230
07/09/2009 09:00:00,       242.974398
07/09/2009 10:00:00,       280.266002
07/09/2009 11:00:00,       247.598118
07/09/2009 12:00:00,       217.103866
07/09/2009 13:00:00,       163.780653
07/09/2009 14:00:00,        82.047896
07/09/2009 15:00:00,        38.623544
07/09/2009 16:00:00,        34.177284
07/09/2009 17:00:00,        39.857187
07/09/2009 18:00:00,        84.301110
07/09/2009 19:00:00,        50.532822
07/09/2009 20:00:00,        23.224299
07/09/2009 21:00:00,         7.390209
07/09/2009 22:00:00,        35.240888
07/09/2009 23:00:00,        16.959692
07/10/2009 00:00:00,        28.633600
07/10/2009 01:00:00,        23.547228
07/10/2009 02:00:00,         6.605421
07/10/2009 03:00:00,         1.013816
07/10/2009 04:00:00,         0.055055
07/10/2009 05:00:00,        12.007003
07/10/2009 06:00:00,         9.509245
07/10/2009 07:00:00,        43.520339
07/10/2009 08:00:00,        83.993135
07/10/2009 09:00:00,       103.513473
07/10/2009 10:00:00,       108.795474
07/10/2009 11:00:00,       104.480631
07/10/2009 12:00:00,        72.212775
07/10/2009 13:00:00,        38.417729
07/10/2009 14:00:00,        13.029969
07/10/2009 15:00:00,         0.075430
07/10/2009 16:00:00,         0.000000
07/10/2009 17:00:00,         0.000911
07/10/2009 18:00:00,         1.668485
07/10/2009 19:00:00,         3.804251
07/10/2009 20:00:00,         0.391506
07/10/2009 21:00:00,         3.051634
07/10/2009 22:00:00,        55.833536
07/10/2009 23:00:00,        22.804038
07/11/2009 00:00:00,         3.177223
07/11/2009 01:00:00,         0.259295
07/11/2009 02:00:00,        28.075374
07/11/2009 03:00:00,        37.429557
07/11/2009 04:00:00,        12.140996
07/11/2009 05:00:00,        28.716683
07/11/2009 06:00:00,        10.431045
07/11/2009 07:00:00,        12.451060
07/11/2009 08:00:00,        10.475630
07/11/2009 09:00:00,         5.023166
07/11/2009 10:00:00,         8.422703
07/11/2009 11:00:00,         1.031746
07/11/2009 12:00:00,         1.796762
07/11/2009 13:00:00,         6.177459
07/11/2009 14:00:00,         9.164346
07/11/2009 15:00:00,         2.089515
07/11/2009 16:00:00,         0.776004
07/11/2009 17:00:00,         7.831371
07/11/2009 18:00:00,        21.910515
07/11/2009 19:00:00,        19.174130
07/11/2009 20:00:00,         7.977776
07/11/2009 21:00:00,         7.845067
07/11/2009 22:00:00,        22.182447
07/11/2009 23:00:00,        12.334478
07/12/2009 00:00:00,         4.360125
07/12/2009 01:00:00,         8.808152
07/12/2009 02:00:00,        13.673445
07/12/2009 03:00:00,        53.039089
07/12/2009 04:00:00,       103.988754
07/12/2009 05:00:00,       112.315593
07/12/2009 06:00:00,       102.449425
07/12/2009 07:00:00,       111.161724
07/12/2009 08:00:00,       101.699780
07/12/2009 09:00:00,       106.896182
07/12/2009 10:00:00,       124.367159
07/12/2009 11:00:00,       162.809411
07/12/2009 12:00:00,       315.887202
07/12/2009 13:00:00,       252.275146
07/12/2009 14:00:00,       211.713368
07/12/2009 15:00:00,       159.871303
07/12/2009 16:00:00,       189.067311
07/12/2009 17:00:00,       128.056126
07/12/2009 18:00:00,        41.816858
07/12/2009 19:00:00,        74.250025
07/12/2009 20:00:00,       114.084337
07/12/2009 21:00:00,       159.199657
07/12/2009 22:00:00,        34.646886
07/12/2009 23:00:00,        39.680118
07/13/2009 00:00:00,        91.237383
07/13/2009 01:00:00,       105.695552
07/13/2009 02:00:00,        87.111777
07/13/2009 03:00:00,        43.682365
07/13/2009 04:00:00,       231.126654
07/13/2009 05:00:00,        73.131478
07/13/2009 06:00:00,       107.580078
07/13/2009 07:00:00,       128.648317
07/13/2009 08:00:00,       175.204894
07/13/2009 09:00:00,       243.423587
07/13/2009 10:00:00,       102.906140
07/13/2009 11:00:00,       172.709321
07/13/2009 12:00:00,        34.326713
07/13/2009 13:00:00,       140.518461
07/13/2009 14:00:00,         7.431451
07/13/2009 15:00:00,         1.165586
07/13/2009 16:00:00,        62.100517
07/13/2009 17:00:00,        50.937350
07/13/2009 18:00:00,        32.512711
07/13/2009 19:00:00,        91.496274
07/13/2009 20:00:00,       181.009582
07/13/2009 21:00:00,       145.516497
07/13/2009 22:00:00,       213.263448
07/13/2009 23:00:00,       323.201153
07/14/2009 00:00:00,       347.823095
07/14/2009 01:00:00,       311.593107
07/14/2009 02:00:00,       319.042411
07/14/2009 03:00:00,       331.099673
07/14/2009 04:00:00,       347.734271
07/14/2009 05:00:00,       346.984599
07/14/2009 06:00:00,       347.932118
07/14/2009 07:00:00,       318.940497
07/14/2009 08:00:00,       342.545247
07/14/2009 09:00:00,       320.184471
07/14/2009 10:00:00,       269.129488
07/14/2009 11:00:00,       228.447360
07/14/2009 12:00:00,       181.358713
07/14/2009 13:00:00,       174.123883
07/14/2009 14:00:00,       131.630248
07/14/2009 15:00:00,        90.674562
07/14/2009 16:00:00,        64.660666
07/14/2009 17:00:00,        41.659795
07/14/2009 18:00:00,        29.698746
07/14/2009 19:00:00,        19.795957
07/14/2009 20:00:00,         9.148866
07/14/2009 21:00:00,         5.657289
07/14/2009 22:00:00,         1.202962
07/14/2009 23:00:00,         0.266948
07/15/2009 00:00:00,         0.161752
07/15/2009 01:00:00,         0.589518
07/15/2009 02:00:00,         0.912998
07/15/2009 03:00:00,         4.789314
07/15/2009 04:00:00,        11.544765
07/15/2009 05:00:00,        16.162394
07/15/2009 06:00:00,        22.825765
07/15/2009 07:00:00,        25.786862
07/15/2009 08:00:00,        12.252459
07/15/2009 09:00:00,         6.645973
07/15/2009 10:00:00,        19.775061
07/15/2009 11:00:00,        29.065874
07/15/2009 12:00:00,        28.453953
07/15/2009 13:00:00,        21.662772
07/15/2009 14:00:00,        20.388287
07/15/2009 15:00:00,        14.978526
07/15/2009 16:00:00,        13.794786
07/15/2009 17:00:00,         6.145852
07/15/2009 18:00:00,         0.723399
07/15/2009 19:00:00,         0.000000
07/15/2009 20:00:00,         0.227876
07/15/2009 21:00:00,        46.420309
07/15/2009 22:00:00,         7.189070
07/15/2009 23:00:00,         5.583625
07/16/2009 00:00:00,        25.132349
07/16/2009 01:00:00,        14.718102
07/16/2009 02:00:00,        55.283558
07/16/2009 03:00:00,        46.347388
07/16/2009 04:00:00,        27.959808
07/16/2009 05:00:00,        46.076953
07/16/2009 06:00:00,        17.560349
07/16/2009 07:00:00,        30.326512
07/16/2009 08:00:00,        23.000824
07/16/2009 09:00:00,         9.929972
07/16/2009 10:00:00,         7.818026
07/16/2009 11:00:00,        13.155116
07/16/2009 12:00:00,        31.840559
07/16/2009 13:00:00,        96.209700
07/16/2009 14:00:00,        68.656167
07/16/2009 15:00:00,        19.894834
07/16/2009 16:00:00,         1.242617
07/16/2009 17:00:00,         0.150664
07/16/2009 18:00:00,         0.395661
07/16/2009 19:00:00,        54.222109
07/16/2009 20:00:00,         3.634450
07/16/2009 21:00:00,        20.537333
07/16/2009 22:00:00,        98.152668
07/16/2009 23:00:00,        34.089122
07/17/2009 00:00:00,       153.987003
07/17/2009 01:00:00,        75.562885
07/17/2009 02:00:00,       205.065753
07/17/2009 03:00:00,        75.998845
07/17/2009 04:00:00,       124.979147
07/17/2009 05:00:00,       178.646209
07/17/2009 06:00:00,        61.762269
07/17/2009 07:00:00,        53.237066
07/17/2009 08:00:00,        78.951910
07/17/2009 09:00:00,       124.427772
07/17/2009 10:00:00,        81.353122
07/17/2009 11:00:00,        29.887825
07/17/2009 12:00:00,        21.696326
07/17/2009 13:00:00,        11.032771
07/17/2009 14:00:00,         2.331487
07/17/2009 15:00:00,         2.581462
07/17/2009 16:00:00,         0.245350
07/17/2009 17:00:00,         0.000000
07/17/2009 18:00:00,         0.513061
07/17/2009 19:00:00,         0.878265
07/17/2009 20:00:00,         2.042752
07/17/2009 21:00:00,         3.963385
07/17/2009 22:00:00,        11.639628
07/17/2009 23:00:00,         9.662134
07/18/2009 00:00:00,        10.651764
07/18/2009 01:00:00,       165.675249
07/18/2009 02:00:00,        75.840714
07/18/2009 03:00:00,        21.746678
07/18/2009 04:00:00,        13.847715
07/18/2009 05:00:00,        20.479821
07/18/2009 06:00:00,       105.622086
07/18/2009 07:00:00,       206.467056
07/18/2009 08:00:00,       303.038015
07/18/2009 09:00:00,       338.232371
07/18/2009 10:00:00,       324.544358
07/18/2009 11:00:00,       292.664907
07/18/2009 12:00:00,       190.547905
07/18/2009 13:00:00,        82.281726
07/18/2009 14:00:00,        47.771018
07/18/2009 15:00:00,        61.849680
07/18/2009 16:00:00,        33.260450
07/18/2009 17:00:00,        52.042714
07/18/2009 18:00:00,        48.434452
07/18/2009 19:00:00,        61.670104
07/18/2009 20:00:00,        70.847096
07/18/2009 21:00:00,        79.627476
07/18/2009 22:00:00,        78.530028
07/18/2009 23:00:00,       100.790635
07/19/2009 00:00:00,        84.294906
07/19/2009 01:00:00,       126.200004
07/19/2009 02:00:00,       100.524076
07/19/2009 03:00:00,       133.321085
07/19/2009 04:00:00,       160.211644
07/19/2009 05:00:00,       309.610925
07/19/2009 06:00:00,       332.884193
07/19/2009 07:00:00,       305.914909
07/19/2009 08:00:00,       265.733167
07/19/2009 09:00:00,       272.973918
07/19/2009 10:00:00,       259.513293
07/19/2009 11:00:00,       307.035714
07/19/2009 12:00:00,       279.063247
07/19/2009 13:00:00,       178.343490
07/19/2009 14:00:00,        46.595319
07/19/2009 15:00:00,         7.692681
07/19/2009 16:00:00,         6.369954
07/19/2009 17:00:00,        14.961089
07/19/2009 18:00:00,        22.762006
07/19/2009 19:00:00,        13.579215
07/19/2009 20:00:00,         2.548595
07/19/2009 21:00:00,         3.330138
07/19/2009 22:00:00,        47.039552
07/19/2009 23:00:00,        76.761025
07/20/2009 00:00:00,         3.051249
07/20/2009 01:00:00,        60.255416
07/20/2009 02:00:00,        98.112147
07/20/2009 03:00:00,        56.845909
07/20/2009 04:00:00,        33.464391
07/20/2009 05:00:00,        23.972442
07/20/2009 06:00:00,        26.410886
07/20/2009 07:00:00,         5.957563
07/20/2009 08:00:00,         3.586566
07/20/2009 09:00:00,         3.148306
07/20/2009 10:00:00,         0.144566
07/20/2009 11:00:00,         0.000000
07/20/2009 12:00:00,         0.103894
07/20/2009 13:00:00,         0.670774
07/20/2009 14:00:00,         0.222319
07/20/2009 15:00:00,         0.000000
07/20/2009 16:00:00,         0.000000
07/20/2009 17:00:00,         0.000000
07/20/2009 18:00:00,         0.020505
07/20/2009 19:00:00,         0.005277
07/20/2009 20:00:00,         0.183364
07/20/2009 21:00:00,         1.858025
07/20/2009 22:00:00,         2.764934
07/20/2009 23:00:00,         0.559714
07/21/2009 00:00:00,        19.393073
07/21/2009 01:00:00,         8.824697
07/21/2009 02:00:00,         9.151924
07/21/2009 03:00:00,        32.206650
07/21/2009 04:00:00,        35.403594
07/21/2009 05:00:00,        54.410934
07/21/2009 06:00:00,        40.068644
07/21/2009 07:00:00,        14.857643
07/21/2009 08:00:00,        71.491384
07/21/2009 09:00:00,       139.428152
07/21/2009 10:00:00,       136.796992
07/21/2009 11:00:00,       165.489676
07/21/2009 12:00:00,       182.977006
07/21/2009 13:00:00,       169.895450
07/21/2009 14:00:00,       126.550230
07/21/2009 15:00:00,        57.714968
07/21/2009 16:00:00,        40.534885
07/21/2009 17:00:00,        40.555004
07/21/2009 18:00:00,        33.228011
07/21/2009 19:00:00,        19.836262
07/21/2009 20:00:00,        15.621533
07/21/2009 21:00:00,         6.988825
07/21/2009 22:00:00,        14.305709
07/21/2009 23:00:00,        19.045578
07/22/2009 00:00:00,        17.049874
07/22/2009 01:00:00,        29.021047
07/22/2009 02:00:00,        53.991093
07/22/2009 03:00:00,        61.143225
07/22/2009 04:00:00,        87.577876
07/22/2009 05:00:00,        87.691747
07/22/2009 06:00:00,        90.789477
07/22/2009 07:00:00,       158.496111
07/22/2009 08:00:00,       212.460706
07/22/2009 09:00:00,       282.851788
07/22/2009 10:00:00,       237.510695
07/22/2009 11:00:00,       189.103063
07/22/2009 12:00:00,       113.458853
07/22/2009 13:00:00,        37.131840
07/22/2009 14:00:00,         6.291767
07/22/2009 15:00:00,         0.245249
07/22/2009 16:00:00,         0.000000
07/22/2009 17:00:00,         0.000312
07/22/2009 18:00:00,         0.580257
07/22/2009 19:00:00,         0.760756
07/22/2009 20:00:00,        73.510893
07/22/2009 21:00:00,         0.774560
07/22/2009 22:00:00,         2.479257
07/22/2009 23:00:00,         2.382999
07/23/2009 00:00:00,       176.104822
07/23/2009 01:00:00,        53.332693
07/23/2009 02:00:00,        13.145821
07/23/2009 03:00:00,        23.539514
07/23/2009 04:00:00,        12.553045
07/23/2009 05:00:00,        24.488920
07/23/2009 06:00:00,        46.239898
07/23/2009 07:00:00,        79.543172
07/23/2009 08:00:00,        95.555543
07/23/2009 09:00:00,        99.192968
07/23/2009 10:00:00,       132.151587
07/23/2009 11:00:00,       120.695452
07/23/2009 12:00:00,       202.267616
07/23/2009 13:00:00,       188.114564
07/23/2009 14:00:00,       178.456345
07/23/2009 15:00:00,        88.343052
07/23/2009 16:00:00,        41.117545
07/23/2009 17:00:00,        20.271641
07/23/2009 18:00:00,        15.497138
07/23/2009 19:00:00,         1.989905
07/23/2009 20:00:00,         6.194225
07/23/2009 21:00:00,         4.036961
07/23/2009 22:00:00,        20.184770
07/23/2009 23:00:00,         4.089356
07/24/2009 00:00:00,        29.051645
07/24/2009 01:00:00,        20.550935
07/24/2009 02:00:00,       113.644122
07/24/2009 03:00:00,        48.439905
07/24/2009 04:00:00,        39.169356
07/24/2009 05:00:00,       138.417956
07/24/2009 06:00:00,       123.849824
07/24/2009 07:00:00,        91.230347
07/24/2009 08:00:00,        56.559101
07/24/2009 09:00:00,        50.606436
07/24/2009 10:00:00,        59.732482
07/24/2009 11:00:00,       152.973278
07/24/2009 12:00:00,        97.060955
07/24/2009 13:00:00,        97.665782
07/24/2009 14:00:00,        74.987832
07/24/2009 15:00:00,        39.743387
07/24/2009 16:00:00,        65.147009
07/24/2009 17:00:00,        41.397470
07/24/2009 18:00:00,       100.009538
07/24/2009 19:00:00,        80.915469
07/24/2009 20:00:00,        52.431080
07/24/2009 21:00:00,         0.112004
07/24/2009 22:00:00,        23.062882
07/24/2009 23:00:00,         3.769837
07/25/2009 00:00:00,        98.600545
07/25/2009 01:00:00,        26.706952
07/25/2009 02:00:00,        51.319404
07/25/2009 03:00:00,        42.932072
07/25/2009 04:00:00,       111.733606
07/25/2009 05:00:00,        65.537032
07/25/2009 06:00:00,        59.503269
07/25/2009 07:00:00,         1.169352
07/25/2009 08:00:00,         9.926861
07/25/2009 09:00:00,        41.233429
07/25/2009 10:00:00,        28.282362
07/25/2009 11:00:00,         3.425966
07/25/2009 12:00:00,        11.798487
07/25/2009 13:00:00,        28.837577
07/25/2009 14:00:00,        25.804223
07/25/2009 15:00:00,        13.851426
07/25/2009 16:00:00,         7.601418
07/25/2009 17:00:00,         6.658912
07/25/2009 18:00:00,        87.194114
07/25/2009 19:00:00,       294.319012
07/25/2009 20:00:00,       150.623056
07/25/2009 21:00:00,         8.375597
07/25/2009 22:00:00,       191.816763
07/25/2009 23:00:00,        68.387900
07/26/2009 00:00:00,        12.499013
07/26/2009 01:00:00,        81.728754
07/26/2009 02:00:00,       121.822639
07/26/2009 03:00:00,        58.997490
07/26/2009 04:00:00,         1.390007
07/26/2009 05:00:00,        79.493370
07/26/2009 06:00:00,        29.310225
07/26/2009 07:00:00,       224.247062
07/26/2009 08:00:00,       104.249980
07/26/2009 09:00:00,        46.132881
07/26/2009 10:00:00,       113.792561
07/26/2009 11:00:00,       258.807501
07/26/2009 12:00:00,       234.540214
07/26/2009 13:00:00,       181.341768
07/26/2009 14:00:00,        46.716137
07/26/2009 15:00:00,        40.359451
07/26/2009 16:00:00,        25.880239
07/26/2009 17:00:00,        39.037221
07/26/2009 18:00:00,       103.857351
07/26/2009 19:00:00,       101.532085
07/26/2009 20:00:00,        83.744703
07/26/2009 21:00:00,       183.929353
07/26/2009 22:00:00,       127.671047
07/26/2009 23:00:00,       268.051983
07/27/2009 00:00:00,       263.501756
07/27/2009 01:00:00,       178.476644
07/27/2009 02:00:00,        43.500221
07/27/2009 03:00:00,        43.293894
07/27/2009 04:00:00,        66.271293
07/27/2009 05:00:00,        17.440868
07/27/2009 06:00:00,        31.567959
07/27/2009 07:00:00,         1.851987
07/27/2009 08:00:00,        14.835242
07/27/2009 09:00:00,        28.763513
07/27/2009 10:00:00,        26.552471
07/27/2009 11:00:00,        18.104686
07/27/2009 12:00:00,        16.167967
07/27/2009 13:00:00,        16.642802
07/27/2009 14:00:00,         9.255862
07/27/2009 15:00:00,         0.361481
07/27/2009 16:00:00,         0.093368
07/27/2009 17:00:00,         0.177662
07/27/2009 18:00:00,         3.178944
07/27/2009 19:00:00,         6.675273
07/27/2009 20:00:00,         0.267554
07/27/2009 21:00:00,         9.052230
07/27/2009 22:00:00,         2.576742
07/27/2009 23:00:00,         0.079178
07/28/2009 00:00:00,         0.026320
07/28/2009 01:00:00,         0.013049
07/28/2009 02:00:00,         0.183573
07/28/2009 03:00:00,         5.557952
07/28/2009 04:00:00,        14.442139
07/28/2009 05:00:00,        22.027046
07/28/2009 06:00:00,        43.235555
07/28/2009 07:00:00,        73.325717
07/28/2009 08:00:00,       105.508425
07/28/2009 09:00:00,       122.633540
07/28/2009 10:00:00,        91.983359
07/28/2009 11:00:00,        54.391027
07/28/2009 12:00:00,        40.038234
07/28/2009 13:00:00,        36.402224
07/28/2009 14:00:00,        15.001576
07/28/2009 15:00:00,        11.926252
07/28/2009 16:00:00,        43.000749
07/28/2009 17:00:00,       102.214944
07/28/2009 18:00:00,       105.147147
07/28/2009 19:00:00,       106.496167
07/28/2009 20:00:00,       148.595881
07/28/2009 21:00:00,        82.799973
07/28/2009 22:00:00,        72.770001
07/28/2009 23:00:00,       114.255376
07/29/2009 00:00:00,        91.081563
07/29/2009 01:00:00,        78.857821
07/29/2009 02:00:00,        66.366644
07/29/2009 03:00:00,        28.236725
07/29/2009 04:00:00,         2.930202
07/29/2009 05:00:00,         2.914066
07/29/2009 06:00:00,        15.026075
07/29/2009 07:00:00,        37.312022
07/29/2009 08:00:00,        20.270136
07/29/2009 09:00:00,        21.158964
07/29/2009 10:00:00,        27.754947
07/29/2009 11:00:00,        25.157926
07/29/2009 12:00:00,        38.623896
07/29/2009 13:00:00,        46.609641
07/29/2009 14:00:00,        32.688748
07/29/2009 15:00:00,        19.678242
07/29/2009 16:00:00,        21.272629
07/29/2009 17:00:00,        12.736328
07/29/2009 18:00:00,         5.538280
07/29/2009 19:00:00,         1.703108
07/29/2009 20:00:00,         0.850734
07/29/2009 21:00:00,         4.670547
07/29/2009 22:00:00,         3.952746
07/29/2009 23:00:00,         8.525600
07/30/2009 00:00:00,        40.685169
07/30/2009 01:00:00,        20.750236
07/30/2009 02:00:00,         2.573050
07/30/2009 03:00:00,         2.427240
07/30/2009 04:00:00,         0.993156
07/30/2009 05:00:00,         0.364643
07/30/2009 06:00:00,         0.756251
07/30/2009 07:00:00,         4.726997
07/30/2009 08:00:00,         8.926839
07/30/2009 09:00:00,        34.069911
07/30/2009 10:00:00,        53.811992
07/30/2009 11:00:00,        50.726382
07/30/2009 12:00:00,        57.324689
07/30/2009 13:00:00,        80.703355
07/30/2009 14:00:00,        40.980537
07/30/2009 15:00:00,        22.445989
07/30/2009 16:00:00,         8.620160
07/30/2009 17:00:00,         2.598310
07/30/2009 18:00:00,         2.008044
07/30/2009 19:00:00,         8.793728
07/30/2009 20:00:00,        20.743523
07/30/2009 21:00:00,        24.666035
07/30/2009 22:00:00,        19.818613
07/30/2009 23:00:00,         6.695508
07/31/2009 00:00:00,        56.500012
07/31/2009 01:00:00,       212.144648
07/31/2009 02:00:00,        88.902110
07/31/2009 03:00:00,        71.488872
07/31/2009 04:00:00,       107.727453
07/31/2009 05:00:00,        61.352784
07/31/2009 06:00:00,        96.999301
07/31/2009 07:00:00,        60.894592
07/31/2009 08:00:00,        56.176693
07/31/2009 09:00:00,        86.638283
07/31/2009 10:00:00,       110.669466
07/31/2009 11:00:00,        94.847831
07/31/2009 12:00:00,        75.184191
07/31/2009 13:00:00,        45.521448
07/31/2009 14:00:00,        10.685792
07/31/2009 15:00:00,         0.924483
07/31/2009 16:00:00,         0.042999
07/31/2009 17:00:00,         0.000000
07/31/2009 18:00:00,         0.000000
07/31/2009 19:00:00,         0.000000
07/31/2009 20:00:00,         0.000000
07/31/2009 21:00:00,         0.000000
07/31/2009 22:00:00,         0.015881
07/31/2009 23:00:00,         0.021354
08/01/2009 00:00:00,         0.000076
08/01/2009 01:00:00,         0.000731
08/01/2009 02:00:00,         0.001016
08/01/2009 03:00:00,         0.377650
08/01/2009 04:00:00,         1.714083
08/01/2009 05:00:00,         6.521586
08/01/2009 06:00:00,        33.791005
08/01/2009 07:00:00,        67.735577
08/01/2009 08:00:00,        96.343519
08/01/2009 09:00:00,       118.558677
08/01/2009 10:00:00,       149.229100
08/01/2009 11:00:00,       206.903839
08/01/2009 12:00:00,       217.144052
08/01/2009 13:00:00,       198.693104
08/01/2009 14:00:00,       205.202843
08/01/2009 15:00:00,       129.471131
08/01/2009 16:00:00,        50.522803
08/01/2009 17:00:00,        61.998022
08/01/2009 18:00:00,        85.819248
08/01/2009 19:00:00,        80.148813
08/01/2009 20:00:00,        59.892066
08/01/2009 21:00:00,       116.330034
08/01/2009 22:00:00,       143.557464
08/01/2009 23:00:00,       329.912830
08/02/2009 00:00:00,       340.876083
08/02/2009 01:00:00,       229.817154
08/02/2009 02:00:00,        51.715401
08/02/2009 03:00:00,       198.515607
08/02/2009 04:00:00,        60.605995
08/02/2009 05:00:00,        52.845260
08/02/2009 06:00:00,       148.667229
08/02/2009 07:00:00,        49.366549
08/02/2009 08:00:00,       117.898299
08/02/2009 09:00:00,        91.417051
08/02/2009 10:00:00,         7.564122
08/02/2009 11:00:00,        86.332470
08/02/2009 12:00:00,        13.374656
08/02/2009 13:00:00,        19.645009
08/02/2009 14:00:00,         0.753940
08/02/2009 15:00:00,         4.814113
08/02/2009 16:00:00,         0.547491
08/02/2009 17:00:00,         0.186117
08/02/2009 18:00:00,         0.331884
08/02/2009 19:00:00,         0.806146
08/02/2009 20:00:00,         5.428884
08/02/2009 21:00:00,        31.019694
08/02/2009 22:00:00,         1.803332
08/02/2009 23:00:00,        73.136523
08/03/2009 00:00:00,         9.864105
08/03/2009 01:00:00,       201.361907
08/03/2009 02:00:00,       162.065111
08/03/2009 03:00:00,        73.567293
08/03/2009 04:00:00,         9.665285
08/03/2009 05:00:00,        18.191437
08/03/2009 06:00:00,        71.731142
08/03/2009 07:00:00,        48.657438
08/03/2009 08:00:00,         5.569571
08/03/2009 09:00:00,         4.700468
08/03/2009 10:00:00,        15.576847
08/03/2009 11:00:00,        73.987005
08/03/2009 12:00:00,       121.696032
08/03/2009 13:00:00,        76.127004
08/03/2009 14:00:00,        47.265993
08/03/2009 15:00:00,        13.407756
08/03/2009 16:00:00,         0.451061
08/03/2009 17:00:00,         1.904289
08/03/2009 18:00:00,         0.232057
08/03/2009 19:00:00,         0.337530
08/03/2009 20:00:00,         0.614710
08/03/2009 21:00:00,         4.307716
08/03/2009 22:00:00,         6.401142
08/03/2009 23:00:00,        16.519554
08/04/2009 00:00:00,        26.077722
08/04/2009 01:00:00,        44.123192
08/04/2009 02:00:00,        42.249656
08/04/2009 03:00:00,        92.550791
08/04/2009 04:00:00,       109.227591
08/04/2009 05:00:00,       112.201835
08/04/2009 06:00:00,       139.835893
08/04/2009 07:00:00,       122.706706
08/04/2009 08:00:00,        96.324956
08/04/2009 09:00:00,        49.802686
08/04/2009 10:00:00,        48.663207
08/04/2009 11:00:00,        17.899579
08/04/2009 12:00:00,         8.756221
08/04/2009 13:00:00,        12.998471
08/04/2009 14:00:00,         7.827975
08/04/2009 15:00:00,         5.602768
08/04/2009 16:00:00,        14.015356
08/04/2009 17:00:00,        23.313102
08/04/2009 18:00:00,        38.932147
08/04/2009 19:00:00,        34.747979
08/04/2009 20:00:00,        16.932583
08/04/2009 21:00:00,        11.684929
08/04/2009 22:00:00,         4.012726
08/04/2009 23:00:00,         1.466733
08/05/2009 00:00:00,         0.333678
08/05/2009 01:00:00,         0.857066
08/05/2009 02:00:00,         1.556947
08/05/2009 03:00:00,         1.262897
08/05/2009 04:00:00,         4.890498
08/05/2009 05:00:00,         4.441987
08/05/2009 06:00:00,         2.835608
08/05/2009 07:00:00,        20.504513
08/05/2009 08:00:00,        55.011137
08/05/2009 09:00:00,        27.190456
08/05/2009 10:00:00,        58.127589
08/05/2009 11:00:00,        46.732014
08/05/2009 12:00:00,        96.360402
08/05/2009 13:00:00,        78.104583
08/05/2009 14:00:00,        83.914248
08/05/2009 15:00:00,        75.139404
08/05/2009 16:00:00,        58.825863
08/05/2009 17:00:00,        58.506133
08/05/2009 18:00:00,        76.136146
08/05/2009 19:00:00,        13.832663
08/05/2009 20:00:00,        14.472599
08/05/2009 21:00:00,         8.435447
08/05/2009 22:00:00,         3.200734
08/05/2009 23:00:00,         4.694976
08/06/2009 00:00:00,         7.986707
08/06/2009 01:00:00,         8.076027
08/06/2009 02:00:00,        15.443419
08/06/2009 03:00:00,        12.283318
08/06/2009 04:00:00,        51.536681
08/06/2009 05:00:00,        23.613938
08/06/2009 06:00:00,       102.098429
08/06/2009 07:00:00,        47.761453
08/06/2009 08:00:00,         6.311812
08/06/2009 09:00:00,         4.714925
08/06/2009 10:00:00,         0.188931
08/06/2009 11:00:00,         5.083149
08/06/2009 12:00:00,        17.074054
08/06/2009 13:00:00,         5.466179
08/06/2009 14:00:00,         3.369429
08/06/2009 15:00:00,         2.964489
08/06/2009 16:00:00,         2.571176
08/06/2009 17:00:00,         0.363055
08/06/2009 18:00:00,         0.981726
08/06/2009 19:00:00,         0.000000
08/06/2009 20:00:00,         0.312301
08/06/2009 21:00:00,         3.305582
08/06/2009 22:00:00,         9.957668
08/06/2009 23:00:00,        31.489202
08/07/2009 00:00:00,        42.700868
08/07/2009 01:00:00,        45.516567
08/07/2009 02:00:00,        56.148652
08/07/2009 03:00:00,        93.215838
08/07/2009 04:00:00,       150.451440
08/07/2009 05:00:00,       138.982775
08/07/2009 06:00:00,       133.088463
08/07/2009 07:00:00,       100.797744
08/07/2009 08:00:00,        96.799222
08/07/2009 09:00:00,        87.889053
08/07/2009 10:00:00,       100.144027
08/07/2009 11:00:00,        66.323167
08/07/2009 12:00:00,        33.764317
08/07/2009 13:00:00,        25.613871
08/07/2009 14:00:00,        24.356100
08/07/2009 15:00:00,        25.193209
08/07/2009 16:00:00,        29.487901
08/07/2009 17:00:00,        34.132460
08/07/2009 18:00:00,        31.993632
08/07/2009 19:00:00,        16.790893
08/07/2009 20:00:00,         7.957358
08/07/2009 21:00:00,         3.866063
08/07/2009 22:00:00,         2.192111
08/07/2009 23:00:00,        12.329641
08/08/2009 00:00:00,        19.037100
08/08/2009 01:00:00,         5.263575
08/08/2009 02:00:00,         1.179981
08/08/2009 03:00:00,         0.646373
08/08/2009 04:00:00,         3.971703
08/08/2009 05:00:00,         1.061847
08/08/2009 06:00:00,         0.529807
08/08/2009 07:00:00,         0.686784
08/08/2009 08:00:00,         1.726336
08/08/2009 09:00:00,         4.022563
08/08/2009 10:00:00,        11.135585
08/08/2009 11:00:00,        11.257130
08/08/2009 12:00:00,        14.251428
08/08/2009 13:00:00,        26.137364
08/08/2009 14:00:00,        34.036470
08/08/2009 15:00:00,        18.013584
08/08/2009 16:00:00,         8.189222
08/08/2009 17:00:00,         0.865512
08/08/2009 18:00:00,         0.000000
08/08/2009 19:00:00,         0.058308
08/08/2009 20:00:00,         0.012044
08/08/2009 21:00:00,         0.149319
08/08/2009 22:00:00,         1.090340
08/08/2009 23:00:00,         7.357779
08/09/2009 00:00:00,        51.368262
08/09/2009 01:00:00,        98.645432
08/09/2009 02:00:00,         6.094382
08/09/2009 03:00:00,        30.255879
08/09/2009 04:00:00,        95.820444
08/09/2009 05:00:00,        79.797049
08/09/2009 06:00:00,       148.696341
08/09/2009 07:00:00,       150.855011
08/09/2009 08:00:00,       220.654058
08/09/2009 09:00:00,       268.838821
08/09/2009 10:00:00,       328.518299
08/09/2009 11:00:00,       333.055117
08/09/2009 12:00:00,       331.330370
08/09/2009 13:00:00,       312.706088
08/09/2009 14:00:00,       258.412728
08/09/2009 15:00:00,       141.394784
08/09/2009 16:00:00,        73.863726
08/09/2009 17:00:00,        60.330305
08/09/2009 18:00:00,        57.265131
08/09/2009 19:00:00,        66.227987
08/09/2009 20:00:00,        80.201527
08/09/2009 21:00:00,        70.141528
08/09/2009 22:00:00,        83.003108
08/09/2009 23:00:00,        76.453836
08/10/2009 00:00:00,        62.307371
08/10/2009 01:00:00,        97.209736
08/10/2009 02:00:00,       152.187215
08/10/2009 03:00:00,       140.595797
08/10/2009 04:00:00,       149.606136
08/10/2009 05:00:00,       171.476380
08/10/2009 06:00:00,       210.264145
08/10/2009 07:00:00,       208.944543
08/10/2009 08:00:00,       164.793133
08/10/2009 09:00:00,       153.697748
08/10/2009 10:00:00,       155.523448
08/10/2009 11:00:00,       118.255178
08/10/2009 12:00:00,       129.321441
08/10/2009 13:00:00,       119.286292
08/10/2009 14:00:00,       109.981504
08/10/2009 15:00:00,        76.572793
08/10/2009 16:00:00,        78.413921
08/10/2009 17:00:00,       200.611879
08/10/2009 18:00:00,       255.814608
08/10/2009 19:00:00,       197.348435
08/10/2009 20:00:00,       154.078476
08/10/2009 21:00:00,       144.135745
08/10/2009 22:00:00,       137.454290
08/10/2009 23:00:00,       130.512934
08/11/2009 00:00:00,       166.924782
08/11/2009 01:00:00,       178.710268
08/11/2009 02:00:00,       190.469298
08/11/2009 03:00:00,       206.457105
08/11/2009 04:00:00,       241.085313
08/11/2009 05:00:00,       249.421202
08/11/2009 06:00:00,       237.329273
08/11/2009 07:00:00,       183.280549
08/11/2009 08:00:00,       107.931538
08/11/2009 09:00:00,       164.727804
08/11/2009 10:00:00,       165.335876
08/11/2009 11:00:00,       114.675153
08/11/2009 12:00:00,        84.003185
08/11/2009 13:00:00,       213.008094
08/11/2009 14:00:00,       338.168195
08/11/2009 15:00:00,       332.495231
08/11/2009 16:00:00,       280.913139
08/11/2009 17:00:00,       317.617663
08/11/2009 18:00:00,       344.643999
08/11/2009 19:00:00,       337.652172
08/11/2009 20:00:00,       337.302004
08/11/2009 21:00:00,       294.249971
08/11/2009 22:00:00,       268.148884
08/11/2009 23:00:00,       305.473611
08/12/2009 00:00:00,       221.049144
08/12/2009 01:00:00,       289.929684
08/12/2009 02:00:00,       293.567270
08/12/2009 03:00:00,       260.410212
08/12/2009 04:00:00,       227.462600
08/12/2009 05:00:00,       219.286367
08/12/2009 06:00:00,       268.138512
08/12/2009 07:00:00,       220.575195
08/12/2009 08:00:00,       188.231940
08/12/2009 09:00:00,       257.149688
08/12/2009 10:00:00,       265.518128
08/12/2009 11:00:00,       218.505178
08/12/2009 12:00:00,       139.391048
08/12/2009 13:00:00,       128.333413
08/12/2009 14:00:00,       153.573000
08/12/2009 15:00:00,       107.122389
08/12/2009 16:00:00,        72.504283
08/12/2009 17:00:00,        85.348697
08/12/2009 18:00:00,        74.842818
08/12/2009 19:00:00,        80.340591
08/12/2009 20:00:00,        82.674880
08/12/2009 21:00:00,       156.581891
08/12/2009 22:00:00,       216.074498
08/12/2009 23:00:00,       245.161933
08/13/2009 00:00:00,       170.551560
08/13/2009 01:00:00,       125.502741
08/13/2009 02:00:00,       153.928567
08/13/2009 03:00:00,       225.614010
08/13/2009 04:00:00,       170.551853
08/13/2009 05:00:00,       159.704937
08/13/2009 06:00:00,       235.185609
08/13/2009 07:00:00,       235.563738
08/13/2009 08:00:00,       176.519962
08/13/2009 09:00:00,       152.638744
08/13/2009 10:00:00,        79.791070
08/13/2009 11:00:00,        48.205776
08/13/2009 12:00:00,        59.337228
08/13/2009 13:00:00,        25.418134
08/13/2009 14:00:00,         6.628803
08/13/2009 15:00:00,         1.516318
08/13/2009 16:00:00,         0.864195
08/13/2009 17:00:00,         3.312045
08/13/2009 18:00:00,        12.270496
08/13/2009 19:00:00,        14.824519
08/13/2009 20:00:00,        15.597927
08/13/2009 21:00:00,        14.600184
08/13/2009 22:00:00,        39.526036
08/13/2009 23:00:00,        17.276385
08/14/2009 00:00:00,         9.863387
08/14/2009 01:00:00,         6.444021
08/14/2009 02:00:00,         7.118027
08/14/2009 03:00:00,        10.951680
08/14/2009 04:00:00,        15.513659
08/14/2009 05:00:00,        17.822635
08/14/2009 06:00:00,        32.348913
08/14/2009 07:00:00,        37.636684
08/14/2009 08:00:00,        43.530890
08/14/2009 09:00:00,        59.158431
08/14/2009 10:00:00,        41.652309
08/14/2009 11:00:00,        23.117918
08/14/2009 12:00:00,        41.539842
08/14/2009 13:00:00,        46.463048
08/14/2009 14:00:00,        28.065794
08/14/2009 15:00:00,         7.640552
08/14/2009 16:00:00,         1.821016
08/14/2009 17:00:00,         1.228331
08/14/2009 18:00:00,         0.911431
08/14/2009 19:00:00,        25.081086
08/14/2009 20:00:00,        32.693211
08/14/2009 21:00:00,        12.661075
08/14/2009 22:00:00,        16.666135
08/14/2009 23:00:00,         6.289193
08/15/2009 00:00:00,        17.373857
08/15/2009 01:00:00,        24.379149
08/15/2009 02:00:00,        18.304641
08/15/2009 03:00:00,        21.741519
08/15/2009 04:00:00,        46.344336
08/15/2009 05:00:00,        51.813784
08/15/2009 06:00:00,        74.278478
08/15/2009 07:00:00,       106.285187
08/15/2009 08:00:00,       105.485507
08/15/2009 09:00:00,       122.038539
08/15/2009 10:00:00,       177.532052
08/15/2009 11:00:00,       188.305868
08/15/2009 12:00:00,       139.673560
08/15/2009 13:00:00,       123.541085
08/15/2009 14:00:00,       122.610330
08/15/2009 15:00:00,       125.204478
08/15/2009 16:00:00,       119.431002
08/15/2009 17:00:00,       314.609621
08/15/2009 18:00:00,       306.751214
08/15/2009 19:00:00,       322.314337
08/15/2009 20:00:00,       176.930557
08/15/2009 21:00:00,       152.082563
08/15/2009 22:00:00,       119.438351
08/15/2009 23:00:00,       135.829872
08/16/2009 00:00:00,       133.299153
08/16/2009 01:00:00,        80.196728
08/16/2009 02:00:00,        82.102626
08/16/2009 03:00:00,        91.100222
08/16/2009 04:00:00,        93.629915
08/16/2009 05:00:00,       103.629622
08/16/2009 06:00:00,        97.872720
08/16/2009 07:00:00,       121.402464
08/16/2009 08:00:00,       134.396410
08/16/2009 09:00:00,       126.962764
08/16/2009 10:00:00,        88.724724
08/16/2009 11:00:00,        74.132109
08/16/2009 12:00:00,        66.078807
08/16/2009 13:00:00,        47.116796
08/16/2009 14:00:00,        47.612329
08/16/2009 15:00:00,        33.058891
08/16/2009 16:00:00,        17.177551
08/16/2009 17:00:00,        25.389052
08/16/2009 18:00:00,        32.085980
08/16/2009 19:00:00,        45.287782
08/16/2009 20:00:00,        47.573140
08/16/2009 21:00:00,        52.168438
08/16/2009 22:00:00,        43.947400
08/16/2009 23:00:00,        42.076561
08/17/2009 00:00:00,        46.990015
08/17/2009 01:00:00,        43.906172
08/17/2009 02:00:00,        55.404812
08/17/2009 03:00:00,        43.136267
08/17/2009 04:00:00,        51.635121
08/17/2009 05:00:00,        54.016904
08/17/2009 06:00:00,        63.670886
08/17/2009 07:00:00,        62.340604
08/17/2009 08:00:00,        57.429868
08/17/2009 09:00:00,        91.143057
08/17/2009 10:00:00,       106.267602
08/17/2009 11:00:00,        90.744003
08/17/2009 12:00:00,        74.472793
08/17/2009 13:00:00,       114.559374
08/17/2009 14:00:00,       107.764994
08/17/2009 15:00:00,        74.105161
08/17/2009 16:00:00,        23.882584
08/17/2009 17:00:00,         4.749416
08/17/2009 18:00:00,        12.898700
08/17/2009 19:00:00,        23.476984
08/17/2009 20:00:00,        46.171634
08/17/2009 21:00:00,        45.602537
08/17/2009 22:00:00,        57.767082
08/17/2009 23:00:00,        67.343834
08/18/2009 00:00:00,        64.735071
08/18/2009 01:00:00,        83.445166
08/18/2009 02:00:00,        91.431597
08/18/2009 03:00:00,       143.971746
08/18/2009 04:00:00,       258.872864
08/18/2009 05:00:00,       310.662648
08/18/2009 06:00:00,       329.253415
08/18/2009 07:00:00,       333.457209
08/18/2009 08:00:00,       276.685748
08/18/2009 09:00:00,       233.230605
08/18/2009 10:00:00,       244.638814
08/18/2009 11:00:00,       245.910057
08/18/2009 12:00:00,       239.771687
08/18/2009 13:00:00,       249.567654
08/18/2009 14:00:00,       234.754949
08/18/2009 15:00:00,       136.474443
08/18/2009 16:00:00,        74.116581
08/18/2009 17:00:00,        69.023327
08/18/2009 18:00:00,       111.433835
08/18/2009 19:00:00,       172.820985
08/18/2009 20:00:00,       216.955544
08/18/2009 21:00:00,       252.773049
08/18/2009 22:00:00,       189.382667
08/18/2009 23:00:00,       148.158288
08/19/2009 00:00:00,        79.643787
08/19/2009 01:00:00,       244.411291
08/19/2009 02:00:00,       131.923242
08/19/2009 03:00:00,       126.914670
08/19/2009 04:00:00,        27.915073
08/19/2009 05:00:00,        47.271233
08/19/2009 06:00:00,        44.827910
08/19/2009 07:00:00,         2.379026
08/19/2009 08:00:00,         9.691832
08/19/2009 09:00:00,         0.721655
08/19/2009 10:00:00,         0.062109
08/19/2009 11:00:00,        10.469242
08/19/2009 12:00:00,        13.669744
08/19/2009 13:00:00,         2.531811
08/19/2009 14:00:00,         0.187815
08/19/2009 15:00:00,         0.992560
08/19/2009 16:00:00,         0.000000
08/19/2009 17:00:00,         0.678284
08/19/2009 18:00:00,        79.284414
08/19/2009 19:00:00,        18.912727
08/19/2009 20:00:00,         4.281295
08/19/2009 21:00:00,         1.184442
08/19/2009 22:00:00,        10.947749
08/19/2009 23:00:00,        13.151188
08/20/2009 00:00:00,        28.623271
08/20/2009 01:00:00,        38.475941
08/20/2009 02:00:00,        32.324742
08/20/2009 03:00:00,        46.372868
08/20/2009 04:00:00,        34.537910
08/20/2009 05:00:00,        30.486123
08/20/2009 06:00:00,        67.343263
08/20/2009 07:00:00,        67.273751
08/20/2009 08:00:00,        54.811473
08/20/2009 09:00:00,        60.163826
08/20/2009 10:00:00,       141.795351
08/20/2009 11:00:00,       168.236970
08/20/2009 12:00:00,       219.432679
08/20/2009 13:00:00,       218.658053
08/20/2009 14:00:00,       173.186384
08/20/2009 15:00:00,        71.338559
08/20/2009 16:00:00,        64.723971
08/20/2009 17:00:00,        56.112316
08/20/2009 18:00:00,        40.516252
08/20/2009 19:00:00,        31.423027
08/20/2009 20:00:00,        21.855903
08/20/2009 21:00:00,         1.698609
08/20/2009 22:00:00,         9.650030
08/20/2009 23:00:00,        75.233431
08/21/2009 00:00:00,        53.064944
08/21/2009 01:00:00,       125.438618
08/21/2009 02:00:00,       183.182460
08/21/2009 03:00:00,       222.978520
08/21/2009 04:00:00,       263.621774
08/21/2009 05:00:00,       319.310100
08/21/2009 06:00:00,       336.427409
08/21/2009 07:00:00,       342.658620
08/21/2009 08:00:00,       329.113264
08/21/2009 09:00:00,       307.612110
08/21/2009 10:00:00,       302.195291
08/21/2009 11:00:00,       297.828607
08/21/2009 12:00:00,       282.333803
08/21/2009 13:00:00,       243.249893
08/21/2009 14:00:00,       166.364489
08/21/2009 15:00:00,       117.947017
08/21/2009 16:00:00,        73.257405
08/21/2009 17:00:00,        52.404450
08/21/2009 18:00:00,        14.346237
08/21/2009 19:00:00,        68.207788
08/21/2009 20:00:00,       124.435865
08/21/2009 21:00:00,       208.300425
08/21/2009 22:00:00,       264.770319
08/21/2009 23:00:00,       235.284565
08/22/2009 00:00:00,       168.053576
08/22/2009 01:00:00,       189.691765
08/22/2009 02:00:00,       302.984430
08/22/2009 03:00:00,       272.897847
08/22/2009 04:00:00,       201.618478
08/22/2009 05:00:00,       196.682665
08/22/2009 06:00:00,       246.233377
08/22/2009 07:00:00,       303.493757
08/22/2009 08:00:00,       269.043653
08/22/2009 09:00:00,       279.090633
08/22/2009 10:00:00,       315.477761
08/22/2009 11:00:00,       272.512188
08/22/2009 12:00:00,       232.345397
08/22/2009 13:00:00,       226.892870
08/22/2009 14:00:00,       223.149857
08/22/2009 15:00:00,       160.824294
08/22/2009 16:00:00,        37.843922
08/22/2009 17:00:00,        11.882278
08/22/2009 18:00:00,         9.877949
08/22/2009 19:00:00,         3.879198
08/22/2009 20:00:00,         7.557732
08/22/2009 21:00:00,        10.907776
08/22/2009 22:00:00,         9.949213
08/22/2009 23:00:00,        23.193537
08/23/2009 00:00:00,        30.337577
08/23/2009 01:00:00,        35.506101
08/23/2009 02:00:00,        71.962509
08/23/2009 03:00:00,       106.119396
08/23/2009 04:00:00,       118.210033
08/23/2009 05:00:00,       140.405660
08/23/2009 06:00:00,       151.777116
08/23/2009 07:00:00,       121.614925
08/23/2009 08:00:00,        74.620368
08/23/2009 09:00:00,        41.822672
08/23/2009 10:00:00,        26.421815
08/23/2009 11:00:00,        17.152023
08/23/2009 12:00:00,        23.921985
08/23/2009 13:00:00,        20.143963
08/23/2009 14:00:00,        16.752813
08/23/2009 15:00:00,         8.357458
08/23/2009 16:00:00,         0.058065
08/23/2009 17:00:00,         0.000000
08/23/2009 18:00:00,         0.301674
08/23/2009 19:00:00,         2.014907
08/23/2009 20:00:00,         0.464280
08/23/2009 21:00:00,         1.792226
08/23/2009 22:00:00,         2.213286
08/23/2009 23:00:00,        69.696091
08/24/2009 00:00:00,       109.877441
08/24/2009 01:00:00,        11.600417
08/24/2009 02:00:00,        90.549820
08/24/2009 03:00:00,        45.295975
08/24/2009 04:00:00,        52.546490
08/24/2009 05:00:00,        51.609357
08/24/2009 06:00:00,        98.830237
08/24/2009 07:00:00,       110.788774
08/24/2009 08:00:00,        98.684395
08/24/2009 09:00:00,        47.258041
08/24/2009 10:00:00,        15.495407
08/24/2009 11:00:00,         0.106411
08/24/2009 12:00:00,         0.059339
08/24/2009 13:00:00,         0.161562
08/24/2009 14:00:00,         7.244639
08/24/2009 15:00:00,         9.000580
08/24/2009 16:00:00,         1.357246
08/24/2009 17:00:00,         0.319317
08/24/2009 18:00:00,         0.000000
08/24/2009 19:00:00,         0.020269
08/24/2009 20:00:00,         2.058910
08/24/2009 21:00:00,         0.008462
08/24/2009 22:00:00,         4.010295
08/24/2009 23:00:00,         0.006297
08/25/2009 00:00:00,         0.297624
08/25/2009 01:00:00,        47.802551
08/25/2009 02:00:00,        44.929219
08/25/2009 03:00:00,        48.013178
08/25/2009 04:00:00,       134.570845
08/25/2009 05:00:00,       169.213654
08/25/2009 06:00:00,       200.301533
08/25/2009 07:00:00,       213.081160
08/25/2009 08:00:00,       189.255699
08/25/2009 09:00:00,       170.037989
08/25/2009 10:00:00,       172.537870
08/25/2009 11:00:00,       146.077441
08/25/2009 12:00:00,       155.975538
08/25/2009 13:00:00,       147.852194
08/25/2009 14:00:00,       164.338577
08/25/2009 15:00:00,       105.870203
08/25/2009 16:00:00,        47.826177
08/25/2009 17:00:00,        95.738917
08/25/2009 18:00:00,       239.128058
08/25/2009 19:00:00,       227.509388
08/25/2009 20:00:00,       200.264202
08/25/2009 21:00:00,       201.181828
08/25/2009 22:00:00,       204.105132
08/25/2009 23:00:00,       174.879421
08/26/2009 00:00:00,       163.975436
08/26/2009 01:00:00,        74.426475
08/26/2009 02:00:00,       256.923453
08/26/2009 03:00:00,       205.970915
08/26/2009 04:00:00,       182.708177
08/26/2009 05:00:00,       201.797306
08/26/2009 06:00:00,       145.691069
08/26/2009 07:00:00,       120.540902
08/26/2009 08:00:00,       134.757729
08/26/2009 09:00:00,       133.750949
08/26/2009 10:00:00,       219.499023
08/26/2009 11:00:00,       306.225764
08/26/2009 12:00:00,       324.794030
08/26/2009 13:00:00,       319.268963
08/26/2009 14:00:00,       269.209278
08/26/2009 15:00:00,       161.246554
08/26/2009 16:00:00,        60.563941
08/26/2009 17:00:00,         5.574509
08/26/2009 18:00:00,         0.166825
08/26/2009 19:00:00,         2.532501
08/26/2009 20:00:00,         3.040667
08/26/2009 21:00:00,        18.062631
08/26/2009 22:00:00,         8.436926
08/26/2009 23:00:00,         8.865795
08/27/2009 00:00:00,         6.288292
08/27/2009 01:00:00,        43.525426
08/27/2009 02:00:00,         7.476842
08/27/2009 03:00:00,         7.378841
08/27/2009 04:00:00,        22.727130
08/27/2009 05:00:00,        54.769141
08/27/2009 06:00:00,        96.772890
08/27/2009 07:00:00,       136.447649
08/27/2009 08:00:00,       140.120225
08/27/2009 09:00:00,        90.485617
08/27/2009 10:00:00,        46.926220
08/27/2009 11:00:00,        42.420624
08/27/2009 12:00:00,        40.927731
08/27/2009 13:00:00,        35.639155
08/27/2009 14:00:00,        42.359574
08/27/2009 15:00:00,        20.003764
08/27/2009 16:00:00,         2.455568
08/27/2009 17:00:00,         1.484580
08/27/2009 18:00:00,         1.807696
08/27/2009 19:00:00,         0.413450
08/27/2009 20:00:00,         0.025587
08/27/2009 21:00:00,         0.010608
08/27/2009 22:00:00,         0.026655
08/27/2009 23:00:00,         0.011561
08/28/2009 00:00:00,         0.000000
08/28/2009 01:00:00,         0.211522
08/28/2009 02:00:00,         6.120867
08/28/2009 03:00:00,        20.836333
08/28/2009 04:00:00,        43.515524
08/28/2009 05:00:00,        70.593447
08/28/2009 06:00:00,       106.639944
08/28/2009 07:00:00,       124.183660
08/28/2009 08:00:00,       162.198584
08/28/2009 09:00:00,       205.217096
08/28/2009 10:00:00,       247.724046
08/28/2009 11:00:00,       286.754668
08/28/2009 12:00:00,       283.988735
08/28/2009 13:00:00,       205.202528
08/28/2009 14:00:00,       151.493397
08/28/2009 15:00:00,        97.009790
08/28/2009 16:00:00,        73.304757
08/28/2009 17:00:00,        72.903071
08/28/2009 18:00:00,       118.229074
08/28/2009 19:00:00,       125.013202
08/28/2009 20:00:00,       117.080123
08/28/2009 21:00:00,        94.878429
08/28/2009 22:00:00,        74.213380
08/28/2009 23:00:00,       114.065073
08/29/2009 00:00:00,       177.038621
08/29/2009 01:00:00,       130.622173
08/29/2009 02:00:00,       139.892780
08/29/2009 03:00:00,       138.201800
08/29/2009 04:00:00,       207.276242
08/29/2009 05:00:00,       238.261148
08/29/2009 06:00:00,       264.107744
08/29/2009 07:00:00,       284.960823
08/29/2009 08:00:00,       285.530915
08/29/2009 09:00:00,       263.940206
08/29/2009 10:00:00,       273.247457
08/29/2009 11:00:00,       299.710537
08/29/2009 12:00:00,       328.168571
08/29/2009 13:00:00,       334.387809
08/29/2009 14:00:00,       328.037735
08/29/2009 15:00:00,       250.785356
08/29/2009 16:00:00,       162.844413
08/29/2009 17:00:00,       176.913272
08/29/2009 18:00:00,       185.046769
08/29/2009 19:00:00,       166.143512
08/29/2009 20:00:00,       183.266988
08/29/2009 21:00:00,       198.431234
08/29/2009 22:00:00,        87.646038
08/29/2009 23:00:00,        15.413862
08/30/2009 00:00:00,       103.679809
08/30/2009 01:00:00,        86.041356
08/30/2009 02:00:00,        77.730422
08/30/2009 03:00:00,        74.780057
08/30/2009 04:00:00,        41.190023
08/30/2009 05:00:00,        73.533312
08/30/2009 06:00:00,        71.537345
08/30/2009 07:00:00,        86.770341
08/30/2009 08:00:00,       102.890060
08/30/2009 09:00:00,       172.445064
08/30/2009 10:00:00,       134.945678
08/30/2009 11:00:00,       143.402256
08/30/2009 12:00:00,       122.530292
08/30/2009 13:00:00,        73.567809
08/30/2009 14:00:00,        67.645564
08/30/2009 15:00:00,        47.007827
08/30/2009 16:00:00,        19.878562
08/30/2009 17:00:00,        13.720614
08/30/2009 18:00:00,        20.947746
08/30/2009 19:00:00,        33.355526
08/30/2009 20:00:00,        31.802812
08/30/2009 21:00:00,        63.478656
08/30/2009 22:00:00,        25.257255
08/30/2009 23:00:00,        57.034507
08/31/2009 00:00:00,        10.403782
08/31/2009 01:00:00,        28.740821
08/31/2009 02:00:00,        14.732689
08/31/2009 03:00:00,        40.436081
08/31/2009 04:00:00,        24.799808
08/31/2009 05:00:00,        80.227319
08/31/2009 06:00:00,       120.199822
08/31/2009 07:00:00,       134.244572
08/31/2009 08:00:00,        76.875332
08/31/2009 09:00:00,       104.316797
08/31/2009 10:00:00,        99.543783
08/31/2009 11:00:00,       155.888002
08/31/2009 12:00:00,       178.920126
08/31/2009 13:00:00,       133.909330
08/31/2009 14:00:00,       139.769523
08/31/2009 15:00:00,       108.772495
08/31/2009 16:00:00,        68.133095
08/31/2009 17:00:00,        25.176775
08/31/2009 18:00:00,         2.780026
08/31/2009 19:00:00,         0.739770
08/31/2009 20:00:00,         7.487954
08/31/2009 21:00:00,       189.975339
08/31/2009 22:00:00,        21.159982
08/31/2009 23:00:00,        71.904819
09/01/2009 00:00:00,       217.306835
09/01/2009 01:00:00,        14.425005
09/01/2009 02:00:00,        17.575364
09/01/2009 03:00:00,        14.442510
09/01/2009 04:00:00,        29.509717
09/01/2009 05:00:00,         3.541992
09/01/2009 06:00:00,         3.827611
09/01/2009 07:00:00,        40.900151
09/01/2009 08:00:00,        47.925613
09/01/2009 09:00:00,        22.397782
09/01/2009 10:00:00,        13.182033
09/01/2009 11:00:00,         3.656091
09/01/2009 12:00:00,         0.871765
09/01/2009 13:00:00,         0.000000
09/01/2009 14:00:00,         0.000000
09/01/2009 15:00:00,         0.000000
09/01/2009 16:00:00,         0.000000
09/01/2009 17:00:00,         0.113279
09/01/2009 18:00:00,         3.173155
09/01/2009 19:00:00,         7.604807
09/01/2009 20:00:00,        56.265141
09/01/2009 21:00:00,        84.588123
09/01/2009 22:00:00,        12.876012
09/01/2009 23:00:00,       186.050364
09/02/2009 00:00:00,       134.278367
09/02/2009 01:00:00,       144.277101
09/02/2009 02:00:00,        52.541343
09/02/2009 03:00:00,         1.638588
09/02/2009 04:00:00,        75.804020
09/02/2009 05:00:00,        49.890641
09/02/2009 06:00:00,        77.027577
09/02/2009 07:00:00,       119.636648
09/02/2009 08:00:00,       128.326919
09/02/2009 09:00:00,        53.304476
09/02/2009 10:00:00,        91.449148
09/02/2009 11:00:00,       100.445401
09/02/2009 12:00:00,        98.215118
09/02/2009 13:00:00,        94.023874
09/02/2009 14:00:00,        57.736938
09/02/2009 15:00:00,        41.444281
09/02/2009 16:00:00,        36.802302
09/02/2009 17:00:00,         8.118193
09/02/2009 18:00:00,        24.280173
09/02/2009 19:00:00,        41.818265
09/02/2009 20:00:00,        52.884362
09/02/2009 21:00:00,        51.504095
09/02/2009 22:00:00,       162.609198
09/02/2009 23:00:00,        88.542935
09/03/2009 00:00:00,       140.461386
09/03/2009 01:00:00,        87.040535
09/03/2009 02:00:00,       151.008367
09/03/2009 03:00:00,        83.742081
09/03/2009 04:00:00,        33.813219
09/03/2009 05:00:00,        58.774039
09/03/2009 06:00:00,        38.719600
09/03/2009 07:00:00,        17.183869
09/03/2009 08:00:00,        29.029050
09/03/2009 09:00:00,        28.544586
09/03/2009 10:00:00,        41.116954
09/03/2009 11:00:00,        34.551825
09/03/2009 12:00:00,        22.090188
09/03/2009 13:00:00,        13.664972
09/03/2009 14:00:00,        45.426067
09/03/2009 15:00:00,        47.917986
09/03/2009 16:00:00,       113.983524
09/03/2009 17:00:00,        41.806466
09/03/2009 18:00:00,        10.082792
09/03/2009 19:00:00,       167.377464
09/03/2009 20:00:00,       120.273981
09/03/2009 21:00:00,       191.535992
09/03/2009 22:00:00,       208.110487
09/03/2009 23:00:00,       303.623718
09/04/2009 00:00:00,       261.490925
09/04/2009 01:00:00,       343.085478
09/04/2009 02:00:00,       289.741130
09/04/2009 03:00:00,       152.451146
09/04/2009 04:00:00,       156.577263
09/04/2009 05:00:00,       110.455438
09/04/2009 06:00:00,       136.148342
09/04/2009 07:00:00,       107.224455
09/04/2009 08:00:00,       190.430030
09/04/2009 09:00:00,       271.266544
09/04/2009 10:00:00,       304.677186
09/04/2009 11:00:00,       314.412651
09/04/2009 12:00:00,       335.791664
09/04/2009 13:00:00,       325.830679
09/04/2009 14:00:00,       273.139628
09/04/2009 15:00:00,       158.038266
09/04/2009 16:00:00,       105.939684
09/04/2009 17:00:00,       111.298224
09/04/2009 18:00:00,       117.451445
09/04/2009 19:00:00,       122.872332
09/04/2009 20:00:00,       100.290514
09/04/2009 21:00:00,        78.537840
09/04/2009 22:00:00,        69.339317
09/04/2009 23:00:00,        46.080482
09/05/2009 00:00:00,        33.262320
09/05/2009 01:00:00,        21.174796
09/05/2009 02:00:00,        19.003985
09/05/2009 03:00:00,        14.408447
09/05/2009 04:00:00,         6.248018
09/05/2009 05:00:00,         5.918375
09/05/2009 06:00:00,        19.823657
09/05/2009 07:00:00,        28.395872
09/05/2009 08:00:00,        11.178795
09/05/2009 09:00:00,         0.197670
09/05/2009 10:00:00,         0.000743
09/05/2009 11:00:00,         0.000000
09/05/2009 12:00:00,         0.000000
09/05/2009 13:00:00,         0.194082
09/05/2009 14:00:00,         4.638535
09/05/2009 15:00:00,        16.050317
09/05/2009 16:00:00,        12.776173
09/05/2009 17:00:00,        32.172756
09/05/2009 18:00:00,       102.877769
09/05/2009 19:00:00,       140.452477
09/05/2009 20:00:00,       122.340202
09/05/2009 21:00:00,        99.347124
09/05/2009 22:00:00,       118.989698
09/05/2009 23:00:00,       234.225973
09/06/2009 00:00:00,       209.339073
09/06/2009 01:00:00,       196.684883
09/06/2009 02:00:00,       140.524092
09/06/2009 03:00:00,        53.040259
09/06/2009 04:00:00,        26.066094
09/06/2009 05:00:00,        26.055197
09/06/2009 06:00:00,        63.012319
09/06/2009 07:00:00,       193.302309
09/06/2009 08:00:00,        45.812360
09/06/2009 09:00:00,        95.077931
09/06/2009 10:00:00,        87.789325
09/06/2009 11:00:00,       154.555888
09/06/2009 12:00:00,       177.788349
09/06/2009 13:00:00,       222.444467
09/06/2009 14:00:00,       230.062002
09/06/2009 15:00:00,       214.928677
09/06/2009 16:00:00,       145.572290
09/06/2009 17:00:00,       203.505347
09/06/2009 18:00:00,       260.241447
09/06/2009 19:00:00,       322.822555
09/06/2009 20:00:00,       297.633862
09/06/2009 21:00:00,       232.963039
09/06/2009 22:00:00,       211.133094
09/06/2009 23:00:00,       190.800558
09/07/2009 00:00:00,       222.715041
09/07/2009 01:00:00,       269.469991
09/07/2009 02:00:00,       186.598902
09/07/2009 03:00:00,       231.811662
09/07/2009 04:00:00,       269.119706
09/07/2009 05:00:00,       258.165447
09/07/2009 06:00:00,       326.171975
09/07/2009 07:00:00,       336.375476
09/07/2009 08:00:00,       340.748612
09/07/2009 09:00:00,       337.140803
09/07/2009 10:00:00,       300.308632
09/07/2009 11:00:00,       255.733113
09/07/2009 12:00:00,       268.732319
09/07/2009 13:00:00,       277.567271
09/07/2009 14:00:00,       175.275656
09/07/2009 15:00:00,        96.642988
09/07/2009 16:00:00,       144.548141
09/07/2009 17:00:00,       255.994440
09/07/2009 18:00:00,       296.746094
09/07/2009 19:00:00,       313.668874
09/07/2009 20:00:00,       327.018010
09/07/2009 21:00:00,       282.198007
09/07/2009 22:00:00,       301.550354
09/07/2009 23:00:00,       284.898141
09/08/2009 00:00:00,       304.883925
09/08/2009 01:00:00,       308.961647
09/08/2009 02:00:00,       283.365636
09/08/2009 03:00:00,       322.493068
09/08/2009 04:00:00,       343.927488
09/08/2009 05:00:00,       338.134907
09/08/2009 06:00:00,       309.536537
09/08/2009 07:00:00,       323.114666
09/08/2009 08:00:00,       336.833975
09/08/2009 09:00:00,       345.398703
09/08/2009 10:00:00,       344.791137
09/08/2009 11:00:00,       339.556092
09/08/2009 12:00:00,       333.319609
09/08/2009 13:00:00,       325.977704
09/08/2009 14:00:00,       331.493718
09/08/2009 15:00:00,       322.054820
09/08/2009 16:00:00,       330.154390
09/08/2009 17:00:00,       340.447967
09/08/2009 18:00:00,       341.737577
09/08/2009 19:00:00,       339.051168
09/08/2009 20:00:00,       336.782700
09/08/2009 21:00:00,       328.142136
09/08/2009 22:00:00,       311.754076
09/08/2009 23:00:00,       274.225612
09/09/2009 00:00:00,       254.900850
09/09/2009 01:00:00,       271.148709
09/09/2009 02:00:00,       291.524257
09/09/2009 03:00:00,       299.492014
09/09/2009 04:00:00,       319.444714
09/09/2009 05:00:00,       343.769946
09/09/2009 06:00:00,       346.742738
09/09/2009 07:00:00,       335.039706
09/09/2009 08:00:00,       329.975666
09/09/2009 09:00:00,       301.871641
09/09/2009 10:00:00,       191.836848
09/09/2009 11:00:00,       156.574144
09/09/2009 12:00:00,       230.433492
09/09/2009 13:00:00,       295.264602
09/09/2009 14:00:00,       300.250146
09/09/2009 15:00:00,       255.993041
09/09/2009 16:00:00,       151.126443
09/09/2009 17:00:00,        92.105380
09/09/2009 18:00:00,       208.031595
09/09/2009 19:00:00,       270.667779
09/09/2009 20:00:00,       308.785791
09/09/2009 21:00:00,       302.049644
09/09/2009 22:00:00,       263.374931
09/09/2009 23:00:00,       277.324820
09/10/2009 00:00:00,       269.504605
09/10/2009 01:00:00,       247.581913
09/10/2009 02:00:00,       196.274776
09/10/2009 03:00:00,       153.433428
09/10/2009 04:00:00,       143.983710
09/10/2009 05:00:00,       185.491397
09/10/2009 06:00:00,       192.660377
09/10/2009 07:00:00,       156.959857
09/10/2009 08:00:00,       128.535623
09/10/2009 09:00:00,       166.022897
09/10/2009 10:00:00,       189.112858
09/10/2009 11:00:00,       185.126479
09/10/2009 12:00:00,       232.894534
09/10/2009 13:00:00,       224.840820
09/10/2009 14:00:00,       117.879686
09/10/2009 15:00:00,        19.585170
09/10/2009 16:00:00,        19.719472
09/10/2009 17:00:00,        55.701232
09/10/2009 18:00:00,       237.270102
09/10/2009 19:00:00,       142.727995
09/10/2009 20:00:00,       125.020854
09/10/2009 21:00:00,        51.870462
09/10/2009 22:00:00,        76.571811
09/10/2009 23:00:00,        44.041076
09/11/2009 00:00:00,        10.096944
09/11/2009 01:00:00,         8.153705
09/11/2009 02:00:00,         0.719990
09/11/2009 03:00:00,         0.000000
09/11/2009 04:00:00,         0.080484
09/11/2009 05:00:00,         0.740537
09/11/2009 06:00:00,         3.070011
09/11/2009 07:00:00,         6.541011
09/11/2009 08:00:00,        14.025714
09/11/2009 09:00:00,        14.852573
09/11/2009 10:00:00,        20.243192
09/11/2009 11:00:00,        28.501051
09/11/2009 12:00:00,        28.384826
09/11/2009 13:00:00,        37.285877
09/11/2009 14:00:00,        39.821644
09/11/2009 15:00:00,        49.145294
09/11/2009 16:00:00,        36.073213
09/11/2009 17:00:00,        41.254697
09/11/2009 18:00:00,        41.377982
09/11/2009 19:00:00,        46.715695
09/11/2009 20:00:00,        48.708926
09/11/2009 21:00:00,        44.572305
09/11/2009 22:00:00,        40.425673
09/11/2009 23:00:00,        58.533304
09/12/2009 00:00:00,        55.018219
09/12/2009 01:00:00,        85.208105
09/12/2009 02:00:00,       125.109710
09/12/2009 03:00:00,       150.339335
09/12/2009 04:00:00,       202.392683
09/12/2009 05:00:00,       288.314990
09/12/2009 06:00:00,       329.731164
09/12/2009 07:00:00,       330.607858
09/12/2009 08:00:00,       326.911628
09/12/2009 09:00:00,       311.631132
09/12/2009 10:00:00,       297.544944
09/12/2009 11:00:00,       269.535797
09/12/2009 12:00:00,       267.339902
09/12/2009 13:00:00,       265.388803
09/12/2009 14:00:00,       273.058876
09/12/2009 15:00:00,       237.041304
09/12/2009 16:00:00,       172.486293
09/12/2009 17:00:00,       177.546672
09/12/2009 18:00:00,       200.893386
09/12/2009 19:00:00,       229.346881
09/12/2009 20:00:00,       227.191605
09/12/2009 21:00:00,       214.779047
09/12/2009 22:00:00,       218.938005
09/12/2009 23:00:00,       194.944203
09/13/2009 00:00:00,       228.519114
09/13/2009 01:00:00,       259.801238
09/13/2009 02:00:00,       250.485058
09/13/2009 03:00:00,       252.216722
09/13/2009 04:00:00,       277.529844
09/13/2009 05:00:00,       317.390078
09/13/2009 06:00:00,       327.705501
09/13/2009 07:00:00,       332.697988
09/13/2009 08:00:00,       330.984660
09/13/2009 09:00:00,       327.371593
09/13/2009 10:00:00,       334.387853
09/13/2009 11:00:00,       341.936735
09/13/2009 12:00:00,       341.746709
09/13/2009 13:00:00,       333.411951
09/13/2009 14:00:00,       290.464331
09/13/2009 15:00:00,       199.228712
09/13/2009 16:00:00,       127.073518
09/13/2009 17:00:00,       101.197686
09/13/2009 18:00:00,        81.528641
09/13/2009 19:00:00,        82.576835
09/13/2009 20:00:00,       117.293554
09/13/2009 21:00:00,        81.503953
09/13/2009 22:00:00,        99.482419
09/13/2009 23:00:00,        65.890330
09/14/2009 00:00:00,        37.765151
09/14/2009 01:00:00,       125.575547
09/14/2009 02:00:00,        29.194894
09/14/2009 03:00:00,        83.858158
09/14/2009 04:00:00,        64.435777
09/14/2009 05:00:00,        34.343982
09/14/2009 06:00:00,        38.415687
09/14/2009 07:00:00,        26.138969
09/14/2009 08:00:00,        26.118376
09/14/2009 09:00:00,        34.711556
09/14/2009 10:00:00,        68.048897
09/14/2009 11:00:00,        99.128819
09/14/2009 12:00:00,       105.403104
09/14/2009 13:00:00,       130.405515
09/14/2009 14:00:00,       118.258093
09/14/2009 15:00:00,        64.208335
09/14/2009 16:00:00,        14.423927
09/14/2009 17:00:00,        15.633585
09/14/2009 18:00:00,        12.095268
09/14/2009 19:00:00,        72.329151
09/14/2009 20:00:00,       265.081894
09/14/2009 21:00:00,       243.324621
09/14/2009 22:00:00,       238.916685
09/14/2009 23:00:00,       231.813676
09/15/2009 00:00:00,       275.056086
09/15/2009 01:00:00,       209.557711
09/15/2009 02:00:00,        90.091305
09/15/2009 03:00:00,        20.047791
09/15/2009 04:00:00,        27.117367
09/15/2009 05:00:00,        52.730466
09/15/2009 06:00:00,       182.030223
09/15/2009 07:00:00,       226.842102
09/15/2009 08:00:00,       256.105826
09/15/2009 09:00:00,       258.742682
09/15/2009 10:00:00,       242.046485
09/15/2009 11:00:00,       231.907874
09/15/2009 12:00:00,       236.222429
09/15/2009 13:00:00,       205.031635
09/15/2009 14:00:00,       181.252098
09/15/2009 15:00:00,       118.825507
09/15/2009 16:00:00,         7.900013
09/15/2009 17:00:00,         0.000000
09/15/2009 18:00:00,         0.000000
09/15/2009 19:00:00,         0.232454
09/15/2009 20:00:00,        26.997132
09/15/2009 21:00:00,        42.897254
09/15/2009 22:00:00,        10.915392
09/15/2009 23:00:00,       232.250620
09/16/2009 00:00:00,        98.458458
09/16/2009 01:00:00,        94.325047
09/16/2009 02:00:00,        60.720906
09/16/2009 03:00:00,        81.158006
09/16/2009 04:00:00,       102.684499
09/16/2009 05:00:00,       111.356996
09/16/2009 06:00:00,       157.771811
09/16/2009 07:00:00,       232.781013
09/16/2009 08:00:00,       202.971614
09/16/2009 09:00:00,       217.868004
09/16/2009 10:00:00,       227.289985
09/16/2009 11:00:00,       253.129709
09/16/2009 12:00:00,       230.986644
09/16/2009 13:00:00,       218.999739
09/16/2009 14:00:00,       188.669568
09/16/2009 15:00:00,       145.713834
09/16/2009 16:00:00,       106.789682
09/16/2009 17:00:00,        91.698583
09/16/2009 18:00:00,       120.650420
09/16/2009 19:00:00,       147.445838
09/16/2009 20:00:00,       150.350335
09/16/2009 21:00:00,       302.268002
09/16/2009 22:00:00,       188.375990
09/16/2009 23:00:00,       177.863355
09/17/2009 00:00:00,       320.116325
09/17/2009 01:00:00,       158.855359
09/17/2009 02:00:00,       285.497045
09/17/2009 03:00:00,       149.598512
09/17/2009 04:00:00,        81.402931
09/17/2009 05:00:00,        61.026856
09/17/2009 06:00:00,        18.727723
09/17/2009 07:00:00,         7.396541
09/17/2009 08:00:00,         5.820278
09/17/2009 09:00:00,         8.430505
09/17/2009 10:00:00,        51.130010
09/17/2009 11:00:00,         1.477287
09/17/2009 12:00:00,        68.508663
09/17/2009 13:00:00,       130.437666
09/17/2009 14:00:00,       263.379845
09/17/2009 15:00:00,       213.377889
09/17/2009 16:00:00,        73.768620
09/17/2009 17:00:00,        30.036796
09/17/2009 18:00:00,       169.084159
09/17/2009 19:00:00,       151.479582
09/17/2009 20:00:00,       214.306170
09/17/2009 21:00:00,       162.888440
09/17/2009 22:00:00,        78.395399
09/17/2009 23:00:00,        72.058874
09/18/2009 00:00:00,        22.523603
09/18/2009 01:00:00,        11.326615
09/18/2009 02:00:00,        25.797447
09/18/2009 03:00:00,        80.498511
09/18/2009 04:00:00,        97.049197
09/18/2009 05:00:00,        77.197122
09/18/2009 06:00:00,        90.557387
09/18/2009 07:00:00,        40.003519
09/18/2009 08:00:00,        68.200100
09/18/2009 09:00:00,       108.266500
09/18/2009 10:00:00,        69.195005
09/18/2009 11:00:00,        27.343080
09/18/2009 12:00:00,        24.593918
09/18/2009 13:00:00,        32.845472
09/18/2009 14:00:00,        31.192171
09/18/2009 15:00:00,        26.109005
09/18/2009 16:00:00,        10.328671
09/18/2009 17:00:00,         0.585016
09/18/2009 18:00:00,         1.251181
09/18/2009 19:00:00,         8.438716
09/18/2009 20:00:00,         4.011791
09/18/2009 21:00:00,         0.575005
09/18/2009 22:00:00,         0.297968
09/18/2009 23:00:00,         1.748625
09/19/2009 00:00:00,        13.054853
09/19/2009 01:00:00,        26.074062
09/19/2009 02:00:00,        47.323341
09/19/2009 03:00:00,        55.199387
09/19/2009 04:00:00,       106.839460
09/19/2009 05:00:00,       132.289798
09/19/2009 06:00:00,       209.628905
09/19/2009 07:00:00,       187.159804
09/19/2009 08:00:00,       131.237222
09/19/2009 09:00:00,       113.383169
09/19/2009 10:00:00,       152.432207
09/19/2009 11:00:00,       151.951297
09/19/2009 12:00:00,       147.335335
09/19/2009 13:00:00,       135.080585
09/19/2009 14:00:00,       163.588610
09/19/2009 15:00:00,       222.018629
09/19/2009 16:00:00,       122.862946
09/19/2009 17:00:00,        49.627633
09/19/2009 18:00:00,        92.621127
09/19/2009 19:00:00,       258.034711
09/19/2009 20:00:00,       315.548398
09/19/2009 21:00:00,       296.858954
09/19/2009 22:00:00,       165.158558
09/19/2009 23:00:00,       316.331887
09/20/2009 00:00:00,       260.828635
09/20/2009 01:00:00,        91.236334
09/20/2009 02:00:00,       229.740998
09/20/2009 03:00:00,       221.299631
09/20/2009 04:00:00,       286.946067
09/20/2009 05:00:00,       272.368488
09/20/2009 06:00:00,       242.216969
09/20/2009 07:00:00,       238.270769
09/20/2009 08:00:00,       286.998356
09/20/2009 09:00:00,       310.479537
09/20/2009 10:00:00,       303.036666
09/20/2009 11:00:00,       243.783366
09/20/2009 12:00:00,       143.101668
09/20/2009 13:00:00,       160.005695
09/20/2009 14:00:00,       190.587506
09/20/2009 15:00:00,       105.714201
09/20/2009 16:00:00,       119.861610
09/20/2009 17:00:00,       201.499461
09/20/2009 18:00:00,       248.067909
09/20/2009 19:00:00,       163.115725
09/20/2009 20:00:00,       129.233592
09/20/2009 21:00:00,       106.266473
09/20/2009 22:00:00,       135.632904
09/20/2009 23:00:00,       156.934642
09/21/2009 00:00:00,       167.712398
09/21/2009 01:00:00,       141.005072
09/21/2009 02:00:00,       150.279217
09/21/2009 03:00:00,       119.978638
09/21/2009 04:00:00,       100.734711
09/21/2009 05:00:00,       136.907903
09/21/2009 06:00:00,       116.236963
09/21/2009 07:00:00,       136.533703
09/21/2009 08:00:00,       122.806074
09/21/2009 09:00:00,        88.162178
09/21/2009 10:00:00,        62.854769
09/21/2009 11:00:00,        53.558582
09/21/2009 12:00:00,        23.299135
09/21/2009 13:00:00,         7.243350
09/21/2009 14:00:00,         4.986580
09/21/2009 15:00:00,         6.424564
09/21/2009 16:00:00,         7.196681
09/21/2009 17:00:00,         2.531902
09/21/2009 18:00:00,         5.202977
09/21/2009 19:00:00,        16.938613
09/21/2009 20:00:00,        36.801830
09/21/2009 21:00:00,        53.874221
09/21/2009 22:00:00,        73.770617
09/21/2009 23:00:00,        95.427717
09/22/2009 00:00:00,       115.620042
09/22/2009 01:00:00,       162.611261
09/22/2009 02:00:00,       219.628613
09/22/2009 03:00:00,       255.557876
09/22/2009 04:00:00,       282.456152
09/22/2009 05:00:00,       287.250521
09/22/2009 06:00:00,       278.221794
09/22/2009 07:00:00,       251.579949
09/22/2009 08:00:00,       221.020753
09/22/2009 09:00:00,       194.603118
09/22/2009 10:00:00,       173.418976
09/22/2009 11:00:00,       146.842524
09/22/2009 12:00:00,       112.417441
09/22/2009 13:00:00,        77.000872
09/22/2009 14:00:00,        45.132433
09/22/2009 15:00:00,        37.825186
09/22/2009 16:00:00,        15.285000
09/22/2009 17:00:00,         0.377942
09/22/2009 18:00:00,         1.168102
09/22/2009 19:00:00,         5.277309
09/22/2009 20:00:00,         6.446724
09/22/2009 21:00:00,         5.212622
09/22/2009 22:00:00,         3.392759
09/22/2009 23:00:00,         2.199496
09/23/2009 00:00:00,         2.941489
09/23/2009 01:00:00,         8.931165
09/23/2009 02:00:00,        28.787402
09/23/2009 03:00:00,        48.601011
09/23/2009 04:00:00,        63.853035
09/23/2009 05:00:00,        95.544093
09/23/2009 06:00:00,       135.607807
09/23/2009 07:00:00,       139.323274
09/23/2009 08:00:00,        76.030069
09/23/2009 09:00:00,        40.940990
09/23/2009 10:00:00,        14.491655
09/23/2009 11:00:00,         2.862061
09/23/2009 12:00:00,         1.095080
09/23/2009 13:00:00,         0.812504
09/23/2009 14:00:00,         2.226661
09/23/2009 15:00:00,         7.983677
09/23/2009 16:00:00,        18.028711
09/23/2009 17:00:00,         7.743605
09/23/2009 18:00:00,         2.301454
09/23/2009 19:00:00,         7.210709
09/23/2009 20:00:00,        41.684736
09/23/2009 21:00:00,        60.302677
09/23/2009 22:00:00,        74.211648
09/23/2009 23:00:00,        71.230705
09/24/2009 00:00:00,        62.159099
09/24/2009 01:00:00,        70.734157
09/24/2009 02:00:00,       136.546908
09/24/2009 03:00:00,       198.157090
09/24/2009 04:00:00,       225.439670
09/24/2009 05:00:00,       249.165109
09/24/2009 06:00:00,       271.460859
09/24/2009 07:00:00,       266.673555
09/24/2009 08:00:00,       263.416121
09/24/2009 09:00:00,       267.234213
09/24/2009 10:00:00,       246.506301
09/24/2009 11:00:00,       212.883400
09/24/2009 12:00:00,       201.127157
09/24/2009 13:00:00,       204.978802
09/24/2009 14:00:00,       224.099974
09/24/2009 15:00:00,       241.801059
09/24/2009 16:00:00,       129.099947
09/24/2009 17:00:00,        30.853566
09/24/2009 18:00:00,        56.156052
09/24/2009 19:00:00,       113.976446
09/24/2009 20:00:00,       156.463483
09/24/2009 21:00:00,       138.359674
09/24/2009 22:00:00,        97.798193
09/24/2009 23:00:00,        93.374192
09/25/2009 00:00:00,        90.434864
09/25/2009 01:00:00,        82.334546
09/25/2009 02:00:00,        94.804014
09/25/2009 03:00:00,        69.765135
09/25/2009 04:00:00,       121.139296
09/25/2009 05:00:00,       121.412808
09/25/2009 06:00:00,       101.946358
09/25/2009 07:00:00,       232.237020
09/25/2009 08:00:00,       175.098421
09/25/2009 09:00:00,       118.655739
09/25/2009 10:00:00,       136.354702
09/25/2009 11:00:00,       132.306468
09/25/2009 12:00:00,        87.101616
09/25/2009 13:00:00,        66.940562
09/25/2009 14:00:00,        37.491272
09/25/2009 15:00:00,        11.338946
09/25/2009 16:00:00,         0.054388
09/25/2009 17:00:00,         0.000000
09/25/2009 18:00:00,         0.000000
09/25/2009 19:00:00,         0.245668
09/25/2009 20:00:00,         1.187400
09/25/2009 21:00:00,         0.723379
09/25/2009 22:00:00,         4.386857
09/25/2009 23:00:00,        15.545924
09/26/2009 00:00:00,        41.059781
09/26/2009 01:00:00,        47.112237
09/26/2009 02:00:00,        97.154472
09/26/2009 03:00:00,       172.589146
09/26/2009 04:00:00,       269.348676
09/26/2009 05:00:00,       329.564726
09/26/2009 06:00:00,       327.261866
09/26/2009 07:00:00,       313.585417
09/26/2009 08:00:00,       310.883922
09/26/2009 09:00:00,       281.058862
09/26/2009 10:00:00,       300.601852
09/26/2009 11:00:00,       345.104964
09/26/2009 12:00:00,       318.018219
09/26/2009 13:00:00,       242.647205
09/26/2009 14:00:00,       245.303452
09/26/2009 15:00:00,       225.445937
09/26/2009 16:00:00,       202.914406
09/26/2009 17:00:00,       309.056273
09/26/2009 18:00:00,       345.759404
09/26/2009 19:00:00,       348.220773
09/26/2009 20:00:00,       350.943556
09/26/2009 21:00:00,       345.170444
09/26/2009 22:00:00,       348.461998
09/26/2009 23:00:00,       347.511310
09/27/2009 00:00:00,       339.556531
09/27/2009 01:00:00,       316.077537
09/27/2009 02:00:00,       208.647942
09/27/2009 03:00:00,       156.922573
09/27/2009 04:00:00,       139.514718
09/27/2009 05:00:00,       103.642865
09/27/2009 06:00:00,       236.335964
09/27/2009 07:00:00,       232.787840
09/27/2009 08:00:00,       115.255481
09/27/2009 09:00:00,        34.949504
09/27/2009 10:00:00,         1.119771
09/27/2009 11:00:00,         4.563552
09/27/2009 12:00:00,        21.686700
09/27/2009 13:00:00,        51.926031
09/27/2009 14:00:00,        44.665543
09/27/2009 15:00:00,        39.128337
09/27/2009 16:00:00,        17.479225
09/27/2009 17:00:00,         4.790645
09/27/2009 18:00:00,         8.716064
09/27/2009 19:00:00,         4.440756
09/27/2009 20:00:00,         1.390422
09/27/2009 21:00:00,         0.200371
09/27/2009 22:00:00,         0.000000
09/27/2009 23:00:00,         0.048978
09/28/2009 00:00:00,         1.085407
09/28/2009 01:00:00,        14.204277
09/28/2009 02:00:00,        41.277109
09/28/2009 03:00:00,        90.871523
09/28/2009 04:00:00,       159.545121
09/28/2009 05:00:00,       225.808640
09/28/2009 06:00:00,       288.608715
09/28/2009 07:00:00,       318.839142
09/28/2009 08:00:00,       337.201708
09/28/2009 09:00:00,       341.731534
09/28/2009 10:00:00,       346.678895
09/28/2009 11:00:00,       348.714572
09/28/2009 12:00:00,       350.079302
09/28/2009 13:00:00,       349.298536
09/28/2009 14:00:00,       345.029831
09/28/2009 15:00:00,       330.255579
09/28/2009 16:00:00,       303.472556
09/28/2009 17:00:00,       271.324397
09/28/2009 18:00:00,       274.606097
09/28/2009 19:00:00,       290.438689
09/28/2009 20:00:00,       297.730979
09/28/2009 21:00:00,       308.229365
09/28/2009 22:00:00,       305.932967
09/28/2009 23:00:00,       292.735368
09/29/2009 00:00:00,       287.127451
09/29/2009 01:00:00,       312.531954
09/29/2009 02:00:00,       330.054517
09/29/2009 03:00:00,       334.444525
09/29/2009 04:00:00,       334.807403
09/29/2009 05:00:00,       343.670491
09/29/2009 06:00:00,       326.483399
09/29/2009 07:00:00,       116.917274
09/29/2009 08:00:00,       193.167849
09/29/2009 09:00:00,        72.942706
09/29/2009 10:00:00,        83.588197
09/29/2009 11:00:00,       119.248722
09/29/2009 12:00:00,       167.988273
09/29/2009 13:00:00,       224.291030
09/29/2009 14:00:00,       327.474626
09/29/2009 15:00:00,       331.181677
09/29/2009 16:00:00,       320.479769
09/29/2009 17:00:00,       237.673324
09/29/2009 18:00:00,       195.988821
09/29/2009 19:00:00,       277.311470
09/29/2009 20:00:00,       268.848129
09/29/2009 21:00:00,       252.653426
09/29/2009 22:00:00,       132.440200
09/29/2009 23:00:00,       132.934451
09/30/2009 00:00:00,       270.822508
09/30/2009 01:00:00,       178.182357
09/30/2009 02:00:00,        73.410781
09/30/2009 03:00:00,       128.410432
09/30/2009 04:00:00,       228.884204
09/30/2009 05:00:00,       212.400972
09/30/2009 06:00:00,       146.081658
09/30/2009 07:00:00,       165.050738
09/30/2009 08:00:00,       131.577995
09/30/2009 09:00:00,       161.469537
09/30/2009 10:00:00,       155.945975
09/30/2009 11:00:00,       169.342779
09/30/2009 12:00:00,       165.268057
09/30/2009 13:00:00,       165.198115
09/30/2009 14:00:00,       162.190593
09/30/2009 15:00:00,        93.901730
09/30/2009 16:00:00,        77.940692
09/30/2009 17:00:00,       117.971336
09/30/2009 18:00:00,        96.367233
09/30/2009 19:00:00,        89.341948
09/30/2009 20:00:00,        74.038349
09/30/2009 21:00:00,        41.931392
09/30/2009 22:00:00,        28.000465
09/30/2009 23:00:00,        26.882183
10/01/2009 00:00:00,        15.589585
10/01/2009 01:00:00,        12.603080
10/01/2009 02:00:00,        23.647955
10/01/2009 03:00:00,        27.934933
10/01/2009 04:00:00,        34.799155
10/01/2009 05:00:00,       128.132675
10/01/2009 06:00:00,       271.365791
10/01/2009 07:00:00,       331.857224
10/01/2009 08:00:00,       339.688141
10/01/2009 09:00:00,       336.991497
10/01/2009 10:00:00,       334.614102
10/01/2009 11:00:00,       336.528669
10/01/2009 12:00:00,       335.632491
10/01/2009 13:00:00,       307.088421
10/01/2009 14:00:00,       266.795097
10/01/2009 15:00:00,       195.860985
10/01/2009 16:00:00,        84.504556
10/01/2009 17:00:00,        83.274245
10/01/2009 18:00:00,       149.364636
10/01/2009 19:00:00,       172.553333
10/01/2009 20:00:00,       172.564888
10/01/2009 21:00:00,       157.838672
10/01/2009 22:00:00,       159.140646
10/01/2009 23:00:00,       143.196976
10/02/2009 00:00:00,        81.990957
10/02/2009 01:00:00,        99.467345
10/02/2009 02:00:00,       166.989157
10/02/2009 03:00:00,       197.223368
10/02/2009 04:00:00,       265.064991
10/02/2009 05:00:00,       306.947094
10/02/2009 06:00:00,       315.913040
10/02/2009 07:00:00,       294.957289
10/02/2009 08:00:00,       276.467546
10/02/2009 09:00:00,       247.440483
10/02/2009 10:00:00,       232.664485
10/02/2009 11:00:00,       253.744730
10/02/2009 12:00:00,       238.769679
10/02/2009 13:00:00,       227.139919
10/02/2009 14:00:00,       204.337257
10/02/2009 15:00:00,       175.700961
10/02/2009 16:00:00,        81.532114
10/02/2009 17:00:00,        12.089624
10/02/2009 18:00:00,        21.936151
10/02/2009 19:00:00,         9.137601
10/02/2009 20:00:00,        42.330745
10/02/2009 21:00:00,        11.647974
10/02/2009 22:00:00,         3.950416
10/02/2009 23:00:00,         7.127063
10/03/2009 00:00:00,        26.316270
10/03/2009 01:00:00,        93.004849
10/03/2009 02:00:00,       144.209118
10/03/2009 03:00:00,        41.798982
10/03/2009 04:00:00,        30.329702
10/03/2009 05:00:00,        11.147159
10/03/2009 06:00:00,        12.798902
10/03/2009 07:00:00,         4.599672
10/03/2009 08:00:00,         1.467145
10/03/2009 09:00:00,         0.174934
10/03/2009 10:00:00,         0.853002
10/03/2009 11:00:00,         4.626606
10/03/2009 12:00:00,         4.395753
10/03/2009 13:00:00,         0.345464
10/03/2009 14:00:00,         0.000000
10/03/2009 15:00:00,         0.000000
10/03/2009 16:00:00,         1.885255
10/03/2009 17:00:00,        10.386490
10/03/2009 18:00:00,        29.629873
10/03/2009 19:00:00,        45.237409
10/03/2009 20:00:00,        49.552656
10/03/2009 21:00:00,       101.154723
10/03/2009 22:00:00,       129.820896
10/03/2009 23:00:00,       118.811829
10/04/2009 00:00:00,        74.966475
10/04/2009 01:00:00,        99.390347
10/04/2009 02:00:00,        62.661941
10/04/2009 03:00:00,        24.819938
10/04/2009 04:00:00,         0.000000
10/04/2009 05:00:00,         0.000000
10/04/2009 06:00:00,         0.000000
10/04/2009 07:00:00,         0.000000
10/04/2009 08:00:00,         0.000000
10/04/2009 09:00:00,         0.000000
10/04/2009 10:00:00,         0.000000
10/04/2009 11:00:00,         0.000000
10/04/2009 12:00:00,         0.000000
10/04/2009 13:00:00,         0.000000
10/04/2009 14:00:00,         0.000000
10/04/2009 15:00:00,         0.000000
10/04/2009 16:00:00,         0.000000
10/04/2009 17:00:00,         0.620146
10/04/2009 18:00:00,         0.000000
10/04/2009 19:00:00,         0.000000
10/04/2009 20:00:00,         0.000000
10/04/2009 21:00:00,         1.310569
10/04/2009 22:00:00,        11.537146
10/04/2009 23:00:00,        46.211120
10/05/2009 00:00:00,         6.855230
10/05/2009 01:00:00,         9.357500
10/05/2009 02:00:00,         1.142135
10/05/2009 03:00:00,         3.345998
10/05/2009 04:00:00,         3.813706
10/05/2009 05:00:00,         0.000000
10/05/2009 06:00:00,         0.000000
10/05/2009 07:00:00,         0.000000
10/05/2009 08:00:00,         0.000000
10/05/2009 09:00:00,         0.000000
10/05/2009 10:00:00,         0.000000
10/05/2009 11:00:00,         0.000000
10/05/2009 12:00:00,         0.591767
10/05/2009 13:00:00,         0.479722
10/05/2009 14:00:00,         0.165933
10/05/2009 15:00:00,         0.756504
10/05/2009 16:00:00,         0.813311
10/05/2009 17:00:00,         2.758672
10/05/2009 18:00:00,         2.705384
10/05/2009 19:00:00,         4.699397
10/05/2009 20:00:00,         8.270769
10/05/2009 21:00:00,         5.097268
10/05/2009 22:00:00,         8.136048
10/05/2009 23:00:00,        12.259607
10/06/2009 00:00:00,        30.556952
10/06/2009 01:00:00,        72.757956
10/06/2009 02:00:00,       145.649274
10/06/2009 03:00:00,       148.740562
10/06/2009 04:00:00,        77.548366
10/06/2009 05:00:00,       128.384912
10/06/2009 06:00:00,       279.737101
10/06/2009 07:00:00,       346.228539
10/06/2009 08:00:00,       349.986030
10/06/2009 09:00:00,       350.676819
10/06/2009 10:00:00,       350.933496
10/06/2009 11:00:00,       351.327769
10/06/2009 12:00:00,       350.984834
10/06/2009 13:00:00,       350.666500
10/06/2009 14:00:00,       351.325518
10/06/2009 15:00:00,       351.611333
10/06/2009 16:00:00,       351.632976
10/06/2009 17:00:00,       351.040697
10/06/2009 18:00:00,       349.641803
10/06/2009 19:00:00,       346.426114
10/06/2009 20:00:00,       349.104557
10/06/2009 21:00:00,       351.074424
10/06/2009 22:00:00,       351.519711
10/06/2009 23:00:00,       351.618361
10/07/2009 00:00:00,       351.247423
10/07/2009 01:00:00,       351.725222
10/07/2009 02:00:00,       351.799010
10/07/2009 03:00:00,       337.947460
10/07/2009 04:00:00,       202.906328
10/07/2009 05:00:00,       335.938224
10/07/2009 06:00:00,       189.098447
10/07/2009 07:00:00,       250.673890
10/07/2009 08:00:00,       228.188456
10/07/2009 09:00:00,        40.274823
10/07/2009 10:00:00,         2.984072
10/07/2009 11:00:00,         6.854927
10/07/2009 12:00:00,        66.312193
10/07/2009 13:00:00,        97.859023
10/07/2009 14:00:00,       118.043427
10/07/2009 15:00:00,        75.719705
10/07/2009 16:00:00,        28.038262
10/07/2009 17:00:00,        43.068560
10/07/2009 18:00:00,        90.513077
10/07/2009 19:00:00,       114.659183
10/07/2009 20:00:00,        64.010725
10/07/2009 21:00:00,        37.960365
10/07/2009 22:00:00,        40.820826
10/07/2009 23:00:00,        14.926279
10/08/2009 00:00:00,         4.818761
10/08/2009 01:00:00,        19.653132
10/08/2009 02:00:00,        37.797296
10/08/2009 03:00:00,        38.376503
10/08/2009 04:00:00,        23.806910
10/08/2009 05:00:00,        12.080383
10/08/2009 06:00:00,         4.635209
10/08/2009 07:00:00,         3.506531
10/08/2009 08:00:00,         4.127520
10/08/2009 09:00:00,         9.278167
10/08/2009 10:00:00,         6.921135
10/08/2009 11:00:00,         8.810517
10/08/2009 12:00:00,        45.165252
10/08/2009 13:00:00,       110.870034
10/08/2009 14:00:00,       185.568883
10/08/2009 15:00:00,       124.687910
10/08/2009 16:00:00,        67.243564
10/08/2009 17:00:00,        51.654186
10/08/2009 18:00:00,        61.919872
10/08/2009 19:00:00,        91.288695
10/08/2009 20:00:00,       151.507053
10/08/2009 21:00:00,       174.868001
10/08/2009 22:00:00,       254.495444
10/08/2009 23:00:00,       308.962436
10/09/2009 00:00:00,       329.172784
10/09/2009 01:00:00,       173.500553
10/09/2009 02:00:00,        85.954269
10/09/2009 03:00:00,        63.608892
10/09/2009 04:00:00,        68.320259
10/09/2009 05:00:00,        36.078889
10/09/2009 06:00:00,       147.275393
10/09/2009 07:00:00,        98.866491
10/09/2009 08:00:00,        84.466076
10/09/2009 09:00:00,        61.590442
10/09/2009 10:00:00,        36.426161
10/09/2009 11:00:00,        47.929570
10/09/2009 12:00:00,        49.225353
10/09/2009 13:00:00,        44.609221
10/09/2009 14:00:00,        36.395337
10/09/2009 15:00:00,        41.469307
10/09/2009 16:00:00,        64.157887
10/09/2009 17:00:00,        77.778383
10/09/2009 18:00:00,        71.695162
10/09/2009 19:00:00,        64.376031
10/09/2009 20:00:00,        52.717356
10/09/2009 21:00:00,        45.521713
10/09/2009 22:00:00,        35.191838
10/09/2009 23:00:00,        20.440738
10/10/2009 00:00:00,        11.370796
10/10/2009 01:00:00,         3.299003
10/10/2009 02:00:00,         0.949238
10/10/2009 03:00:00,         0.561593
10/10/2009 04:00:00,         0.129172
10/10/2009 05:00:00,         0.010195
10/10/2009 06:00:00,         0.062965
10/10/2009 07:00:00,         0.223718
10/10/2009 08:00:00,         0.469864
10/10/2009 09:00:00,         0.654577
10/10/2009 10:00:00,         0.822487
10/10/2009 11:00:00,         1.003220
10/10/2009 12:00:00,         0.831455
10/10/2009 13:00:00,         0.751359
10/10/2009 14:00:00,         0.849397
10/10/2009 15:00:00,         0.835811
10/10/2009 16:00:00,         0.409228
10/10/2009 17:00:00,         0.809810
10/10/2009 18:00:00,         0.707661
10/10/2009 19:00:00,         0.182494
10/10/2009 20:00:00,         0.047906
10/10/2009 21:00:00,         0.010131
10/10/2009 22:00:00,         0.032694
10/10/2009 23:00:00,         0.073700
10/11/2009 00:00:00,         3.509681
10/11/2009 01:00:00,        10.874716
10/11/2009 02:00:00,         4.246483
10/11/2009 03:00:00,         0.236829
10/11/2009 04:00:00,         0.000000
10/11/2009 05:00:00,         0.000000
10/11/2009 06:00:00,         0.000000
10/11/2009 07:00:00,         0.000571
10/11/2009 08:00:00,         0.000000
10/11/2009 09:00:00,         0.000000
10/11/2009 10:00:00,         0.320955
10/11/2009 11:00:00,         1.399705
10/11/2009 12:00:00,        12.689804
10/11/2009 13:00:00,        19.437238
10/11/2009 14:00:00,        29.977931
10/11/2009 15:00:00,        29.243266
10/11/2009 16:00:00,        26.992958
10/11/2009 17:00:00,        12.999916
10/11/2009 18:00:00,        12.971590
10/11/2009 19:00:00,        16.663964
10/11/2009 20:00:00,        10.916537
10/11/2009 21:00:00,        18.641892
10/11/2009 22:00:00,        33.267520
10/11/2009 23:00:00,        29.765632
10/12/2009 00:00:00,        44.201869
10/12/2009 01:00:00,        55.381072
10/12/2009 02:00:00,        61.961512
10/12/2009 03:00:00,        57.000649
10/12/2009 04:00:00,        74.190311
10/12/2009 05:00:00,        89.315235
10/12/2009 06:00:00,        86.749689
10/12/2009 07:00:00,       105.990296
10/12/2009 08:00:00,       128.577170
10/12/2009 09:00:00,       150.348289
10/12/2009 10:00:00,       168.504276
10/12/2009 11:00:00,       195.657902
10/12/2009 12:00:00,       226.214476
10/12/2009 13:00:00,       233.895105
10/12/2009 14:00:00,       212.794542
10/12/2009 15:00:00,       206.349309
10/12/2009 16:00:00,       188.205771
10/12/2009 17:00:00,        98.575528
10/12/2009 18:00:00,        91.889288
10/12/2009 19:00:00,       103.371871
10/12/2009 20:00:00,        95.817919
10/12/2009 21:00:00,        89.725206
10/12/2009 22:00:00,        83.996546
10/12/2009 23:00:00,        85.263175
10/13/2009 00:00:00,        92.853248
10/13/2009 01:00:00,       108.200036
10/13/2009 02:00:00,       117.356252
10/13/2009 03:00:00,       110.546001
10/13/2009 04:00:00,        23.771918
10/13/2009 05:00:00,         0.000000
10/13/2009 06:00:00,         0.000000
10/13/2009 07:00:00,         0.000000
10/13/2009 08:00:00,         0.000000
10/13/2009 09:00:00,         0.000000
10/13/2009 10:00:00,         0.000000
10/13/2009 11:00:00,         0.000000
10/13/2009 12:00:00,         0.000000
10/13/2009 13:00:00,         0.000000
10/13/2009 14:00:00,         0.000000
10/13/2009 15:00:00,         0.000000
10/13/2009 16:00:00,         4.277081
10/13/2009 17:00:00,        31.844061
10/13/2009 18:00:00,        14.688911
10/13/2009 19:00:00,        13.846594
10/13/2009 20:00:00,        18.826596
10/13/2009 21:00:00,        25.192506
10/13/2009 22:00:00,        28.514388
10/13/2009 23:00:00,        28.607943
10/14/2009 00:00:00,        34.775538
10/14/2009 01:00:00,        47.798652
10/14/2009 02:00:00,        24.711390
10/14/2009 03:00:00,         0.000000
10/14/2009 04:00:00,         0.000000
10/14/2009 05:00:00,         0.000000
10/14/2009 06:00:00,         0.000000
10/14/2009 07:00:00,         0.000000
10/14/2009 08:00:00,         0.000000
10/14/2009 09:00:00,         0.000000
10/14/2009 10:00:00,         0.000000
10/14/2009 11:00:00,         0.000000
10/14/2009 12:00:00,         0.000000
10/14/2009 13:00:00,         0.292853
10/14/2009 14:00:00,         1.186196
10/14/2009 15:00:00,         1.390874
10/14/2009 16:00:00,         1.569606
10/14/2009 17:00:00,         1.109236
10/14/2009 18:00:00,         0.668487
10/14/2009 19:00:00,         1.225817
10/14/2009 20:00:00,         5.268908
10/14/2009 21:00:00,        14.877879
10/14/2009 22:00:00,        25.639683
10/14/2009 23:00:00,        41.436149
10/15/2009 00:00:00,       167.212063
10/15/2009 01:00:00,       266.016306
10/15/2009 02:00:00,       300.360873
10/15/2009 03:00:00,       302.972451
10/15/2009 04:00:00,       280.083304
10/15/2009 05:00:00,       284.313982
10/15/2009 06:00:00,       278.897315
10/15/2009 07:00:00,       297.317238
10/15/2009 08:00:00,       338.694455
10/15/2009 09:00:00,       347.577343
10/15/2009 10:00:00,       345.266722
10/15/2009 11:00:00,       347.634521
10/15/2009 12:00:00,       350.177363
10/15/2009 13:00:00,       350.958566
10/15/2009 14:00:00,       350.940503
10/15/2009 15:00:00,       349.609600
10/15/2009 16:00:00,       346.122680
10/15/2009 17:00:00,       333.276243
10/15/2009 18:00:00,       293.357827
10/15/2009 19:00:00,       269.852907
10/15/2009 20:00:00,       275.984723
10/15/2009 21:00:00,       295.911937
10/15/2009 22:00:00,       308.098169
10/15/2009 23:00:00,       300.513744
10/16/2009 00:00:00,       284.086828
10/16/2009 01:00:00,       304.322506
10/16/2009 02:00:00,       309.383548
10/16/2009 03:00:00,       294.229619
10/16/2009 04:00:00,       295.552013
10/16/2009 05:00:00,       295.425442
10/16/2009 06:00:00,       295.653937
10/16/2009 07:00:00,       274.817868
10/16/2009 08:00:00,       241.330882
10/16/2009 09:00:00,       198.819099
10/16/2009 10:00:00,       156.029032
10/16/2009 11:00:00,       112.883760
10/16/2009 12:00:00,        70.131904
10/16/2009 13:00:00,        38.237593
10/16/2009 14:00:00,        20.801881
10/16/2009 15:00:00,        20.953271
10/16/2009 16:00:00,        34.366705
10/16/2009 17:00:00,        79.060829
10/16/2009 18:00:00,        73.760547
10/16/2009 19:00:00,        58.452050
10/16/2009 20:00:00,        77.023358
10/16/2009 21:00:00,        94.372214
10/16/2009 22:00:00,       104.948779
10/16/2009 23:00:00,       101.175235
10/17/2009 00:00:00,       143.203358
10/17/2009 01:00:00,       168.358675
10/17/2009 02:00:00,       197.108289
10/17/2009 03:00:00,       242.011484
10/17/2009 04:00:00,       310.946324
10/17/2009 05:00:00,       344.259552
10/17/2009 06:00:00,       347.180056
10/17/2009 07:00:00,       350.522817
10/17/2009 08:00:00,       351.932262
10/17/2009 09:00:00,       351.830485
10/17/2009 10:00:00,       347.329847
10/17/2009 11:00:00,       335.979493
10/17/2009 12:00:00,       312.171894
10/17/2009 13:00:00,       307.295069
10/17/2009 14:00:00,       323.785397
10/17/2009 15:00:00,       331.747241
10/17/2009 16:00:00,       339.221964
10/17/2009 17:00:00,       349.419072
10/17/2009 18:00:00,       327.086253
10/17/2009 19:00:00,       257.462988
10/17/2009 20:00:00,       204.351032
10/17/2009 21:00:00,       277.128681
10/17/2009 22:00:00,       325.541084
10/17/2009 23:00:00,       275.200389
10/18/2009 00:00:00,       225.990484
10/18/2009 01:00:00,       288.062521
10/18/2009 02:00:00,       289.457973
10/18/2009 03:00:00,       302.114106
10/18/2009 04:00:00,       313.929760
10/18/2009 05:00:00,       220.405541
10/18/2009 06:00:00,       170.156434
10/18/2009 07:00:00,       275.895032
10/18/2009 08:00:00,       319.762465
10/18/2009 09:00:00,       326.555160
10/18/2009 10:00:00,       342.763631
10/18/2009 11:00:00,       344.111009
10/18/2009 12:00:00,       341.314429
10/18/2009 13:00:00,       332.769060
10/18/2009 14:00:00,       334.107327
10/18/2009 15:00:00,       335.176498
10/18/2009 16:00:00,       317.557004
10/18/2009 17:00:00,       256.134758
10/18/2009 18:00:00,       211.284145
10/18/2009 19:00:00,       187.192193
10/18/2009 20:00:00,       155.579820
10/18/2009 21:00:00,        88.427263
10/18/2009 22:00:00,        36.450947
10/18/2009 23:00:00,        11.398593
10/19/2009 00:00:00,         1.344979
10/19/2009 01:00:00,         1.321270
10/19/2009 02:00:00,         7.125136
10/19/2009 03:00:00,        19.539794
10/19/2009 04:00:00,        29.694570
10/19/2009 05:00:00,        13.430365
10/19/2009 06:00:00,         0.498900
10/19/2009 07:00:00,         0.019684
10/19/2009 08:00:00,         0.000000
10/19/2009 09:00:00,         2.711488
10/19/2009 10:00:00,        37.175488
10/19/2009 11:00:00,        49.213166
10/19/2009 12:00:00,       100.975634
10/19/2009 13:00:00,       180.783980
10/19/2009 14:00:00,       213.511189
10/19/2009 15:00:00,       192.434805
10/19/2009 16:00:00,       115.648520
10/19/2009 17:00:00,        44.940934
10/19/2009 18:00:00,        52.524586
10/19/2009 19:00:00,        35.451301
10/19/2009 20:00:00,        33.129227
10/19/2009 21:00:00,        27.586530
10/19/2009 22:00:00,        22.004258
10/19/2009 23:00:00,         5.409624
10/20/2009 00:00:00,         6.384926
10/20/2009 01:00:00,        11.192185
10/20/2009 02:00:00,         9.289184
10/20/2009 03:00:00,         4.201135
10/20/2009 04:00:00,         3.719577
10/20/2009 05:00:00,         6.017332
10/20/2009 06:00:00,         8.615053
10/20/2009 07:00:00,         7.131942
10/20/2009 08:00:00,         3.332776
10/20/2009 09:00:00,         5.887552
10/20/2009 10:00:00,        18.816861
10/20/2009 11:00:00,        19.177104
10/20/2009 12:00:00,        16.032959
10/20/2009 13:00:00,        17.175352
10/20/2009 14:00:00,        20.444111
10/20/2009 15:00:00,        21.811835
10/20/2009 16:00:00,        13.005235
10/20/2009 17:00:00,         2.877923
10/20/2009 18:00:00,         2.276401
10/20/2009 19:00:00,         4.068130
10/20/2009 20:00:00,         1.669166
10/20/2009 21:00:00,         0.024815
10/20/2009 22:00:00,         0.000000
10/20/2009 23:00:00,         0.000000
10/21/2009 00:00:00,         0.000000
10/21/2009 01:00:00,         0.043598
10/21/2009 02:00:00,         0.363112
10/21/2009 03:00:00,         2.868609
10/21/2009 04:00:00,        11.056956
10/21/2009 05:00:00,        29.832981
10/21/2009 06:00:00,        35.871425
10/21/2009 07:00:00,        17.466710
10/21/2009 08:00:00,        15.382447
10/21/2009 09:00:00,        14.408258
10/21/2009 10:00:00,        13.269124
10/21/2009 11:00:00,         7.002491
10/21/2009 12:00:00,        12.431623
10/21/2009 13:00:00,        28.242644
10/21/2009 14:00:00,        67.706292
10/21/2009 15:00:00,       114.529974
10/21/2009 16:00:00,       124.936268
10/21/2009 17:00:00,       113.620923
10/21/2009 18:00:00,        80.537838
10/21/2009 19:00:00,        82.902456
10/21/2009 20:00:00,       102.707421
10/21/2009 21:00:00,        82.438005
10/21/2009 22:00:00,        73.076159
10/21/2009 23:00:00,        81.491998
10/22/2009 00:00:00,        88.243432
10/22/2009 01:00:00,       107.280114
10/22/2009 02:00:00,       125.202153
10/22/2009 03:00:00,       149.463304
10/22/2009 04:00:00,       171.134206
10/22/2009 05:00:00,       188.262135
10/22/2009 06:00:00,       220.167788
10/22/2009 07:00:00,       205.959491
10/22/2009 08:00:00,       148.545485
10/22/2009 09:00:00,       203.561291
10/22/2009 10:00:00,       309.489882
10/22/2009 11:00:00,       343.975848
10/22/2009 12:00:00,       345.686592
10/22/2009 13:00:00,       341.883478
10/22/2009 14:00:00,       328.220791
10/22/2009 15:00:00,       311.285112
10/22/2009 16:00:00,       236.867040
10/22/2009 17:00:00,       108.413800
10/22/2009 18:00:00,        81.081965
10/22/2009 19:00:00,       180.788722
10/22/2009 20:00:00,       206.451423
10/22/2009 21:00:00,       184.113279
10/22/2009 22:00:00,       204.196971
10/22/2009 23:00:00,       173.865932
10/23/2009 00:00:00,       163.106272
10/23/2009 01:00:00,       173.698849
10/23/2009 02:00:00,       222.014727
10/23/2009 03:00:00,       248.804021
10/23/2009 04:00:00,       268.425469
10/23/2009 05:00:00,       272.738333
10/23/2009 06:00:00,       271.903431
10/23/2009 07:00:00,       264.456436
10/23/2009 08:00:00,       294.940483
10/23/2009 09:00:00,       318.639388
10/23/2009 10:00:00,       342.256897
10/23/2009 11:00:00,       348.395449
10/23/2009 12:00:00,       349.314129
10/23/2009 13:00:00,       349.213466
10/23/2009 14:00:00,       347.346004
10/23/2009 15:00:00,       344.338612
10/23/2009 16:00:00,       323.874038
10/23/2009 17:00:00,       296.544499
10/23/2009 18:00:00,       332.966654
10/23/2009 19:00:00,       343.731895
10/23/2009 20:00:00,       348.190632
10/23/2009 21:00:00,       350.337934
10/23/2009 22:00:00,       350.548823
10/23/2009 23:00:00,       350.618229
10/24/2009 00:00:00,       348.521197
10/24/2009 01:00:00,       331.929605
10/24/2009 02:00:00,       336.588889
10/24/2009 03:00:00,       345.361742
10/24/2009 04:00:00,       349.354661
10/24/2009 05:00:00,       345.587040
10/24/2009 06:00:00,       332.261101
10/24/2009 07:00:00,       296.619056
10/24/2009 08:00:00,       304.623498
10/24/2009 09:00:00,       326.688012
10/24/2009 10:00:00,       318.855398
10/24/2009 11:00:00,       327.557712
10/24/2009 12:00:00,       342.028783
10/24/2009 13:00:00,       338.771893
10/24/2009 14:00:00,       249.428361
10/24/2009 15:00:00,       269.058977
10/24/2009 16:00:00,       237.247523
10/24/2009 17:00:00,       222.049873
10/24/2009 18:00:00,       184.390237
10/24/2009 19:00:00,        40.324529
10/24/2009 20:00:00,        17.101611
10/24/2009 21:00:00,        16.160883
10/24/2009 22:00:00,        53.607578
10/24/2009 23:00:00,        71.405911
10/25/2009 00:00:00,       122.613314
10/25/2009 01:00:00,       120.716539
10/25/2009 02:00:00,       173.365265
10/25/2009 03:00:00,       291.887758
10/25/2009 04:00:00,       303.968068
10/25/2009 05:00:00,       287.496633
10/25/2009 06:00:00,       272.921375
10/25/2009 07:00:00,       255.054791
10/25/2009 08:00:00,       253.381417
10/25/2009 09:00:00,       197.069998
10/25/2009 10:00:00,       114.423613
10/25/2009 11:00:00,        61.867618
10/25/2009 12:00:00,        35.071417
10/25/2009 13:00:00,        31.781540
10/25/2009 14:00:00,        32.626931
10/25/2009 15:00:00,        63.038279
10/25/2009 16:00:00,       151.460329
10/25/2009 17:00:00,       114.111154
10/25/2009 18:00:00,        50.526917
10/25/2009 19:00:00,        72.472639
10/25/2009 20:00:00,       112.475518
10/25/2009 21:00:00,       129.430513
10/25/2009 22:00:00,       137.545580
10/25/2009 23:00:00,       170.511225
10/26/2009 00:00:00,       224.035911
10/26/2009 01:00:00,       301.878368
10/26/2009 02:00:00,       333.489251
10/26/2009 03:00:00,       326.108512
10/26/2009 04:00:00,       274.896687
10/26/2009 05:00:00,       315.615941
10/26/2009 06:00:00,       347.294345
10/26/2009 07:00:00,       345.449339
10/26/2009 08:00:00,       338.429151
10/26/2009 09:00:00,       340.138399
10/26/2009 10:00:00,       351.354685
10/26/2009 11:00:00,       351.987208
10/26/2009 12:00:00,       351.999286
10/26/2009 13:00:00,       351.973016
10/26/2009 14:00:00,       349.699232
10/26/2009 15:00:00,       281.313382
10/26/2009 16:00:00,       156.317242
10/26/2009 17:00:00,        60.851487
10/26/2009 18:00:00,        50.439213
10/26/2009 19:00:00,        93.482635
10/26/2009 20:00:00,       104.525672
10/26/2009 21:00:00,        88.047652
10/26/2009 22:00:00,        62.183068
10/26/2009 23:00:00,        56.421428
10/27/2009 00:00:00,        80.398011
10/27/2009 01:00:00,        90.263565
10/27/2009 02:00:00,       162.030392
10/27/2009 03:00:00,       313.475172
10/27/2009 04:00:00,       346.888737
10/27/2009 05:00:00,       350.247172
10/27/2009 06:00:00,       351.930604
10/27/2009 07:00:00,       351.444095
10/27/2009 08:00:00,       349.357957
10/27/2009 09:00:00,       349.722190
10/27/2009 10:00:00,       349.129150
10/27/2009 11:00:00,       326.009575
10/27/2009 12:00:00,       103.285637
10/27/2009 13:00:00,        72.990518
10/27/2009 14:00:00,        12.888453
10/27/2009 15:00:00,         0.000000
10/27/2009 16:00:00,         0.000000
10/27/2009 17:00:00,        46.929259
10/27/2009 18:00:00,       317.333147
10/27/2009 19:00:00,       344.963849
10/27/2009 20:00:00,       323.698824
10/27/2009 21:00:00,       189.392618
10/27/2009 22:00:00,        64.959544
10/27/2009 23:00:00,        30.489280
10/28/2009 00:00:00,        25.566994
10/28/2009 01:00:00,         5.120852
10/28/2009 02:00:00,         0.000000
10/28/2009 03:00:00,        42.705760
10/28/2009 04:00:00,       181.130306
10/28/2009 05:00:00,       255.957526
10/28/2009 06:00:00,       203.808295
10/28/2009 07:00:00,       170.604560
10/28/2009 08:00:00,       145.373381
10/28/2009 09:00:00,       125.694523
10/28/2009 10:00:00,        95.349373
10/28/2009 11:00:00,        66.821360
10/28/2009 12:00:00,        33.675208
10/28/2009 13:00:00,        31.297513
10/28/2009 14:00:00,        46.503690
10/28/2009 15:00:00,        46.311799
10/28/2009 16:00:00,        40.145503
10/28/2009 17:00:00,        33.504443
10/28/2009 18:00:00,        26.532292
10/28/2009 19:00:00,        15.387272
10/28/2009 20:00:00,        12.594749
10/28/2009 21:00:00,         8.019918
10/28/2009 22:00:00,         1.991691
10/28/2009 23:00:00,         1.654285
10/29/2009 00:00:00,         9.570045
10/29/2009 01:00:00,        37.281677
10/29/2009 02:00:00,        79.503426
10/29/2009 03:00:00,        82.772654
10/29/2009 04:00:00,        66.914090
10/29/2009 05:00:00,        41.795796
10/29/2009 06:00:00,        71.389653
10/29/2009 07:00:00,       103.668622
10/29/2009 08:00:00,        94.612552
10/29/2009 09:00:00,        73.348962
10/29/2009 10:00:00,        40.471322
10/29/2009 11:00:00,        14.004583
10/29/2009 12:00:00,        19.412702
10/29/2009 13:00:00,        14.971488
10/29/2009 14:00:00,        72.860169
10/29/2009 15:00:00,       247.280599
10/29/2009 16:00:00,       275.151484
10/29/2009 17:00:00,       226.329543
10/29/2009 18:00:00,       135.024826
10/29/2009 19:00:00,       132.005343
10/29/2009 20:00:00,       181.943341
10/29/2009 21:00:00,       210.968189
10/29/2009 22:00:00,       255.765823
10/29/2009 23:00:00,       267.073801
10/30/2009 00:00:00,       233.336811
10/30/2009 01:00:00,       228.036878
10/30/2009 02:00:00,       316.321186
10/30/2009 03:00:00,       350.214251
10/30/2009 04:00:00,       351.955956
10/30/2009 05:00:00,       351.954389
10/30/2009 06:00:00,       351.980269
10/30/2009 07:00:00,       351.992712
10/30/2009 08:00:00,       351.982563
10/30/2009 09:00:00,       351.972307
10/30/2009 10:00:00,       351.955024
10/30/2009 11:00:00,       351.903571
10/30/2009 12:00:00,       351.790758
10/30/2009 13:00:00,       351.797734
10/30/2009 14:00:00,       351.847727
10/30/2009 15:00:00,       351.829999
10/30/2009 16:00:00,       351.796649
10/30/2009 17:00:00,       351.790432
10/30/2009 18:00:00,       351.805082
10/30/2009 19:00:00,       351.929880
10/30/2009 20:00:00,       351.978056
10/30/2009 21:00:00,       351.991760
10/30/2009 22:00:00,       351.995247
10/30/2009 23:00:00,       351.997107
10/31/2009 00:00:00,       351.998858
10/31/2009 01:00:00,       351.999963
10/31/2009 02:00:00,       352.000000
10/31/2009 03:00:00,       352.000000
10/31/2009 04:00:00,       351.998574
10/31/2009 05:00:00,       351.758998
10/31/2009 06:00:00,       348.302147
10/31/2009 07:00:00,       344.593033
10/31/2009 08:00:00,       345.293194
10/31/2009 09:00:00,       348.344313
10/31/2009 10:00:00,       345.783423
10/31/2009 11:00:00,       317.216961
10/31/2009 12:00:00,       289.398608
10/31/2009 13:00:00,       202.712145
10/31/2009 14:00:00,       163.349794
10/31/2009 15:00:00,       164.985763
10/31/2009 16:00:00,       243.560819
10/31/2009 17:00:00,       277.470860
10/31/2009 18:00:00,       276.893381
10/31/2009 19:00:00,       287.647860
10/31/2009 20:00:00,       344.924292
10/31/2009 21:00:00,       349.484192
10/31/2009 22:00:00,       349.821195
10/31/2009 23:00:00,       348.417206
11/01/2009 00:00:00,       328.864909
11/01/2009 01:00:00,       348.521865
11/01/2009 02:00:00,       347.792117
11/01/2009 03:00:00,       343.254374
11/01/2009 04:00:00,       346.640109
11/01/2009 05:00:00,       346.597767
11/01/2009 06:00:00,       345.227285
11/01/2009 07:00:00,       336.294077
11/01/2009 08:00:00,       333.313526
11/01/2009 09:00:00,       329.514429
11/01/2009 10:00:00,       341.201583
11/01/2009 11:00:00,       338.197421
11/01/2009 12:00:00,       330.318895
11/01/2009 13:00:00,       319.535808
11/01/2009 14:00:00,       276.359741
11/01/2009 15:00:00,       231.012785
11/01/2009 16:00:00,       189.453246
11/01/2009 17:00:00,       109.466182
11/01/2009 18:00:00,        58.619525
11/01/2009 19:00:00,        60.087656
11/01/2009 20:00:00,        59.091252
11/01/2009 21:00:00,        44.393729
11/01/2009 22:00:00,        55.896131
11/01/2009 23:00:00,        60.765314
11/02/2009 00:00:00,        88.081857
11/02/2009 01:00:00,       133.617475
11/02/2009 02:00:00,       154.185602
11/02/2009 03:00:00,       197.722358
11/02/2009 04:00:00,       172.739634
11/02/2009 05:00:00,       174.770780
11/02/2009 06:00:00,       191.571717
11/02/2009 07:00:00,       188.581976
11/02/2009 08:00:00,       175.306234
11/02/2009 09:00:00,       159.796580
11/02/2009 10:00:00,       166.773092
11/02/2009 11:00:00,       188.710836
11/02/2009 12:00:00,       171.960281
11/02/2009 13:00:00,       158.835994
11/02/2009 14:00:00,       147.406573
11/02/2009 15:00:00,       149.127650
11/02/2009 16:00:00,       190.414027
11/02/2009 17:00:00,       112.886233
11/02/2009 18:00:00,        26.493955
11/02/2009 19:00:00,        22.876467
11/02/2009 20:00:00,        42.033609
11/02/2009 21:00:00,        47.102090
11/02/2009 22:00:00,        46.668557
11/02/2009 23:00:00,        90.495285
11/03/2009 00:00:00,       135.202384
11/03/2009 01:00:00,       192.394340
11/03/2009 02:00:00,       285.010073
11/03/2009 03:00:00,       343.418397
11/03/2009 04:00:00,       351.371368
11/03/2009 05:00:00,       351.438008
11/03/2009 06:00:00,       351.251497
11/03/2009 07:00:00,       348.151372
11/03/2009 08:00:00,       333.253636
11/03/2009 09:00:00,       321.222280
11/03/2009 10:00:00,       319.608283
11/03/2009 11:00:00,       307.385482
11/03/2009 12:00:00,       287.338168
11/03/2009 13:00:00,       280.483034
11/03/2009 14:00:00,       282.630500
11/03/2009 15:00:00,       279.856577
11/03/2009 16:00:00,       244.523966
11/03/2009 17:00:00,       123.856295
11/03/2009 18:00:00,        33.181972
11/03/2009 19:00:00,        20.840472
11/03/2009 20:00:00,        33.373668
11/03/2009 21:00:00,        79.306905
11/03/2009 22:00:00,       141.413812
11/03/2009 23:00:00,       171.301036
11/04/2009 00:00:00,       153.608813
11/04/2009 01:00:00,       129.957044
11/04/2009 02:00:00,       158.925030
11/04/2009 03:00:00,       176.025975
11/04/2009 04:00:00,       164.479262
11/04/2009 05:00:00,       145.530624
11/04/2009 06:00:00,       111.982021
11/04/2009 07:00:00,        64.193916
11/04/2009 08:00:00,        26.219075
11/04/2009 09:00:00,         9.716744
11/04/2009 10:00:00,        11.106762
11/04/2009 11:00:00,        13.703951
11/04/2009 12:00:00,        79.765972
11/04/2009 13:00:00,       191.498556
11/04/2009 14:00:00,       212.387786
11/04/2009 15:00:00,       173.381541
11/04/2009 16:00:00,       131.883981
11/04/2009 17:00:00,        91.004937
11/04/2009 18:00:00,        33.299613
11/04/2009 19:00:00,        11.024832
11/04/2009 20:00:00,         3.683585
11/04/2009 21:00:00,         7.692508
11/04/2009 22:00:00,        37.338681
11/04/2009 23:00:00,        78.978430
11/05/2009 00:00:00,       153.515171
11/05/2009 01:00:00,       227.901778
11/05/2009 02:00:00,       246.667143
11/05/2009 03:00:00,       258.733481
11/05/2009 04:00:00,       299.582047
11/05/2009 05:00:00,       337.753200
11/05/2009 06:00:00,       339.280551
11/05/2009 07:00:00,       299.371699
11/05/2009 08:00:00,       254.182393
11/05/2009 09:00:00,       267.940735
11/05/2009 10:00:00,       319.679626
11/05/2009 11:00:00,       350.312843
11/05/2009 12:00:00,       351.717048
11/05/2009 13:00:00,       351.269711
11/05/2009 14:00:00,       351.090508
11/05/2009 15:00:00,       350.140785
11/05/2009 16:00:00,       346.776908
11/05/2009 17:00:00,       321.001924
11/05/2009 18:00:00,       254.837982
11/05/2009 19:00:00,       187.174531
11/05/2009 20:00:00,       201.105095
11/05/2009 21:00:00,       306.990793
11/05/2009 22:00:00,       336.008054
11/05/2009 23:00:00,       344.256144
11/06/2009 00:00:00,       345.268409
11/06/2009 01:00:00,       345.489720
11/06/2009 02:00:00,       344.474934
11/06/2009 03:00:00,       346.431367
11/06/2009 04:00:00,       350.193364
11/06/2009 05:00:00,       350.014444
11/06/2009 06:00:00,       347.832861
11/06/2009 07:00:00,       349.221159
11/06/2009 08:00:00,       340.854747
11/06/2009 09:00:00,       333.593820
11/06/2009 10:00:00,       322.962645
11/06/2009 11:00:00,       351.965923
11/06/2009 12:00:00,       352.000000
11/06/2009 13:00:00,       352.000000
11/06/2009 14:00:00,       352.000000
11/06/2009 15:00:00,       351.978737
11/06/2009 16:00:00,       351.984535
11/06/2009 17:00:00,       351.998868
11/06/2009 18:00:00,       351.994984
11/06/2009 19:00:00,       351.985579
11/06/2009 20:00:00,       351.997921
11/06/2009 21:00:00,       351.949187
11/06/2009 22:00:00,       351.763007
11/06/2009 23:00:00,       351.038978
11/07/2009 00:00:00,       349.198251
11/07/2009 01:00:00,       348.400743
11/07/2009 02:00:00,       346.893427
11/07/2009 03:00:00,       347.503504
11/07/2009 04:00:00,       346.962726
11/07/2009 05:00:00,       321.797120
11/07/2009 06:00:00,       270.633035
11/07/2009 07:00:00,       294.703637
11/07/2009 08:00:00,       323.173569
11/07/2009 09:00:00,       328.148875
11/07/2009 10:00:00,       344.500384
11/07/2009 11:00:00,       349.298632
11/07/2009 12:00:00,       351.294745
11/07/2009 13:00:00,       351.716961
11/07/2009 14:00:00,       351.762900
11/07/2009 15:00:00,       351.631177
11/07/2009 16:00:00,       351.061368
11/07/2009 17:00:00,       350.582971
11/07/2009 18:00:00,       351.203525
11/07/2009 19:00:00,       351.740011
11/07/2009 20:00:00,       351.883444
11/07/2009 21:00:00,       351.093501
11/07/2009 22:00:00,       349.478785
11/07/2009 23:00:00,       348.485687
11/08/2009 00:00:00,       350.212167
11/08/2009 01:00:00,       351.654515
11/08/2009 02:00:00,       351.727554
11/08/2009 03:00:00,       350.685755
11/08/2009 04:00:00,       351.609993
11/08/2009 05:00:00,       350.809750
11/08/2009 06:00:00,       349.697274
11/08/2009 07:00:00,       350.662402
11/08/2009 08:00:00,       351.118134
11/08/2009 09:00:00,       346.327914
11/08/2009 10:00:00,       344.179136
11/08/2009 11:00:00,       338.644872
11/08/2009 12:00:00,       343.307289
11/08/2009 13:00:00,       346.951470
11/08/2009 14:00:00,       343.431186
11/08/2009 15:00:00,       341.022999
11/08/2009 16:00:00,       340.816177
11/08/2009 17:00:00,       306.068385
11/08/2009 18:00:00,       338.467180
11/08/2009 19:00:00,       349.594757
11/08/2009 20:00:00,       350.784355
11/08/2009 21:00:00,       348.521736
11/08/2009 22:00:00,       341.806425
11/08/2009 23:00:00,       323.624008
11/09/2009 00:00:00,       308.565090
11/09/2009 01:00:00,       242.584472
11/09/2009 02:00:00,       214.862156
11/09/2009 03:00:00,       206.585827
11/09/2009 04:00:00,       135.893573
11/09/2009 05:00:00,       102.796384
11/09/2009 06:00:00,       184.672900
11/09/2009 07:00:00,       209.849503
11/09/2009 08:00:00,       150.146277
11/09/2009 09:00:00,        88.482814
11/09/2009 10:00:00,       108.323045
11/09/2009 11:00:00,       188.782932
11/09/2009 12:00:00,       275.584020
11/09/2009 13:00:00,       291.205976
11/09/2009 14:00:00,       327.473035
11/09/2009 15:00:00,       318.669558
11/09/2009 16:00:00,       260.262534
11/09/2009 17:00:00,       234.370130
11/09/2009 18:00:00,       156.473910
11/09/2009 19:00:00,       157.067382
11/09/2009 20:00:00,       169.072728
11/09/2009 21:00:00,       173.101824
11/09/2009 22:00:00,       177.726724
11/09/2009 23:00:00,       175.138763
11/10/2009 00:00:00,       187.362997
11/10/2009 01:00:00,       244.673466
11/10/2009 02:00:00,       277.757904
11/10/2009 03:00:00,       249.385772
11/10/2009 04:00:00,       262.544809
11/10/2009 05:00:00,       219.054567
11/10/2009 06:00:00,       177.836271
11/10/2009 07:00:00,       221.399012
11/10/2009 08:00:00,       250.897038
11/10/2009 09:00:00,       200.209986
11/10/2009 10:00:00,       263.934452
11/10/2009 11:00:00,       342.389236
11/10/2009 12:00:00,       337.880790
11/10/2009 13:00:00,       319.627972
11/10/2009 14:00:00,       305.916281
11/10/2009 15:00:00,       334.529037
11/10/2009 16:00:00,       351.673908
11/10/2009 17:00:00,       351.860099
11/10/2009 18:00:00,       351.844190
11/10/2009 19:00:00,       351.880579
11/10/2009 20:00:00,       350.454054
11/10/2009 21:00:00,       349.048281
11/10/2009 22:00:00,       349.887706
11/10/2009 23:00:00,       345.107215
11/11/2009 00:00:00,       340.067011
11/11/2009 01:00:00,       337.060749
11/11/2009 02:00:00,       341.570091
11/11/2009 03:00:00,       342.454166
11/11/2009 04:00:00,       348.179697
11/11/2009 05:00:00,       350.991316
11/11/2009 06:00:00,       351.217210
11/11/2009 07:00:00,       351.007928
11/11/2009 08:00:00,       346.736968
11/11/2009 09:00:00,       321.748436
11/11/2009 10:00:00,       261.513633
11/11/2009 11:00:00,       185.102772
11/11/2009 12:00:00,       166.138462
11/11/2009 13:00:00,       174.194973
11/11/2009 14:00:00,       116.157006
11/11/2009 15:00:00,        59.806999
11/11/2009 16:00:00,        76.802896
11/11/2009 17:00:00,        53.460642
11/11/2009 18:00:00,        48.337627
11/11/2009 19:00:00,       246.525836
11/11/2009 20:00:00,       334.759407
11/11/2009 21:00:00,       321.448331
11/11/2009 22:00:00,       278.657480
11/11/2009 23:00:00,       237.998025
11/12/2009 00:00:00,       313.342504
11/12/2009 01:00:00,       330.962094
11/12/2009 02:00:00,       340.806746
11/12/2009 03:00:00,       315.742349
11/12/2009 04:00:00,       295.099375
11/12/2009 05:00:00,       283.543225
11/12/2009 06:00:00,       324.960831
11/12/2009 07:00:00,       308.902005
11/12/2009 08:00:00,       305.287469
11/12/2009 09:00:00,       299.483880
11/12/2009 10:00:00,       278.705419
11/12/2009 11:00:00,       244.425514
11/12/2009 12:00:00,       201.416511
11/12/2009 13:00:00,       182.800250
11/12/2009 14:00:00,       163.619069
11/12/2009 15:00:00,       134.624418
11/12/2009 16:00:00,        96.691926
11/12/2009 17:00:00,        67.018313
11/12/2009 18:00:00,        25.607306
11/12/2009 19:00:00,        18.628289
11/12/2009 20:00:00,        30.122092
11/12/2009 21:00:00,       111.577199
11/12/2009 22:00:00,       194.287675
11/12/2009 23:00:00,       245.603412
11/13/2009 00:00:00,       286.273795
11/13/2009 01:00:00,       310.292220
11/13/2009 02:00:00,       317.629635
11/13/2009 03:00:00,       323.570008
11/13/2009 04:00:00,       334.767145
11/13/2009 05:00:00,       337.378964
11/13/2009 06:00:00,       338.543712
11/13/2009 07:00:00,       339.275017
11/13/2009 08:00:00,       342.208884
11/13/2009 09:00:00,       343.573573
11/13/2009 10:00:00,       347.763572
11/13/2009 11:00:00,       350.567253
11/13/2009 12:00:00,       351.637709
11/13/2009 13:00:00,       351.830429
11/13/2009 14:00:00,       351.418593
11/13/2009 15:00:00,       350.003951
11/13/2009 16:00:00,       349.262557
11/13/2009 17:00:00,       345.081994
11/13/2009 18:00:00,       351.586364
11/13/2009 19:00:00,       351.300275
11/13/2009 20:00:00,       342.965805
11/13/2009 21:00:00,       340.450300
11/13/2009 22:00:00,       337.017801
11/13/2009 23:00:00,       313.971192
11/14/2009 00:00:00,       278.779561
11/14/2009 01:00:00,       248.495771
11/14/2009 02:00:00,       243.142516
11/14/2009 03:00:00,       280.563165
11/14/2009 04:00:00,       319.811512
11/14/2009 05:00:00,       286.377690
11/14/2009 06:00:00,       251.486098
11/14/2009 07:00:00,       255.362672
11/14/2009 08:00:00,       271.177277
11/14/2009 09:00:00,       241.707276
11/14/2009 10:00:00,       223.971200
11/14/2009 11:00:00,       277.484075
11/14/2009 12:00:00,       281.526290
11/14/2009 13:00:00,       270.706281
11/14/2009 14:00:00,       256.163875
11/14/2009 15:00:00,       218.417096
11/14/2009 16:00:00,       138.663373
11/14/2009 17:00:00,        92.947991
11/14/2009 18:00:00,        52.709215
11/14/2009 19:00:00,        43.007258
11/14/2009 20:00:00,        58.454623
11/14/2009 21:00:00,       103.239694
11/14/2009 22:00:00,       152.907617
11/14/2009 23:00:00,       206.538727
11/15/2009 00:00:00,       242.778404
11/15/2009 01:00:00,       279.749263
11/15/2009 02:00:00,       309.101866
11/15/2009 03:00:00,       325.101284
11/15/2009 04:00:00,       334.586260
11/15/2009 05:00:00,       342.647073
11/15/2009 06:00:00,       348.629913
11/15/2009 07:00:00,       350.388053
11/15/2009 08:00:00,       351.100069
11/15/2009 09:00:00,       351.543971
11/15/2009 10:00:00,       351.877902
11/15/2009 11:00:00,       351.979262
11/15/2009 12:00:00,       351.995763
11/15/2009 13:00:00,       351.979753
11/15/2009 14:00:00,       351.989194
11/15/2009 15:00:00,       351.987304
11/15/2009 16:00:00,       351.983819
11/15/2009 17:00:00,       351.916743
11/15/2009 18:00:00,       351.997407
11/15/2009 19:00:00,       351.999633
11/15/2009 20:00:00,       352.000000
11/15/2009 21:00:00,       352.000000
11/15/2009 22:00:00,       351.997833
11/15/2009 23:00:00,       338.760212
11/16/2009 00:00:00,       285.764005
11/16/2009 01:00:00,       319.743897
11/16/2009 02:00:00,       302.884029
11/16/2009 03:00:00,       309.817776
11/16/2009 04:00:00,       305.591249
11/16/2009 05:00:00,       312.447557
11/16/2009 06:00:00,       318.058922
11/16/2009 07:00:00,       307.519940
11/16/2009 08:00:00,       302.061759
11/16/2009 09:00:00,       322.060661
11/16/2009 10:00:00,       330.182208
11/16/2009 11:00:00,       335.818142
11/16/2009 12:00:00,       348.394855
11/16/2009 13:00:00,       338.605833
11/16/2009 14:00:00,       332.333760
11/16/2009 15:00:00,       346.540123
11/16/2009 16:00:00,       347.729203
11/16/2009 17:00:00,       343.955731
11/16/2009 18:00:00,       346.388644
11/16/2009 19:00:00,       342.815450
11/16/2009 20:00:00,       334.395597
11/16/2009 21:00:00,       315.370539
11/16/2009 22:00:00,       283.360261
11/16/2009 23:00:00,       259.114128
11/17/2009 00:00:00,       256.988440
11/17/2009 01:00:00,       282.862603
11/17/2009 02:00:00,       242.594354
11/17/2009 03:00:00,       222.621766
11/17/2009 04:00:00,       248.015187
11/17/2009 05:00:00,       274.646764
11/17/2009 06:00:00,       273.507027
11/17/2009 07:00:00,       271.001881
11/17/2009 08:00:00,       267.377295
11/17/2009 09:00:00,       276.441608
11/17/2009 10:00:00,       313.435453
11/17/2009 11:00:00,       324.201145
11/17/2009 12:00:00,       314.046051
11/17/2009 13:00:00,       293.599532
11/17/2009 14:00:00,       313.517220
11/17/2009 15:00:00,       322.569652
11/17/2009 16:00:00,       322.516751
11/17/2009 17:00:00,       338.819741
11/17/2009 18:00:00,       351.627405
11/17/2009 19:00:00,       351.994768
11/17/2009 20:00:00,       351.942046
11/17/2009 21:00:00,       351.192650
11/17/2009 22:00:00,       344.412140
11/17/2009 23:00:00,       334.532556
11/18/2009 00:00:00,       304.458276
11/18/2009 01:00:00,       283.049760
11/18/2009 02:00:00,       259.764680
11/18/2009 03:00:00,       241.988668
11/18/2009 04:00:00,       165.583831
11/18/2009 05:00:00,       109.747163
11/18/2009 06:00:00,       105.022515
11/18/2009 07:00:00,       164.561134
11/18/2009 08:00:00,       170.039879
11/18/2009 09:00:00,       165.671077
11/18/2009 10:00:00,       175.745195
11/18/2009 11:00:00,       167.786194
11/18/2009 12:00:00,       153.972844
11/18/2009 13:00:00,       171.368536
11/18/2009 14:00:00,       236.484841
11/18/2009 15:00:00,       254.133956
11/18/2009 16:00:00,       227.857285
11/18/2009 17:00:00,       170.181714
11/18/2009 18:00:00,       160.439674
11/18/2009 19:00:00,       335.356633
11/18/2009 20:00:00,       332.262813
11/18/2009 21:00:00,       327.726857
11/18/2009 22:00:00,       308.387631
11/18/2009 23:00:00,       284.024783
11/19/2009 00:00:00,       238.793590
11/19/2009 01:00:00,       207.253210
11/19/2009 02:00:00,       152.648389
11/19/2009 03:00:00,       157.249993
11/19/2009 04:00:00,       185.792006
11/19/2009 05:00:00,       205.060225
11/19/2009 06:00:00,       180.289757
11/19/2009 07:00:00,       230.860517
11/19/2009 08:00:00,       338.523020
11/19/2009 09:00:00,       340.120652
11/19/2009 10:00:00,       324.540882
11/19/2009 11:00:00,       339.464087
11/19/2009 12:00:00,       351.849999
11/19/2009 13:00:00,       350.161831
11/19/2009 14:00:00,       341.446363
11/19/2009 15:00:00,       322.629471
11/19/2009 16:00:00,       308.365395
11/19/2009 17:00:00,       293.267040
11/19/2009 18:00:00,       193.862460
11/19/2009 19:00:00,       187.452456
11/19/2009 20:00:00,       188.998625
11/19/2009 21:00:00,       162.675418
11/19/2009 22:00:00,       142.507546
11/19/2009 23:00:00,       131.491733
11/20/2009 00:00:00,       133.248725
11/20/2009 01:00:00,       152.051209
11/20/2009 02:00:00,       192.668951
11/20/2009 03:00:00,       199.545049
11/20/2009 04:00:00,       219.323841
11/20/2009 05:00:00,       239.359383
11/20/2009 06:00:00,       264.754763
11/20/2009 07:00:00,       294.712403
11/20/2009 08:00:00,       318.038995
11/20/2009 09:00:00,       324.479383
11/20/2009 10:00:00,       340.169350
11/20/2009 11:00:00,       339.722819
11/20/2009 12:00:00,       307.373284
11/20/2009 13:00:00,       272.213518
11/20/2009 14:00:00,       281.926281
11/20/2009 15:00:00,       269.293726
11/20/2009 16:00:00,       234.539032
11/20/2009 17:00:00,       203.502879
11/20/2009 18:00:00,       145.345188
11/20/2009 19:00:00,       140.076795
11/20/2009 20:00:00,       243.996593
11/20/2009 21:00:00,       301.818702
11/20/2009 22:00:00,       323.087022
11/20/2009 23:00:00,       322.445793
11/21/2009 00:00:00,       319.635602
11/21/2009 01:00:00,       308.226084
11/21/2009 02:00:00,       293.562944
11/21/2009 03:00:00,       301.971334
11/21/2009 04:00:00,       335.562690
11/21/2009 05:00:00,       344.074531
11/21/2009 06:00:00,       341.141157
11/21/2009 07:00:00,       286.797174
11/21/2009 08:00:00,       324.496256
11/21/2009 09:00:00,       347.948647
11/21/2009 10:00:00,       351.985212
11/21/2009 11:00:00,       352.000000
11/21/2009 12:00:00,       351.999906
11/21/2009 13:00:00,       351.998378
11/21/2009 14:00:00,       351.960844
11/21/2009 15:00:00,       351.893379
11/21/2009 16:00:00,       350.383232
11/21/2009 17:00:00,       350.992448
11/21/2009 18:00:00,       351.853660
11/21/2009 19:00:00,       351.800364
11/21/2009 20:00:00,       351.846150
11/21/2009 21:00:00,       351.877432
11/21/2009 22:00:00,       351.837359
11/21/2009 23:00:00,       351.593172
11/22/2009 00:00:00,       351.260068
11/22/2009 01:00:00,       348.920726
11/22/2009 02:00:00,       350.183286
11/22/2009 03:00:00,       347.240026
11/22/2009 04:00:00,       347.050939
11/22/2009 05:00:00,       348.482500
11/22/2009 06:00:00,       343.638491
11/22/2009 07:00:00,       320.153946
11/22/2009 08:00:00,       309.613684
11/22/2009 09:00:00,       275.437223
11/22/2009 10:00:00,       234.006715
11/22/2009 11:00:00,       178.384255
11/22/2009 12:00:00,       176.340261
11/22/2009 13:00:00,       106.010469
11/22/2009 14:00:00,        33.167816
11/22/2009 15:00:00,        43.124658
11/22/2009 16:00:00,        74.782648
11/22/2009 17:00:00,        54.515604
11/22/2009 18:00:00,        34.872893
11/22/2009 19:00:00,        19.722029
11/22/2009 20:00:00,         9.623408
11/22/2009 21:00:00,        27.137190
11/22/2009 22:00:00,        42.182961
11/22/2009 23:00:00,        49.761660
11/23/2009 00:00:00,       118.656046
11/23/2009 01:00:00,       191.428521
11/23/2009 02:00:00,       292.599053
11/23/2009 03:00:00,       337.463871
11/23/2009 04:00:00,       344.889995
11/23/2009 05:00:00,       341.611781
11/23/2009 06:00:00,       327.537617
11/23/2009 07:00:00,       337.787829
11/23/2009 08:00:00,       334.640209
11/23/2009 09:00:00,       331.488638
11/23/2009 10:00:00,       333.933317
11/23/2009 11:00:00,       341.881796
11/23/2009 12:00:00,       334.557349
11/23/2009 13:00:00,       339.369403
11/23/2009 14:00:00,       343.001193
11/23/2009 15:00:00,       322.437026
11/23/2009 16:00:00,       317.855494
11/23/2009 17:00:00,       264.328960
11/23/2009 18:00:00,       197.365244
11/23/2009 19:00:00,       291.685546
11/23/2009 20:00:00,       343.951140
11/23/2009 21:00:00,       348.634314
11/23/2009 22:00:00,       349.712275
11/23/2009 23:00:00,       351.278832
11/24/2009 00:00:00,       351.811566
11/24/2009 01:00:00,       351.870118
11/24/2009 02:00:00,       351.404625
11/24/2009 03:00:00,       350.136010
11/24/2009 04:00:00,       351.532384
11/24/2009 05:00:00,       352.000000
11/24/2009 06:00:00,       351.999992
11/24/2009 07:00:00,       346.355205
11/24/2009 08:00:00,       286.129877
11/24/2009 09:00:00,       314.573958
11/24/2009 10:00:00,       341.691130
11/24/2009 11:00:00,       343.424154
11/24/2009 12:00:00,       338.370322
11/24/2009 13:00:00,       346.966896
11/24/2009 14:00:00,       346.815304
11/24/2009 15:00:00,       346.943226
11/24/2009 16:00:00,       345.778139
11/24/2009 17:00:00,       335.368718
11/24/2009 18:00:00,       336.802948
11/24/2009 19:00:00,       339.180827
11/24/2009 20:00:00,       310.745010
11/24/2009 21:00:00,       305.553963
11/24/2009 22:00:00,       302.594842
11/24/2009 23:00:00,       258.260661
11/25/2009 00:00:00,       188.470290
11/25/2009 01:00:00,       139.451746
11/25/2009 02:00:00,       161.048385
11/25/2009 03:00:00,       206.429969
11/25/2009 04:00:00,       195.505604
11/25/2009 05:00:00,       171.156926
11/25/2009 06:00:00,       148.262760
11/25/2009 07:00:00,       148.537949
11/25/2009 08:00:00,       170.745584
11/25/2009 09:00:00,       249.949765
11/25/2009 10:00:00,       325.418015
11/25/2009 11:00:00,       349.326541
11/25/2009 12:00:00,       351.895778
11/25/2009 13:00:00,       351.935480
11/25/2009 14:00:00,       351.902541
11/25/2009 15:00:00,       351.764539
11/25/2009 16:00:00,       344.607204
11/25/2009 17:00:00,       220.658705
11/25/2009 18:00:00,       103.152820
11/25/2009 19:00:00,       204.206640
11/25/2009 20:00:00,       325.674806
11/25/2009 21:00:00,       349.411267
11/25/2009 22:00:00,       350.762349
11/25/2009 23:00:00,       349.759561
11/26/2009 00:00:00,       351.675286
11/26/2009 01:00:00,       350.657872
11/26/2009 02:00:00,       341.991306
11/26/2009 03:00:00,       345.361175
11/26/2009 04:00:00,       350.249956
11/26/2009 05:00:00,       351.249639
11/26/2009 06:00:00,       351.840545
11/26/2009 07:00:00,       351.478737
11/26/2009 08:00:00,       340.194622
11/26/2009 09:00:00,       235.322162
11/26/2009 10:00:00,       185.280907
11/26/2009 11:00:00,       187.441105
11/26/2009 12:00:00,       198.162648
11/26/2009 13:00:00,       220.798793
11/26/2009 14:00:00,       238.274066
11/26/2009 15:00:00,       216.662068
11/26/2009 16:00:00,       183.272958
11/26/2009 17:00:00,       159.305383
11/26/2009 18:00:00,       135.488169
11/26/2009 19:00:00,       174.302445
11/26/2009 20:00:00,       317.921112
11/26/2009 21:00:00,       347.249724
11/26/2009 22:00:00,       349.690675
11/26/2009 23:00:00,       343.583402
11/27/2009 00:00:00,       310.526249
11/27/2009 01:00:00,       255.422640
11/27/2009 02:00:00,       186.793735
11/27/2009 03:00:00,       131.483524
11/27/2009 04:00:00,       147.568335
11/27/2009 05:00:00,       176.719109
11/27/2009 06:00:00,       156.582775
11/27/2009 07:00:00,       119.910544
11/27/2009 08:00:00,        95.805585
11/27/2009 09:00:00,        49.072565
11/27/2009 10:00:00,        22.396668
11/27/2009 11:00:00,        54.950634
11/27/2009 12:00:00,       107.850695
11/27/2009 13:00:00,       137.683510
11/27/2009 14:00:00,        99.626048
11/27/2009 15:00:00,        50.064558
11/27/2009 16:00:00,        37.957625
11/27/2009 17:00:00,        17.924067
11/27/2009 18:00:00,        14.605605
11/27/2009 19:00:00,         5.436026
11/27/2009 20:00:00,         0.843183
11/27/2009 21:00:00,         0.091733
11/27/2009 22:00:00,         0.000000
11/27/2009 23:00:00,         0.000000
11/28/2009 00:00:00,         0.000000
11/28/2009 01:00:00,         0.000000
11/28/2009 02:00:00,         0.552346
11/28/2009 03:00:00,         0.000000
11/28/2009 04:00:00,         0.000000
11/28/2009 05:00:00,         0.000000
11/28/2009 06:00:00,         3.476300
11/28/2009 07:00:00,        40.762258
11/28/2009 08:00:00,       118.916320
11/28/2009 09:00:00,       184.194955
11/28/2009 10:00:00,       200.051140
11/28/2009 11:00:00,       206.967599
11/28/2009 12:00:00,       310.607205
11/28/2009 13:00:00,       345.759543
11/28/2009 14:00:00,       349.349436
11/28/2009 15:00:00,       350.025537
11/28/2009 16:00:00,       348.602234
11/28/2009 17:00:00,       336.588659
11/28/2009 18:00:00,       309.133826
11/28/2009 19:00:00,       280.859209
11/28/2009 20:00:00,       299.646772
11/28/2009 21:00:00,       335.021760
11/28/2009 22:00:00,       345.329028
11/28/2009 23:00:00,       347.497729
11/29/2009 00:00:00,       347.291268
11/29/2009 01:00:00,       347.479820
11/29/2009 02:00:00,       346.497494
11/29/2009 03:00:00,       344.133065
11/29/2009 04:00:00,       341.430852
11/29/2009 05:00:00,       340.529330
11/29/2009 06:00:00,       340.455554
11/29/2009 07:00:00,       339.955759
11/29/2009 08:00:00,       345.807590
11/29/2009 09:00:00,       349.447002
11/29/2009 10:00:00,       350.081372
11/29/2009 11:00:00,       350.772521
11/29/2009 12:00:00,       351.068104
11/29/2009 13:00:00,       351.191179
11/29/2009 14:00:00,       351.268554
11/29/2009 15:00:00,       351.272914
11/29/2009 16:00:00,       350.979682
11/29/2009 17:00:00,       349.262206
11/29/2009 18:00:00,       342.700707
11/29/2009 19:00:00,       335.098410
11/29/2009 20:00:00,       342.222307
11/29/2009 21:00:00,       347.491871
11/29/2009 22:00:00,       348.453940
11/29/2009 23:00:00,       349.542032
11/30/2009 00:00:00,       350.643217
11/30/2009 01:00:00,       351.415125
11/30/2009 02:00:00,       351.339438
11/30/2009 03:00:00,       350.537891
11/30/2009 04:00:00,       349.121416
11/30/2009 05:00:00,       347.489247
11/30/2009 06:00:00,       347.476521
11/30/2009 07:00:00,       340.659105
11/30/2009 08:00:00,       330.021908
11/30/2009 09:00:00,       351.182440
11/30/2009 10:00:00,       351.999239
11/30/2009 11:00:00,       351.999589
11/30/2009 12:00:00,       351.999942
11/30/2009 13:00:00,       351.998102
11/30/2009 14:00:00,       351.977875
11/30/2009 15:00:00,       351.674652
11/30/2009 16:00:00,       351.666349
11/30/2009 17:00:00,       351.782949
11/30/2009 18:00:00,       351.891521
11/30/2009 19:00:00,       351.960320
11/30/2009 20:00:00,       351.993337
11/30/2009 21:00:00,       351.973309
11/30/2009 22:00:00,       351.864826
11/30/2009 23:00:00,       351.682757
12/01/2009 00:00:00,       350.230893
12/01/2009 01:00:00,       318.877713
12/01/2009 02:00:00,        90.275682
12/01/2009 03:00:00,        11.302773
12/01/2009 04:00:00,        44.785942
12/01/2009 05:00:00,        81.492419
12/01/2009 06:00:00,       100.016920
12/01/2009 07:00:00,        38.394466
12/01/2009 08:00:00,       102.630474
12/01/2009 09:00:00,       141.316966
12/01/2009 10:00:00,       154.811536
12/01/2009 11:00:00,       179.174675
12/01/2009 12:00:00,       202.541034
12/01/2009 13:00:00,       207.465486
12/01/2009 14:00:00,       166.595202
12/01/2009 15:00:00,       191.621089
12/01/2009 16:00:00,       153.108062
12/01/2009 17:00:00,        85.095840
12/01/2009 18:00:00,        46.521626
12/01/2009 19:00:00,        36.001200
12/01/2009 20:00:00,        47.348904
12/01/2009 21:00:00,        48.348281
12/01/2009 22:00:00,        33.828823
12/01/2009 23:00:00,         9.725218
12/02/2009 00:00:00,         0.258357
12/02/2009 01:00:00,         0.079266
12/02/2009 02:00:00,         1.645208
12/02/2009 03:00:00,         3.682043
12/02/2009 04:00:00,        11.947815
12/02/2009 05:00:00,        41.657340
12/02/2009 06:00:00,        45.244220
12/02/2009 07:00:00,        27.708710
12/02/2009 08:00:00,        54.136446
12/02/2009 09:00:00,        56.606700
12/02/2009 10:00:00,        54.056331
12/02/2009 11:00:00,        61.001225
12/02/2009 12:00:00,        74.790688
12/02/2009 13:00:00,        87.794816
12/02/2009 14:00:00,        92.106674
12/02/2009 15:00:00,        86.244458
12/02/2009 16:00:00,        75.472059
12/02/2009 17:00:00,        60.591166
12/02/2009 18:00:00,        36.591073
12/02/2009 19:00:00,        15.775091
12/02/2009 20:00:00,        14.525440
12/02/2009 21:00:00,        11.141589
12/02/2009 22:00:00,         7.725175
12/02/2009 23:00:00,         2.826826
12/03/2009 00:00:00,         0.902628
12/03/2009 01:00:00,         0.830731
12/03/2009 02:00:00,         0.561777
12/03/2009 03:00:00,         0.106517
12/03/2009 04:00:00,         0.001284
12/03/2009 05:00:00,         0.808108
12/03/2009 06:00:00,         5.331197
12/03/2009 07:00:00,        15.287715
12/03/2009 08:00:00,        26.316439
12/03/2009 09:00:00,        26.743195
12/03/2009 10:00:00,        23.782658
12/03/2009 11:00:00,        18.937876
12/03/2009 12:00:00,        16.058302
12/03/2009 13:00:00,         9.825703
12/03/2009 14:00:00,         4.193370
12/03/2009 15:00:00,         1.887629
12/03/2009 16:00:00,         3.264826
12/03/2009 17:00:00,         1.750256
12/03/2009 18:00:00,         0.825507
12/03/2009 19:00:00,         1.406857
12/03/2009 20:00:00,         4.262679
12/03/2009 21:00:00,         9.246630
12/03/2009 22:00:00,        16.210844
12/03/2009 23:00:00,        40.505769
12/04/2009 00:00:00,       108.810188
12/04/2009 01:00:00,       192.197256
12/04/2009 02:00:00,       262.761909
12/04/2009 03:00:00,       320.786448
12/04/2009 04:00:00,       348.056051
12/04/2009 05:00:00,       350.850154
12/04/2009 06:00:00,       351.346183
12/04/2009 07:00:00,       351.630700
12/04/2009 08:00:00,       351.665828
12/04/2009 09:00:00,       351.696570
12/04/2009 10:00:00,       351.867566
12/04/2009 11:00:00,       351.927023
12/04/2009 12:00:00,       351.991601
12/04/2009 13:00:00,       351.995261
12/04/2009 14:00:00,       351.954266
12/04/2009 15:00:00,       351.864887
12/04/2009 16:00:00,       351.796661
12/04/2009 17:00:00,       349.622221
12/04/2009 18:00:00,       339.579564
12/04/2009 19:00:00,       328.916221
12/04/2009 20:00:00,       341.631309
12/04/2009 21:00:00,       349.054606
12/04/2009 22:00:00,       349.227357
12/04/2009 23:00:00,       247.477427
12/05/2009 00:00:00,       105.221922
12/05/2009 01:00:00,       132.523461
12/05/2009 02:00:00,       155.497425
12/05/2009 03:00:00,       157.632367
12/05/2009 04:00:00,       163.934879
12/05/2009 05:00:00,       177.200284
12/05/2009 06:00:00,       185.911463
12/05/2009 07:00:00,       196.691938
12/05/2009 08:00:00,       207.413925
12/05/2009 09:00:00,       217.877326
12/05/2009 10:00:00,       233.862100
12/05/2009 11:00:00,       274.050053
12/05/2009 12:00:00,       337.590936
12/05/2009 13:00:00,       350.198698
12/05/2009 14:00:00,       349.971584
12/05/2009 15:00:00,       349.983223
12/05/2009 16:00:00,       350.372643
12/05/2009 17:00:00,       350.775226
12/05/2009 18:00:00,       351.274136
12/05/2009 19:00:00,       351.076026
12/05/2009 20:00:00,       350.649144
12/05/2009 21:00:00,       349.513214
12/05/2009 22:00:00,       347.830649
12/05/2009 23:00:00,       340.222342
12/06/2009 00:00:00,       307.955754
12/06/2009 01:00:00,       274.306266
12/06/2009 02:00:00,       268.328581
12/06/2009 03:00:00,       260.704424
12/06/2009 04:00:00,       229.161647
12/06/2009 05:00:00,       205.959030
12/06/2009 06:00:00,       192.591792
12/06/2009 07:00:00,       195.168322
12/06/2009 08:00:00,       195.978091
12/06/2009 09:00:00,       151.801744
12/06/2009 10:00:00,       145.349574
12/06/2009 11:00:00,       153.411676
12/06/2009 12:00:00,       160.293175
12/06/2009 13:00:00,       126.508672
12/06/2009 14:00:00,       118.436492
12/06/2009 15:00:00,       114.889880
12/06/2009 16:00:00,       117.173269
12/06/2009 17:00:00,       126.534440
12/06/2009 18:00:00,       135.074259
12/06/2009 19:00:00,       132.186332
12/06/2009 20:00:00,       122.715872
12/06/2009 21:00:00,       112.550842
12/06/2009 22:00:00,       102.358081
12/06/2009 23:00:00,        82.147816
12/07/2009 00:00:00,        65.334679
12/07/2009 01:00:00,        57.134085
12/07/2009 02:00:00,        41.689598
12/07/2009 03:00:00,        31.715443
12/07/2009 04:00:00,        21.912607
12/07/2009 05:00:00,        20.256488
12/07/2009 06:00:00,        19.104743
12/07/2009 07:00:00,        16.448624
12/07/2009 08:00:00,        10.477005
12/07/2009 09:00:00,        11.447306
12/07/2009 10:00:00,        24.346422
12/07/2009 11:00:00,        31.236826
12/07/2009 12:00:00,        36.615124
12/07/2009 13:00:00,        40.220207
12/07/2009 14:00:00,        31.545172
12/07/2009 15:00:00,        19.947096
12/07/2009 16:00:00,        10.684542
12/07/2009 17:00:00,         6.532161
12/07/2009 18:00:00,         2.635592
12/07/2009 19:00:00,         0.722739
12/07/2009 20:00:00,         0.060728
12/07/2009 21:00:00,         0.015843
12/07/2009 22:00:00,         0.017728
12/07/2009 23:00:00,         0.299452
12/08/2009 00:00:00,         0.909179
12/08/2009 01:00:00,         1.088829
12/08/2009 02:00:00,         1.105751
12/08/2009 03:00:00,         0.777621
12/08/2009 04:00:00,         0.244366
12/08/2009 05:00:00,         0.005334
12/08/2009 06:00:00,         0.000000
12/08/2009 07:00:00,         0.000000
12/08/2009 08:00:00,         0.000000
12/08/2009 09:00:00,         0.000000
12/08/2009 10:00:00,         0.000104
12/08/2009 11:00:00,         0.037653
12/08/2009 12:00:00,         0.075225
12/08/2009 13:00:00,         0.054800
12/08/2009 14:00:00,         0.056679
12/08/2009 15:00:00,         0.135139
12/08/2009 16:00:00,         0.777908
12/08/2009 17:00:00,         2.507094
12/08/2009 18:00:00,         6.694139
12/08/2009 19:00:00,        14.722144
12/08/2009 20:00:00,        25.496288
12/08/2009 21:00:00,        35.445891
12/08/2009 22:00:00,        55.971153
12/08/2009 23:00:00,        80.828597
12/09/2009 00:00:00,       112.321338
12/09/2009 01:00:00,        90.173701
12/09/2009 02:00:00,        56.828827
12/09/2009 03:00:00,        76.983029
12/09/2009 04:00:00,        78.533480
12/09/2009 05:00:00,        82.221010
12/09/2009 06:00:00,        87.171182
12/09/2009 07:00:00,       104.754280
12/09/2009 08:00:00,       234.127412
12/09/2009 09:00:00,       290.040209
12/09/2009 10:00:00,       302.839504
12/09/2009 11:00:00,       321.299820
12/09/2009 12:00:00,       345.209966
12/09/2009 13:00:00,       348.962894
12/09/2009 14:00:00,       349.010927
12/09/2009 15:00:00,       350.732519
12/09/2009 16:00:00,       349.770322
12/09/2009 17:00:00,       346.073986
12/09/2009 18:00:00,       333.509421
12/09/2009 19:00:00,       340.312435
12/09/2009 20:00:00,       340.928601
12/09/2009 21:00:00,       345.820908
12/09/2009 22:00:00,       348.305263
12/09/2009 23:00:00,       351.036888
12/10/2009 00:00:00,       351.756424
12/10/2009 01:00:00,       351.835786
12/10/2009 02:00:00,       351.859838
12/10/2009 03:00:00,       351.904569
12/10/2009 04:00:00,       351.926087
12/10/2009 05:00:00,       351.946981
12/10/2009 06:00:00,       351.904460
12/10/2009 07:00:00,       351.855303
12/10/2009 08:00:00,       351.847266
12/10/2009 09:00:00,       351.830561
12/10/2009 10:00:00,       351.779122
12/10/2009 11:00:00,       351.698721
12/10/2009 12:00:00,       351.553407
12/10/2009 13:00:00,       351.286653
12/10/2009 14:00:00,       350.953782
12/10/2009 15:00:00,       350.642863
12/10/2009 16:00:00,       350.453682
12/10/2009 17:00:00,       349.276389
12/10/2009 18:00:00,       342.378301
12/10/2009 19:00:00,       325.609781
12/10/2009 20:00:00,       325.614911
12/10/2009 21:00:00,       327.154905
12/10/2009 22:00:00,       328.875571
12/10/2009 23:00:00,       337.419116
12/11/2009 00:00:00,       342.885881
12/11/2009 01:00:00,       343.712261
12/11/2009 02:00:00,       344.219189
12/11/2009 03:00:00,       346.178159
12/11/2009 04:00:00,       348.744121
12/11/2009 05:00:00,       350.365783
12/11/2009 06:00:00,       350.570690
12/11/2009 07:00:00,       349.932920
12/11/2009 08:00:00,       349.207677
12/11/2009 09:00:00,       348.660662
12/11/2009 10:00:00,       347.811540
12/11/2009 11:00:00,       347.456947
12/11/2009 12:00:00,       347.528362
12/11/2009 13:00:00,       347.383363
12/11/2009 14:00:00,       345.941212
12/11/2009 15:00:00,       342.611290
12/11/2009 16:00:00,       319.751156
12/11/2009 17:00:00,       224.265083
12/11/2009 18:00:00,        91.891055
12/11/2009 19:00:00,        23.828790
12/11/2009 20:00:00,         7.888047
12/11/2009 21:00:00,        12.794867
12/11/2009 22:00:00,        39.731778
12/11/2009 23:00:00,        70.612884
12/12/2009 00:00:00,       125.551262
12/12/2009 01:00:00,       159.660050
12/12/2009 02:00:00,       157.039643
12/12/2009 03:00:00,       126.790932
12/12/2009 04:00:00,        89.535396
12/12/2009 05:00:00,        70.206056
12/12/2009 06:00:00,        57.958154
12/12/2009 07:00:00,        42.384727
12/12/2009 08:00:00,        19.024089
12/12/2009 09:00:00,         4.797710
12/12/2009 10:00:00,         1.132167
12/12/2009 11:00:00,         1.480468
12/12/2009 12:00:00,         9.305069
12/12/2009 13:00:00,        23.630698
12/12/2009 14:00:00,        36.230272
12/12/2009 15:00:00,        32.738655
12/12/2009 16:00:00,        23.986141
12/12/2009 17:00:00,        22.219809
12/12/2009 18:00:00,        22.716298
12/12/2009 19:00:00,        14.338828
12/12/2009 20:00:00,         6.976818
12/12/2009 21:00:00,         2.348187
12/12/2009 22:00:00,         1.227704
12/12/2009 23:00:00,         1.061950
12/13/2009 00:00:00,         1.632836
12/13/2009 01:00:00,         4.042801
12/13/2009 02:00:00,         7.049937
12/13/2009 03:00:00,         6.826065
12/13/2009 04:00:00,         5.085676
12/13/2009 05:00:00,         3.741396
12/13/2009 06:00:00,         2.801698
12/13/2009 07:00:00,         2.185249
12/13/2009 08:00:00,         2.667717
12/13/2009 09:00:00,         3.463188
12/13/2009 10:00:00,         3.023241
12/13/2009 11:00:00,         2.535533
12/13/2009 12:00:00,         2.832534
12/13/2009 13:00:00,         2.927480
12/13/2009 14:00:00,         3.248035
12/13/2009 15:00:00,         3.315896
12/13/2009 16:00:00,         3.294888
12/13/2009 17:00:00,         4.077069
12/13/2009 18:00:00,         5.116442
12/13/2009 19:00:00,         3.797260
12/13/2009 20:00:00,         2.484068
12/13/2009 21:00:00,         1.379590
12/13/2009 22:00:00,         0.669900
12/13/2009 23:00:00,         0.087868
12/14/2009 00:00:00,         0.020010
12/14/2009 01:00:00,         0.016528
12/14/2009 02:00:00,         0.021038
12/14/2009 03:00:00,         0.027920
12/14/2009 04:00:00,         0.003958
12/14/2009 05:00:00,         0.000000
12/14/2009 06:00:00,         0.000000
12/14/2009 07:00:00,         0.004963
12/14/2009 08:00:00,         0.224519
12/14/2009 09:00:00,         0.416954
12/14/2009 10:00:00,         0.056210
12/14/2009 11:00:00,         0.000000
12/14/2009 12:00:00,         0.000000
12/14/2009 13:00:00,         0.000000
12/14/2009 14:00:00,         0.000000
12/14/2009 15:00:00,         0.023246
12/14/2009 16:00:00,         1.422494
12/14/2009 17:00:00,        10.858734
12/14/2009 18:00:00,        26.298490
12/14/2009 19:00:00,        33.538749
12/14/2009 20:00:00,        31.881920
12/14/2009 21:00:00,        32.485429
12/14/2009 22:00:00,        57.616660
12/14/2009 23:00:00,       112.983189
12/15/2009 00:00:00,       196.753976
12/15/2009 01:00:00,       217.487702
12/15/2009 02:00:00,       171.654446
12/15/2009 03:00:00,       151.656127
12/15/2009 04:00:00,       166.492902
12/15/2009 05:00:00,       170.812711
12/15/2009 06:00:00,       153.345991
12/15/2009 07:00:00,       166.752101
12/15/2009 08:00:00,       219.260780
12/15/2009 09:00:00,       245.523068
12/15/2009 10:00:00,       337.317164
12/15/2009 11:00:00,       342.924488
12/15/2009 12:00:00,       306.320014
12/15/2009 13:00:00,       288.675854
12/15/2009 14:00:00,       270.601154
12/15/2009 15:00:00,       246.119562
12/15/2009 16:00:00,       217.632364
12/15/2009 17:00:00,       199.953348
12/15/2009 18:00:00,       255.950741
12/15/2009 19:00:00,       328.216856
12/15/2009 20:00:00,       344.052453
12/15/2009 21:00:00,       347.044450
12/15/2009 22:00:00,       336.873957
12/15/2009 23:00:00,       269.755140
12/16/2009 00:00:00,       141.060685
12/16/2009 01:00:00,        19.027376
12/16/2009 02:00:00,        24.502105
12/16/2009 03:00:00,        43.514991
12/16/2009 04:00:00,       149.326834
12/16/2009 05:00:00,       310.055781
12/16/2009 06:00:00,       166.131544
12/16/2009 07:00:00,       185.548482
12/16/2009 08:00:00,       243.276348
12/16/2009 09:00:00,       320.729275
12/16/2009 10:00:00,       343.210905
12/16/2009 11:00:00,       349.614140
12/16/2009 12:00:00,       351.911921
12/16/2009 13:00:00,       351.984975
12/16/2009 14:00:00,       351.965990
12/16/2009 15:00:00,       351.774347
12/16/2009 16:00:00,       341.653477
12/16/2009 17:00:00,       292.713893
12/16/2009 18:00:00,       295.787294
12/16/2009 19:00:00,       330.323037
12/16/2009 20:00:00,       336.815564
12/16/2009 21:00:00,       330.560196
12/16/2009 22:00:00,       300.255571
12/16/2009 23:00:00,       265.704992
12/17/2009 00:00:00,       218.197681
12/17/2009 01:00:00,       216.954570
12/17/2009 02:00:00,       266.202124
12/17/2009 03:00:00,       273.513607
12/17/2009 04:00:00,       281.992976
12/17/2009 05:00:00,       306.395311
12/17/2009 06:00:00,       338.704477
12/17/2009 07:00:00,       336.978106
12/17/2009 08:00:00,       313.256137
12/17/2009 09:00:00,       283.083129
12/17/2009 10:00:00,       279.727538
12/17/2009 11:00:00,       296.277122
12/17/2009 12:00:00,       347.641604
12/17/2009 13:00:00,       351.978205
12/17/2009 14:00:00,       351.898925
12/17/2009 15:00:00,       350.960927
12/17/2009 16:00:00,       346.869957
12/17/2009 17:00:00,       338.580724
12/17/2009 18:00:00,       325.451286
12/17/2009 19:00:00,       303.540590
12/17/2009 20:00:00,       271.804845
12/17/2009 21:00:00,       252.100497
12/17/2009 22:00:00,       231.851831
12/17/2009 23:00:00,       234.192554
12/18/2009 00:00:00,       267.916800
12/18/2009 01:00:00,       306.301467
12/18/2009 02:00:00,       306.899709
12/18/2009 03:00:00,       296.315660
12/18/2009 04:00:00,       270.493843
12/18/2009 05:00:00,       245.152838
12/18/2009 06:00:00,       253.547297
12/18/2009 07:00:00,       271.437424
12/18/2009 08:00:00,       263.155835
12/18/2009 09:00:00,       271.220669
12/18/2009 10:00:00,       278.332217
12/18/2009 11:00:00,       269.558832
12/18/2009 12:00:00,       235.494005
12/18/2009 13:00:00,       216.907285
12/18/2009 14:00:00,       243.219067
12/18/2009 15:00:00,       294.690731
12/18/2009 16:00:00,       311.498573
12/18/2009 17:00:00,       318.524274
12/18/2009 18:00:00,       322.733421
12/18/2009 19:00:00,       301.934697
12/18/2009 20:00:00,       302.080905
12/18/2009 21:00:00,       323.310581
12/18/2009 22:00:00,       341.919682
12/18/2009 23:00:00,       349.885843
12/19/2009 00:00:00,       351.425855
12/19/2009 01:00:00,       351.992174
12/19/2009 02:00:00,       351.933167
12/19/2009 03:00:00,       351.855962
12/19/2009 04:00:00,       351.688341
12/19/2009 05:00:00,       351.791486
12/19/2009 06:00:00,       351.896038
12/19/2009 07:00:00,       351.827133
12/19/2009 08:00:00,       351.293084
12/19/2009 09:00:00,       351.540534
12/19/2009 10:00:00,       351.018603
12/19/2009 11:00:00,       349.259756
12/19/2009 12:00:00,       349.731531
12/19/2009 13:00:00,       349.568302
12/19/2009 14:00:00,       348.072169
12/19/2009 15:00:00,       343.471508
12/19/2009 16:00:00,       338.851360
12/19/2009 17:00:00,       339.102624
12/19/2009 18:00:00,       330.206609
12/19/2009 19:00:00,       302.267022
12/19/2009 20:00:00,       288.775588
12/19/2009 21:00:00,       270.613039
12/19/2009 22:00:00,       257.287439
12/19/2009 23:00:00,       284.230822
12/20/2009 00:00:00,       263.741118
12/20/2009 01:00:00,       196.129120
12/20/2009 02:00:00,       183.231773
12/20/2009 03:00:00,       135.303310
12/20/2009 04:00:00,        88.959011
12/20/2009 05:00:00,        55.766603
12/20/2009 06:00:00,        39.961776
12/20/2009 07:00:00,        46.131768
12/20/2009 08:00:00,        56.137947
12/20/2009 09:00:00,        51.852042
12/20/2009 10:00:00,        53.833873
12/20/2009 11:00:00,       124.363312
12/20/2009 12:00:00,       147.618921
12/20/2009 13:00:00,       115.191079
12/20/2009 14:00:00,         0.000000
12/20/2009 15:00:00,         0.000000
12/20/2009 16:00:00,         0.000000
12/20/2009 17:00:00,         0.000000
12/20/2009 18:00:00,         3.256783
12/20/2009 19:00:00,         1.569913
12/20/2009 20:00:00,         0.029991
12/20/2009 21:00:00,         0.000000
12/20/2009 22:00:00,         0.001906
12/20/2009 23:00:00,         0.105404
12/21/2009 00:00:00,         0.000000
12/21/2009 01:00:00,         0.000000
12/21/2009 02:00:00,         0.000000
12/21/2009 03:00:00,         0.000000
12/21/2009 04:00:00,         0.000000
12/21/2009 05:00:00,         0.000000
12/21/2009 06:00:00,         0.000000
12/21/2009 07:00:00,         0.000000
12/21/2009 08:00:00,         0.000000
12/21/2009 09:00:00,         0.000000
12/21/2009 10:00:00,         0.000000
12/21/2009 11:00:00,         0.000000
12/21/2009 12:00:00,         0.000000
12/21/2009 13:00:00,         0.000000
12/21/2009 14:00:00,         0.000000
12/21/2009 15:00:00,         0.000000
12/21/2009 16:00:00,         0.000000
12/21/2009 17:00:00,         0.000000
12/21/2009 18:00:00,         0.000000
12/21/2009 19:00:00,         0.000000
12/21/2009 20:00:00,         0.000000
12/21/2009 21:00:00,         0.000000
12/21/2009 22:00:00,         0.000000
12/21/2009 23:00:00,         0.000000
12/22/2009 00:00:00,         0.000000
12/22/2009 01:00:00,         0.000000
12/22/2009 02:00:00,         0.000000
12/22/2009 03:00:00,         0.000000
12/22/2009 04:00:00,         0.000000
12/22/2009 05:00:00,         0.000000
12/22/2009 06:00:00,         0.000000
12/22/2009 07:00:00,         0.000000
12/22/2009 08:00:00,         0.000000
12/22/2009 09:00:00,         0.000000
12/22/2009 10:00:00,         2.659985
12/22/2009 11:00:00,        36.519057
12/22/2009 12:00:00,        39.742274
12/22/2009 13:00:00,        25.010607
12/22/2009 14:00:00,        14.832089
12/22/2009 15:00:00,        12.198481
12/22/2009 16:00:00,        11.058229
12/22/2009 17:00:00,         5.874065
12/22/2009 18:00:00,         1.306210
12/22/2009 19:00:00,         1.156676
12/22/2009 20:00:00,         1.846059
12/22/2009 21:00:00,         2.136577
12/22/2009 22:00:00,         3.604332
12/22/2009 23:00:00,         2.729182
12/23/2009 00:00:00,         3.964031
12/23/2009 01:00:00,        18.850099
12/23/2009 02:00:00,        43.121112
12/23/2009 03:00:00,        51.515408
12/23/2009 04:00:00,        55.203077
12/23/2009 05:00:00,        86.478319
12/23/2009 06:00:00,       133.995935
12/23/2009 07:00:00,       139.774902
12/23/2009 08:00:00,       129.005384
12/23/2009 09:00:00,       126.158437
12/23/2009 10:00:00,       130.044979
12/23/2009 11:00:00,       128.471708
12/23/2009 12:00:00,       143.099295
12/23/2009 13:00:00,       105.084091
12/23/2009 14:00:00,        60.826347
12/23/2009 15:00:00,        31.770360
12/23/2009 16:00:00,        14.731438
12/23/2009 17:00:00,        11.634748
12/23/2009 18:00:00,         4.316710
12/23/2009 19:00:00,         0.295376
12/23/2009 20:00:00,         0.000000
12/23/2009 21:00:00,         0.072668
12/23/2009 22:00:00,         1.536097
12/23/2009 23:00:00,         3.119463
12/24/2009 00:00:00,         6.539448
12/24/2009 01:00:00,        27.440890
12/24/2009 02:00:00,        40.184694
12/24/2009 03:00:00,        28.052614
12/24/2009 04:00:00,        75.078044
12/24/2009 05:00:00,        93.748574
12/24/2009 06:00:00,        72.667012
12/24/2009 07:00:00,       120.273791
12/24/2009 08:00:00,       253.539113
12/24/2009 09:00:00,       332.777469
12/24/2009 10:00:00,       343.159202
12/24/2009 11:00:00,       346.193610
12/24/2009 12:00:00,       348.934551
12/24/2009 13:00:00,       348.592279
12/24/2009 14:00:00,       348.800066
12/24/2009 15:00:00,       348.683619
12/24/2009 16:00:00,       346.659943
12/24/2009 17:00:00,       343.070299
12/24/2009 18:00:00,       336.836764
12/24/2009 19:00:00,       317.971082
12/24/2009 20:00:00,       282.492750
12/24/2009 21:00:00,       230.873779
12/24/2009 22:00:00,       214.440727
12/24/2009 23:00:00,       226.282914
12/25/2009 00:00:00,       228.211848
12/25/2009 01:00:00,       240.974044
12/25/2009 02:00:00,       280.670442
12/25/2009 03:00:00,       318.301209
12/25/2009 04:00:00,       333.508600
12/25/2009 05:00:00,       339.619454
12/25/2009 06:00:00,       340.181917
12/25/2009 07:00:00,       336.035847
12/25/2009 08:00:00,       323.195485
12/25/2009 09:00:00,       314.612183
12/25/2009 10:00:00,       311.796336
12/25/2009 11:00:00,       306.113896
12/25/2009 12:00:00,       293.152812
12/25/2009 13:00:00,       279.243846
12/25/2009 14:00:00,       268.434739
12/25/2009 15:00:00,       247.947017
12/25/2009 16:00:00,       208.719763
12/25/2009 17:00:00,       161.531108
12/25/2009 18:00:00,       114.567818
12/25/2009 19:00:00,        66.248311
12/25/2009 20:00:00,        49.355581
12/25/2009 21:00:00,        27.350718
12/25/2009 22:00:00,        14.155384
12/25/2009 23:00:00,        10.931314
12/26/2009 00:00:00,         9.216889
12/26/2009 01:00:00,         4.849714
12/26/2009 02:00:00,         2.366099
12/26/2009 03:00:00,         1.217043
12/26/2009 04:00:00,         0.666991
12/26/2009 05:00:00,         1.141152
12/26/2009 06:00:00,         2.359244
12/26/2009 07:00:00,         1.507968
12/26/2009 08:00:00,         0.350893
12/26/2009 09:00:00,         0.083441
12/26/2009 10:00:00,         0.000359
12/26/2009 11:00:00,         0.000000
12/26/2009 12:00:00,         0.000000
12/26/2009 13:00:00,         0.000000
12/26/2009 14:00:00,         0.001199
12/26/2009 15:00:00,         0.415738
12/26/2009 16:00:00,         2.969896
12/26/2009 17:00:00,        11.462853
12/26/2009 18:00:00,        28.871631
12/26/2009 19:00:00,        92.385211
12/26/2009 20:00:00,       120.701545
12/26/2009 21:00:00,       130.282501
12/26/2009 22:00:00,       126.945328
12/26/2009 23:00:00,        93.329837
12/27/2009 00:00:00,        70.766194
12/27/2009 01:00:00,        49.167801
12/27/2009 02:00:00,        33.764353
12/27/2009 03:00:00,        25.833266
12/27/2009 04:00:00,        28.863370
12/27/2009 05:00:00,        38.491680
12/27/2009 06:00:00,        47.434284
12/27/2009 07:00:00,        59.353713
12/27/2009 08:00:00,        68.635952
12/27/2009 09:00:00,        64.730549
12/27/2009 10:00:00,        68.043164
12/27/2009 11:00:00,        72.101138
12/27/2009 12:00:00,        71.757575
12/27/2009 13:00:00,        70.018873
12/27/2009 14:00:00,        73.008816
12/27/2009 15:00:00,        80.180977
12/27/2009 16:00:00,        78.262026
12/27/2009 17:00:00,        70.026514
12/27/2009 18:00:00,        65.167137
12/27/2009 19:00:00,        58.364655
12/27/2009 20:00:00,        55.766032
12/27/2009 21:00:00,        50.054870
12/27/2009 22:00:00,        51.454633
12/27/2009 23:00:00,        47.561318
12/28/2009 00:00:00,        34.984738
12/28/2009 01:00:00,        26.129052
12/28/2009 02:00:00,        22.965112
12/28/2009 03:00:00,        27.801005
12/28/2009 04:00:00,        41.833692
12/28/2009 05:00:00,        45.997612
12/28/2009 06:00:00,        45.671143
12/28/2009 07:00:00,        45.149767
12/28/2009 08:00:00,        47.314284
12/28/2009 09:00:00,        52.796379
12/28/2009 10:00:00,        60.877671
12/28/2009 11:00:00,        72.070644
12/28/2009 12:00:00,        74.156653
12/28/2009 13:00:00,        77.539623
12/28/2009 14:00:00,        70.369949
12/28/2009 15:00:00,        62.797435
12/28/2009 16:00:00,       102.345839
12/28/2009 17:00:00,       209.127008
12/28/2009 18:00:00,       221.661556
12/28/2009 19:00:00,       272.415090
12/28/2009 20:00:00,       301.501922
12/28/2009 21:00:00,       281.178349
12/28/2009 22:00:00,       284.561487
12/28/2009 23:00:00,       324.629015
12/29/2009 00:00:00,       346.659196
12/29/2009 01:00:00,       346.527118
12/29/2009 02:00:00,       346.886704
12/29/2009 03:00:00,       346.628836
12/29/2009 04:00:00,       347.654497
12/29/2009 05:00:00,       347.572739
12/29/2009 06:00:00,       350.773248
12/29/2009 07:00:00,       350.357891
12/29/2009 08:00:00,       348.729437
12/29/2009 09:00:00,       349.553931
12/29/2009 10:00:00,       350.415638
12/29/2009 11:00:00,       349.973312
12/29/2009 12:00:00,       349.114240
12/29/2009 13:00:00,       346.622898
12/29/2009 14:00:00,       343.311553
12/29/2009 15:00:00,       333.449539
12/29/2009 16:00:00,       311.694914
12/29/2009 17:00:00,       258.080054
12/29/2009 18:00:00,       174.272255
12/29/2009 19:00:00,       132.680717
12/29/2009 20:00:00,       135.260236
12/29/2009 21:00:00,       172.284137
12/29/2009 22:00:00,       184.509655
12/29/2009 23:00:00,       117.573516
12/30/2009 00:00:00,        81.335714
12/30/2009 01:00:00,        82.220747
12/30/2009 02:00:00,        95.120411
12/30/2009 03:00:00,       106.846870
12/30/2009 04:00:00,        90.185594
12/30/2009 05:00:00,        77.476994
12/30/2009 06:00:00,        98.513344
12/30/2009 07:00:00,        99.672750
12/30/2009 08:00:00,        64.934203
12/30/2009 09:00:00,        46.159459
12/30/2009 10:00:00,        41.979487
12/30/2009 11:00:00,        30.270302
12/30/2009 12:00:00,        36.215624
12/30/2009 13:00:00,        23.579969
12/30/2009 14:00:00,        20.270161
12/30/2009 15:00:00,        19.944473
12/30/2009 16:00:00,        14.960719
12/30/2009 17:00:00,         5.801425
12/30/2009 18:00:00,         0.846469
12/30/2009 19:00:00,         0.255255
12/30/2009 20:00:00,         0.809611
12/30/2009 21:00:00,         0.989309
12/30/2009 22:00:00,         1.396782
12/30/2009 23:00:00,         1.461613
12/31/2009 00:00:00,         1.101470
12/31/2009 01:00:00,         1.813848
12/31/2009 02:00:00,         6.055418
12/31/2009 03:00:00,        12.347348
12/31/2009 04:00:00,        19.087603
12/31/2009 05:00:00,        21.215644
12/31/2009 06:00:00,        21.874142
12/31/2009 07:00:00,        11.453104
12/31/2009 08:00:00,         1.443448
12/31/2009 09:00:00,         0.049925
12/31/2009 10:00:00,         0.000000
12/31/2009 11:00:00,         0.000000
12/31/2009 12:00:00,         0.378918
12/31/2009 13:00:00,         5.494279
12/31/2009 14:00:00,        13.088873
12/31/2009 15:00:00,        14.136460
12/31/2009 16:00:00,        15.868934
12/31/2009 17:00:00,        19.367097
12/31/2009 18:00:00,        24.466250
12/31/2009 19:00:00,        25.549319
12/31/2009 20:00:00,        25.301856
12/31/2009 21:00:00,        27.627849
12/31/2009 22:00:00,        26.761564
12/31/2009 23:00:00,        25.002921
01/01/2010 00:00:00,        24.495271
01/01/2010 01:00:00,        29.434350
01/01/2010 02:00:00,        45.177915
01/01/2010 03:00:00,        66.357705
01/01/2010 04:00:00,        84.821631
01/01/2010 05:00:00,       117.475244
01/01/2010 06:00:00,       155.585019
01/01/2010 07:00:00,       196.136299
01/01/2010 08:00:00,       235.367405
01/01/2010 09:00:00,       270.575841
01/01/2010 10:00:00,       292.977072
01/01/2010 11:00:00,       308.050319
01/01/2010 12:00:00,       314.861415
01/01/2010 13:00:00,       316.969421
01/01/2010 14:00:00,       315.379397
01/01/2010 15:00:00,       291.870027
01/01/2010 16:00:00,       246.552424
01/01/2010 17:00:00,       188.707620
01/01/2010 18:00:00,        31.050810
01/01/2010 19:00:00,        30.241095
01/01/2010 20:00:00,        29.412774
01/01/2010 21:00:00,        51.910955
01/01/2010 22:00:00,       114.386686
01/01/2010 23:00:00,       161.647494
01/02/2010 00:00:00,       201.977791
01/02/2010 01:00:00,       261.965953
01/02/2010 02:00:00,       283.002332
01/02/2010 03:00:00,       277.502800
01/02/2010 04:00:00,       312.491894
01/02/2010 05:00:00,       322.984680
01/02/2010 06:00:00,       333.383495
01/02/2010 07:00:00,       306.357238
01/02/2010 08:00:00,       285.937762
01/02/2010 09:00:00,       306.777717
01/02/2010 10:00:00,       317.232674
01/02/2010 11:00:00,       335.722074
01/02/2010 12:00:00,       344.299632
01/02/2010 13:00:00,       346.886908
01/02/2010 14:00:00,       350.770805
01/02/2010 15:00:00,       350.721473
01/02/2010 16:00:00,       349.817068
01/02/2010 17:00:00,       350.108274
01/02/2010 18:00:00,       350.519270
01/02/2010 19:00:00,       350.247862
01/02/2010 20:00:00,       348.540010
01/02/2010 21:00:00,       339.487316
01/02/2010 22:00:00,       334.858537
01/02/2010 23:00:00,       345.918258
01/03/2010 00:00:00,       337.625940
01/03/2010 01:00:00,       301.027004
01/03/2010 02:00:00,       219.209816
01/03/2010 03:00:00,       169.478926
01/03/2010 04:00:00,       179.609112
01/03/2010 05:00:00,       170.841811
01/03/2010 06:00:00,       148.043158
01/03/2010 07:00:00,       154.097215
01/03/2010 08:00:00,       149.739987
01/03/2010 09:00:00,       121.519062
01/03/2010 10:00:00,       113.664565
01/03/2010 11:00:00,        92.254149
01/03/2010 12:00:00,        64.678463
01/03/2010 13:00:00,        61.710016
01/03/2010 14:00:00,        58.358969
01/03/2010 15:00:00,        76.778924
01/03/2010 16:00:00,       102.747223
01/03/2010 17:00:00,       133.978227
01/03/2010 18:00:00,       167.550722
01/03/2010 19:00:00,       164.478664
01/03/2010 20:00:00,       137.751778
01/03/2010 21:00:00,       169.989504
01/03/2010 22:00:00,       205.908041
01/03/2010 23:00:00,       228.043869
01/04/2010 00:00:00,       260.356304
01/04/2010 01:00:00,       278.055554
01/04/2010 02:00:00,       274.299893
01/04/2010 03:00:00,       195.442577
01/04/2010 04:00:00,       182.475353
01/04/2010 05:00:00,       237.320314
01/04/2010 06:00:00,       245.225587
01/04/2010 07:00:00,         3.109610
01/04/2010 08:00:00,         0.000000
01/04/2010 09:00:00,         0.000000
01/04/2010 10:00:00,         0.000000
01/04/2010 11:00:00,         0.000000
01/04/2010 12:00:00,         0.608220
01/04/2010 13:00:00,         1.000082
01/04/2010 14:00:00,         1.378165
01/04/2010 15:00:00,         1.948428
01/04/2010 16:00:00,         0.427271
01/04/2010 17:00:00,         0.004880
01/04/2010 18:00:00,         0.000000
01/04/2010 19:00:00,         0.000000
01/04/2010 20:00:00,         0.000000
01/04/2010 21:00:00,         0.000000
01/04/2010 22:00:00,         0.000000
01/04/2010 23:00:00,         1.537320
01/05/2010 00:00:00,        12.869479
01/05/2010 01:00:00,        49.097577
01/05/2010 02:00:00,        33.953516
01/05/2010 03:00:00,        13.055631
01/05/2010 04:00:00,         5.249152
01/05/2010 05:00:00,         1.346253
01/05/2010 06:00:00,         0.113595
01/05/2010 07:00:00,         0.003013
01/05/2010 08:00:00,         0.044046
01/05/2010 09:00:00,         0.133757
01/05/2010 10:00:00,         0.011339
01/05/2010 11:00:00,         0.002585
01/05/2010 12:00:00,         0.162920
01/05/2010 13:00:00,         1.395533
01/05/2010 14:00:00,         5.735193
01/05/2010 15:00:00,        10.540914
01/05/2010 16:00:00,        17.900394
01/05/2010 17:00:00,        23.975000
01/05/2010 18:00:00,        27.645116
01/05/2010 19:00:00,        26.835418
01/05/2010 20:00:00,        25.343888
01/05/2010 21:00:00,        30.144392
01/05/2010 22:00:00,        41.262205
01/05/2010 23:00:00,        51.008107
01/06/2010 00:00:00,        60.898233
01/06/2010 01:00:00,        70.283258
01/06/2010 02:00:00,        80.459497
01/06/2010 03:00:00,       110.319995
01/06/2010 04:00:00,       115.770963
01/06/2010 05:00:00,       132.054125
01/06/2010 06:00:00,       148.234554
01/06/2010 07:00:00,       117.698879
01/06/2010 08:00:00,        83.056065
01/06/2010 09:00:00,        51.538291
01/06/2010 10:00:00,        32.619704
01/06/2010 11:00:00,        29.518581
01/06/2010 12:00:00,        28.871742
01/06/2010 13:00:00,        19.955490
01/06/2010 14:00:00,        16.153697
01/06/2010 15:00:00,        14.617343
01/06/2010 16:00:00,        12.330428
01/06/2010 17:00:00,         6.844945
01/06/2010 18:00:00,         3.031686
01/06/2010 19:00:00,         2.693419
01/06/2010 20:00:00,         1.757266
01/06/2010 21:00:00,         1.381058
01/06/2010 22:00:00,         1.823572
01/06/2010 23:00:00,         2.711746
01/07/2010 00:00:00,         4.756513
01/07/2010 01:00:00,         7.026634
01/07/2010 02:00:00,         6.617606
01/07/2010 03:00:00,        21.430327
01/07/2010 04:00:00,       111.654941
01/07/2010 05:00:00,       180.969910
01/07/2010 06:00:00,       197.068587
01/07/2010 07:00:00,       191.217197
01/07/2010 08:00:00,       195.599224
01/07/2010 09:00:00,       204.360860
01/07/2010 10:00:00,       212.419674
01/07/2010 11:00:00,       211.935443
01/07/2010 12:00:00,       198.877280
01/07/2010 13:00:00,       162.947389
01/07/2010 14:00:00,       144.044876
01/07/2010 15:00:00,       147.146018
01/07/2010 16:00:00,       168.130746
01/07/2010 17:00:00,       187.747974
01/07/2010 18:00:00,       190.585644
01/07/2010 19:00:00,       175.757601
01/07/2010 20:00:00,       169.045295
01/07/2010 21:00:00,       161.907589
01/07/2010 22:00:00,       153.558207
01/07/2010 23:00:00,       148.391255
01/08/2010 00:00:00,       143.178723
01/08/2010 01:00:00,       203.072865
01/08/2010 02:00:00,       306.542689
01/08/2010 03:00:00,       346.988437
01/08/2010 04:00:00,       351.698731
01/08/2010 05:00:00,       351.799606
01/08/2010 06:00:00,       351.934113
01/08/2010 07:00:00,       351.983624
01/08/2010 08:00:00,       351.615459
01/08/2010 09:00:00,       350.531858
01/08/2010 10:00:00,       349.987310
01/08/2010 11:00:00,       348.999244
01/08/2010 12:00:00,       348.528858
01/08/2010 13:00:00,       351.272127
01/08/2010 14:00:00,       351.794179
01/08/2010 15:00:00,       351.904716
01/08/2010 16:00:00,       351.922496
01/08/2010 17:00:00,       351.977137
01/08/2010 18:00:00,       351.991462
01/08/2010 19:00:00,       351.980632
01/08/2010 20:00:00,       351.627491
01/08/2010 21:00:00,       348.579572
01/08/2010 22:00:00,       341.342454
01/08/2010 23:00:00,       335.449207
01/09/2010 00:00:00,       339.177863
01/09/2010 01:00:00,       335.191444
01/09/2010 02:00:00,       336.359529
01/09/2010 03:00:00,       344.277475
01/09/2010 04:00:00,       348.229868
01/09/2010 05:00:00,       351.291587
01/09/2010 06:00:00,       351.646701
01/09/2010 07:00:00,       351.400567
01/09/2010 08:00:00,       351.264358
01/09/2010 09:00:00,       350.881075
01/09/2010 10:00:00,       349.816611
01/09/2010 11:00:00,       343.922923
01/09/2010 12:00:00,       351.974222
01/09/2010 13:00:00,       351.998381
01/09/2010 14:00:00,       351.999876
01/09/2010 15:00:00,       352.000000
01/09/2010 16:00:00,       352.000000
01/09/2010 17:00:00,       352.000000
01/09/2010 18:00:00,       351.999834
01/09/2010 19:00:00,       351.999793
01/09/2010 20:00:00,       351.997755
01/09/2010 21:00:00,       351.992911
01/09/2010 22:00:00,       351.871447
01/09/2010 23:00:00,       351.841583
01/10/2010 00:00:00,       351.925756
01/10/2010 01:00:00,       351.890924
01/10/2010 02:00:00,       351.784943
01/10/2010 03:00:00,       351.809653
01/10/2010 04:00:00,       351.829303
01/10/2010 05:00:00,       351.604744
01/10/2010 06:00:00,       350.064014
01/10/2010 07:00:00,       345.839742
01/10/2010 08:00:00,       349.763529
01/10/2010 09:00:00,       351.273314
01/10/2010 10:00:00,       351.102108
01/10/2010 11:00:00,       350.793496
01/10/2010 12:00:00,       347.374017
01/10/2010 13:00:00,       317.186544
01/10/2010 14:00:00,       302.504431
01/10/2010 15:00:00,       339.667415
01/10/2010 16:00:00,       350.080465
01/10/2010 17:00:00,       350.918629
01/10/2010 18:00:00,       350.153731
01/10/2010 19:00:00,       346.945311
01/10/2010 20:00:00,       335.262370
01/10/2010 21:00:00,       305.955681
01/10/2010 22:00:00,       264.501935
01/10/2010 23:00:00,       240.018471
01/11/2010 00:00:00,       281.660086
01/11/2010 01:00:00,       316.915286
01/11/2010 02:00:00,       309.606556
01/11/2010 03:00:00,       310.530412
01/11/2010 04:00:00,       315.462165
01/11/2010 05:00:00,       330.945093
01/11/2010 06:00:00,       345.080594
01/11/2010 07:00:00,       320.157636
01/11/2010 08:00:00,       339.666544
01/11/2010 09:00:00,       349.115214
01/11/2010 10:00:00,       343.543628
01/11/2010 11:00:00,       334.257012
01/11/2010 12:00:00,       350.486132
01/11/2010 13:00:00,       352.000000
01/11/2010 14:00:00,       352.000000
01/11/2010 15:00:00,       351.999873
01/11/2010 16:00:00,       351.709035
01/11/2010 17:00:00,       339.443825
01/11/2010 18:00:00,       309.016316
01/11/2010 19:00:00,       301.534249
01/11/2010 20:00:00,       351.201311
01/11/2010 21:00:00,       351.997239
01/11/2010 22:00:00,       351.671686
01/11/2010 23:00:00,       344.854028
01/12/2010 00:00:00,       315.980560
01/12/2010 01:00:00,       314.128819
01/12/2010 02:00:00,       323.185257
01/12/2010 03:00:00,       337.285974
01/12/2010 04:00:00,       337.932561
01/12/2010 05:00:00,       338.501969
01/12/2010 06:00:00,       338.415355
01/12/2010 07:00:00,       340.029997
01/12/2010 08:00:00,       350.564488
01/12/2010 09:00:00,       351.602626
01/12/2010 10:00:00,       349.055734
01/12/2010 11:00:00,       348.711764
01/12/2010 12:00:00,       350.166759
01/12/2010 13:00:00,       347.189931
01/12/2010 14:00:00,       349.040171
01/12/2010 15:00:00,       351.714836
01/12/2010 16:00:00,       336.976626
01/12/2010 17:00:00,       294.123590
01/12/2010 18:00:00,       262.942387
01/12/2010 19:00:00,       236.696889
01/12/2010 20:00:00,       230.070163
01/12/2010 21:00:00,       269.484819
01/12/2010 22:00:00,       199.107105
01/12/2010 23:00:00,       134.488748
01/13/2010 00:00:00,       140.169147
01/13/2010 01:00:00,       154.984788
01/13/2010 02:00:00,       158.079410
01/13/2010 03:00:00,       131.747428
01/13/2010 04:00:00,       120.956217
01/13/2010 05:00:00,       233.588390
01/13/2010 06:00:00,       299.909226
01/13/2010 07:00:00,       333.727091
01/13/2010 08:00:00,       348.966706
01/13/2010 09:00:00,       351.658415
01/13/2010 10:00:00,       351.730307
01/13/2010 11:00:00,       351.299152
01/13/2010 12:00:00,       346.813581
01/13/2010 13:00:00,       308.065701
01/13/2010 14:00:00,       183.090821
01/13/2010 15:00:00,       103.387534
01/13/2010 16:00:00,        91.193767
01/13/2010 17:00:00,        91.786779
01/13/2010 18:00:00,        91.397309
01/13/2010 19:00:00,        93.037175
01/13/2010 20:00:00,        84.075099
01/13/2010 21:00:00,        68.091805
01/13/2010 22:00:00,        57.863842
01/13/2010 23:00:00,        52.756026
01/14/2010 00:00:00,        58.716327
01/14/2010 01:00:00,       114.722904
01/14/2010 02:00:00,       164.083392
01/14/2010 03:00:00,       256.673677
01/14/2010 04:00:00,       290.828241
01/14/2010 05:00:00,       297.567437
01/14/2010 06:00:00,       330.128773
01/14/2010 07:00:00,       338.404878
01/14/2010 08:00:00,       338.347329
01/14/2010 09:00:00,       339.937955
01/14/2010 10:00:00,       330.906128
01/14/2010 11:00:00,       307.985652
01/14/2010 12:00:00,       327.710523
01/14/2010 13:00:00,       347.509251
01/14/2010 14:00:00,       350.029674
01/14/2010 15:00:00,       350.063064
01/14/2010 16:00:00,       350.234788
01/14/2010 17:00:00,       350.108684
01/14/2010 18:00:00,       347.885541
01/14/2010 19:00:00,       345.211963
01/14/2010 20:00:00,       349.681295
01/14/2010 21:00:00,       351.379316
01/14/2010 22:00:00,       350.988190
01/14/2010 23:00:00,       348.005029
01/15/2010 00:00:00,       348.778309
01/15/2010 01:00:00,       347.216874
01/15/2010 02:00:00,       285.808992
01/15/2010 03:00:00,       213.436171
01/15/2010 04:00:00,       317.449296
01/15/2010 05:00:00,       351.987076
01/15/2010 06:00:00,       352.000000
01/15/2010 07:00:00,       351.972271
01/15/2010 08:00:00,       336.240172
01/15/2010 09:00:00,       275.415975
01/15/2010 10:00:00,       261.279014
01/15/2010 11:00:00,       211.167748
01/15/2010 12:00:00,       174.305036
01/15/2010 13:00:00,       167.590325
01/15/2010 14:00:00,       160.696907
01/15/2010 15:00:00,       153.045141
01/15/2010 16:00:00,       130.645528
01/15/2010 17:00:00,       102.160033
01/15/2010 18:00:00,       147.853006
01/15/2010 19:00:00,       246.719151
01/15/2010 20:00:00,       258.109817
01/15/2010 21:00:00,       269.455565
01/15/2010 22:00:00,       329.882647
01/15/2010 23:00:00,       350.805483
01/16/2010 00:00:00,       349.856017
01/16/2010 01:00:00,       351.114144
01/16/2010 02:00:00,       351.932697
01/16/2010 03:00:00,       351.993378
01/16/2010 04:00:00,       351.999629
01/16/2010 05:00:00,       351.999995
01/16/2010 06:00:00,       351.992170
01/16/2010 07:00:00,       347.751615
01/16/2010 08:00:00,       292.680809
01/16/2010 09:00:00,       243.589172
01/16/2010 10:00:00,       213.490332
01/16/2010 11:00:00,       122.292003
01/16/2010 12:00:00,        25.862655
01/16/2010 13:00:00,         2.352655
01/16/2010 14:00:00,         2.142035
01/16/2010 15:00:00,         1.594252
01/16/2010 16:00:00,         1.627408
01/16/2010 17:00:00,         9.571066
01/16/2010 18:00:00,        32.465025
01/16/2010 19:00:00,        56.755896
01/16/2010 20:00:00,        30.266416
01/16/2010 21:00:00,        23.706071
01/16/2010 22:00:00,        11.743902
01/16/2010 23:00:00,        58.879238
01/17/2010 00:00:00,        42.899686
01/17/2010 01:00:00,        32.127963
01/17/2010 02:00:00,        18.416305
01/17/2010 03:00:00,         7.001908
01/17/2010 04:00:00,         4.941440
01/17/2010 05:00:00,         6.356037
01/17/2010 06:00:00,         1.718669
01/17/2010 07:00:00,         0.138387
01/17/2010 08:00:00,         0.988718
01/17/2010 09:00:00,        29.069577
01/17/2010 10:00:00,       133.549499
01/17/2010 11:00:00,       163.391844
01/17/2010 12:00:00,       196.438319
01/17/2010 13:00:00,       209.481664
01/17/2010 14:00:00,       205.053049
01/17/2010 15:00:00,       171.614990
01/17/2010 16:00:00,       179.341298
01/17/2010 17:00:00,       199.680289
01/17/2010 18:00:00,       161.450894
01/17/2010 19:00:00,       130.909005
01/17/2010 20:00:00,       118.327168
01/17/2010 21:00:00,       100.344815
01/17/2010 22:00:00,        98.080889
01/17/2010 23:00:00,       102.712490
01/18/2010 00:00:00,       113.641316
01/18/2010 01:00:00,       128.746424
01/18/2010 02:00:00,       174.079267
01/18/2010 03:00:00,       238.637552
01/18/2010 04:00:00,       301.616591
01/18/2010 05:00:00,       337.960944
01/18/2010 06:00:00,       348.948047
01/18/2010 07:00:00,       330.495837
01/18/2010 08:00:00,       278.124061
01/18/2010 09:00:00,       200.327718
01/18/2010 10:00:00,       162.987400
01/18/2010 11:00:00,       215.351745
01/18/2010 12:00:00,       272.846708
01/18/2010 13:00:00,       248.749299
01/18/2010 14:00:00,       217.110075
01/18/2010 15:00:00,       233.366629
01/18/2010 16:00:00,       139.226264
01/18/2010 17:00:00,       147.349291
01/18/2010 18:00:00,       189.448732
01/18/2010 19:00:00,       175.964371
01/18/2010 20:00:00,       138.977958
01/18/2010 21:00:00,       131.077651
01/18/2010 22:00:00,       112.273537
01/18/2010 23:00:00,        84.878754
01/19/2010 00:00:00,        66.724925
01/19/2010 01:00:00,        69.532400
01/19/2010 02:00:00,       113.882959
01/19/2010 03:00:00,       131.096741
01/19/2010 04:00:00,       102.682657
01/19/2010 05:00:00,       128.333499
01/19/2010 06:00:00,       109.266714
01/19/2010 07:00:00,        73.218383
01/19/2010 08:00:00,        39.501754
01/19/2010 09:00:00,        37.166865
01/19/2010 10:00:00,        48.431949
01/19/2010 11:00:00,        39.733132
01/19/2010 12:00:00,        22.885294
01/19/2010 13:00:00,         9.425300
01/19/2010 14:00:00,         3.880042
01/19/2010 15:00:00,         1.971165
01/19/2010 16:00:00,         0.159405
01/19/2010 17:00:00,         0.000000
01/19/2010 18:00:00,         0.106953
01/19/2010 19:00:00,         1.661068
01/19/2010 20:00:00,        14.516117
01/19/2010 21:00:00,        13.394297
01/19/2010 22:00:00,        28.252087
01/19/2010 23:00:00,        26.250880
01/20/2010 00:00:00,        22.616781
01/20/2010 01:00:00,        44.093988
01/20/2010 02:00:00,        63.582472
01/20/2010 03:00:00,        71.588267
01/20/2010 04:00:00,        66.887021
01/20/2010 05:00:00,        48.740322
01/20/2010 06:00:00,        46.271528
01/20/2010 07:00:00,        64.747836
01/20/2010 08:00:00,        66.577639
01/20/2010 09:00:00,         8.749027
01/20/2010 10:00:00,         0.236319
01/20/2010 11:00:00,         0.347106
01/20/2010 12:00:00,         0.048920
01/20/2010 13:00:00,         0.000000
01/20/2010 14:00:00,         0.000000
01/20/2010 15:00:00,         0.140138
01/20/2010 16:00:00,         0.801967
01/20/2010 17:00:00,        13.036912
01/20/2010 18:00:00,        18.714862
01/20/2010 19:00:00,        10.162089
01/20/2010 20:00:00,         8.045228
01/20/2010 21:00:00,         4.702764
01/20/2010 22:00:00,         6.421357
01/20/2010 23:00:00,         9.126772
01/21/2010 00:00:00,         8.857069
01/21/2010 01:00:00,        53.549822
01/21/2010 02:00:00,        76.218834
01/21/2010 03:00:00,        74.505828
01/21/2010 04:00:00,        27.553314
01/21/2010 05:00:00,        20.614696
01/21/2010 06:00:00,        64.557941
01/21/2010 07:00:00,        65.927811
01/21/2010 08:00:00,        74.808101
01/21/2010 09:00:00,        53.500580
01/21/2010 10:00:00,        44.349527
01/21/2010 11:00:00,        36.869064
01/21/2010 12:00:00,        37.551043
01/21/2010 13:00:00,        38.356209
01/21/2010 14:00:00,        41.725795
01/21/2010 15:00:00,        41.710004
01/21/2010 16:00:00,        42.182519
01/21/2010 17:00:00,        50.879785
01/21/2010 18:00:00,        98.684376
01/21/2010 19:00:00,        69.043477
01/21/2010 20:00:00,        31.762483
01/21/2010 21:00:00,        27.345353
01/21/2010 22:00:00,        25.417385
01/21/2010 23:00:00,        18.142051
01/22/2010 00:00:00,        18.135146
01/22/2010 01:00:00,        19.735341
01/22/2010 02:00:00,        15.547566
01/22/2010 03:00:00,        14.651044
01/22/2010 04:00:00,        12.679534
01/22/2010 05:00:00,         5.113728
01/22/2010 06:00:00,         0.443114
01/22/2010 07:00:00,         0.000000
01/22/2010 08:00:00,         0.000000
01/22/2010 09:00:00,         0.000000
01/22/2010 10:00:00,         0.000000
01/22/2010 11:00:00,         0.000000
01/22/2010 12:00:00,         0.000000
01/22/2010 13:00:00,         0.000000
01/22/2010 14:00:00,         0.000000
01/22/2010 15:00:00,         0.000000
01/22/2010 16:00:00,         0.017755
01/22/2010 17:00:00,         0.000000
01/22/2010 18:00:00,         0.031583
01/22/2010 19:00:00,         0.676791
01/22/2010 20:00:00,         1.173952
01/22/2010 21:00:00,         1.031564
01/22/2010 22:00:00,         1.021388
01/22/2010 23:00:00,         5.219927
01/23/2010 00:00:00,        18.564850
01/23/2010 01:00:00,        23.407969
01/23/2010 02:00:00,        26.222076
01/23/2010 03:00:00,        32.035250
01/23/2010 04:00:00,        21.662314
01/23/2010 05:00:00,        82.216515
01/23/2010 06:00:00,       136.624362
01/23/2010 07:00:00,       124.335116
01/23/2010 08:00:00,       140.707143
01/23/2010 09:00:00,       172.837532
01/23/2010 10:00:00,       202.122328
01/23/2010 11:00:00,       222.715510
01/23/2010 12:00:00,       245.476301
01/23/2010 13:00:00,       245.977139
01/23/2010 14:00:00,       274.230480
01/23/2010 15:00:00,       303.519341
01/23/2010 16:00:00,       315.264441
01/23/2010 17:00:00,       315.401952
01/23/2010 18:00:00,       332.360756
01/23/2010 19:00:00,       331.920696
01/23/2010 20:00:00,       324.340342
01/23/2010 21:00:00,       318.353492
01/23/2010 22:00:00,       311.425524
01/23/2010 23:00:00,       298.954544
01/24/2010 00:00:00,       284.822983
01/24/2010 01:00:00,       248.760952
01/24/2010 02:00:00,       233.891113
01/24/2010 03:00:00,       230.027652
01/24/2010 04:00:00,       225.219431
01/24/2010 05:00:00,       222.838183
01/24/2010 06:00:00,       268.275638
01/24/2010 07:00:00,       280.326316
01/24/2010 08:00:00,       257.470640
01/24/2010 09:00:00,       214.216387
01/24/2010 10:00:00,       173.236990
01/24/2010 11:00:00,       150.195161
01/24/2010 12:00:00,       151.362225
01/24/2010 13:00:00,       135.570644
01/24/2010 14:00:00,       122.254258
01/24/2010 15:00:00,       106.287070
01/24/2010 16:00:00,        65.196338
01/24/2010 17:00:00,        57.316160
01/24/2010 18:00:00,        85.268544
01/24/2010 19:00:00,        81.269697
01/24/2010 20:00:00,        78.717531
01/24/2010 21:00:00,        80.886365
01/24/2010 22:00:00,        70.240163
01/24/2010 23:00:00,        54.264666
01/25/2010 00:00:00,        39.702013
01/25/2010 01:00:00,        26.022436
01/25/2010 02:00:00,        16.715868
01/25/2010 03:00:00,        11.091319
01/25/2010 04:00:00,         7.631143
01/25/2010 05:00:00,         2.546091
01/25/2010 06:00:00,         1.150477
01/25/2010 07:00:00,         0.603404
01/25/2010 08:00:00,         0.010966
01/25/2010 09:00:00,         0.000000
01/25/2010 10:00:00,         0.000000
01/25/2010 11:00:00,         0.064461
01/25/2010 12:00:00,         0.528840
01/25/2010 13:00:00,        23.160985
01/25/2010 14:00:00,        79.079589
01/25/2010 15:00:00,       128.842517
01/25/2010 16:00:00,       172.272472
01/25/2010 17:00:00,       178.082194
01/25/2010 18:00:00,        85.443053
01/25/2010 19:00:00,       130.128803
01/25/2010 20:00:00,       113.971303
01/25/2010 21:00:00,        67.674886
01/25/2010 22:00:00,        21.019974
01/25/2010 23:00:00,         9.035299
01/26/2010 00:00:00,         3.278542
01/26/2010 01:00:00,         0.091699
01/26/2010 02:00:00,         0.000000
01/26/2010 03:00:00,         0.170712
01/26/2010 04:00:00,         0.935406
01/26/2010 05:00:00,         5.522345
01/26/2010 06:00:00,        22.171200
01/26/2010 07:00:00,        15.000730
01/26/2010 08:00:00,         4.021858
01/26/2010 09:00:00,         2.364033
01/26/2010 10:00:00,         1.851159
01/26/2010 11:00:00,         1.165369
01/26/2010 12:00:00,         0.526576
01/26/2010 13:00:00,         0.051955
01/26/2010 14:00:00,         0.019073
01/26/2010 15:00:00,         0.044897
01/26/2010 16:00:00,         0.016226
01/26/2010 17:00:00,         0.000000
01/26/2010 18:00:00,         0.000000
01/26/2010 19:00:00,         0.000000
01/26/2010 20:00:00,         0.000000
01/26/2010 21:00:00,         0.000000
01/26/2010 22:00:00,         0.000000
01/26/2010 23:00:00,         0.000000
01/27/2010 00:00:00,         0.000000
01/27/2010 01:00:00,         0.103633
01/27/2010 02:00:00,         0.810609
01/27/2010 03:00:00,         2.220199
01/27/2010 04:00:00,         2.860901
01/27/2010 05:00:00,         1.998722
01/27/2010 06:00:00,         6.894344
01/27/2010 07:00:00,        18.881695
01/27/2010 08:00:00,        17.128836
01/27/2010 09:00:00,         8.887765
01/27/2010 10:00:00,         4.188615
01/27/2010 11:00:00,         3.927575
01/27/2010 12:00:00,         3.170782
01/27/2010 13:00:00,         1.121215
01/27/2010 14:00:00,         0.475574
01/27/2010 15:00:00,         0.352773
01/27/2010 16:00:00,         0.171892
01/27/2010 17:00:00,         0.016241
01/27/2010 18:00:00,         0.000000
01/27/2010 19:00:00,         0.000000
01/27/2010 20:00:00,         0.000000
01/27/2010 21:00:00,         0.217207
01/27/2010 22:00:00,         1.205353
01/27/2010 23:00:00,         8.480998
01/28/2010 00:00:00,        29.946510
01/28/2010 01:00:00,        55.208012
01/28/2010 02:00:00,       120.045300
01/28/2010 03:00:00,       200.956269
01/28/2010 04:00:00,       212.963911
01/28/2010 05:00:00,       178.589723
01/28/2010 06:00:00,       154.110740
01/28/2010 07:00:00,       137.584019
01/28/2010 08:00:00,       115.548106
01/28/2010 09:00:00,        84.058831
01/28/2010 10:00:00,        52.239616
01/28/2010 11:00:00,        84.997613
01/28/2010 12:00:00,       126.632766
01/28/2010 13:00:00,       151.838265
01/28/2010 14:00:00,       184.848954
01/28/2010 15:00:00,       199.196766
01/28/2010 16:00:00,       214.278130
01/28/2010 17:00:00,       242.358655
01/28/2010 18:00:00,       249.516981
01/28/2010 19:00:00,       223.441101
01/28/2010 20:00:00,       243.779581
01/28/2010 21:00:00,       289.657278
01/28/2010 22:00:00,       312.732929
01/28/2010 23:00:00,       328.985502
01/29/2010 00:00:00,       339.015519
01/29/2010 01:00:00,       344.832911
01/29/2010 02:00:00,       348.218816
01/29/2010 03:00:00,       344.125176
01/29/2010 04:00:00,       330.365838
01/29/2010 05:00:00,       302.871913
01/29/2010 06:00:00,       244.312998
01/29/2010 07:00:00,       177.474531
01/29/2010 08:00:00,       134.411138
01/29/2010 09:00:00,       101.963000
01/29/2010 10:00:00,        90.871368
01/29/2010 11:00:00,        72.418975
01/29/2010 12:00:00,        45.709508
01/29/2010 13:00:00,        26.257272
01/29/2010 14:00:00,        15.598348
01/29/2010 15:00:00,         9.936222
01/29/2010 16:00:00,         1.420881
01/29/2010 17:00:00,         0.010146
01/29/2010 18:00:00,         0.000000
01/29/2010 19:00:00,         0.000000
01/29/2010 20:00:00,         0.000000
01/29/2010 21:00:00,         0.125229
01/29/2010 22:00:00,         0.718048
01/29/2010 23:00:00,         1.929547
01/30/2010 00:00:00,         2.568951
01/30/2010 01:00:00,         1.492205
01/30/2010 02:00:00,         0.916680
01/30/2010 03:00:00,         0.485331
01/30/2010 04:00:00,         0.185642
01/30/2010 05:00:00,         0.098646
01/30/2010 06:00:00,         0.517648
01/30/2010 07:00:00,         0.969019
01/30/2010 08:00:00,         2.098919
01/30/2010 09:00:00,         0.125171
01/30/2010 10:00:00,         0.000000
01/30/2010 11:00:00,         1.082677
01/30/2010 12:00:00,        12.896845
01/30/2010 13:00:00,        20.923741
01/30/2010 14:00:00,        31.382506
01/30/2010 15:00:00,        38.511183
01/30/2010 16:00:00,        12.874379
01/30/2010 17:00:00,        13.697956
01/30/2010 18:00:00,        14.283991
01/30/2010 19:00:00,         7.286202
01/30/2010 20:00:00,         3.620769
01/30/2010 21:00:00,         1.603581
01/30/2010 22:00:00,         0.586186
01/30/2010 23:00:00,         0.737817
01/31/2010 00:00:00,         4.557227
01/31/2010 01:00:00,         8.826634
01/31/2010 02:00:00,         9.605914
01/31/2010 03:00:00,         2.722432
01/31/2010 04:00:00,         1.068937
01/31/2010 05:00:00,         1.452154
01/31/2010 06:00:00,         0.565053
01/31/2010 07:00:00,         0.000000
01/31/2010 08:00:00,         0.359796
01/31/2010 09:00:00,        14.481926
01/31/2010 10:00:00,        35.687056
01/31/2010 11:00:00,        32.597417
01/31/2010 12:00:00,         9.497678
01/31/2010 13:00:00,        10.680812
01/31/2010 14:00:00,         9.209792
01/31/2010 15:00:00,         7.065425
01/31/2010 16:00:00,        19.813499
01/31/2010 17:00:00,        25.751734
01/31/2010 18:00:00,        36.731440
01/31/2010 19:00:00,        50.597143
01/31/2010 20:00:00,        33.441110
01/31/2010 21:00:00,        27.842364
01/31/2010 22:00:00,        37.156973
01/31/2010 23:00:00,        28.911664
02/01/2010 00:00:00,        19.838747
02/01/2010 01:00:00,         6.658159
02/01/2010 02:00:00,         9.010424
02/01/2010 03:00:00,        18.881757
02/01/2010 04:00:00,        39.224940
02/01/2010 05:00:00,        17.077982
02/01/2010 06:00:00,         5.240637
02/01/2010 07:00:00,         9.229678
02/01/2010 08:00:00,        15.739447
02/01/2010 09:00:00,        27.748411
02/01/2010 10:00:00,        34.044228
02/01/2010 11:00:00,        75.156930
02/01/2010 12:00:00,       173.261811
02/01/2010 13:00:00,       229.520483
02/01/2010 14:00:00,       234.041321
02/01/2010 15:00:00,       234.677089
02/01/2010 16:00:00,       244.284917
02/01/2010 17:00:00,       228.628002
02/01/2010 18:00:00,       205.691770
02/01/2010 19:00:00,       192.303494
02/01/2010 20:00:00,       176.884572
02/01/2010 21:00:00,       149.005395
02/01/2010 22:00:00,       164.233570
02/01/2010 23:00:00,       203.939402
02/02/2010 00:00:00,       231.552868
02/02/2010 01:00:00,       245.526134
02/02/2010 02:00:00,       235.667446
02/02/2010 03:00:00,       227.316607
02/02/2010 04:00:00,       227.910609
02/02/2010 05:00:00,       205.719096
02/02/2010 06:00:00,       187.814749
02/02/2010 07:00:00,       175.531780
02/02/2010 08:00:00,       222.814282
02/02/2010 09:00:00,       250.624180
02/02/2010 10:00:00,       235.344054
02/02/2010 11:00:00,       212.261177
02/02/2010 12:00:00,       195.626404
02/02/2010 13:00:00,       161.708945
02/02/2010 14:00:00,       147.435146
02/02/2010 15:00:00,       129.151116
02/02/2010 16:00:00,        96.010501
02/02/2010 17:00:00,        75.003586
02/02/2010 18:00:00,        53.145694
02/02/2010 19:00:00,        13.459165
02/02/2010 20:00:00,         1.947687
02/02/2010 21:00:00,         0.209508
02/02/2010 22:00:00,         1.073318
02/02/2010 23:00:00,        12.694578
02/03/2010 00:00:00,        48.881325
02/03/2010 01:00:00,        88.834622
02/03/2010 02:00:00,       101.062571
02/03/2010 03:00:00,       160.680238
02/03/2010 04:00:00,       183.026316
02/03/2010 05:00:00,       163.291100
02/03/2010 06:00:00,       168.032796
02/03/2010 07:00:00,       161.816809
02/03/2010 08:00:00,       142.652571
02/03/2010 09:00:00,       110.943147
02/03/2010 10:00:00,        74.013269
02/03/2010 11:00:00,        32.919009
02/03/2010 12:00:00,        12.226431
02/03/2010 13:00:00,         3.108912
02/03/2010 14:00:00,         2.310031
02/03/2010 15:00:00,         1.571003
02/03/2010 16:00:00,         0.809541
02/03/2010 17:00:00,         0.769704
02/03/2010 18:00:00,         0.370903
02/03/2010 19:00:00,         0.000657
02/03/2010 20:00:00,         0.011267
02/03/2010 21:00:00,         0.030669
02/03/2010 22:00:00,         0.012814
02/03/2010 23:00:00,         0.261853
02/04/2010 00:00:00,         0.780750
02/04/2010 01:00:00,         3.110718
02/04/2010 02:00:00,         7.741908
02/04/2010 03:00:00,        12.224091
02/04/2010 04:00:00,         5.266828
02/04/2010 05:00:00,         0.043600
02/04/2010 06:00:00,         0.000000
02/04/2010 07:00:00,         6.956163
02/04/2010 08:00:00,        15.234300
02/04/2010 09:00:00,        25.705318
02/04/2010 10:00:00,        44.931258
02/04/2010 11:00:00,        57.868343
02/04/2010 12:00:00,        65.165709
02/04/2010 13:00:00,        75.844248
02/04/2010 14:00:00,        50.936924
02/04/2010 15:00:00,        11.761229
02/04/2010 16:00:00,         3.112861
02/04/2010 17:00:00,         6.267249
02/04/2010 18:00:00,         3.383359
02/04/2010 19:00:00,         0.840549
02/04/2010 20:00:00,         0.771928
02/04/2010 21:00:00,         1.207008
02/04/2010 22:00:00,         1.899617
02/04/2010 23:00:00,         3.434059
02/05/2010 00:00:00,         3.228538
02/05/2010 01:00:00,         2.926321
02/05/2010 02:00:00,         3.538032
02/05/2010 03:00:00,         3.756046
02/05/2010 04:00:00,         1.344639
02/05/2010 05:00:00,         0.353633
02/05/2010 06:00:00,         0.021403
02/05/2010 07:00:00,         0.000000
02/05/2010 08:00:00,         0.000000
02/05/2010 09:00:00,         0.000000
02/05/2010 10:00:00,         2.859361
02/05/2010 11:00:00,         8.933302
02/05/2010 12:00:00,        20.628793
02/05/2010 13:00:00,        35.988173
02/05/2010 14:00:00,        37.519085
02/05/2010 15:00:00,        39.371331
02/05/2010 16:00:00,        33.574443
02/05/2010 17:00:00,        20.386771
02/05/2010 18:00:00,         7.708713
02/05/2010 19:00:00,         0.000000
02/05/2010 20:00:00,         0.000000
02/05/2010 21:00:00,         0.000000
02/05/2010 22:00:00,         0.000000
02/05/2010 23:00:00,         0.000000
02/06/2010 00:00:00,         0.000000
02/06/2010 01:00:00,         0.000000
02/06/2010 02:00:00,         0.000000
02/06/2010 03:00:00,         2.763321
02/06/2010 04:00:00,         1.690161
02/06/2010 05:00:00,         1.706170
02/06/2010 06:00:00,         2.432058
02/06/2010 07:00:00,         1.283020
02/06/2010 08:00:00,         0.635395
02/06/2010 09:00:00,         0.725040
02/06/2010 10:00:00,         1.818916
02/06/2010 11:00:00,         6.498757
02/06/2010 12:00:00,        10.564650
02/06/2010 13:00:00,        11.935461
02/06/2010 14:00:00,         8.694099
02/06/2010 15:00:00,         6.343959
02/06/2010 16:00:00,         5.226756
02/06/2010 17:00:00,         4.785485
02/06/2010 18:00:00,         4.641728
02/06/2010 19:00:00,         3.280656
02/06/2010 20:00:00,         0.509210
02/06/2010 21:00:00,         0.000000
02/06/2010 22:00:00,         0.000000
02/06/2010 23:00:00,         0.000000
02/07/2010 00:00:00,         0.000000
02/07/2010 01:00:00,         0.000000
02/07/2010 02:00:00,         0.000000
02/07/2010 03:00:00,         0.000000
02/07/2010 04:00:00,         0.000000
02/07/2010 05:00:00,         0.000000
02/07/2010 06:00:00,         0.000000
02/07/2010 07:00:00,         0.000000
02/07/2010 08:00:00,         0.000000
02/07/2010 09:00:00,         0.000000
02/07/2010 10:00:00,         1.292230
02/07/2010 11:00:00,         8.489978
02/07/2010 12:00:00,        18.990707
02/07/2010 13:00:00,        23.365472
02/07/2010 14:00:00,        32.852496
02/07/2010 15:00:00,        27.398109
02/07/2010 16:00:00,        24.670684
02/07/2010 17:00:00,        27.738458
02/07/2010 18:00:00,        28.432910
02/07/2010 19:00:00,        14.461883
02/07/2010 20:00:00,         0.000000
02/07/2010 21:00:00,         0.000000
02/07/2010 22:00:00,         0.000000
02/07/2010 23:00:00,         0.000000
02/08/2010 00:00:00,         0.000000
02/08/2010 01:00:00,         0.000000
02/08/2010 02:00:00,         0.000000
02/08/2010 03:00:00,         0.000000
02/08/2010 04:00:00,         0.000000
02/08/2010 05:00:00,         0.000000
02/08/2010 06:00:00,         0.000000
02/08/2010 07:00:00,         0.000000
02/08/2010 08:00:00,         2.949474
02/08/2010 09:00:00,        12.505550
02/08/2010 10:00:00,        21.506334
02/08/2010 11:00:00,        32.738511
02/08/2010 12:00:00,        40.108111
02/08/2010 13:00:00,        49.712191
02/08/2010 14:00:00,        61.124233
02/08/2010 15:00:00,        73.181703
02/08/2010 16:00:00,        74.851497
02/08/2010 17:00:00,        74.758166
02/08/2010 18:00:00,        72.834634
02/08/2010 19:00:00,        56.076804
02/08/2010 20:00:00,        27.616484
02/08/2010 21:00:00,         0.000000
02/08/2010 22:00:00,         0.000000
02/08/2010 23:00:00,         0.000000
02/09/2010 00:00:00,         0.000000
02/09/2010 01:00:00,         0.000000
02/09/2010 02:00:00,         0.000000
02/09/2010 03:00:00,         4.204249
02/09/2010 04:00:00,         4.240180
02/09/2010 05:00:00,         6.554986
02/09/2010 06:00:00,        10.839346
02/09/2010 07:00:00,        25.484656
02/09/2010 08:00:00,        22.681214
02/09/2010 09:00:00,        22.249335
02/09/2010 10:00:00,        42.151560
02/09/2010 11:00:00,        76.834259
02/09/2010 12:00:00,       108.481322
02/09/2010 13:00:00,       136.241247
02/09/2010 14:00:00,       142.343319
02/09/2010 15:00:00,       158.804916
02/09/2010 16:00:00,       202.832115
02/09/2010 17:00:00,       260.077581
02/09/2010 18:00:00,       296.610413
02/09/2010 19:00:00,       256.497830
02/09/2010 20:00:00,       150.878901
02/09/2010 21:00:00,        81.494089
02/09/2010 22:00:00,        64.086013
02/09/2010 23:00:00,        78.490187
02/10/2010 00:00:00,       104.843990
02/10/2010 01:00:00,       151.581156
02/10/2010 02:00:00,       185.024630
02/10/2010 03:00:00,       228.537077
02/10/2010 04:00:00,       268.129157
02/10/2010 05:00:00,       271.598963
02/10/2010 06:00:00,       279.297162
02/10/2010 07:00:00,       290.255593
02/10/2010 08:00:00,       303.988327
02/10/2010 09:00:00,       313.973588
02/10/2010 10:00:00,       314.579937
02/10/2010 11:00:00,       321.850607
02/10/2010 12:00:00,       330.160100
02/10/2010 13:00:00,       338.786889
02/10/2010 14:00:00,       331.823936
02/10/2010 15:00:00,       337.092129
02/10/2010 16:00:00,       341.165009
02/10/2010 17:00:00,       332.191028
02/10/2010 18:00:00,       280.130525
02/10/2010 19:00:00,       181.379298
02/10/2010 20:00:00,       160.576167
02/10/2010 21:00:00,       143.988996
02/10/2010 22:00:00,       120.059469
02/10/2010 23:00:00,       116.846873
02/11/2010 00:00:00,       128.305436
02/11/2010 01:00:00,       158.322434
02/11/2010 02:00:00,       154.677850
02/11/2010 03:00:00,       184.849405
02/11/2010 04:00:00,       208.092796
02/11/2010 05:00:00,       207.806002
02/11/2010 06:00:00,       215.991358
02/11/2010 07:00:00,       262.596882
02/11/2010 08:00:00,       289.043852
02/11/2010 09:00:00,       283.264571
02/11/2010 10:00:00,       311.382374
02/11/2010 11:00:00,       321.326740
02/11/2010 12:00:00,       309.349109
02/11/2010 13:00:00,       298.776682
02/11/2010 14:00:00,       289.461796
02/11/2010 15:00:00,       262.175544
02/11/2010 16:00:00,       221.126003
02/11/2010 17:00:00,       167.533449
02/11/2010 18:00:00,       104.810772
02/11/2010 19:00:00,        44.123277
02/11/2010 20:00:00,        27.668396
02/11/2010 21:00:00,        55.384912
02/11/2010 22:00:00,        74.728545
02/11/2010 23:00:00,        66.288564
02/12/2010 00:00:00,        62.956532
02/12/2010 01:00:00,        81.076661
02/12/2010 02:00:00,       180.889135
02/12/2010 03:00:00,       287.366245
02/12/2010 04:00:00,       334.860019
02/12/2010 05:00:00,       345.121769
02/12/2010 06:00:00,       346.190017
02/12/2010 07:00:00,       339.395154
02/12/2010 08:00:00,       330.175834
02/12/2010 09:00:00,       332.146519
02/12/2010 10:00:00,       342.058844
02/12/2010 11:00:00,       350.215328
02/12/2010 12:00:00,       351.503148
02/12/2010 13:00:00,       351.423422
02/12/2010 14:00:00,       351.758443
02/12/2010 15:00:00,       351.784692
02/12/2010 16:00:00,       351.727773
02/12/2010 17:00:00,       351.427077
02/12/2010 18:00:00,       350.420284
02/12/2010 19:00:00,       349.712862
02/12/2010 20:00:00,       351.050902
02/12/2010 21:00:00,       351.640284
02/12/2010 22:00:00,       351.590608
02/12/2010 23:00:00,       351.087496
02/13/2010 00:00:00,       349.495190
02/13/2010 01:00:00,       345.632738
02/13/2010 02:00:00,       348.562817
02/13/2010 03:00:00,       350.001672
02/13/2010 04:00:00,       350.900319
02/13/2010 05:00:00,       351.241214
02/13/2010 06:00:00,       350.285548
02/13/2010 07:00:00,       342.085100
02/13/2010 08:00:00,       334.340559
02/13/2010 09:00:00,       333.048880
02/13/2010 10:00:00,       334.290878
02/13/2010 11:00:00,       331.653420
02/13/2010 12:00:00,       293.214102
02/13/2010 13:00:00,       251.239801
02/13/2010 14:00:00,       187.811996
02/13/2010 15:00:00,       172.733085
02/13/2010 16:00:00,       124.731226
02/13/2010 17:00:00,        40.871092
02/13/2010 18:00:00,         6.767075
02/13/2010 19:00:00,         0.005272
02/13/2010 20:00:00,         0.012443
02/13/2010 21:00:00,         0.008857
02/13/2010 22:00:00,         0.000000
02/13/2010 23:00:00,         0.000000
02/14/2010 00:00:00,         0.000000
02/14/2010 01:00:00,         0.000000
02/14/2010 02:00:00,         0.000000
02/14/2010 03:00:00,         0.000000
02/14/2010 04:00:00,         0.000000
02/14/2010 05:00:00,         0.000000
02/14/2010 06:00:00,         0.000000
02/14/2010 07:00:00,         0.000000
02/14/2010 08:00:00,         0.000000
02/14/2010 09:00:00,         0.000000
02/14/2010 10:00:00,         0.000000
02/14/2010 11:00:00,         0.000000
02/14/2010 12:00:00,         0.000000
02/14/2010 13:00:00,         0.000000
02/14/2010 14:00:00,         0.000000
02/14/2010 15:00:00,         0.000000
02/14/2010 16:00:00,         0.000000
02/14/2010 17:00:00,         0.000000
02/14/2010 18:00:00,         0.000000
02/14/2010 19:00:00,         0.000000
02/14/2010 20:00:00,         0.000000
02/14/2010 21:00:00,         0.000000
02/14/2010 22:00:00,         0.000000
02/14/2010 23:00:00,         0.000000
02/15/2010 00:00:00,         0.000000
02/15/2010 01:00:00,         0.000000
02/15/2010 02:00:00,         3.526499
02/15/2010 03:00:00,        11.251173
02/15/2010 04:00:00,        26.525372
02/15/2010 05:00:00,        81.259429
02/15/2010 06:00:00,       122.644106
02/15/2010 07:00:00,        95.999840
02/15/2010 08:00:00,        86.567778
02/15/2010 09:00:00,        94.991781
02/15/2010 10:00:00,       116.041868
02/15/2010 11:00:00,       184.122222
02/15/2010 12:00:00,       236.329482
02/15/2010 13:00:00,       240.215331
02/15/2010 14:00:00,       220.355383
02/15/2010 15:00:00,       169.653785
02/15/2010 16:00:00,        35.339842
02/15/2010 17:00:00,         0.000000
02/15/2010 18:00:00,         0.000000
02/15/2010 19:00:00,         0.000000
02/15/2010 20:00:00,         0.000000
02/15/2010 21:00:00,         0.000000
02/15/2010 22:00:00,         0.000000
02/15/2010 23:00:00,         0.000000
02/16/2010 00:00:00,         0.231780
02/16/2010 01:00:00,         0.721209
02/16/2010 02:00:00,         1.030998
02/16/2010 03:00:00,         1.266194
02/16/2010 04:00:00,         2.519015
02/16/2010 05:00:00,        17.796292
02/16/2010 06:00:00,        30.186437
02/16/2010 07:00:00,        15.237132
02/16/2010 08:00:00,        14.788833
02/16/2010 09:00:00,        23.091806
02/16/2010 10:00:00,        30.634363
02/16/2010 11:00:00,        43.159719
02/16/2010 12:00:00,        86.332185
02/16/2010 13:00:00,       147.706714
02/16/2010 14:00:00,       213.438029
02/16/2010 15:00:00,       268.470793
02/16/2010 16:00:00,       281.659074
02/16/2010 17:00:00,       268.771900
02/16/2010 18:00:00,       169.625006
02/16/2010 19:00:00,        74.742171
02/16/2010 20:00:00,        89.083128
02/16/2010 21:00:00,       232.752302
02/16/2010 22:00:00,       305.118169
02/16/2010 23:00:00,       336.518841
02/17/2010 00:00:00,       350.892432
02/17/2010 01:00:00,       351.426599
02/17/2010 02:00:00,       351.279158
02/17/2010 03:00:00,       351.253443
02/17/2010 04:00:00,       350.785558
02/17/2010 05:00:00,       349.519615
02/17/2010 06:00:00,       346.941724
02/17/2010 07:00:00,       343.488270
02/17/2010 08:00:00,       339.882340
02/17/2010 09:00:00,       331.584792
02/17/2010 10:00:00,       301.823778
02/17/2010 11:00:00,       327.486979
02/17/2010 12:00:00,       329.664624
02/17/2010 13:00:00,       291.719479
02/17/2010 14:00:00,       230.569513
02/17/2010 15:00:00,        48.791142
02/17/2010 16:00:00,         0.000000
02/17/2010 17:00:00,         8.800938
02/17/2010 18:00:00,        54.365079
02/17/2010 19:00:00,        48.659981
02/17/2010 20:00:00,        24.284866
02/17/2010 21:00:00,        14.639771
02/17/2010 22:00:00,         8.951993
02/17/2010 23:00:00,         4.174886
02/18/2010 00:00:00,         0.000000
02/18/2010 01:00:00,         0.000000
02/18/2010 02:00:00,         5.584080
02/18/2010 03:00:00,         1.883456
02/18/2010 04:00:00,         0.000000
02/18/2010 05:00:00,         0.000000
02/18/2010 06:00:00,         0.000000
02/18/2010 07:00:00,         0.000000
02/18/2010 08:00:00,        10.956607
02/18/2010 09:00:00,         9.161820
02/18/2010 10:00:00,        12.575462
02/18/2010 11:00:00,        14.269098
02/18/2010 12:00:00,         1.549604
02/18/2010 13:00:00,         0.000000
02/18/2010 14:00:00,         0.000000
02/18/2010 15:00:00,         0.000000
02/18/2010 16:00:00,         1.182441
02/18/2010 17:00:00,        39.395315
02/18/2010 18:00:00,        87.729875
02/18/2010 19:00:00,        82.364614
02/18/2010 20:00:00,        81.053484
02/18/2010 21:00:00,        69.791860
02/18/2010 22:00:00,        54.847774
02/18/2010 23:00:00,        40.976073
02/19/2010 00:00:00,        34.590177
02/19/2010 01:00:00,        28.285890
02/19/2010 02:00:00,        16.130773
02/19/2010 03:00:00,         8.466929
02/19/2010 04:00:00,        26.945918
02/19/2010 05:00:00,        41.766046
02/19/2010 06:00:00,         5.598365
02/19/2010 07:00:00,         0.000000
02/19/2010 08:00:00,         0.000000
02/19/2010 09:00:00,         0.000000
02/19/2010 10:00:00,         0.000000
02/19/2010 11:00:00,         0.000000
02/19/2010 12:00:00,         0.000000
02/19/2010 13:00:00,         0.000000
02/19/2010 14:00:00,         0.000000
02/19/2010 15:00:00,         0.000000
02/19/2010 16:00:00,         0.000000
02/19/2010 17:00:00,         5.090390
02/19/2010 18:00:00,        30.429424
02/19/2010 19:00:00,        41.608873
02/19/2010 20:00:00,        41.187474
02/19/2010 21:00:00,        32.387633
02/19/2010 22:00:00,        22.018874
02/19/2010 23:00:00,        14.421779
02/20/2010 00:00:00,         3.375653
02/20/2010 01:00:00,         1.622880
02/20/2010 02:00:00,         0.000000
02/20/2010 03:00:00,         6.738043
02/20/2010 04:00:00,         2.860771
02/20/2010 05:00:00,         0.000000
02/20/2010 06:00:00,         0.000000
02/20/2010 07:00:00,         0.000000
02/20/2010 08:00:00,         0.000000
02/20/2010 09:00:00,         0.000000
02/20/2010 10:00:00,         0.000000
02/20/2010 11:00:00,         0.000000
02/20/2010 12:00:00,         0.053930
02/20/2010 13:00:00,         0.383104
02/20/2010 14:00:00,         0.542375
02/20/2010 15:00:00,         0.580536
02/20/2010 16:00:00,         3.697615
02/20/2010 17:00:00,        13.637473
02/20/2010 18:00:00,        21.893193
02/20/2010 19:00:00,        14.838419
02/20/2010 20:00:00,         9.210219
02/20/2010 21:00:00,         5.085416
02/20/2010 22:00:00,         1.394838
02/20/2010 23:00:00,         0.419838
02/21/2010 00:00:00,         0.009839
02/21/2010 01:00:00,         0.000000
02/21/2010 02:00:00,         0.000000
02/21/2010 03:00:00,         0.000000
02/21/2010 04:00:00,         0.000000
02/21/2010 05:00:00,         0.000000
02/21/2010 06:00:00,         0.001059
02/21/2010 07:00:00,         0.012740
02/21/2010 08:00:00,         0.106753
02/21/2010 09:00:00,         0.654198
02/21/2010 10:00:00,         2.048474
02/21/2010 11:00:00,         4.037602
02/21/2010 12:00:00,         2.110198
02/21/2010 13:00:00,         0.361049
02/21/2010 14:00:00,         0.221387
02/21/2010 15:00:00,         0.599921
02/21/2010 16:00:00,         1.128093
02/21/2010 17:00:00,         1.560708
02/21/2010 18:00:00,         2.598717
02/21/2010 19:00:00,         7.545754
02/21/2010 20:00:00,         9.134901
02/21/2010 21:00:00,        11.189017
02/21/2010 22:00:00,        16.915286
02/21/2010 23:00:00,        26.968932
02/22/2010 00:00:00,        46.723909
02/22/2010 01:00:00,        81.508238
02/22/2010 02:00:00,       120.101311
02/22/2010 03:00:00,       240.359176
02/22/2010 04:00:00,       338.404652
02/22/2010 05:00:00,       341.771851
02/22/2010 06:00:00,       340.180565
02/22/2010 07:00:00,       304.585125
02/22/2010 08:00:00,       297.599352
02/22/2010 09:00:00,       152.785707
02/22/2010 10:00:00,         0.000000
02/22/2010 11:00:00,        17.295996
02/22/2010 12:00:00,        50.902743
02/22/2010 13:00:00,        36.750692
02/22/2010 14:00:00,        16.210127
02/22/2010 15:00:00,        31.849467
02/22/2010 16:00:00,        69.953735
02/22/2010 17:00:00,        53.753243
02/22/2010 18:00:00,        23.580976
02/22/2010 19:00:00,         5.036984
02/22/2010 20:00:00,         1.769278
02/22/2010 21:00:00,         1.379363
02/22/2010 22:00:00,         0.652971
02/22/2010 23:00:00,         4.704021
02/23/2010 00:00:00,        48.728734
02/23/2010 01:00:00,       179.467280
02/23/2010 02:00:00,       263.638297
02/23/2010 03:00:00,       282.145630
02/23/2010 04:00:00,       244.665977
02/23/2010 05:00:00,       227.714480
02/23/2010 06:00:00,       198.959564
02/23/2010 07:00:00,       182.873570
02/23/2010 08:00:00,       158.920922
02/23/2010 09:00:00,       144.980456
02/23/2010 10:00:00,       181.253342
02/23/2010 11:00:00,       198.321671
02/23/2010 12:00:00,       195.328255
02/23/2010 13:00:00,       216.304704
02/23/2010 14:00:00,       266.088958
02/23/2010 15:00:00,       279.527633
02/23/2010 16:00:00,       267.940070
02/23/2010 17:00:00,       255.926790
02/23/2010 18:00:00,       270.797803
02/23/2010 19:00:00,       218.682145
02/23/2010 20:00:00,       198.491516
02/23/2010 21:00:00,       186.025557
02/23/2010 22:00:00,       196.202132
02/23/2010 23:00:00,       239.056101
02/24/2010 00:00:00,       275.297337
02/24/2010 01:00:00,       330.856541
02/24/2010 02:00:00,       347.601565
02/24/2010 03:00:00,       350.292938
02/24/2010 04:00:00,       351.808095
02/24/2010 05:00:00,       351.851843
02/24/2010 06:00:00,       351.531372
02/24/2010 07:00:00,       351.460156
02/24/2010 08:00:00,       349.974182
02/24/2010 09:00:00,       333.773763
02/24/2010 10:00:00,       300.663480
02/24/2010 11:00:00,       311.007779
02/24/2010 12:00:00,       325.723223
02/24/2010 13:00:00,       280.639386
02/24/2010 14:00:00,       168.046195
02/24/2010 15:00:00,        98.864759
02/24/2010 16:00:00,        73.117246
02/24/2010 17:00:00,        89.552815
02/24/2010 18:00:00,       154.473737
02/24/2010 19:00:00,       164.675059
02/24/2010 20:00:00,       172.826322
02/24/2010 21:00:00,       219.526589
02/24/2010 22:00:00,       244.082347
02/24/2010 23:00:00,       224.967510
02/25/2010 00:00:00,       260.642778
02/25/2010 01:00:00,       288.015881
02/25/2010 02:00:00,       327.766617
02/25/2010 03:00:00,       339.912656
02/25/2010 04:00:00,       339.052662
02/25/2010 05:00:00,       340.953434
02/25/2010 06:00:00,       339.755792
02/25/2010 07:00:00,       341.195743
02/25/2010 08:00:00,       342.868543
02/25/2010 09:00:00,       340.933973
02/25/2010 10:00:00,       338.441769
02/25/2010 11:00:00,       339.260909
02/25/2010 12:00:00,       342.393157
02/25/2010 13:00:00,       341.776737
02/25/2010 14:00:00,       340.501935
02/25/2010 15:00:00,       334.514897
02/25/2010 16:00:00,       316.448133
02/25/2010 17:00:00,       256.592314
02/25/2010 18:00:00,       144.023644
02/25/2010 19:00:00,       211.405757
02/25/2010 20:00:00,       293.667706
02/25/2010 21:00:00,       270.302700
02/25/2010 22:00:00,       271.405024
02/25/2010 23:00:00,       222.503490
02/26/2010 00:00:00,       194.545500
02/26/2010 01:00:00,       254.959783
02/26/2010 02:00:00,       294.268612
02/26/2010 03:00:00,       315.289381
02/26/2010 04:00:00,       323.387574
02/26/2010 05:00:00,       330.491916
02/26/2010 06:00:00,       340.165786
02/26/2010 07:00:00,       344.858299
02/26/2010 08:00:00,       340.278127
02/26/2010 09:00:00,       319.953074
02/26/2010 10:00:00,       283.187138
02/26/2010 11:00:00,       242.037438
02/26/2010 12:00:00,       179.439552
02/26/2010 13:00:00,       136.269711
02/26/2010 14:00:00,       135.514864
02/26/2010 15:00:00,       107.094496
02/26/2010 16:00:00,        55.867162
02/26/2010 17:00:00,        71.535355
02/26/2010 18:00:00,       107.861068
02/26/2010 19:00:00,        85.008442
02/26/2010 20:00:00,        54.630767
02/26/2010 21:00:00,        63.202320
02/26/2010 22:00:00,        71.375247
02/26/2010 23:00:00,        86.822908
02/27/2010 00:00:00,       113.157761
02/27/2010 01:00:00,       149.102519
02/27/2010 02:00:00,       156.482021
02/27/2010 03:00:00,       140.052848
02/27/2010 04:00:00,       110.965832
02/27/2010 05:00:00,        80.068280
02/27/2010 06:00:00,        83.472027
02/27/2010 07:00:00,        74.314934
02/27/2010 08:00:00,        57.774796
02/27/2010 09:00:00,        50.282385
02/27/2010 10:00:00,        28.542700
02/27/2010 11:00:00,        13.543379
02/27/2010 12:00:00,        16.352507
02/27/2010 13:00:00,        40.977643
02/27/2010 14:00:00,        60.775559
02/27/2010 15:00:00,        80.420529
02/27/2010 16:00:00,        70.494837
02/27/2010 17:00:00,        57.286534
02/27/2010 18:00:00,        51.297673
02/27/2010 19:00:00,        31.122784
02/27/2010 20:00:00,        25.699280
02/27/2010 21:00:00,        30.730903
02/27/2010 22:00:00,        26.951863
02/27/2010 23:00:00,        27.613670
02/28/2010 00:00:00,        55.495717
02/28/2010 01:00:00,       113.400382
02/28/2010 02:00:00,       149.960285
02/28/2010 03:00:00,       170.541187
02/28/2010 04:00:00,       181.904551
02/28/2010 05:00:00,       206.530031
02/28/2010 06:00:00,       181.189493
02/28/2010 07:00:00,       149.327108
02/28/2010 08:00:00,       124.748986
02/28/2010 09:00:00,       143.551214
02/28/2010 10:00:00,       168.661652
02/28/2010 11:00:00,       180.610447
02/28/2010 12:00:00,       193.323428
02/28/2010 13:00:00,       192.903260
02/28/2010 14:00:00,       209.314517
02/28/2010 15:00:00,       228.804352
02/28/2010 16:00:00,       241.186061
02/28/2010 17:00:00,       221.563147
02/28/2010 18:00:00,       120.763546
02/28/2010 19:00:00,        55.685869
02/28/2010 20:00:00,        31.135534
02/28/2010 21:00:00,        19.142149
02/28/2010 22:00:00,         5.387506
02/28/2010 23:00:00,         1.717509
03/01/2010 00:00:00,         0.997660
03/01/2010 01:00:00,         3.255541
03/01/2010 02:00:00,        12.067918
03/01/2010 03:00:00,        48.032644
03/01/2010 04:00:00,       101.090295
03/01/2010 05:00:00,       108.318809
03/01/2010 06:00:00,        95.917879
03/01/2010 07:00:00,        80.960372
03/01/2010 08:00:00,        55.550893
03/01/2010 09:00:00,        45.866329
03/01/2010 10:00:00,        38.409980
03/01/2010 11:00:00,        42.776144
03/01/2010 12:00:00,        58.094803
03/01/2010 13:00:00,        85.407272
03/01/2010 14:00:00,       109.903798
03/01/2010 15:00:00,        99.713228
03/01/2010 16:00:00,        59.720039
03/01/2010 17:00:00,        30.566682
03/01/2010 18:00:00,        14.257519
03/01/2010 19:00:00,         4.809937
03/01/2010 20:00:00,         2.964673
03/01/2010 21:00:00,         8.672755
03/01/2010 22:00:00,        11.508347
03/01/2010 23:00:00,         9.551215
03/02/2010 00:00:00,        10.291837
03/02/2010 01:00:00,        25.627522
03/02/2010 02:00:00,        36.479386
03/02/2010 03:00:00,        19.838538
03/02/2010 04:00:00,        11.626087
03/02/2010 05:00:00,        20.873690
03/02/2010 06:00:00,        40.393926
03/02/2010 07:00:00,        50.181081
03/02/2010 08:00:00,        44.953287
03/02/2010 09:00:00,        78.987028
03/02/2010 10:00:00,       113.908459
03/02/2010 11:00:00,       134.955823
03/02/2010 12:00:00,       163.729597
03/02/2010 13:00:00,       161.131713
03/02/2010 14:00:00,       122.994511
03/02/2010 15:00:00,        98.646415
03/02/2010 16:00:00,       119.522199
03/02/2010 17:00:00,       142.503836
03/02/2010 18:00:00,       138.483040
03/02/2010 19:00:00,       152.028881
03/02/2010 20:00:00,       119.327137
03/02/2010 21:00:00,        54.810653
03/02/2010 22:00:00,        34.408617
03/02/2010 23:00:00,        31.930935
03/03/2010 00:00:00,        38.309048
03/03/2010 01:00:00,        68.973232
03/03/2010 02:00:00,       117.717037
03/03/2010 03:00:00,       175.370380
03/03/2010 04:00:00,       214.797968
03/03/2010 05:00:00,       236.295074
03/03/2010 06:00:00,       246.861873
03/03/2010 07:00:00,       249.800999
03/03/2010 08:00:00,       212.933321
03/03/2010 09:00:00,       167.536410
03/03/2010 10:00:00,       146.806110
03/03/2010 11:00:00,       135.935345
03/03/2010 12:00:00,       121.603346
03/03/2010 13:00:00,       109.008568
03/03/2010 14:00:00,       102.344805
03/03/2010 15:00:00,        91.473835
03/03/2010 16:00:00,        85.965157
03/03/2010 17:00:00,        79.685174
03/03/2010 18:00:00,        46.102389
03/03/2010 19:00:00,        16.273618
03/03/2010 20:00:00,        13.266906
03/03/2010 21:00:00,        53.022514
03/03/2010 22:00:00,        48.589297
03/03/2010 23:00:00,        32.686162
03/04/2010 00:00:00,        47.355498
03/04/2010 01:00:00,        85.589475
03/04/2010 02:00:00,        84.281775
03/04/2010 03:00:00,        24.158552
03/04/2010 04:00:00,        12.679975
03/04/2010 05:00:00,        43.640729
03/04/2010 06:00:00,        49.817208
03/04/2010 07:00:00,        36.583646
03/04/2010 08:00:00,        25.251489
03/04/2010 09:00:00,         9.843099
03/04/2010 10:00:00,         1.014031
03/04/2010 11:00:00,         0.413588
03/04/2010 12:00:00,         0.268038
03/04/2010 13:00:00,         0.010313
03/04/2010 14:00:00,         0.000000
03/04/2010 15:00:00,         0.000000
03/04/2010 16:00:00,         0.000000
03/04/2010 17:00:00,         0.071392
03/04/2010 18:00:00,         0.482569
03/04/2010 19:00:00,         0.363086
03/04/2010 20:00:00,         0.126960
03/04/2010 21:00:00,         0.006232
03/04/2010 22:00:00,         0.000000
03/04/2010 23:00:00,         0.006046
03/05/2010 00:00:00,         0.000000
03/05/2010 01:00:00,         0.081884
03/05/2010 02:00:00,         0.287363
03/05/2010 03:00:00,        17.430602
03/05/2010 04:00:00,        18.065041
03/05/2010 05:00:00,        10.873766
03/05/2010 06:00:00,        19.596753
03/05/2010 07:00:00,         7.464414
03/05/2010 08:00:00,         4.173215
03/05/2010 09:00:00,         6.427403
03/05/2010 10:00:00,         8.699889
03/05/2010 11:00:00,         6.837942
03/05/2010 12:00:00,         6.187177
03/05/2010 13:00:00,         4.132935
03/05/2010 14:00:00,         6.073163
03/05/2010 15:00:00,         8.317718
03/05/2010 16:00:00,        12.163177
03/05/2010 17:00:00,        17.118887
03/05/2010 18:00:00,         5.223471
03/05/2010 19:00:00,         0.908998
03/05/2010 20:00:00,         2.501852
03/05/2010 21:00:00,         9.449065
03/05/2010 22:00:00,        17.665654
03/05/2010 23:00:00,        34.600722
03/06/2010 00:00:00,        51.295769
03/06/2010 01:00:00,        67.504897
03/06/2010 02:00:00,       104.010719
03/06/2010 03:00:00,       129.192413
03/06/2010 04:00:00,       120.839262
03/06/2010 05:00:00,       113.458407
03/06/2010 06:00:00,       122.213797
03/06/2010 07:00:00,       108.964189
03/06/2010 08:00:00,        96.020119
03/06/2010 09:00:00,       108.789434
03/06/2010 10:00:00,       124.140303
03/06/2010 11:00:00,        85.320880
03/06/2010 12:00:00,        50.706810
03/06/2010 13:00:00,        30.719044
03/06/2010 14:00:00,        32.466151
03/06/2010 15:00:00,        41.264604
03/06/2010 16:00:00,        36.018046
03/06/2010 17:00:00,        12.978835
03/06/2010 18:00:00,         0.327524
03/06/2010 19:00:00,         0.000000
03/06/2010 20:00:00,         0.140915
03/06/2010 21:00:00,         1.638792
03/06/2010 22:00:00,         3.677725
03/06/2010 23:00:00,         5.927291
03/07/2010 00:00:00,         8.138093
03/07/2010 01:00:00,        32.143935
03/07/2010 02:00:00,        85.052134
03/07/2010 03:00:00,       146.244449
03/07/2010 04:00:00,        95.243944
03/07/2010 05:00:00,        86.682398
03/07/2010 06:00:00,        95.438199
03/07/2010 07:00:00,       134.124737
03/07/2010 08:00:00,       134.555220
03/07/2010 09:00:00,       107.809491
03/07/2010 10:00:00,        73.628044
03/07/2010 11:00:00,        63.517044
03/07/2010 12:00:00,        66.785002
03/07/2010 13:00:00,        80.512675
03/07/2010 14:00:00,       101.716542
03/07/2010 15:00:00,       114.553088
03/07/2010 16:00:00,       170.613768
03/07/2010 17:00:00,       225.955228
03/07/2010 18:00:00,       153.799207
03/07/2010 19:00:00,        77.788666
03/07/2010 20:00:00,        44.744247
03/07/2010 21:00:00,        33.803898
03/07/2010 22:00:00,        28.493662
03/07/2010 23:00:00,        28.891824
03/08/2010 00:00:00,        36.598569
03/08/2010 01:00:00,        52.515392
03/08/2010 02:00:00,        83.714066
03/08/2010 03:00:00,       126.734997
03/08/2010 04:00:00,       152.727358
03/08/2010 05:00:00,       139.510116
03/08/2010 06:00:00,       119.460085
03/08/2010 07:00:00,       144.709273
03/08/2010 08:00:00,       209.842700
03/08/2010 09:00:00,       212.144126
03/08/2010 10:00:00,       201.960315
03/08/2010 11:00:00,       201.419992
03/08/2010 12:00:00,       155.628636
03/08/2010 13:00:00,       202.616124
03/08/2010 14:00:00,       266.363177
03/08/2010 15:00:00,       276.358664
03/08/2010 16:00:00,       282.574856
03/08/2010 17:00:00,       188.429239
03/08/2010 18:00:00,        83.328457
03/08/2010 19:00:00,        94.534395
03/08/2010 20:00:00,       100.092303
03/08/2010 21:00:00,        82.533479
03/08/2010 22:00:00,        54.849368
03/08/2010 23:00:00,        47.525976
03/09/2010 00:00:00,        60.922239
03/09/2010 01:00:00,        70.217419
03/09/2010 02:00:00,        46.477405
03/09/2010 03:00:00,        36.424525
03/09/2010 04:00:00,         2.019349
03/09/2010 05:00:00,         0.000000
03/09/2010 06:00:00,        14.198261
03/09/2010 07:00:00,         0.000000
03/09/2010 08:00:00,         0.000000
03/09/2010 09:00:00,         0.000000
03/09/2010 10:00:00,         0.000000
03/09/2010 11:00:00,         6.532054
03/09/2010 12:00:00,        26.172060
03/09/2010 13:00:00,        19.434994
03/09/2010 14:00:00,         6.108581
03/09/2010 15:00:00,         0.969066
03/09/2010 16:00:00,         0.130528
03/09/2010 17:00:00,         0.008702
03/09/2010 18:00:00,         0.000000
03/09/2010 19:00:00,         0.000000
03/09/2010 20:00:00,         0.000000
03/09/2010 21:00:00,         0.000000
03/09/2010 22:00:00,         0.000000
03/09/2010 23:00:00,         0.000000
03/10/2010 00:00:00,         0.000000
03/10/2010 01:00:00,         0.063843
03/10/2010 02:00:00,         0.853928
03/10/2010 03:00:00,        10.070384
03/10/2010 04:00:00,        43.354118
03/10/2010 05:00:00,        71.254731
03/10/2010 06:00:00,        97.109669
03/10/2010 07:00:00,        93.775275
03/10/2010 08:00:00,       108.443965
03/10/2010 09:00:00,       156.670052
03/10/2010 10:00:00,       192.953140
03/10/2010 11:00:00,       229.210079
03/10/2010 12:00:00,       262.776019
03/10/2010 13:00:00,       280.776341
03/10/2010 14:00:00,       290.384765
03/10/2010 15:00:00,       279.542143
03/10/2010 16:00:00,       208.725034
03/10/2010 17:00:00,        98.991619
03/10/2010 18:00:00,        81.304274
03/10/2010 19:00:00,        78.984604
03/10/2010 20:00:00,        80.920303
03/10/2010 21:00:00,        99.883069
03/10/2010 22:00:00,        87.620736
03/10/2010 23:00:00,        72.126703
03/11/2010 00:00:00,        61.510290
03/11/2010 01:00:00,        70.063927
03/11/2010 02:00:00,       109.824005
03/11/2010 03:00:00,       188.365738
03/11/2010 04:00:00,       213.443147
03/11/2010 05:00:00,       245.586230
03/11/2010 06:00:00,       282.587076
03/11/2010 07:00:00,       283.432822
03/11/2010 08:00:00,       276.065858
03/11/2010 09:00:00,       246.393242
03/11/2010 10:00:00,       225.270448
03/11/2010 11:00:00,       235.230238
03/11/2010 12:00:00,       252.595838
03/11/2010 13:00:00,       250.376768
03/11/2010 14:00:00,       284.323834
03/11/2010 15:00:00,       303.526812
03/11/2010 16:00:00,       275.827923
03/11/2010 17:00:00,       131.466676
03/11/2010 18:00:00,        92.952923
03/11/2010 19:00:00,       130.321832
03/11/2010 20:00:00,       168.257089
03/11/2010 21:00:00,       323.884086
03/11/2010 22:00:00,       330.587584
03/11/2010 23:00:00,       309.021149
03/12/2010 00:00:00,       270.969044
03/12/2010 01:00:00,       244.709496
03/12/2010 02:00:00,       240.883847
03/12/2010 03:00:00,       225.297911
03/12/2010 04:00:00,       203.835667
03/12/2010 05:00:00,       173.635315
03/12/2010 06:00:00,       129.050232
03/12/2010 07:00:00,       116.826854
03/12/2010 08:00:00,       163.641315
03/12/2010 09:00:00,       235.033319
03/12/2010 10:00:00,       302.607477
03/12/2010 11:00:00,       321.897680
03/12/2010 12:00:00,       315.874238
03/12/2010 13:00:00,       341.592688
03/12/2010 14:00:00,       351.747150
03/12/2010 15:00:00,       351.746422
03/12/2010 16:00:00,       349.660772
03/12/2010 17:00:00,       334.765283
03/12/2010 18:00:00,       326.437946
03/12/2010 19:00:00,       316.792046
03/12/2010 20:00:00,       265.370868
03/12/2010 21:00:00,       262.881301
03/12/2010 22:00:00,       231.911333
03/12/2010 23:00:00,       183.668689
03/13/2010 00:00:00,       142.251893
03/13/2010 01:00:00,       187.438426
03/13/2010 02:00:00,       179.342029
03/13/2010 03:00:00,        78.928010
03/13/2010 04:00:00,       104.863771
03/13/2010 05:00:00,        10.955893
03/13/2010 06:00:00,        51.459015
03/13/2010 07:00:00,        23.080284
03/13/2010 08:00:00,       166.338875
03/13/2010 09:00:00,       253.050584
03/13/2010 10:00:00,       251.030497
03/13/2010 11:00:00,       152.818245
03/13/2010 12:00:00,       126.518412
03/13/2010 13:00:00,        87.964629
03/13/2010 14:00:00,       136.856002
03/13/2010 15:00:00,       167.989134
03/13/2010 16:00:00,       122.187417
03/13/2010 17:00:00,       155.305765
03/13/2010 18:00:00,       263.779268
03/13/2010 19:00:00,       194.266115
03/13/2010 20:00:00,       114.235574
03/13/2010 21:00:00,        64.367881
03/13/2010 22:00:00,        46.866379
03/13/2010 23:00:00,        39.810315
03/14/2010 00:00:00,        35.185657
03/14/2010 01:00:00,        11.898934
03/14/2010 02:00:00,         0.825978
03/14/2010 03:00:00,         0.038621
03/14/2010 04:00:00,         0.058816
03/14/2010 05:00:00,         0.157548
03/14/2010 06:00:00,         2.399603
03/14/2010 07:00:00,         5.342608
03/14/2010 08:00:00,         7.504536
03/14/2010 09:00:00,        23.779866
03/14/2010 10:00:00,        44.613707
03/14/2010 11:00:00,        51.056077
03/14/2010 12:00:00,        36.637293
03/14/2010 13:00:00,        39.335318
03/14/2010 14:00:00,        32.664601
03/14/2010 15:00:00,        40.753094
03/14/2010 16:00:00,        46.593311
03/14/2010 17:00:00,        27.426678
03/14/2010 18:00:00,        24.579532
03/14/2010 19:00:00,        40.383535
03/14/2010 20:00:00,        29.387128
03/14/2010 21:00:00,        19.586657
03/14/2010 22:00:00,        15.241173
03/14/2010 23:00:00,        15.606794
03/15/2010 00:00:00,        17.048503
03/15/2010 01:00:00,        21.282810
03/15/2010 02:00:00,        52.429838
03/15/2010 03:00:00,       142.611979
03/15/2010 04:00:00,       196.864761
03/15/2010 05:00:00,       173.468601
03/15/2010 06:00:00,       139.729822
03/15/2010 07:00:00,       114.784697
03/15/2010 08:00:00,       119.588933
03/15/2010 09:00:00,       129.025093
03/15/2010 10:00:00,       134.948809
03/15/2010 11:00:00,       219.328828
03/15/2010 12:00:00,       322.008237
03/15/2010 13:00:00,       337.507130
03/15/2010 14:00:00,       316.027655
03/15/2010 15:00:00,       287.424457
03/15/2010 16:00:00,       256.168220
03/15/2010 17:00:00,       156.266380
03/15/2010 18:00:00,       128.888042
03/15/2010 19:00:00,       148.994043
03/15/2010 20:00:00,       134.591161
03/15/2010 21:00:00,       102.740980
03/15/2010 22:00:00,        67.367096
03/15/2010 23:00:00,        44.928376
03/16/2010 00:00:00,        36.301648
03/16/2010 01:00:00,        45.558641
03/16/2010 02:00:00,        71.283328
03/16/2010 03:00:00,        68.772987
03/16/2010 04:00:00,        36.402802
03/16/2010 05:00:00,        18.942256
03/16/2010 06:00:00,        17.305518
03/16/2010 07:00:00,        47.694787
03/16/2010 08:00:00,        55.960494
03/16/2010 09:00:00,       108.811363
03/16/2010 10:00:00,       129.472406
03/16/2010 11:00:00,        83.937870
03/16/2010 12:00:00,       159.562645
03/16/2010 13:00:00,       202.380305
03/16/2010 14:00:00,       178.969678
03/16/2010 15:00:00,       227.003614
03/16/2010 16:00:00,       331.843125
03/16/2010 17:00:00,       316.516089
03/16/2010 18:00:00,       224.886640
03/16/2010 19:00:00,       178.828314
03/16/2010 20:00:00,       162.360238
03/16/2010 21:00:00,       188.032505
03/16/2010 22:00:00,       209.449236
03/16/2010 23:00:00,       222.231118
03/17/2010 00:00:00,       242.299284
03/17/2010 01:00:00,       266.907975
03/17/2010 02:00:00,       300.341101
03/17/2010 03:00:00,       331.275279
03/17/2010 04:00:00,       326.413342
03/17/2010 05:00:00,       348.892234
03/17/2010 06:00:00,       351.990028
03/17/2010 07:00:00,       352.000000
03/17/2010 08:00:00,       351.988539
03/17/2010 09:00:00,       351.576507
03/17/2010 10:00:00,       325.346966
03/17/2010 11:00:00,       313.163297
03/17/2010 12:00:00,       210.291835
03/17/2010 13:00:00,       219.545370
03/17/2010 14:00:00,       322.087092
03/17/2010 15:00:00,       330.136872
03/17/2010 16:00:00,       323.776170
03/17/2010 17:00:00,       349.768853
03/17/2010 18:00:00,       350.805495
03/17/2010 19:00:00,       351.270821
03/17/2010 20:00:00,       350.262220
03/17/2010 21:00:00,       347.949550
03/17/2010 22:00:00,       343.235302
03/17/2010 23:00:00,       339.558267
03/18/2010 00:00:00,       333.475047
03/18/2010 01:00:00,       308.187301
03/18/2010 02:00:00,       243.889647
03/18/2010 03:00:00,       264.204321
03/18/2010 04:00:00,       267.611262
03/18/2010 05:00:00,       234.943278
03/18/2010 06:00:00,       235.463646
03/18/2010 07:00:00,       240.211880
03/18/2010 08:00:00,       253.651274
03/18/2010 09:00:00,       160.433875
03/18/2010 10:00:00,       133.745532
03/18/2010 11:00:00,       127.278679
03/18/2010 12:00:00,       136.919787
03/18/2010 13:00:00,       103.557905
03/18/2010 14:00:00,       107.285124
03/18/2010 15:00:00,        85.741717
03/18/2010 16:00:00,        32.674084
03/18/2010 17:00:00,        10.460162
03/18/2010 18:00:00,         5.866566
03/18/2010 19:00:00,        32.740849
03/18/2010 20:00:00,        84.340949
03/18/2010 21:00:00,        47.064168
03/18/2010 22:00:00,        67.002160
03/18/2010 23:00:00,        89.128124
03/19/2010 00:00:00,        31.287099
03/19/2010 01:00:00,        57.359635
03/19/2010 02:00:00,       128.474688
03/19/2010 03:00:00,       157.115197
03/19/2010 04:00:00,       101.611618
03/19/2010 05:00:00,        44.412192
03/19/2010 06:00:00,        47.380596
03/19/2010 07:00:00,        14.323528
03/19/2010 08:00:00,         4.276496
03/19/2010 09:00:00,         0.784503
03/19/2010 10:00:00,         0.049272
03/19/2010 11:00:00,         0.000000
03/19/2010 12:00:00,         0.000000
03/19/2010 13:00:00,         0.000000
03/19/2010 14:00:00,         0.000000
03/19/2010 15:00:00,         0.000000
03/19/2010 16:00:00,         0.027753
03/19/2010 17:00:00,         0.002435
03/19/2010 18:00:00,         0.000000
03/19/2010 19:00:00,         0.000000
03/19/2010 20:00:00,         0.159151
03/19/2010 21:00:00,         0.769279
03/19/2010 22:00:00,         0.997008
03/19/2010 23:00:00,         1.603419
03/20/2010 00:00:00,         7.338721
03/20/2010 01:00:00,        14.443275
03/20/2010 02:00:00,        36.995999
03/20/2010 03:00:00,       108.212559
03/20/2010 04:00:00,       170.657746
03/20/2010 05:00:00,       190.292778
03/20/2010 06:00:00,       220.472863
03/20/2010 07:00:00,       298.391804
03/20/2010 08:00:00,       315.494044
03/20/2010 09:00:00,       324.559606
03/20/2010 10:00:00,       320.135170
03/20/2010 11:00:00,       311.266186
03/20/2010 12:00:00,       296.431459
03/20/2010 13:00:00,       278.798981
03/20/2010 14:00:00,       273.185523
03/20/2010 15:00:00,       242.640992
03/20/2010 16:00:00,       142.099285
03/20/2010 17:00:00,        62.642217
03/20/2010 18:00:00,        72.834155
03/20/2010 19:00:00,       156.726856
03/20/2010 20:00:00,       215.672999
03/20/2010 21:00:00,       284.843356
03/20/2010 22:00:00,       299.681878
03/20/2010 23:00:00,       192.367576
03/21/2010 00:00:00,       217.497724
03/21/2010 01:00:00,       306.690484
03/21/2010 02:00:00,       344.247783
03/21/2010 03:00:00,       348.377614
03/21/2010 04:00:00,       351.731003
03/21/2010 05:00:00,       351.998916
03/21/2010 06:00:00,       351.999142
03/21/2010 07:00:00,       351.946769
03/21/2010 08:00:00,       351.040802
03/21/2010 09:00:00,       343.573796
03/21/2010 10:00:00,       312.690237
03/21/2010 11:00:00,       279.512302
03/21/2010 12:00:00,       264.132438
03/21/2010 13:00:00,       291.109665
03/21/2010 14:00:00,       301.678137
03/21/2010 15:00:00,       334.459938
03/21/2010 16:00:00,       330.190143
03/21/2010 17:00:00,       323.549232
03/21/2010 18:00:00,       334.487714
03/21/2010 19:00:00,       329.332057
03/21/2010 20:00:00,       319.261919
03/21/2010 21:00:00,       326.714774
03/21/2010 22:00:00,       338.839804
03/21/2010 23:00:00,       332.549626
03/22/2010 00:00:00,       307.073323
03/22/2010 01:00:00,       309.832493
03/22/2010 02:00:00,       311.678724
03/22/2010 03:00:00,       329.049099
03/22/2010 04:00:00,       345.735144
03/22/2010 05:00:00,       348.013776
03/22/2010 06:00:00,       349.615176
03/22/2010 07:00:00,       345.931987
03/22/2010 08:00:00,       343.833136
03/22/2010 09:00:00,       346.980803
03/22/2010 10:00:00,       349.775827
03/22/2010 11:00:00,       350.358843
03/22/2010 12:00:00,       346.530580
03/22/2010 13:00:00,       333.162491
03/22/2010 14:00:00,       320.767569
03/22/2010 15:00:00,       268.507829
03/22/2010 16:00:00,       208.566413
03/22/2010 17:00:00,       214.312458
03/22/2010 18:00:00,       213.110764
03/22/2010 19:00:00,       108.667760
03/22/2010 20:00:00,        29.797787
03/22/2010 21:00:00,        10.211492
03/22/2010 22:00:00,         2.824359
03/22/2010 23:00:00,         1.687136
03/23/2010 00:00:00,         0.234302
03/23/2010 01:00:00,         0.001290
03/23/2010 02:00:00,         0.000000
03/23/2010 03:00:00,         0.008945
03/23/2010 04:00:00,         0.875090
03/23/2010 05:00:00,        26.638347
03/23/2010 06:00:00,        77.032689
03/23/2010 07:00:00,       113.252894
03/23/2010 08:00:00,       146.320506
03/23/2010 09:00:00,       148.350713
03/23/2010 10:00:00,       152.097353
03/23/2010 11:00:00,       170.385252
03/23/2010 12:00:00,       155.727198
03/23/2010 13:00:00,       105.957255
03/23/2010 14:00:00,        99.417450
03/23/2010 15:00:00,       106.640864
03/23/2010 16:00:00,        77.135381
03/23/2010 17:00:00,        23.988506
03/23/2010 18:00:00,        16.516468
03/23/2010 19:00:00,        42.307965
03/23/2010 20:00:00,        49.897176
03/23/2010 21:00:00,       113.039156
03/23/2010 22:00:00,       122.959310
03/23/2010 23:00:00,       109.084108
03/24/2010 00:00:00,       149.816011
03/24/2010 01:00:00,       142.608495
03/24/2010 02:00:00,       180.536320
03/24/2010 03:00:00,       173.589884
03/24/2010 04:00:00,       179.111314
03/24/2010 05:00:00,       212.566693
03/24/2010 06:00:00,       241.721199
03/24/2010 07:00:00,       255.068527
03/24/2010 08:00:00,       233.182791
03/24/2010 09:00:00,       222.044839
03/24/2010 10:00:00,       208.205076
03/24/2010 11:00:00,       210.504882
03/24/2010 12:00:00,       211.754224
03/24/2010 13:00:00,       179.236134
03/24/2010 14:00:00,       147.439929
03/24/2010 15:00:00,       132.107620
03/24/2010 16:00:00,        70.581305
03/24/2010 17:00:00,        19.954510
03/24/2010 18:00:00,        27.470874
03/24/2010 19:00:00,        15.608808
03/24/2010 20:00:00,         3.205451
03/24/2010 21:00:00,         4.084860
03/24/2010 22:00:00,         3.502451
03/24/2010 23:00:00,         6.891499
03/25/2010 00:00:00,         8.253814
03/25/2010 01:00:00,         2.398101
03/25/2010 02:00:00,         0.081048
03/25/2010 03:00:00,         0.505163
03/25/2010 04:00:00,         0.308874
03/25/2010 05:00:00,        11.502184
03/25/2010 06:00:00,       103.398368
03/25/2010 07:00:00,        59.519297
03/25/2010 08:00:00,         0.000000
03/25/2010 09:00:00,         0.000000
03/25/2010 10:00:00,         0.000000
03/25/2010 11:00:00,         0.000000
03/25/2010 12:00:00,         0.000000
03/25/2010 13:00:00,         0.000000
03/25/2010 14:00:00,         0.000000
03/25/2010 15:00:00,         0.000000
03/25/2010 16:00:00,         0.000000
03/25/2010 17:00:00,         2.305648
03/25/2010 18:00:00,       114.192100
03/25/2010 19:00:00,        93.805098
03/25/2010 20:00:00,        71.422184
03/25/2010 21:00:00,        73.741341
03/25/2010 22:00:00,       139.672241
03/25/2010 23:00:00,       194.523450
03/26/2010 00:00:00,       213.105017
03/26/2010 01:00:00,       242.860048
03/26/2010 02:00:00,       265.178920
03/26/2010 03:00:00,       247.176567
03/26/2010 04:00:00,       303.981261
03/26/2010 05:00:00,       328.563740
03/26/2010 06:00:00,       348.090845
03/26/2010 07:00:00,       351.577006
03/26/2010 08:00:00,       351.403408
03/26/2010 09:00:00,       351.065490
03/26/2010 10:00:00,       350.557442
03/26/2010 11:00:00,       350.407966
03/26/2010 12:00:00,       350.274422
03/26/2010 13:00:00,       349.993790
03/26/2010 14:00:00,       336.487434
03/26/2010 15:00:00,       306.106660
03/26/2010 16:00:00,       302.278763
03/26/2010 17:00:00,       315.277002
03/26/2010 18:00:00,       312.228847
03/26/2010 19:00:00,       295.489602
03/26/2010 20:00:00,       284.725314
03/26/2010 21:00:00,       286.928271
03/26/2010 22:00:00,       292.078346
03/26/2010 23:00:00,       236.528332
03/27/2010 00:00:00,       145.350588
03/27/2010 01:00:00,       167.374057
03/27/2010 02:00:00,       310.980041
03/27/2010 03:00:00,       341.736631
03/27/2010 04:00:00,       343.029355
03/27/2010 05:00:00,       347.466663
03/27/2010 06:00:00,       350.261645
03/27/2010 07:00:00,       349.079414
03/27/2010 08:00:00,       345.908928
03/27/2010 09:00:00,       344.579278
03/27/2010 10:00:00,       344.863691
03/27/2010 11:00:00,       342.853282
03/27/2010 12:00:00,       335.781340
03/27/2010 13:00:00,       337.776328
03/27/2010 14:00:00,       343.604661
03/27/2010 15:00:00,       336.148880
03/27/2010 16:00:00,       281.496046
03/27/2010 17:00:00,       309.075053
03/27/2010 18:00:00,       349.610121
03/27/2010 19:00:00,       350.050583
03/27/2010 20:00:00,       347.524987
03/27/2010 21:00:00,       344.994616
03/27/2010 22:00:00,       342.443275
03/27/2010 23:00:00,       327.431956
03/28/2010 00:00:00,       323.383409
03/28/2010 01:00:00,       326.593896
03/28/2010 02:00:00,       324.337895
03/28/2010 03:00:00,       332.503695
03/28/2010 04:00:00,       344.304655
03/28/2010 05:00:00,       348.406417
03/28/2010 06:00:00,       348.822876
03/28/2010 07:00:00,       337.567398
03/28/2010 08:00:00,       299.040108
03/28/2010 09:00:00,       303.830215
03/28/2010 10:00:00,       314.496534
03/28/2010 11:00:00,       271.827904
03/28/2010 12:00:00,       260.837423
03/28/2010 13:00:00,       329.959827
03/28/2010 14:00:00,       342.039426
03/28/2010 15:00:00,       259.666246
03/28/2010 16:00:00,       221.591060
03/28/2010 17:00:00,       303.214708
03/28/2010 18:00:00,       351.940641
03/28/2010 19:00:00,       351.809576
03/28/2010 20:00:00,       347.644397
03/28/2010 21:00:00,       345.623325
03/28/2010 22:00:00,       351.726242
03/28/2010 23:00:00,       351.962132
03/29/2010 00:00:00,       351.995347
03/29/2010 01:00:00,       351.966218
03/29/2010 02:00:00,       351.942541
03/29/2010 03:00:00,       351.764643
03/29/2010 04:00:00,       351.791129
03/29/2010 05:00:00,       351.408156
03/29/2010 06:00:00,       325.415461
03/29/2010 07:00:00,       235.346168
03/29/2010 08:00:00,       302.450541
03/29/2010 09:00:00,       239.690341
03/29/2010 10:00:00,       272.892367
03/29/2010 11:00:00,       342.395671
03/29/2010 12:00:00,       341.276652
03/29/2010 13:00:00,       329.979285
03/29/2010 14:00:00,       341.001326
03/29/2010 15:00:00,       342.650765
03/29/2010 16:00:00,       350.695832
03/29/2010 17:00:00,       351.926309
03/29/2010 18:00:00,       351.955357
03/29/2010 19:00:00,       351.925391
03/29/2010 20:00:00,       351.629804
03/29/2010 21:00:00,       351.719022
03/29/2010 22:00:00,       350.462827
03/29/2010 23:00:00,       349.429115
03/30/2010 00:00:00,       346.721804
03/30/2010 01:00:00,       338.533508
03/30/2010 02:00:00,       295.247342
03/30/2010 03:00:00,       347.309978
03/30/2010 04:00:00,       350.851905
03/30/2010 05:00:00,       346.546449
03/30/2010 06:00:00,       335.633746
03/30/2010 07:00:00,       343.688865
03/30/2010 08:00:00,       347.647992
03/30/2010 09:00:00,       345.073086
03/30/2010 10:00:00,       329.564389
03/30/2010 11:00:00,       297.632526
03/30/2010 12:00:00,       328.888045
03/30/2010 13:00:00,       310.584367
03/30/2010 14:00:00,       166.824496
03/30/2010 15:00:00,       218.733179
03/30/2010 16:00:00,       289.221092
03/30/2010 17:00:00,       307.203181
03/30/2010 18:00:00,       340.470942
03/30/2010 19:00:00,       346.692237
03/30/2010 20:00:00,       344.283834
03/30/2010 21:00:00,       334.859399
03/30/2010 22:00:00,       309.420722
03/30/2010 23:00:00,       315.936687
03/31/2010 00:00:00,       319.143347
03/31/2010 01:00:00,       326.397196
03/31/2010 02:00:00,       324.576711
03/31/2010 03:00:00,       327.001502
03/31/2010 04:00:00,       330.151623
03/31/2010 05:00:00,       319.109229
03/31/2010 06:00:00,       332.445987
03/31/2010 07:00:00,       322.312526
03/31/2010 08:00:00,       306.135497
03/31/2010 09:00:00,       310.981417
03/31/2010 10:00:00,       321.482252
03/31/2010 11:00:00,       333.015541
03/31/2010 12:00:00,       328.705663
03/31/2010 13:00:00,       331.791770
03/31/2010 14:00:00,       342.310812
03/31/2010 15:00:00,       304.267966
03/31/2010 16:00:00,       219.571585
03/31/2010 17:00:00,       169.619465
03/31/2010 18:00:00,       182.542230
03/31/2010 19:00:00,       241.376494
03/31/2010 20:00:00,       251.453821
03/31/2010 21:00:00,       194.217337
03/31/2010 22:00:00,       146.673297
03/31/2010 23:00:00,       137.145604
04/01/2010 00:00:00,       144.136487
04/01/2010 01:00:00,       177.149682
04/01/2010 02:00:00,       184.555155
04/01/2010 03:00:00,       173.017129
04/01/2010 04:00:00,       202.964333
04/01/2010 05:00:00,       221.673061
04/01/2010 06:00:00,       254.590218
04/01/2010 07:00:00,       308.150327
04/01/2010 08:00:00,       333.138675
04/01/2010 09:00:00,       332.955685
04/01/2010 10:00:00,       316.043238
04/01/2010 11:00:00,       296.497678
04/01/2010 12:00:00,       268.156870
04/01/2010 13:00:00,       246.584673
04/01/2010 14:00:00,       227.481176
04/01/2010 15:00:00,       175.472075
04/01/2010 16:00:00,        56.168369
04/01/2010 17:00:00,         7.713310
04/01/2010 18:00:00,        29.159806
04/01/2010 19:00:00,       106.573211
04/01/2010 20:00:00,       111.423402
04/01/2010 21:00:00,       148.723366
04/01/2010 22:00:00,       188.525500
04/01/2010 23:00:00,       146.903533
04/02/2010 00:00:00,       128.079151
04/02/2010 01:00:00,       139.810929
04/02/2010 02:00:00,       161.841473
04/02/2010 03:00:00,       215.016735
04/02/2010 04:00:00,       280.780880
04/02/2010 05:00:00,       307.718362
04/02/2010 06:00:00,       311.837238
04/02/2010 07:00:00,       292.531371
04/02/2010 08:00:00,       310.119526
04/02/2010 09:00:00,       326.301408
04/02/2010 10:00:00,       310.229658
04/02/2010 11:00:00,       288.871145
04/02/2010 12:00:00,       256.502355
04/02/2010 13:00:00,       243.556565
04/02/2010 14:00:00,       208.079808
04/02/2010 15:00:00,       125.062069
04/02/2010 16:00:00,        60.050487
04/02/2010 17:00:00,        90.624325
04/02/2010 18:00:00,       129.567381
04/02/2010 19:00:00,       195.049084
04/02/2010 20:00:00,       207.040988
04/02/2010 21:00:00,       161.781612
04/02/2010 22:00:00,        97.468057
04/02/2010 23:00:00,       113.816603
04/03/2010 00:00:00,       147.566295
04/03/2010 01:00:00,       132.433284
04/03/2010 02:00:00,       116.605789
04/03/2010 03:00:00,       124.601687
04/03/2010 04:00:00,       124.545303
04/03/2010 05:00:00,        91.738017
04/03/2010 06:00:00,       131.224942
04/03/2010 07:00:00,       177.106195
04/03/2010 08:00:00,       157.505595
04/03/2010 09:00:00,       186.941510
04/03/2010 10:00:00,       158.924150
04/03/2010 11:00:00,       156.236004
04/03/2010 12:00:00,       223.700693
04/03/2010 13:00:00,       292.122313
04/03/2010 14:00:00,       303.917173
04/03/2010 15:00:00,       256.203438
04/03/2010 16:00:00,       301.639079
04/03/2010 17:00:00,       327.867040
04/03/2010 18:00:00,       344.454420
04/03/2010 19:00:00,       348.896398
04/03/2010 20:00:00,       350.118972
04/03/2010 21:00:00,       351.318288
04/03/2010 22:00:00,       351.831679
04/03/2010 23:00:00,       351.866311
04/04/2010 00:00:00,       351.957830
04/04/2010 01:00:00,       351.939318
04/04/2010 02:00:00,       351.865529
04/04/2010 03:00:00,       351.826560
04/04/2010 04:00:00,       351.262837
04/04/2010 05:00:00,       351.642062
04/04/2010 06:00:00,       351.646745
04/04/2010 07:00:00,       351.583899
04/04/2010 08:00:00,       349.710843
04/04/2010 09:00:00,       345.541271
04/04/2010 10:00:00,       340.251084
04/04/2010 11:00:00,       340.084340
04/04/2010 12:00:00,       340.600142
04/04/2010 13:00:00,       344.629982
04/04/2010 14:00:00,       335.774737
04/04/2010 15:00:00,       299.462796
04/04/2010 16:00:00,       232.176650
04/04/2010 17:00:00,       217.426925
04/04/2010 18:00:00,       235.575334
04/04/2010 19:00:00,       232.064815
04/04/2010 20:00:00,       216.788613
04/04/2010 21:00:00,       216.969192
04/04/2010 22:00:00,       154.295220
04/04/2010 23:00:00,       111.667232
04/05/2010 00:00:00,        63.153121
04/05/2010 01:00:00,        26.456979
04/05/2010 02:00:00,        28.870562
04/05/2010 03:00:00,        18.623391
04/05/2010 04:00:00,        25.654960
04/05/2010 05:00:00,        10.707263
04/05/2010 06:00:00,         1.102075
04/05/2010 07:00:00,         0.040529
04/05/2010 08:00:00,         0.000000
04/05/2010 09:00:00,         0.523839
04/05/2010 10:00:00,        14.240273
04/05/2010 11:00:00,        43.003810
04/05/2010 12:00:00,        73.255690
04/05/2010 13:00:00,        65.143103
04/05/2010 14:00:00,        29.588839
04/05/2010 15:00:00,         8.825095
04/05/2010 16:00:00,         1.377812
04/05/2010 17:00:00,         0.937428
04/05/2010 18:00:00,         0.771175
04/05/2010 19:00:00,         1.742902
04/05/2010 20:00:00,         5.217784
04/05/2010 21:00:00,         4.296260
04/05/2010 22:00:00,         3.105115
04/05/2010 23:00:00,         1.646019
04/06/2010 00:00:00,         0.053191
04/06/2010 01:00:00,         4.651603
04/06/2010 02:00:00,        47.804612
04/06/2010 03:00:00,        31.056105
04/06/2010 04:00:00,        12.555993
04/06/2010 05:00:00,        18.876885
04/06/2010 06:00:00,        55.067986
04/06/2010 07:00:00,       179.407480
04/06/2010 08:00:00,       263.693982
04/06/2010 09:00:00,       327.412827
04/06/2010 10:00:00,       341.044658
04/06/2010 11:00:00,       343.548560
04/06/2010 12:00:00,       342.854081
04/06/2010 13:00:00,       328.633537
04/06/2010 14:00:00,       299.627905
04/06/2010 15:00:00,       240.488171
04/06/2010 16:00:00,       224.526965
04/06/2010 17:00:00,       254.184889
04/06/2010 18:00:00,       278.523800
04/06/2010 19:00:00,       251.971651
04/06/2010 20:00:00,       253.261039
04/06/2010 21:00:00,       245.779308
04/06/2010 22:00:00,       210.851426
04/06/2010 23:00:00,       174.049668
04/07/2010 00:00:00,       184.613081
04/07/2010 01:00:00,       225.222414
04/07/2010 02:00:00,       232.058711
04/07/2010 03:00:00,       267.656420
04/07/2010 04:00:00,       295.564018
04/07/2010 05:00:00,       333.647315
04/07/2010 06:00:00,       344.743680
04/07/2010 07:00:00,       346.693914
04/07/2010 08:00:00,       339.169041
04/07/2010 09:00:00,       337.139724
04/07/2010 10:00:00,       335.960747
04/07/2010 11:00:00,       342.937266
04/07/2010 12:00:00,       347.299791
04/07/2010 13:00:00,       347.449202
04/07/2010 14:00:00,       334.864805
04/07/2010 15:00:00,       269.190368
04/07/2010 16:00:00,       302.047533
04/07/2010 17:00:00,       341.421780
04/07/2010 18:00:00,       340.977687
04/07/2010 19:00:00,       342.062278
04/07/2010 20:00:00,       346.954254
04/07/2010 21:00:00,       350.581569
04/07/2010 22:00:00,       351.541537
04/07/2010 23:00:00,       350.945729
04/08/2010 00:00:00,       343.184169
04/08/2010 01:00:00,       341.615819
04/08/2010 02:00:00,       342.138644
04/08/2010 03:00:00,       328.827888
04/08/2010 04:00:00,       347.576378
04/08/2010 05:00:00,       348.869507
04/08/2010 06:00:00,       330.995005
04/08/2010 07:00:00,       311.770005
04/08/2010 08:00:00,       293.824049
04/08/2010 09:00:00,       218.967663
04/08/2010 10:00:00,       210.587887
04/08/2010 11:00:00,       283.182272
04/08/2010 12:00:00,       293.320713
04/08/2010 13:00:00,       258.614728
04/08/2010 14:00:00,       272.691153
04/08/2010 15:00:00,       266.070200
04/08/2010 16:00:00,       276.892855
04/08/2010 17:00:00,       339.027171
04/08/2010 18:00:00,       346.750779
04/08/2010 19:00:00,       333.113091
04/08/2010 20:00:00,       351.495107
04/08/2010 21:00:00,       351.993956
04/08/2010 22:00:00,       351.993239
04/08/2010 23:00:00,       351.999231
04/09/2010 00:00:00,       351.998815
04/09/2010 01:00:00,       351.998011
04/09/2010 02:00:00,       351.977198
04/09/2010 03:00:00,       351.981958
04/09/2010 04:00:00,       351.969992
04/09/2010 05:00:00,       351.751700
04/09/2010 06:00:00,       344.734478
04/09/2010 07:00:00,       351.713221
04/09/2010 08:00:00,       351.506543
04/09/2010 09:00:00,       350.922421
04/09/2010 10:00:00,       351.000804
04/09/2010 11:00:00,       350.691761
04/09/2010 12:00:00,       350.380026
04/09/2010 13:00:00,       349.165766
04/09/2010 14:00:00,       344.208858
04/09/2010 15:00:00,       346.828747
04/09/2010 16:00:00,       350.887202
04/09/2010 17:00:00,       349.821487
04/09/2010 18:00:00,       350.812624
04/09/2010 19:00:00,       351.564186
04/09/2010 20:00:00,       350.615163
04/09/2010 21:00:00,       350.348243
04/09/2010 22:00:00,       345.819254
04/09/2010 23:00:00,       326.246038
04/10/2010 00:00:00,       334.359407
04/10/2010 01:00:00,       350.832448
04/10/2010 02:00:00,       349.204645
04/10/2010 03:00:00,       339.702051
04/10/2010 04:00:00,       314.263531
04/10/2010 05:00:00,       326.499020
04/10/2010 06:00:00,       325.915913
04/10/2010 07:00:00,       318.227954
04/10/2010 08:00:00,       276.461382
04/10/2010 09:00:00,       251.118948
04/10/2010 10:00:00,       254.783860
04/10/2010 11:00:00,       195.416148
04/10/2010 12:00:00,       146.081297
04/10/2010 13:00:00,       141.455181
04/10/2010 14:00:00,        97.743942
04/10/2010 15:00:00,        42.876264
04/10/2010 16:00:00,        22.107536
04/10/2010 17:00:00,        52.188652
04/10/2010 18:00:00,        52.841301
04/10/2010 19:00:00,        35.427669
04/10/2010 20:00:00,        21.011530
04/10/2010 21:00:00,         7.761983
04/10/2010 22:00:00,         1.791990
04/10/2010 23:00:00,         0.359937
04/11/2010 00:00:00,         0.045755
04/11/2010 01:00:00,         0.216179
04/11/2010 02:00:00,         3.942710
04/11/2010 03:00:00,        20.988909
04/11/2010 04:00:00,        55.168456
04/11/2010 05:00:00,        99.468177
04/11/2010 06:00:00,       101.814257
04/11/2010 07:00:00,       212.956461
04/11/2010 08:00:00,       226.697447
04/11/2010 09:00:00,       171.214428
04/11/2010 10:00:00,       152.027286
04/11/2010 11:00:00,       121.770712
04/11/2010 12:00:00,       131.063015
04/11/2010 13:00:00,        83.246635
04/11/2010 14:00:00,        18.723694
04/11/2010 15:00:00,        10.216387
04/11/2010 16:00:00,        32.705654
04/11/2010 17:00:00,        85.360158
04/11/2010 18:00:00,        96.160601
04/11/2010 19:00:00,        55.884877
04/11/2010 20:00:00,        76.151540
04/11/2010 21:00:00,        76.782680
04/11/2010 22:00:00,       165.340035
04/11/2010 23:00:00,       156.502134
04/12/2010 00:00:00,       147.190545
04/12/2010 01:00:00,        69.798683
04/12/2010 02:00:00,       114.018661
04/12/2010 03:00:00,        95.520776
04/12/2010 04:00:00,       107.443976
04/12/2010 05:00:00,       114.952589
04/12/2010 06:00:00,        71.869736
04/12/2010 07:00:00,         0.000000
04/12/2010 08:00:00,         0.000000
04/12/2010 09:00:00,         0.000000
04/12/2010 10:00:00,         0.000000
04/12/2010 11:00:00,        11.630709
04/12/2010 12:00:00,        34.820529
04/12/2010 13:00:00,        21.248117
04/12/2010 14:00:00,         0.000000
04/12/2010 15:00:00,         2.859819
04/12/2010 16:00:00,        47.930320
04/12/2010 17:00:00,        41.504747
04/12/2010 18:00:00,        29.424246
04/12/2010 19:00:00,        26.077178
04/12/2010 20:00:00,        17.113385
04/12/2010 21:00:00,        13.287875
04/12/2010 22:00:00,         9.605598
04/12/2010 23:00:00,         1.888822
04/13/2010 00:00:00,         0.008944
04/13/2010 01:00:00,         0.803673
04/13/2010 02:00:00,         0.605216
04/13/2010 03:00:00,         0.267375
04/13/2010 04:00:00,         0.792649
04/13/2010 05:00:00,         0.099348
04/13/2010 06:00:00,         0.000000
04/13/2010 07:00:00,         0.000000
04/13/2010 08:00:00,         0.000000
04/13/2010 09:00:00,         0.000000
04/13/2010 10:00:00,         0.000000
04/13/2010 11:00:00,         0.000000
04/13/2010 12:00:00,         0.000000
04/13/2010 13:00:00,         0.000000
04/13/2010 14:00:00,         0.000000
04/13/2010 15:00:00,         0.000000
04/13/2010 16:00:00,         1.453994
04/13/2010 17:00:00,        17.820345
04/13/2010 18:00:00,        57.271712
04/13/2010 19:00:00,        81.337787
04/13/2010 20:00:00,        70.022556
04/13/2010 21:00:00,        46.537321
04/13/2010 22:00:00,        35.626394
04/13/2010 23:00:00,        45.660121
04/14/2010 00:00:00,        46.531500
04/14/2010 01:00:00,        21.293687
04/14/2010 02:00:00,        26.337903
04/14/2010 03:00:00,         0.000000
04/14/2010 04:00:00,         0.000000
04/14/2010 05:00:00,         0.000000
04/14/2010 06:00:00,         0.000000
04/14/2010 07:00:00,         0.000000
04/14/2010 08:00:00,         0.000000
04/14/2010 09:00:00,         0.000000
04/14/2010 10:00:00,         0.000000
04/14/2010 11:00:00,         0.000000
04/14/2010 12:00:00,         0.000000
04/14/2010 13:00:00,        15.379257
04/14/2010 14:00:00,        78.758624
04/14/2010 15:00:00,       244.459961
04/14/2010 16:00:00,       342.204703
04/14/2010 17:00:00,       351.634502
04/14/2010 18:00:00,       351.746325
04/14/2010 19:00:00,       351.765072
04/14/2010 20:00:00,       350.270023
04/14/2010 21:00:00,       317.859746
04/14/2010 22:00:00,       284.400889
04/14/2010 23:00:00,       244.804128
04/15/2010 00:00:00,       169.434652
04/15/2010 01:00:00,       161.202875
04/15/2010 02:00:00,       108.001059
04/15/2010 03:00:00,       173.326989
04/15/2010 04:00:00,       155.803041
04/15/2010 05:00:00,       161.849027
04/15/2010 06:00:00,        71.174720
04/15/2010 07:00:00,        81.492551
04/15/2010 08:00:00,        35.767985
04/15/2010 09:00:00,        22.370701
04/15/2010 10:00:00,         8.080659
04/15/2010 11:00:00,         4.000628
04/15/2010 12:00:00,         7.867048
04/15/2010 13:00:00,         0.022327
04/15/2010 14:00:00,         0.000000
04/15/2010 15:00:00,         0.037267
04/15/2010 16:00:00,         0.209543
04/15/2010 17:00:00,         0.033789
04/15/2010 18:00:00,         0.046411
04/15/2010 19:00:00,         0.247576
04/15/2010 20:00:00,         1.075507
04/15/2010 21:00:00,         1.868073
04/15/2010 22:00:00,         7.218797
04/15/2010 23:00:00,        16.174899
04/16/2010 00:00:00,        16.385032
04/16/2010 01:00:00,        34.177394
04/16/2010 02:00:00,        82.431619
04/16/2010 03:00:00,       121.874322
04/16/2010 04:00:00,       211.952550
04/16/2010 05:00:00,       277.958681
04/16/2010 06:00:00,       319.950844
04/16/2010 07:00:00,       315.714212
04/16/2010 08:00:00,       327.521401
04/16/2010 09:00:00,       325.394878
04/16/2010 10:00:00,       305.436483
04/16/2010 11:00:00,       238.733890
04/16/2010 12:00:00,        97.060956
04/16/2010 13:00:00,        66.241180
04/16/2010 14:00:00,        66.398716
04/16/2010 15:00:00,       159.790699
04/16/2010 16:00:00,       125.676165
04/16/2010 17:00:00,        88.151098
04/16/2010 18:00:00,        72.865324
04/16/2010 19:00:00,        65.617050
04/16/2010 20:00:00,        63.103442
04/16/2010 21:00:00,        74.136383
04/16/2010 22:00:00,        71.341756
04/16/2010 23:00:00,        55.802478
04/17/2010 00:00:00,        40.834696
04/17/2010 01:00:00,        33.673529
04/17/2010 02:00:00,        42.726933
04/17/2010 03:00:00,        41.602484
04/17/2010 04:00:00,        35.536428
04/17/2010 05:00:00,        23.323659
04/17/2010 06:00:00,        12.951365
04/17/2010 07:00:00,        20.035323
04/17/2010 08:00:00,        30.707600
04/17/2010 09:00:00,        40.575391
04/17/2010 10:00:00,        66.294387
04/17/2010 11:00:00,        96.365374
04/17/2010 12:00:00,       111.681880
04/17/2010 13:00:00,       141.076511
04/17/2010 14:00:00,       122.313474
04/17/2010 15:00:00,       124.422358
04/17/2010 16:00:00,        67.588567
04/17/2010 17:00:00,        37.026087
04/17/2010 18:00:00,        43.703892
04/17/2010 19:00:00,        23.511097
04/17/2010 20:00:00,        24.497365
04/17/2010 21:00:00,         6.712959
04/17/2010 22:00:00,         2.145656
04/17/2010 23:00:00,         0.301537
04/18/2010 00:00:00,         1.919653
04/18/2010 01:00:00,         7.678790
04/18/2010 02:00:00,        65.075331
04/18/2010 03:00:00,       110.753022
04/18/2010 04:00:00,       172.147256
04/18/2010 05:00:00,       218.419052
04/18/2010 06:00:00,       245.822174
04/18/2010 07:00:00,       250.818664
04/18/2010 08:00:00,       216.771761
04/18/2010 09:00:00,       163.220310
04/18/2010 10:00:00,       175.687701
04/18/2010 11:00:00,       162.377365
04/18/2010 12:00:00,       165.420698
04/18/2010 13:00:00,       178.827489
04/18/2010 14:00:00,       185.595880
04/18/2010 15:00:00,       119.476116
04/18/2010 16:00:00,        24.593300
04/18/2010 17:00:00,        32.150616
04/18/2010 18:00:00,        87.596827
04/18/2010 19:00:00,       117.383987
04/18/2010 20:00:00,        96.519924
04/18/2010 21:00:00,        66.593580
04/18/2010 22:00:00,        79.563828
04/18/2010 23:00:00,        72.794588
04/19/2010 00:00:00,       124.544994
04/19/2010 01:00:00,       120.375627
04/19/2010 02:00:00,        72.697201
04/19/2010 03:00:00,       153.708519
04/19/2010 04:00:00,       194.961882
04/19/2010 05:00:00,       108.342016
04/19/2010 06:00:00,       114.407075
04/19/2010 07:00:00,       109.705152
04/19/2010 08:00:00,        90.594216
04/19/2010 09:00:00,        64.226360
04/19/2010 10:00:00,        41.121124
04/19/2010 11:00:00,        30.279042
04/19/2010 12:00:00,        20.503511
04/19/2010 13:00:00,         8.263081
04/19/2010 14:00:00,         1.361531
04/19/2010 15:00:00,         0.244057
04/19/2010 16:00:00,         0.000000
04/19/2010 17:00:00,         0.000000
04/19/2010 18:00:00,         0.071779
04/19/2010 19:00:00,         0.182165
04/19/2010 20:00:00,         1.620447
04/19/2010 21:00:00,        16.874157
04/19/2010 22:00:00,        34.124879
04/19/2010 23:00:00,         3.510637
04/20/2010 00:00:00,        39.905713
04/20/2010 01:00:00,       126.853944
04/20/2010 02:00:00,        84.341627
04/20/2010 03:00:00,       113.828672
04/20/2010 04:00:00,        84.769051
04/20/2010 05:00:00,       107.297752
04/20/2010 06:00:00,       111.792823
04/20/2010 07:00:00,       114.135135
04/20/2010 08:00:00,        79.390128
04/20/2010 09:00:00,        84.495460
04/20/2010 10:00:00,       122.153585
04/20/2010 11:00:00,       137.247980
04/20/2010 12:00:00,       175.988210
04/20/2010 13:00:00,       186.501356
04/20/2010 14:00:00,       170.522609
04/20/2010 15:00:00,       115.647694
04/20/2010 16:00:00,        96.595645
04/20/2010 17:00:00,        81.172412
04/20/2010 18:00:00,       138.738966
04/20/2010 19:00:00,       181.412723
04/20/2010 20:00:00,       164.937376
04/20/2010 21:00:00,       124.199085
04/20/2010 22:00:00,       195.671236
04/20/2010 23:00:00,       210.395739
04/21/2010 00:00:00,       204.276854
04/21/2010 01:00:00,       252.615735
04/21/2010 02:00:00,       124.055414
04/21/2010 03:00:00,       301.097216
04/21/2010 04:00:00,       251.303970
04/21/2010 05:00:00,       268.410423
04/21/2010 06:00:00,       294.706709
04/21/2010 07:00:00,       264.374431
04/21/2010 08:00:00,       278.567943
04/21/2010 09:00:00,       274.524836
04/21/2010 10:00:00,       240.943555
04/21/2010 11:00:00,       212.538717
04/21/2010 12:00:00,       208.598996
04/21/2010 13:00:00,       179.255218
04/21/2010 14:00:00,       132.782471
04/21/2010 15:00:00,       100.860463
04/21/2010 16:00:00,        89.121896
04/21/2010 17:00:00,        78.784476
04/21/2010 18:00:00,        90.836104
04/21/2010 19:00:00,        93.238029
04/21/2010 20:00:00,        69.748407
04/21/2010 21:00:00,        53.510020
04/21/2010 22:00:00,        80.784304
04/21/2010 23:00:00,        96.222307
04/22/2010 00:00:00,        40.499557
04/22/2010 01:00:00,        66.304192
04/22/2010 02:00:00,        75.859983
04/22/2010 03:00:00,        63.639535
04/22/2010 04:00:00,       110.608659
04/22/2010 05:00:00,       118.262980
04/22/2010 06:00:00,       119.234026
04/22/2010 07:00:00,       161.111799
04/22/2010 08:00:00,       223.010400
04/22/2010 09:00:00,       197.329757
04/22/2010 10:00:00,       245.197082
04/22/2010 11:00:00,       192.315189
04/22/2010 12:00:00,       106.768809
04/22/2010 13:00:00,        61.779577
04/22/2010 14:00:00,        27.184577
04/22/2010 15:00:00,        34.643385
04/22/2010 16:00:00,        20.748617
04/22/2010 17:00:00,        17.689562
04/22/2010 18:00:00,        20.222470
04/22/2010 19:00:00,        20.567788
04/22/2010 20:00:00,         4.314763
04/22/2010 21:00:00,        37.793686
04/22/2010 22:00:00,        23.194297
04/22/2010 23:00:00,        76.640848
04/23/2010 00:00:00,        13.080885
04/23/2010 01:00:00,        40.241434
04/23/2010 02:00:00,        36.422131
04/23/2010 03:00:00,        35.659224
04/23/2010 04:00:00,       175.794019
04/23/2010 05:00:00,        35.982144
04/23/2010 06:00:00,       108.055973
04/23/2010 07:00:00,        84.237702
04/23/2010 08:00:00,       137.249821
04/23/2010 09:00:00,       110.978786
04/23/2010 10:00:00,       147.797544
04/23/2010 11:00:00,       164.349078
04/23/2010 12:00:00,       160.826674
04/23/2010 13:00:00,        93.188172
04/23/2010 14:00:00,        82.183831
04/23/2010 15:00:00,        69.576663
04/23/2010 16:00:00,        44.464024
04/23/2010 17:00:00,        32.368583
04/23/2010 18:00:00,        30.898898
04/23/2010 19:00:00,        24.210917
04/23/2010 20:00:00,        22.746144
04/23/2010 21:00:00,        52.113379
04/23/2010 22:00:00,        77.046784
04/23/2010 23:00:00,       144.380986
04/24/2010 00:00:00,       280.415977
04/24/2010 01:00:00,       295.761224
04/24/2010 02:00:00,       312.094341
04/24/2010 03:00:00,       310.246098
04/24/2010 04:00:00,       296.855102
04/24/2010 05:00:00,       289.117730
04/24/2010 06:00:00,       281.912368
04/24/2010 07:00:00,       254.421211
04/24/2010 08:00:00,       217.144616
04/24/2010 09:00:00,       173.616908
04/24/2010 10:00:00,       190.202660
04/24/2010 11:00:00,       301.092463
04/24/2010 12:00:00,       318.664240
04/24/2010 13:00:00,       287.235843
04/24/2010 14:00:00,       230.562756
04/24/2010 15:00:00,       282.139692
04/24/2010 16:00:00,       247.817062
04/24/2010 17:00:00,       248.113964
04/24/2010 18:00:00,       281.372447
04/24/2010 19:00:00,       351.177872
04/24/2010 20:00:00,       338.998600
04/24/2010 21:00:00,       347.378028
04/24/2010 22:00:00,       349.696960
04/24/2010 23:00:00,       351.530855
04/25/2010 00:00:00,       351.938421
04/25/2010 01:00:00,       351.931948
04/25/2010 02:00:00,       351.899896
04/25/2010 03:00:00,       351.624684
04/25/2010 04:00:00,       350.341728
04/25/2010 05:00:00,       345.002623
04/25/2010 06:00:00,       316.478880
04/25/2010 07:00:00,       271.418528
04/25/2010 08:00:00,       207.897698
04/25/2010 09:00:00,       133.152007
04/25/2010 10:00:00,       151.127553
04/25/2010 11:00:00,       172.576754
04/25/2010 12:00:00,       143.944761
04/25/2010 13:00:00,       208.491940
04/25/2010 14:00:00,       211.714110
04/25/2010 15:00:00,       101.923493
04/25/2010 16:00:00,        95.323582
04/25/2010 17:00:00,       117.750780
04/25/2010 18:00:00,        94.184915
04/25/2010 19:00:00,        51.212035
04/25/2010 20:00:00,        24.769221
04/25/2010 21:00:00,        32.087799
04/25/2010 22:00:00,        13.905833
04/25/2010 23:00:00,         9.549194
04/26/2010 00:00:00,         5.605616
04/26/2010 01:00:00,         2.065548
04/26/2010 02:00:00,         1.924448
04/26/2010 03:00:00,         0.933650
04/26/2010 04:00:00,         0.242098
04/26/2010 05:00:00,         1.626333
04/26/2010 06:00:00,        14.381207
04/26/2010 07:00:00,        45.390501
04/26/2010 08:00:00,        23.921943
04/26/2010 09:00:00,        21.847248
04/26/2010 10:00:00,        39.820570
04/26/2010 11:00:00,        59.278205
04/26/2010 12:00:00,        54.573979
04/26/2010 13:00:00,        64.099324
04/26/2010 14:00:00,        74.543919
04/26/2010 15:00:00,        40.991052
04/26/2010 16:00:00,        39.507412
04/26/2010 17:00:00,        56.275937
04/26/2010 18:00:00,        85.781176
04/26/2010 19:00:00,        80.076897
04/26/2010 20:00:00,        89.374744
04/26/2010 21:00:00,       155.982521
04/26/2010 22:00:00,       265.121384
04/26/2010 23:00:00,       152.931937
04/27/2010 00:00:00,        64.083726
04/27/2010 01:00:00,       161.413420
04/27/2010 02:00:00,       222.957181
04/27/2010 03:00:00,       293.590319
04/27/2010 04:00:00,       305.878407
04/27/2010 05:00:00,       332.846658
04/27/2010 06:00:00,       337.933274
04/27/2010 07:00:00,       332.248133
04/27/2010 08:00:00,       329.543824
04/27/2010 09:00:00,       323.812030
04/27/2010 10:00:00,       285.150356
04/27/2010 11:00:00,       268.555120
04/27/2010 12:00:00,       239.872502
04/27/2010 13:00:00,       258.274435
04/27/2010 14:00:00,       256.630649
04/27/2010 15:00:00,       214.228849
04/27/2010 16:00:00,       134.930099
04/27/2010 17:00:00,       103.258568
04/27/2010 18:00:00,        71.570444
04/27/2010 19:00:00,        46.371483
04/27/2010 20:00:00,        31.210375
04/27/2010 21:00:00,        47.106281
04/27/2010 22:00:00,        48.389812
04/27/2010 23:00:00,        29.390235
04/28/2010 00:00:00,        13.794795
04/28/2010 01:00:00,         2.113323
04/28/2010 02:00:00,         0.307604
04/28/2010 03:00:00,         2.130295
04/28/2010 04:00:00,         6.981918
04/28/2010 05:00:00,        13.416999
04/28/2010 06:00:00,        16.335468
04/28/2010 07:00:00,        24.271562
04/28/2010 08:00:00,        16.499820
04/28/2010 09:00:00,         0.248064
04/28/2010 10:00:00,         7.771036
04/28/2010 11:00:00,        16.492632
04/28/2010 12:00:00,        20.405445
04/28/2010 13:00:00,        69.171845
04/28/2010 14:00:00,       108.930033
04/28/2010 15:00:00,       208.314623
04/28/2010 16:00:00,       250.981412
04/28/2010 17:00:00,       292.075553
04/28/2010 18:00:00,       304.585523
04/28/2010 19:00:00,       256.316854
04/28/2010 20:00:00,       245.510590
04/28/2010 21:00:00,       212.159741
04/28/2010 22:00:00,       207.391984
04/28/2010 23:00:00,       234.818099
04/29/2010 00:00:00,       237.510304
04/29/2010 01:00:00,       245.467389
04/29/2010 02:00:00,        89.678299
04/29/2010 03:00:00,        18.268286
04/29/2010 04:00:00,         0.000000
04/29/2010 05:00:00,         0.000000
04/29/2010 06:00:00,         0.000000
04/29/2010 07:00:00,         0.000000
04/29/2010 08:00:00,         0.000000
04/29/2010 09:00:00,         0.000000
04/29/2010 10:00:00,         0.000000
04/29/2010 11:00:00,         0.000000
04/29/2010 12:00:00,         0.000000
04/29/2010 13:00:00,         0.000000
04/29/2010 14:00:00,         0.000000
04/29/2010 15:00:00,         0.000000
04/29/2010 16:00:00,         0.000000
04/29/2010 17:00:00,        21.333333
04/29/2010 18:00:00,        32.000000
04/29/2010 19:00:00,        31.999865
04/29/2010 20:00:00,        32.000000
04/29/2010 21:00:00,        32.000000
04/29/2010 22:00:00,        32.000000
04/29/2010 23:00:00,        42.666667
04/30/2010 00:00:00,        32.000000
04/30/2010 01:00:00,        32.000000
04/30/2010 02:00:00,        32.000000
04/30/2010 03:00:00,        10.665751
04/30/2010 04:00:00,         0.000000
04/30/2010 05:00:00,        23.962624
04/30/2010 06:00:00,        76.926656
04/30/2010 07:00:00,       343.255482
04/30/2010 08:00:00,       336.539550
04/30/2010 09:00:00,       324.744019
04/30/2010 10:00:00,       318.464279
04/30/2010 11:00:00,       311.332131
04/30/2010 12:00:00,       295.924644
04/30/2010 13:00:00,       288.237206
04/30/2010 14:00:00,       255.566079
04/30/2010 15:00:00,       223.080384
04/30/2010 16:00:00,       218.768649
04/30/2010 17:00:00,       198.845856
04/30/2010 18:00:00,       199.724929
04/30/2010 19:00:00,       211.965416
04/30/2010 20:00:00,       261.590167
04/30/2010 21:00:00,       221.038105
04/30/2010 22:00:00,       216.603223
04/30/2010 23:00:00,       126.938233
05/01/2010 00:00:00,       140.022250
05/01/2010 01:00:00,        61.163548
05/01/2010 02:00:00,       105.591961
05/01/2010 03:00:00,       184.796259
05/01/2010 04:00:00,       122.928561
05/01/2010 05:00:00,       137.356543
05/01/2010 06:00:00,        92.913993
05/01/2010 07:00:00,        53.428605
05/01/2010 08:00:00,        49.571341
05/01/2010 09:00:00,        35.560278
05/01/2010 10:00:00,        22.364716
05/01/2010 11:00:00,        12.713611
05/01/2010 12:00:00,        51.106187
05/01/2010 13:00:00,        82.059076
05/01/2010 14:00:00,       114.009425
05/01/2010 15:00:00,        59.937454
05/01/2010 16:00:00,        20.404840
05/01/2010 17:00:00,        17.536545
05/01/2010 18:00:00,        30.173043
05/01/2010 19:00:00,        38.752713
05/01/2010 20:00:00,        29.506782
05/01/2010 21:00:00,        44.318224
05/01/2010 22:00:00,        57.575159
05/01/2010 23:00:00,        54.004676
05/02/2010 00:00:00,       106.092531
05/02/2010 01:00:00,       104.292627
05/02/2010 02:00:00,        35.721018
05/02/2010 03:00:00,        52.935612
05/02/2010 04:00:00,       152.947472
05/02/2010 05:00:00,       135.629691
05/02/2010 06:00:00,       144.926688
05/02/2010 07:00:00,       181.442722
05/02/2010 08:00:00,       215.148020
05/02/2010 09:00:00,       176.929987
05/02/2010 10:00:00,       197.969370
05/02/2010 11:00:00,       249.768584
05/02/2010 12:00:00,       209.611612
05/02/2010 13:00:00,       209.250702
05/02/2010 14:00:00,       175.889218
05/02/2010 15:00:00,       104.353638
05/02/2010 16:00:00,        42.072730
05/02/2010 17:00:00,        21.337843
05/02/2010 18:00:00,        23.921860
05/02/2010 19:00:00,        57.804405
05/02/2010 20:00:00,        55.861865
05/02/2010 21:00:00,       110.204197
05/02/2010 22:00:00,       200.583637
05/02/2010 23:00:00,       307.376721
05/03/2010 00:00:00,       332.146015
05/03/2010 01:00:00,       348.572057
05/03/2010 02:00:00,       348.132814
05/03/2010 03:00:00,       346.220922
05/03/2010 04:00:00,       344.091071
05/03/2010 05:00:00,       350.204671
05/03/2010 06:00:00,       351.038905
05/03/2010 07:00:00,       349.397582
05/03/2010 08:00:00,       343.170602
05/03/2010 09:00:00,       343.169383
05/03/2010 10:00:00,       332.234676
05/03/2010 11:00:00,       259.652661
05/03/2010 12:00:00,       202.484666
05/03/2010 13:00:00,       181.822296
05/03/2010 14:00:00,       275.977137
05/03/2010 15:00:00,       333.729182
05/03/2010 16:00:00,       346.918221
05/03/2010 17:00:00,       349.139820
05/03/2010 18:00:00,       351.253341
05/03/2010 19:00:00,       351.446575
05/03/2010 20:00:00,       351.106659
05/03/2010 21:00:00,       350.494070
05/03/2010 22:00:00,       350.638296
05/03/2010 23:00:00,       351.630942
05/04/2010 00:00:00,       351.860099
05/04/2010 01:00:00,       351.926976
05/04/2010 02:00:00,       351.909092
05/04/2010 03:00:00,       351.699190
05/04/2010 04:00:00,       351.668479
05/04/2010 05:00:00,       351.946816
05/04/2010 06:00:00,       351.977405
05/04/2010 07:00:00,       351.764010
05/04/2010 08:00:00,       351.612212
05/04/2010 09:00:00,       351.901793
05/04/2010 10:00:00,       351.863745
05/04/2010 11:00:00,       351.838695
05/04/2010 12:00:00,       351.763667
05/04/2010 13:00:00,       351.520827
05/04/2010 14:00:00,       351.573174
05/04/2010 15:00:00,       350.991545
05/04/2010 16:00:00,       327.206975
05/04/2010 17:00:00,       351.945494
05/04/2010 18:00:00,       351.970022
05/04/2010 19:00:00,       351.897435
05/04/2010 20:00:00,       337.685290
05/04/2010 21:00:00,       227.240092
05/04/2010 22:00:00,       284.423478
05/04/2010 23:00:00,       290.640283
05/05/2010 00:00:00,       307.201894
05/05/2010 01:00:00,       278.939706
05/05/2010 02:00:00,       242.693377
05/05/2010 03:00:00,       121.058870
05/05/2010 04:00:00,        63.396667
05/05/2010 05:00:00,        34.931066
05/05/2010 06:00:00,        27.117509
05/05/2010 07:00:00,        14.008100
05/05/2010 08:00:00,        12.691112
05/05/2010 09:00:00,        10.069975
05/05/2010 10:00:00,         9.459316
05/05/2010 11:00:00,        11.912954
05/05/2010 12:00:00,        11.030653
05/05/2010 13:00:00,         8.412997
05/05/2010 14:00:00,        12.353768
05/05/2010 15:00:00,        56.258940
05/05/2010 16:00:00,        71.055297
05/05/2010 17:00:00,        65.302111
05/05/2010 18:00:00,        66.752322
05/05/2010 19:00:00,        75.938810
05/05/2010 20:00:00,        76.574947
05/05/2010 21:00:00,        66.602374
05/05/2010 22:00:00,        50.236159
05/05/2010 23:00:00,        36.619783
05/06/2010 00:00:00,        39.966433
05/06/2010 01:00:00,        41.891104
05/06/2010 02:00:00,        36.821169
05/06/2010 03:00:00,        27.042325
05/06/2010 04:00:00,        13.908716
05/06/2010 05:00:00,         6.755438
05/06/2010 06:00:00,         3.197782
05/06/2010 07:00:00,         4.895555
05/06/2010 08:00:00,         2.520389
05/06/2010 09:00:00,         3.699753
05/06/2010 10:00:00,         4.402317
05/06/2010 11:00:00,         5.564989
05/06/2010 12:00:00,         9.885485
05/06/2010 13:00:00,        11.209378
05/06/2010 14:00:00,        15.506566
05/06/2010 15:00:00,        21.198513
05/06/2010 16:00:00,        77.820706
05/06/2010 17:00:00,       107.497025
05/06/2010 18:00:00,       105.757375
05/06/2010 19:00:00,        81.245278
05/06/2010 20:00:00,        78.149534
05/06/2010 21:00:00,        76.167384
05/06/2010 22:00:00,        60.248249
05/06/2010 23:00:00,        47.455788
05/07/2010 00:00:00,        43.563377
05/07/2010 01:00:00,        34.247434
05/07/2010 02:00:00,        16.077824
05/07/2010 03:00:00,         7.156301
05/07/2010 04:00:00,         2.956039
05/07/2010 05:00:00,         9.389851
05/07/2010 06:00:00,        28.969564
05/07/2010 07:00:00,        41.293017
05/07/2010 08:00:00,        40.752364
05/07/2010 09:00:00,        36.441618
05/07/2010 10:00:00,        43.085953
05/07/2010 11:00:00,        34.355682
05/07/2010 12:00:00,        34.259386
05/07/2010 13:00:00,        29.828898
05/07/2010 14:00:00,        22.849975
05/07/2010 15:00:00,         5.293843
05/07/2010 16:00:00,         1.160933
05/07/2010 17:00:00,         1.085080
05/07/2010 18:00:00,         0.537855
05/07/2010 19:00:00,         0.000000
05/07/2010 20:00:00,         0.000000
05/07/2010 21:00:00,         0.000000
05/07/2010 22:00:00,         0.000000
05/07/2010 23:00:00,         0.000000
05/08/2010 00:00:00,         0.000000
05/08/2010 01:00:00,         0.328268
05/08/2010 02:00:00,        11.476163
05/08/2010 03:00:00,        50.590595
05/08/2010 04:00:00,        87.976908
05/08/2010 05:00:00,       104.308223
05/08/2010 06:00:00,       103.718832
05/08/2010 07:00:00,       136.103305
05/08/2010 08:00:00,       174.284374
05/08/2010 09:00:00,       214.518035
05/08/2010 10:00:00,       250.673427
05/08/2010 11:00:00,       268.869056
05/08/2010 12:00:00,       255.068225
05/08/2010 13:00:00,       223.881207
05/08/2010 14:00:00,       144.127280
05/08/2010 15:00:00,        74.163847
05/08/2010 16:00:00,        64.187130
05/08/2010 17:00:00,        61.983729
05/08/2010 18:00:00,       113.025980
05/08/2010 19:00:00,        97.125105
05/08/2010 20:00:00,       145.974741
05/08/2010 21:00:00,       125.116163
05/08/2010 22:00:00,       105.698428
05/08/2010 23:00:00,        96.445614
05/09/2010 00:00:00,       124.642152
05/09/2010 01:00:00,        72.363544
05/09/2010 02:00:00,        11.731973
05/09/2010 03:00:00,         4.590512
05/09/2010 04:00:00,         0.602676
05/09/2010 05:00:00,         0.017741
05/09/2010 06:00:00,         0.779077
05/09/2010 07:00:00,         0.380590
05/09/2010 08:00:00,         0.227512
05/09/2010 09:00:00,         0.185475
05/09/2010 10:00:00,         5.431077
05/09/2010 11:00:00,        10.335535
05/09/2010 12:00:00,        26.655391
05/09/2010 13:00:00,        40.092144
05/09/2010 14:00:00,        34.462835
05/09/2010 15:00:00,        26.208353
05/09/2010 16:00:00,        14.724618
05/09/2010 17:00:00,        22.401388
05/09/2010 18:00:00,        40.636341
05/09/2010 19:00:00,        34.219013
05/09/2010 20:00:00,        27.511410
05/09/2010 21:00:00,        24.916565
05/09/2010 22:00:00,        23.882466
05/09/2010 23:00:00,        16.279569
05/10/2010 00:00:00,         8.549439
05/10/2010 01:00:00,         8.165820
05/10/2010 02:00:00,        15.635765
05/10/2010 03:00:00,         7.703021
05/10/2010 04:00:00,         9.236941
05/10/2010 05:00:00,         0.523637
05/10/2010 06:00:00,        11.319657
05/10/2010 07:00:00,        20.293988
05/10/2010 08:00:00,        18.166955
05/10/2010 09:00:00,        14.357656
05/10/2010 10:00:00,        27.699518
05/10/2010 11:00:00,        59.781172
05/10/2010 12:00:00,        86.222972
05/10/2010 13:00:00,        89.944585
05/10/2010 14:00:00,        62.323505
05/10/2010 15:00:00,        35.144218
05/10/2010 16:00:00,        25.413129
05/10/2010 17:00:00,        21.846519
05/10/2010 18:00:00,        18.335853
05/10/2010 19:00:00,        21.762700
05/10/2010 20:00:00,        28.526874
05/10/2010 21:00:00,        31.283210
05/10/2010 22:00:00,        46.253173
05/10/2010 23:00:00,        43.592779
05/11/2010 00:00:00,        47.270506
05/11/2010 01:00:00,        53.006684
05/11/2010 02:00:00,        44.235514
05/11/2010 03:00:00,        61.274621
05/11/2010 04:00:00,        51.295228
05/11/2010 05:00:00,        28.903370
05/11/2010 06:00:00,        10.076985
05/11/2010 07:00:00,        21.395977
05/11/2010 08:00:00,        20.133461
05/11/2010 09:00:00,         4.787630
05/11/2010 10:00:00,         0.950993
05/11/2010 11:00:00,         0.215050
05/11/2010 12:00:00,         0.000000
05/11/2010 13:00:00,         0.000000
05/11/2010 14:00:00,         0.000000
05/11/2010 15:00:00,         0.000000
05/11/2010 16:00:00,         0.000000
05/11/2010 17:00:00,         1.302235
05/11/2010 18:00:00,         3.824494
05/11/2010 19:00:00,         4.113657
05/11/2010 20:00:00,         1.323248
05/11/2010 21:00:00,         0.020561
05/11/2010 22:00:00,         0.944880
05/11/2010 23:00:00,         1.067980
05/12/2010 00:00:00,         7.850221
05/12/2010 01:00:00,         1.665566
05/12/2010 02:00:00,        14.796982
05/12/2010 03:00:00,        12.871424
05/12/2010 04:00:00,         0.236332
05/12/2010 05:00:00,         3.885975
05/12/2010 06:00:00,        48.353620
05/12/2010 07:00:00,        23.285052
05/12/2010 08:00:00,        10.871495
05/12/2010 09:00:00,        18.983122
05/12/2010 10:00:00,        23.709247
05/12/2010 11:00:00,        41.232813
05/12/2010 12:00:00,        40.202548
05/12/2010 13:00:00,        36.061993
05/12/2010 14:00:00,        35.168315
05/12/2010 15:00:00,        17.576131
05/12/2010 16:00:00,         1.041061
05/12/2010 17:00:00,         1.509158
05/12/2010 18:00:00,         0.257175
05/12/2010 19:00:00,         0.537684
05/12/2010 20:00:00,         6.444910
05/12/2010 21:00:00,         5.982776
05/12/2010 22:00:00,         1.938874
05/12/2010 23:00:00,         1.543000
05/13/2010 00:00:00,         7.591361
05/13/2010 01:00:00,        41.318391
05/13/2010 02:00:00,        50.769334
05/13/2010 03:00:00,        99.222028
05/13/2010 04:00:00,       102.708600
05/13/2010 05:00:00,       128.646958
05/13/2010 06:00:00,       116.136914
05/13/2010 07:00:00,        95.519559
05/13/2010 08:00:00,        63.988019
05/13/2010 09:00:00,        46.612767
05/13/2010 10:00:00,       119.830701
05/13/2010 11:00:00,       166.470346
05/13/2010 12:00:00,       148.113436
05/13/2010 13:00:00,       177.921783
05/13/2010 14:00:00,       128.120362
05/13/2010 15:00:00,        37.741481
05/13/2010 16:00:00,        13.201576
05/13/2010 17:00:00,        49.060895
05/13/2010 18:00:00,        97.920195
05/13/2010 19:00:00,        65.541584
05/13/2010 20:00:00,        14.671095
05/13/2010 21:00:00,       124.099658
05/13/2010 22:00:00,        24.175829
05/13/2010 23:00:00,        34.689923
05/14/2010 00:00:00,        47.377456
05/14/2010 01:00:00,        51.537423
05/14/2010 02:00:00,        42.804191
05/14/2010 03:00:00,         4.254304
05/14/2010 04:00:00,         8.145017
05/14/2010 05:00:00,        83.474654
05/14/2010 06:00:00,       109.864415
05/14/2010 07:00:00,       149.288024
05/14/2010 08:00:00,       179.766032
05/14/2010 09:00:00,       218.631643
05/14/2010 10:00:00,       251.840859
05/14/2010 11:00:00,       272.465934
05/14/2010 12:00:00,       249.810212
05/14/2010 13:00:00,       225.178159
05/14/2010 14:00:00,       167.844833
05/14/2010 15:00:00,        73.612932
05/14/2010 16:00:00,        26.547852
05/14/2010 17:00:00,        22.331811
05/14/2010 18:00:00,        23.815079
05/14/2010 19:00:00,        94.900299
05/14/2010 20:00:00,        56.922488
05/14/2010 21:00:00,        78.410221
05/14/2010 22:00:00,       163.489906
05/14/2010 23:00:00,        44.666223
05/15/2010 00:00:00,        55.986505
05/15/2010 01:00:00,        49.355931
05/15/2010 02:00:00,        45.374142
05/15/2010 03:00:00,         6.873330
05/15/2010 04:00:00,         2.055620
05/15/2010 05:00:00,        25.534158
05/15/2010 06:00:00,       163.881232
05/15/2010 07:00:00,       315.781061
05/15/2010 08:00:00,       266.778865
05/15/2010 09:00:00,       135.917113
05/15/2010 10:00:00,       116.726312
05/15/2010 11:00:00,        62.231470
05/15/2010 12:00:00,        86.915486
05/15/2010 13:00:00,        27.883247
05/15/2010 14:00:00,        20.494564
05/15/2010 15:00:00,        16.139316
05/15/2010 16:00:00,        10.944746
05/15/2010 17:00:00,        15.712788
05/15/2010 18:00:00,        24.870130
05/15/2010 19:00:00,       130.531322
05/15/2010 20:00:00,        40.245908
05/15/2010 21:00:00,        96.018473
05/15/2010 22:00:00,       129.832067
05/15/2010 23:00:00,        93.269465
05/16/2010 00:00:00,        13.371154
05/16/2010 01:00:00,       194.291319
05/16/2010 02:00:00,        39.241633
05/16/2010 03:00:00,        79.621067
05/16/2010 04:00:00,        35.549542
05/16/2010 05:00:00,        36.979229
05/16/2010 06:00:00,        70.112678
05/16/2010 07:00:00,        75.860478
05/16/2010 08:00:00,       113.737745
05/16/2010 09:00:00,        40.351515
05/16/2010 10:00:00,        61.678644
05/16/2010 11:00:00,        45.015946
05/16/2010 12:00:00,        43.458142
05/16/2010 13:00:00,        48.150242
05/16/2010 14:00:00,        32.579133
05/16/2010 15:00:00,         6.197386
05/16/2010 16:00:00,         0.016981
05/16/2010 17:00:00,         2.316368
05/16/2010 18:00:00,        33.101979
05/16/2010 19:00:00,        10.808243
05/16/2010 20:00:00,        29.048136
05/16/2010 21:00:00,        25.625751
05/16/2010 22:00:00,        65.397349
05/16/2010 23:00:00,        49.902190
05/17/2010 00:00:00,        41.256977
05/17/2010 01:00:00,        48.033491
05/17/2010 02:00:00,        75.383389
05/17/2010 03:00:00,        71.723580
05/17/2010 04:00:00,        21.229731
05/17/2010 05:00:00,        17.947240
05/17/2010 06:00:00,        25.586964
05/17/2010 07:00:00,        43.947363
05/17/2010 08:00:00,        25.695131
05/17/2010 09:00:00,        51.354164
05/17/2010 10:00:00,       105.008740
05/17/2010 11:00:00,       119.387199
05/17/2010 12:00:00,       110.098198
05/17/2010 13:00:00,        64.557652
05/17/2010 14:00:00,        51.935147
05/17/2010 15:00:00,        26.534183
05/17/2010 16:00:00,        15.755146
05/17/2010 17:00:00,        18.360224
05/17/2010 18:00:00,        59.818059
05/17/2010 19:00:00,       159.362439
05/17/2010 20:00:00,       104.191996
05/17/2010 21:00:00,       316.639608
05/17/2010 22:00:00,       170.109203
05/17/2010 23:00:00,       174.602821
05/18/2010 00:00:00,        66.151606
05/18/2010 01:00:00,       240.557741
05/18/2010 02:00:00,       287.459244
05/18/2010 03:00:00,       228.921114
05/18/2010 04:00:00,        55.642933
05/18/2010 05:00:00,        20.620881
05/18/2010 06:00:00,       114.280400
05/18/2010 07:00:00,        89.841395
05/18/2010 08:00:00,        48.029186
05/18/2010 09:00:00,        99.549643
05/18/2010 10:00:00,        96.548444
05/18/2010 11:00:00,       148.477624
05/18/2010 12:00:00,        66.482065
05/18/2010 13:00:00,        83.056830
05/18/2010 14:00:00,        59.751436
05/18/2010 15:00:00,        45.801171
05/18/2010 16:00:00,        18.553749
05/18/2010 17:00:00,        12.932450
05/18/2010 18:00:00,        14.499548
05/18/2010 19:00:00,        34.202465
05/18/2010 20:00:00,       136.382168
05/18/2010 21:00:00,       135.856186
05/18/2010 22:00:00,       307.086188
05/18/2010 23:00:00,       232.992401
05/19/2010 00:00:00,       155.491891
05/19/2010 01:00:00,       200.967266
05/19/2010 02:00:00,        52.123949
05/19/2010 03:00:00,        69.013976
05/19/2010 04:00:00,       238.198159
05/19/2010 05:00:00,       321.393596
05/19/2010 06:00:00,       249.566813
05/19/2010 07:00:00,       295.724549
05/19/2010 08:00:00,       284.021958
05/19/2010 09:00:00,       207.958073
05/19/2010 10:00:00,       201.184836
05/19/2010 11:00:00,       176.579699
05/19/2010 12:00:00,       250.223988
05/19/2010 13:00:00,       254.597151
05/19/2010 14:00:00,       206.832559
05/19/2010 15:00:00,       122.956743
05/19/2010 16:00:00,       103.450306
05/19/2010 17:00:00,       157.436516
05/19/2010 18:00:00,       142.439184
05/19/2010 19:00:00,       116.886513
05/19/2010 20:00:00,        99.315939
05/19/2010 21:00:00,        83.044958
05/19/2010 22:00:00,        76.622987
05/19/2010 23:00:00,       124.007148
05/20/2010 00:00:00,       120.341480
05/20/2010 01:00:00,       122.874639
05/20/2010 02:00:00,       128.826603
05/20/2010 03:00:00,       105.292173
05/20/2010 04:00:00,       163.917536
05/20/2010 05:00:00,       221.084680
05/20/2010 06:00:00,       244.026159
05/20/2010 07:00:00,       304.512135
05/20/2010 08:00:00,       335.081658
05/20/2010 09:00:00,       349.557191
05/20/2010 10:00:00,       349.164074
05/20/2010 11:00:00,       348.293286
05/20/2010 12:00:00,       339.306310
05/20/2010 13:00:00,       292.162002
05/20/2010 14:00:00,       298.351023
05/20/2010 15:00:00,       325.420083
05/20/2010 16:00:00,       340.627040
05/20/2010 17:00:00,       348.555517
05/20/2010 18:00:00,       351.712507
05/20/2010 19:00:00,       351.883327
05/20/2010 20:00:00,       350.993292
05/20/2010 21:00:00,       349.669016
05/20/2010 22:00:00,       351.439265
05/20/2010 23:00:00,       347.591306
05/21/2010 00:00:00,       348.063903
05/21/2010 01:00:00,       346.795333
05/21/2010 02:00:00,       344.048536
05/21/2010 03:00:00,       340.900549
05/21/2010 04:00:00,       349.340487
05/21/2010 05:00:00,       343.946051
05/21/2010 06:00:00,       348.606293
05/21/2010 07:00:00,       349.731299
05/21/2010 08:00:00,       350.729467
05/21/2010 09:00:00,       348.724139
05/21/2010 10:00:00,       348.193828
05/21/2010 11:00:00,       345.282652
05/21/2010 12:00:00,       341.517309
05/21/2010 13:00:00,       290.627483
05/21/2010 14:00:00,       288.038792
05/21/2010 15:00:00,       304.018994
05/21/2010 16:00:00,       325.009817
05/21/2010 17:00:00,       331.951713
05/21/2010 18:00:00,       333.329563
05/21/2010 19:00:00,       327.042305
05/21/2010 20:00:00,       314.180870
05/21/2010 21:00:00,       285.430378
05/21/2010 22:00:00,       208.658448
05/21/2010 23:00:00,       192.988730
05/22/2010 00:00:00,       168.039565
05/22/2010 01:00:00,       152.870248
05/22/2010 02:00:00,       169.979650
05/22/2010 03:00:00,       162.360541
05/22/2010 04:00:00,       132.954423
05/22/2010 05:00:00,       155.858380
05/22/2010 06:00:00,       142.752833
05/22/2010 07:00:00,       105.005704
05/22/2010 08:00:00,        92.502927
05/22/2010 09:00:00,        44.127573
05/22/2010 10:00:00,        55.031966
05/22/2010 11:00:00,        46.244772
05/22/2010 12:00:00,        49.965544
05/22/2010 13:00:00,       133.389009
05/22/2010 14:00:00,       118.424218
05/22/2010 15:00:00,        45.386365
05/22/2010 16:00:00,        18.749268
05/22/2010 17:00:00,        29.673074
05/22/2010 18:00:00,        44.539457
05/22/2010 19:00:00,        42.520966
05/22/2010 20:00:00,        21.304902
05/22/2010 21:00:00,        17.284802
05/22/2010 22:00:00,         2.640570
05/22/2010 23:00:00,         6.531886
05/23/2010 00:00:00,         0.706241
05/23/2010 01:00:00,         8.856184
05/23/2010 02:00:00,        25.029702
05/23/2010 03:00:00,        10.645730
05/23/2010 04:00:00,        55.818449
05/23/2010 05:00:00,        70.099262
05/23/2010 06:00:00,        78.911888
05/23/2010 07:00:00,        42.604470
05/23/2010 08:00:00,        41.040673
05/23/2010 09:00:00,        25.137831
05/23/2010 10:00:00,        20.596687
05/23/2010 11:00:00,        11.093915
05/23/2010 12:00:00,         0.453523
05/23/2010 13:00:00,         0.000000
05/23/2010 14:00:00,         0.072898
05/23/2010 15:00:00,         0.020947
05/23/2010 16:00:00,         0.105980
05/23/2010 17:00:00,        11.016613
05/23/2010 18:00:00,        18.000572
05/23/2010 19:00:00,        71.901114
05/23/2010 20:00:00,       127.633536
05/23/2010 21:00:00,       163.295682
05/23/2010 22:00:00,       156.988403
05/23/2010 23:00:00,       179.600110
05/24/2010 00:00:00,       184.361949
05/24/2010 01:00:00,       164.852206
05/24/2010 02:00:00,       141.532616
05/24/2010 03:00:00,       148.183837
05/24/2010 04:00:00,       120.476414
05/24/2010 05:00:00,       125.453700
05/24/2010 06:00:00,       127.095269
05/24/2010 07:00:00,       100.232777
05/24/2010 08:00:00,        54.708844
05/24/2010 09:00:00,        51.356727
05/24/2010 10:00:00,        56.428359
05/24/2010 11:00:00,        55.290914
05/24/2010 12:00:00,        68.763962
05/24/2010 13:00:00,        91.569948
05/24/2010 14:00:00,        91.775787
05/24/2010 15:00:00,         7.457571
05/24/2010 16:00:00,         0.000000
05/24/2010 17:00:00,         0.000000
05/24/2010 18:00:00,        11.909461
05/24/2010 19:00:00,        27.831822
05/24/2010 20:00:00,         7.669643
05/24/2010 21:00:00,        10.557690
05/24/2010 22:00:00,        19.045157
05/24/2010 23:00:00,        24.927643
05/25/2010 00:00:00,        26.977140
05/25/2010 01:00:00,         5.162926
05/25/2010 02:00:00,         3.105389
05/25/2010 03:00:00,        12.870833
05/25/2010 04:00:00,         3.249708
05/25/2010 05:00:00,         0.592201
05/25/2010 06:00:00,         0.678258
05/25/2010 07:00:00,         2.352279
05/25/2010 08:00:00,         1.699058
05/25/2010 09:00:00,         0.295110
05/25/2010 10:00:00,         0.223867
05/25/2010 11:00:00,         0.324943
05/25/2010 12:00:00,         0.933512
05/25/2010 13:00:00,         0.000000
05/25/2010 14:00:00,         0.011463
05/25/2010 15:00:00,         0.159632
05/25/2010 16:00:00,         0.005472
05/25/2010 17:00:00,         0.951398
05/25/2010 18:00:00,        17.098644
05/25/2010 19:00:00,        15.462809
05/25/2010 20:00:00,         4.225098
05/25/2010 21:00:00,        10.412558
05/25/2010 22:00:00,         3.962843
05/25/2010 23:00:00,        10.705415
05/26/2010 00:00:00,         0.909802
05/26/2010 01:00:00,        82.444638
05/26/2010 02:00:00,        14.866421
05/26/2010 03:00:00,        33.793729
05/26/2010 04:00:00,        40.462553
05/26/2010 05:00:00,        90.861169
05/26/2010 06:00:00,        98.879635
05/26/2010 07:00:00,        91.778243
05/26/2010 08:00:00,       116.045487
05/26/2010 09:00:00,       159.659078
05/26/2010 10:00:00,       185.340115
05/26/2010 11:00:00,       216.021188
05/26/2010 12:00:00,       232.112964
05/26/2010 13:00:00,       225.683155
05/26/2010 14:00:00,       147.359326
05/26/2010 15:00:00,        61.909655
05/26/2010 16:00:00,        45.644538
05/26/2010 17:00:00,       186.392460
05/26/2010 18:00:00,       236.004846
05/26/2010 19:00:00,       104.576570
05/26/2010 20:00:00,       213.745480
05/26/2010 21:00:00,        96.548955
05/26/2010 22:00:00,        93.856633
05/26/2010 23:00:00,       119.627024
05/27/2010 00:00:00,       144.223602
05/27/2010 01:00:00,       262.695399
05/27/2010 02:00:00,       159.107022
05/27/2010 03:00:00,       114.305521
05/27/2010 04:00:00,       193.922449
05/27/2010 05:00:00,       140.692900
05/27/2010 06:00:00,       149.364726
05/27/2010 07:00:00,       215.370016
05/27/2010 08:00:00,        98.690154
05/27/2010 09:00:00,       124.886334
05/27/2010 10:00:00,       218.714298
05/27/2010 11:00:00,       271.306337
05/27/2010 12:00:00,       278.035360
05/27/2010 13:00:00,       256.188113
05/27/2010 14:00:00,       174.393178
05/27/2010 15:00:00,       122.390682
05/27/2010 16:00:00,       125.691960
05/27/2010 17:00:00,        88.377252
05/27/2010 18:00:00,        50.670226
05/27/2010 19:00:00,        65.836617
05/27/2010 20:00:00,        77.007032
05/27/2010 21:00:00,       107.944474
05/27/2010 22:00:00,       117.824155
05/27/2010 23:00:00,        90.582180
05/28/2010 00:00:00,       113.030437
05/28/2010 01:00:00,        93.403201
05/28/2010 02:00:00,        61.819918
05/28/2010 03:00:00,        68.354856
05/28/2010 04:00:00,        81.510589
05/28/2010 05:00:00,        67.123295
05/28/2010 06:00:00,        47.617011
05/28/2010 07:00:00,        46.780812
05/28/2010 08:00:00,        35.828261
05/28/2010 09:00:00,         7.975718
05/28/2010 10:00:00,         0.000000
05/28/2010 11:00:00,         0.000000
05/28/2010 12:00:00,         2.933928
05/28/2010 13:00:00,        40.847148
05/28/2010 14:00:00,        66.094205
05/28/2010 15:00:00,        67.385268
05/28/2010 16:00:00,        72.935927
05/28/2010 17:00:00,        75.934189
05/28/2010 18:00:00,        86.280040
05/28/2010 19:00:00,        92.157372
05/28/2010 20:00:00,        91.437239
05/28/2010 21:00:00,        94.139674
05/28/2010 22:00:00,       120.724392
05/28/2010 23:00:00,       132.618345
05/29/2010 00:00:00,       136.191921
05/29/2010 01:00:00,       144.612439
05/29/2010 02:00:00,       171.358729
05/29/2010 03:00:00,       178.594155
05/29/2010 04:00:00,       192.167753
05/29/2010 05:00:00,       188.013927
05/29/2010 06:00:00,       161.210380
05/29/2010 07:00:00,       179.498406
05/29/2010 08:00:00,       126.110655
05/29/2010 09:00:00,        10.297446
05/29/2010 10:00:00,         0.000000
05/29/2010 11:00:00,         0.000000
05/29/2010 12:00:00,         0.000000
05/29/2010 13:00:00,         0.000000
05/29/2010 14:00:00,         0.000000
05/29/2010 15:00:00,         0.000000
05/29/2010 16:00:00,         1.371200
05/29/2010 17:00:00,        23.067609
05/29/2010 18:00:00,       127.222095
05/29/2010 19:00:00,       163.304195
05/29/2010 20:00:00,        94.745439
05/29/2010 21:00:00,        90.077189
05/29/2010 22:00:00,        80.628166
05/29/2010 23:00:00,        61.434842
05/30/2010 00:00:00,        48.222849
05/30/2010 01:00:00,        22.184843
05/30/2010 02:00:00,         3.066183
05/30/2010 03:00:00,         0.006438
05/30/2010 04:00:00,         0.000000
05/30/2010 05:00:00,         0.000000
05/30/2010 06:00:00,         0.000000
05/30/2010 07:00:00,         0.000000
05/30/2010 08:00:00,         0.000000
05/30/2010 09:00:00,         0.000000
05/30/2010 10:00:00,         0.000000
05/30/2010 11:00:00,         0.000000
05/30/2010 12:00:00,         0.000000
05/30/2010 13:00:00,         6.805888
05/30/2010 14:00:00,        27.013698
05/30/2010 15:00:00,        26.106753
05/30/2010 16:00:00,        15.337867
05/30/2010 17:00:00,        16.440254
05/30/2010 18:00:00,         1.559098
05/30/2010 19:00:00,         0.012882
05/30/2010 20:00:00,         0.039383
05/30/2010 21:00:00,         0.065469
05/30/2010 22:00:00,         1.173604
05/30/2010 23:00:00,         3.384898
05/31/2010 00:00:00,         3.303054
05/31/2010 01:00:00,         1.670650
05/31/2010 02:00:00,         7.867664
05/31/2010 03:00:00,        30.702841
05/31/2010 04:00:00,        37.514538
05/31/2010 05:00:00,        84.780925
05/31/2010 06:00:00,       150.446541
05/31/2010 07:00:00,       107.923353
05/31/2010 08:00:00,        80.528567
05/31/2010 09:00:00,       107.972578
05/31/2010 10:00:00,       112.617296
05/31/2010 11:00:00,        51.208749
05/31/2010 12:00:00,        31.308928
05/31/2010 13:00:00,         6.798342
05/31/2010 14:00:00,         0.181979
05/31/2010 15:00:00,         0.000007
05/31/2010 16:00:00,         0.139470
05/31/2010 17:00:00,         5.339954
05/31/2010 18:00:00,        12.972577
05/31/2010 19:00:00,         6.716301
05/31/2010 20:00:00,         3.332926
05/31/2010 21:00:00,         1.329458
05/31/2010 22:00:00,         0.166356
05/31/2010 23:00:00,         0.000000
06/01/2010 00:00:00,         0.000000
06/01/2010 01:00:00,         0.000000
06/01/2010 02:00:00,         0.000000
06/01/2010 03:00:00,         0.000000
06/01/2010 04:00:00,         0.088177
06/01/2010 05:00:00,         0.599276
06/01/2010 06:00:00,         0.692461
06/01/2010 07:00:00,         7.172291
06/01/2010 08:00:00,        22.102958
06/01/2010 09:00:00,        60.331655
06/01/2010 10:00:00,       118.908925
06/01/2010 11:00:00,       169.020658
06/01/2010 12:00:00,       185.666618
06/01/2010 13:00:00,       173.434524
06/01/2010 14:00:00,       135.916004
06/01/2010 15:00:00,        90.932442
06/01/2010 16:00:00,        64.651714
06/01/2010 17:00:00,        66.883762
06/01/2010 18:00:00,        71.665920
06/01/2010 19:00:00,        91.722779
06/01/2010 20:00:00,        24.423007
06/01/2010 21:00:00,        20.184746
06/01/2010 22:00:00,        42.424930
06/01/2010 23:00:00,        52.558218
06/02/2010 00:00:00,        39.194864
06/02/2010 01:00:00,       101.428853
06/02/2010 02:00:00,       113.948712
06/02/2010 03:00:00,       100.089045
06/02/2010 04:00:00,       113.887643
06/02/2010 05:00:00,       222.381192
06/02/2010 06:00:00,       300.615949
06/02/2010 07:00:00,       261.303259
06/02/2010 08:00:00,       252.354160
06/02/2010 09:00:00,       251.718000
06/02/2010 10:00:00,       207.294358
06/02/2010 11:00:00,       218.013079
06/02/2010 12:00:00,       226.488800
06/02/2010 13:00:00,       247.906143
06/02/2010 14:00:00,       218.008947
06/02/2010 15:00:00,       143.044496
06/02/2010 16:00:00,       111.490005
06/02/2010 17:00:00,       187.219118
06/02/2010 18:00:00,       171.095589
06/02/2010 19:00:00,       126.207350
06/02/2010 20:00:00,       153.963960
06/02/2010 21:00:00,       165.921715
06/02/2010 22:00:00,       170.893728
06/02/2010 23:00:00,       134.829721
06/03/2010 00:00:00,       125.527695
06/03/2010 01:00:00,       108.467820
06/03/2010 02:00:00,       153.181483
06/03/2010 03:00:00,       238.530404
06/03/2010 04:00:00,       221.229162
06/03/2010 05:00:00,       223.357199
06/03/2010 06:00:00,       249.247528
06/03/2010 07:00:00,       270.456152
06/03/2010 08:00:00,       292.982228
06/03/2010 09:00:00,       322.021569
06/03/2010 10:00:00,       316.168714
06/03/2010 11:00:00,       322.378102
06/03/2010 12:00:00,       327.394354
06/03/2010 13:00:00,       347.236042
06/03/2010 14:00:00,       346.811372
06/03/2010 15:00:00,       350.862578
06/03/2010 16:00:00,       351.371215
06/03/2010 17:00:00,       351.871332
06/03/2010 18:00:00,       351.981604
06/03/2010 19:00:00,       351.998094
06/03/2010 20:00:00,       351.997066
06/03/2010 21:00:00,       351.966045
06/03/2010 22:00:00,       351.883001
06/03/2010 23:00:00,       351.531451
06/04/2010 00:00:00,       349.601977
06/04/2010 01:00:00,       349.202636
06/04/2010 02:00:00,       349.292950
06/04/2010 03:00:00,       346.517526
06/04/2010 04:00:00,       339.993841
06/04/2010 05:00:00,       332.529982
06/04/2010 06:00:00,       312.854511
06/04/2010 07:00:00,       262.776911
06/04/2010 08:00:00,       221.475909
06/04/2010 09:00:00,       189.264543
06/04/2010 10:00:00,       136.130851
06/04/2010 11:00:00,        73.992298
06/04/2010 12:00:00,        33.536161
06/04/2010 13:00:00,        23.111794
06/04/2010 14:00:00,        18.888597
06/04/2010 15:00:00,         5.600779
06/04/2010 16:00:00,         0.537555
06/04/2010 17:00:00,         0.261920
06/04/2010 18:00:00,         0.375007
06/04/2010 19:00:00,         0.006545
06/04/2010 20:00:00,         0.044933
06/04/2010 21:00:00,         2.040713
06/04/2010 22:00:00,         0.119670
06/04/2010 23:00:00,        34.822758
06/05/2010 00:00:00,        49.017490
06/05/2010 01:00:00,       100.956541
06/05/2010 02:00:00,        86.515698
06/05/2010 03:00:00,       140.042431
06/05/2010 04:00:00,       182.026164
06/05/2010 05:00:00,       219.173334
06/05/2010 06:00:00,       322.148551
06/05/2010 07:00:00,       317.728061
06/05/2010 08:00:00,       348.910039
06/05/2010 09:00:00,       348.261861
06/05/2010 10:00:00,       336.071675
06/05/2010 11:00:00,       326.874258
06/05/2010 12:00:00,       323.057599
06/05/2010 13:00:00,       278.009732
06/05/2010 14:00:00,       177.293201
06/05/2010 15:00:00,       116.813159
06/05/2010 16:00:00,       136.795755
06/05/2010 17:00:00,       180.516232
06/05/2010 18:00:00,       231.094081
06/05/2010 19:00:00,       182.894755
06/05/2010 20:00:00,       100.014043
06/05/2010 21:00:00,        62.369182
06/05/2010 22:00:00,       133.057695
06/05/2010 23:00:00,       123.777925
06/06/2010 00:00:00,       109.201388
06/06/2010 01:00:00,       142.708444
06/06/2010 02:00:00,       141.172786
06/06/2010 03:00:00,       129.147162
06/06/2010 04:00:00,       187.061241
06/06/2010 05:00:00,       229.433825
06/06/2010 06:00:00,       239.165701
06/06/2010 07:00:00,       227.239619
06/06/2010 08:00:00,       217.227513
06/06/2010 09:00:00,       200.099903
06/06/2010 10:00:00,       162.463514
06/06/2010 11:00:00,       119.323895
06/06/2010 12:00:00,        88.427053
06/06/2010 13:00:00,        52.285001
06/06/2010 14:00:00,        23.109065
06/06/2010 15:00:00,         3.216910
06/06/2010 16:00:00,         0.000000
06/06/2010 17:00:00,         0.000000
06/06/2010 18:00:00,         0.081086
06/06/2010 19:00:00,         0.138025
06/06/2010 20:00:00,         3.180411
06/06/2010 21:00:00,        14.769845
06/06/2010 22:00:00,        21.463561
06/06/2010 23:00:00,        39.695722
06/07/2010 00:00:00,        39.327679
06/07/2010 01:00:00,        47.101272
06/07/2010 02:00:00,        77.804652
06/07/2010 03:00:00,       106.012968
06/07/2010 04:00:00,        78.945219
06/07/2010 05:00:00,        88.968944
06/07/2010 06:00:00,       140.782509
06/07/2010 07:00:00,       167.907988
06/07/2010 08:00:00,       192.605392
06/07/2010 09:00:00,       276.172292
06/07/2010 10:00:00,       265.915492
06/07/2010 11:00:00,       306.718901
06/07/2010 12:00:00,       304.810404
06/07/2010 13:00:00,       203.714477
06/07/2010 14:00:00,       139.264880
06/07/2010 15:00:00,       123.159962
06/07/2010 16:00:00,       158.166368
06/07/2010 17:00:00,       170.052313
06/07/2010 18:00:00,       173.566289
06/07/2010 19:00:00,       170.427192
06/07/2010 20:00:00,       150.990403
06/07/2010 21:00:00,       219.129960
06/07/2010 22:00:00,       214.303136
06/07/2010 23:00:00,       265.442367
06/08/2010 00:00:00,       251.436820
06/08/2010 01:00:00,       213.328664
06/08/2010 02:00:00,        58.194639
06/08/2010 03:00:00,         9.255134
06/08/2010 04:00:00,       152.408545
06/08/2010 05:00:00,       191.720163
06/08/2010 06:00:00,       125.133600
06/08/2010 07:00:00,       187.704635
06/08/2010 08:00:00,       205.897120
06/08/2010 09:00:00,       130.284306
06/08/2010 10:00:00,       132.843341
06/08/2010 11:00:00,       141.318051
06/08/2010 12:00:00,       126.808530
06/08/2010 13:00:00,        75.273782
06/08/2010 14:00:00,        17.337565
06/08/2010 15:00:00,         0.600873
06/08/2010 16:00:00,         1.097670
06/08/2010 17:00:00,        12.592129
06/08/2010 18:00:00,        13.748591
06/08/2010 19:00:00,         4.404561
06/08/2010 20:00:00,         2.353063
06/08/2010 21:00:00,         0.993592
06/08/2010 22:00:00,         0.081179
06/08/2010 23:00:00,         0.000000
06/09/2010 00:00:00,         0.000000
06/09/2010 01:00:00,         0.008423
06/09/2010 02:00:00,        14.933072
06/09/2010 03:00:00,        36.785715
06/09/2010 04:00:00,        55.167084
06/09/2010 05:00:00,        85.522727
06/09/2010 06:00:00,       108.801455
06/09/2010 07:00:00,       161.228863
06/09/2010 08:00:00,       190.222505
06/09/2010 09:00:00,       241.865560
06/09/2010 10:00:00,       173.650881
06/09/2010 11:00:00,       258.538732
06/09/2010 12:00:00,       282.879336
06/09/2010 13:00:00,       138.218772
06/09/2010 14:00:00,       157.925832
06/09/2010 15:00:00,       127.753248
06/09/2010 16:00:00,        73.385260
06/09/2010 17:00:00,        47.409533
06/09/2010 18:00:00,        25.949156
06/09/2010 19:00:00,        24.777644
06/09/2010 20:00:00,        21.362033
06/09/2010 21:00:00,        28.129505
06/09/2010 22:00:00,        54.584018
06/09/2010 23:00:00,       100.457258
06/10/2010 00:00:00,       118.517860
06/10/2010 01:00:00,       144.372613
06/10/2010 02:00:00,       136.096651
06/10/2010 03:00:00,       144.210121
06/10/2010 04:00:00,       180.410475
06/10/2010 05:00:00,       230.985147
06/10/2010 06:00:00,       284.837671
06/10/2010 07:00:00,       273.252660
06/10/2010 08:00:00,       240.886266
06/10/2010 09:00:00,       236.434782
06/10/2010 10:00:00,       194.083204
06/10/2010 11:00:00,       178.164222
06/10/2010 12:00:00,       112.417933
06/10/2010 13:00:00,        56.206952
06/10/2010 14:00:00,        15.705332
06/10/2010 15:00:00,         5.258761
06/10/2010 16:00:00,        17.820711
06/10/2010 17:00:00,        22.637950
06/10/2010 18:00:00,        26.848038
06/10/2010 19:00:00,        28.510126
06/10/2010 20:00:00,        26.544506
06/10/2010 21:00:00,        60.383619
06/10/2010 22:00:00,       116.430901
06/10/2010 23:00:00,       192.174199
06/11/2010 00:00:00,       188.031003
06/11/2010 01:00:00,       244.025153
06/11/2010 02:00:00,       223.723195
06/11/2010 03:00:00,       181.064344
06/11/2010 04:00:00,       180.332086
06/11/2010 05:00:00,       240.275565
06/11/2010 06:00:00,       188.994179
06/11/2010 07:00:00,       162.839996
06/11/2010 08:00:00,       140.488837
06/11/2010 09:00:00,       140.774863
06/11/2010 10:00:00,       131.854717
06/11/2010 11:00:00,        93.866524
06/11/2010 12:00:00,        87.007054
06/11/2010 13:00:00,        99.702659
06/11/2010 14:00:00,        68.264674
06/11/2010 15:00:00,        29.379554
06/11/2010 16:00:00,        47.335236
06/11/2010 17:00:00,        86.510769
06/11/2010 18:00:00,       101.743823
06/11/2010 19:00:00,        63.254523
06/11/2010 20:00:00,        67.539843
06/11/2010 21:00:00,        52.843811
06/11/2010 22:00:00,        47.541310
06/11/2010 23:00:00,        33.491980
06/12/2010 00:00:00,        23.163355
06/12/2010 01:00:00,        12.060281
06/12/2010 02:00:00,         6.753157
06/12/2010 03:00:00,        16.173143
06/12/2010 04:00:00,         1.114405
06/12/2010 05:00:00,         0.002350
06/12/2010 06:00:00,         0.000000
06/12/2010 07:00:00,         0.000000
06/12/2010 08:00:00,         0.000000
06/12/2010 09:00:00,         0.000000
06/12/2010 10:00:00,         0.000000
06/12/2010 11:00:00,         0.000000
06/12/2010 12:00:00,         0.000000
06/12/2010 13:00:00,         0.000000
06/12/2010 14:00:00,         0.036511
06/12/2010 15:00:00,         0.000000
06/12/2010 16:00:00,         0.000000
06/12/2010 17:00:00,         0.000000
06/12/2010 18:00:00,         0.000000
06/12/2010 19:00:00,         0.010411
06/12/2010 20:00:00,         0.170162
06/12/2010 21:00:00,         0.456280
06/12/2010 22:00:00,         2.049014
06/12/2010 23:00:00,         2.796928
06/13/2010 00:00:00,         5.876723
06/13/2010 01:00:00,        18.407216
06/13/2010 02:00:00,        36.378261
06/13/2010 03:00:00,        64.329131
06/13/2010 04:00:00,       112.628387
06/13/2010 05:00:00,       183.396853
06/13/2010 06:00:00,       226.487111
06/13/2010 07:00:00,       262.397501
06/13/2010 08:00:00,       242.135306
06/13/2010 09:00:00,       185.962002
06/13/2010 10:00:00,       120.221054
06/13/2010 11:00:00,        66.142077
06/13/2010 12:00:00,        86.836144
06/13/2010 13:00:00,       103.887518
06/13/2010 14:00:00,        72.174556
06/13/2010 15:00:00,        10.943994
06/13/2010 16:00:00,         0.556785
06/13/2010 17:00:00,         1.426226
06/13/2010 18:00:00,         8.141810
06/13/2010 19:00:00,        15.907979
06/13/2010 20:00:00,        27.805645
06/13/2010 21:00:00,        30.460551
06/13/2010 22:00:00,        33.559466
06/13/2010 23:00:00,        37.554587
06/14/2010 00:00:00,        56.739268
06/14/2010 01:00:00,       108.011630
06/14/2010 02:00:00,       111.994592
06/14/2010 03:00:00,       107.059135
06/14/2010 04:00:00,       164.805878
06/14/2010 05:00:00,       261.246345
06/14/2010 06:00:00,       284.266830
06/14/2010 07:00:00,       286.551157
06/14/2010 08:00:00,       272.329013
06/14/2010 09:00:00,       222.311670
06/14/2010 10:00:00,       182.262105
06/14/2010 11:00:00,       192.787125
06/14/2010 12:00:00,       232.246176
06/14/2010 13:00:00,       277.195394
06/14/2010 14:00:00,        89.190640
06/14/2010 15:00:00,        47.063208
06/14/2010 16:00:00,         4.138848
06/14/2010 17:00:00,         4.331247
06/14/2010 18:00:00,        18.764210
06/14/2010 19:00:00,         0.758859
06/14/2010 20:00:00,         3.143963
06/14/2010 21:00:00,         4.498089
06/14/2010 22:00:00,        10.334994
06/14/2010 23:00:00,        39.363231
06/15/2010 00:00:00,        34.034563
06/15/2010 01:00:00,        76.799950
06/15/2010 02:00:00,        34.744358
06/15/2010 03:00:00,         4.292858
06/15/2010 04:00:00,         3.497496
06/15/2010 05:00:00,        26.835775
06/15/2010 06:00:00,        12.566146
06/15/2010 07:00:00,        12.342102
06/15/2010 08:00:00,         7.863547
06/15/2010 09:00:00,         2.292250
06/15/2010 10:00:00,         4.371825
06/15/2010 11:00:00,         0.935841
06/15/2010 12:00:00,         0.556531
06/15/2010 13:00:00,         0.000000
06/15/2010 14:00:00,         0.000000
06/15/2010 15:00:00,         0.003307
06/15/2010 16:00:00,         0.117852
06/15/2010 17:00:00,         0.118782
06/15/2010 18:00:00,         4.007953
06/15/2010 19:00:00,         4.935542
06/15/2010 20:00:00,         2.961914
06/15/2010 21:00:00,         0.249313
06/15/2010 22:00:00,         2.642301
06/15/2010 23:00:00,        16.721971
06/16/2010 00:00:00,        60.555813
06/16/2010 01:00:00,        34.137855
06/16/2010 02:00:00,        60.786752
06/16/2010 03:00:00,        12.630541
06/16/2010 04:00:00,         8.287721
06/16/2010 05:00:00,         3.387396
06/16/2010 06:00:00,         0.224839
06/16/2010 07:00:00,         7.262804
06/16/2010 08:00:00,        55.681043
06/16/2010 09:00:00,        91.564338
06/16/2010 10:00:00,        93.078868
06/16/2010 11:00:00,        37.836923
06/16/2010 12:00:00,        42.865878
06/16/2010 13:00:00,        38.030968
06/16/2010 14:00:00,        59.613491
06/16/2010 15:00:00,       102.313067
06/16/2010 16:00:00,       147.109864
06/16/2010 17:00:00,       193.886640
06/16/2010 18:00:00,       162.871912
06/16/2010 19:00:00,       127.153078
06/16/2010 20:00:00,       116.749242
06/16/2010 21:00:00,       214.194914
06/16/2010 22:00:00,       182.849407
06/16/2010 23:00:00,       156.668565
06/17/2010 00:00:00,       202.929553
06/17/2010 01:00:00,       231.505563
06/17/2010 02:00:00,       168.404762
06/17/2010 03:00:00,       182.421482
06/17/2010 04:00:00,       167.438526
06/17/2010 05:00:00,       192.176552
06/17/2010 06:00:00,       249.680585
06/17/2010 07:00:00,       272.532260
06/17/2010 08:00:00,       307.670684
06/17/2010 09:00:00,       306.179267
06/17/2010 10:00:00,       306.483098
06/17/2010 11:00:00,       286.562374
06/17/2010 12:00:00,       298.977704
06/17/2010 13:00:00,       288.787966
06/17/2010 14:00:00,       327.137986
06/17/2010 15:00:00,       332.950860
06/17/2010 16:00:00,       347.004316
06/17/2010 17:00:00,       350.030337
06/17/2010 18:00:00,       349.689775
06/17/2010 19:00:00,       349.559325
06/17/2010 20:00:00,       350.383885
06/17/2010 21:00:00,       349.995821
06/17/2010 22:00:00,       349.995246
06/17/2010 23:00:00,       350.715123
06/18/2010 00:00:00,       350.576080
06/18/2010 01:00:00,       349.091325
06/18/2010 02:00:00,       347.262193
06/18/2010 03:00:00,       348.443718
06/18/2010 04:00:00,       346.488663
06/18/2010 05:00:00,       347.726833
06/18/2010 06:00:00,       343.729815
06/18/2010 07:00:00,       342.381640
06/18/2010 08:00:00,       305.095141
06/18/2010 09:00:00,       271.693412
06/18/2010 10:00:00,       271.852159
06/18/2010 11:00:00,       241.319430
06/18/2010 12:00:00,       204.839948
06/18/2010 13:00:00,       164.727947
06/18/2010 14:00:00,       163.774400
06/18/2010 15:00:00,       127.853687
06/18/2010 16:00:00,        93.304000
06/18/2010 17:00:00,        72.904628
06/18/2010 18:00:00,        66.039064
06/18/2010 19:00:00,        67.213013
06/18/2010 20:00:00,        96.517425
06/18/2010 21:00:00,        56.459542
06/18/2010 22:00:00,        18.453157
06/18/2010 23:00:00,         5.402329
06/19/2010 00:00:00,         0.858426
06/19/2010 01:00:00,         0.838618
06/19/2010 02:00:00,         1.044739
06/19/2010 03:00:00,         1.223684
06/19/2010 04:00:00,         6.037365
06/19/2010 05:00:00,        30.821609
06/19/2010 06:00:00,        14.770620
06/19/2010 07:00:00,        18.495954
06/19/2010 08:00:00,        50.387595
06/19/2010 09:00:00,        89.348229
06/19/2010 10:00:00,       141.364466
06/19/2010 11:00:00,       161.139421
06/19/2010 12:00:00,       146.442694
06/19/2010 13:00:00,       105.385334
06/19/2010 14:00:00,        39.318219
06/19/2010 15:00:00,         3.599828
06/19/2010 16:00:00,         0.050052
06/19/2010 17:00:00,         0.824697
06/19/2010 18:00:00,         7.374898
06/19/2010 19:00:00,        14.469449
06/19/2010 20:00:00,        18.998710
06/19/2010 21:00:00,        15.844030
06/19/2010 22:00:00,         9.752118
06/19/2010 23:00:00,         7.509725
06/20/2010 00:00:00,         4.773706
06/20/2010 01:00:00,         3.952385
06/20/2010 02:00:00,         0.536837
06/20/2010 03:00:00,         0.093334
06/20/2010 04:00:00,         0.000000
06/20/2010 05:00:00,         0.000000
06/20/2010 06:00:00,         0.059116
06/20/2010 07:00:00,         5.461528
06/20/2010 08:00:00,        18.283285
06/20/2010 09:00:00,        15.840455
06/20/2010 10:00:00,        22.069069
06/20/2010 11:00:00,        21.400857
06/20/2010 12:00:00,        23.253700
06/20/2010 13:00:00,        12.869105
06/20/2010 14:00:00,        11.507791
06/20/2010 15:00:00,         4.061814
06/20/2010 16:00:00,         4.720472
06/20/2010 17:00:00,        10.973392
06/20/2010 18:00:00,        15.136406
06/20/2010 19:00:00,        18.474841
06/20/2010 20:00:00,         5.157630
06/20/2010 21:00:00,         8.411373
06/20/2010 22:00:00,        14.123646
06/20/2010 23:00:00,        12.275188
06/21/2010 00:00:00,         2.241075
06/21/2010 01:00:00,         0.018414
06/21/2010 02:00:00,         0.180690
06/21/2010 03:00:00,        11.308093
06/21/2010 04:00:00,         0.000727
06/21/2010 05:00:00,         0.000000
06/21/2010 06:00:00,         0.064940
06/21/2010 07:00:00,         0.019006
06/21/2010 08:00:00,         0.103875
06/21/2010 09:00:00,         0.796397
06/21/2010 10:00:00,         1.210737
06/21/2010 11:00:00,         7.752789
06/21/2010 12:00:00,        13.431661
06/21/2010 13:00:00,        50.270148
06/21/2010 14:00:00,        17.753777
06/21/2010 15:00:00,        33.632436
06/21/2010 16:00:00,       143.393485
06/21/2010 17:00:00,         4.353026
06/21/2010 18:00:00,         0.319891
06/21/2010 19:00:00,        15.693954
06/21/2010 20:00:00,        24.868754
06/21/2010 21:00:00,        29.848301
06/21/2010 22:00:00,        58.251912
06/21/2010 23:00:00,        63.762799
06/22/2010 00:00:00,        50.837492
06/22/2010 01:00:00,        69.831567
06/22/2010 02:00:00,       120.595231
06/22/2010 03:00:00,       150.557066
06/22/2010 04:00:00,       168.467204
06/22/2010 05:00:00,       243.125273
06/22/2010 06:00:00,       284.012614
06/22/2010 07:00:00,       277.280582
06/22/2010 08:00:00,       265.290641
06/22/2010 09:00:00,       254.692467
06/22/2010 10:00:00,       235.804227
06/22/2010 11:00:00,       223.585358
06/22/2010 12:00:00,       178.690292
06/22/2010 13:00:00,       145.746839
06/22/2010 14:00:00,       100.274888
06/22/2010 15:00:00,        45.930878
06/22/2010 16:00:00,         9.569787
06/22/2010 17:00:00,         0.885725
06/22/2010 18:00:00,         0.507547
06/22/2010 19:00:00,         0.375847
06/22/2010 20:00:00,         0.537965
06/22/2010 21:00:00,         0.666059
06/22/2010 22:00:00,         2.388409
06/22/2010 23:00:00,         2.060769
06/23/2010 00:00:00,        11.768446
06/23/2010 01:00:00,        26.798227
06/23/2010 02:00:00,        30.806614
06/23/2010 03:00:00,        52.624682
06/23/2010 04:00:00,        98.235420
06/23/2010 05:00:00,        77.876625
06/23/2010 06:00:00,        69.361809
06/23/2010 07:00:00,        70.709923
06/23/2010 08:00:00,        47.230838
06/23/2010 09:00:00,        31.355630
06/23/2010 10:00:00,        29.656542
06/23/2010 11:00:00,        26.417640
06/23/2010 12:00:00,        50.970708
06/23/2010 13:00:00,        67.205544
06/23/2010 14:00:00,        44.663147
06/23/2010 15:00:00,        12.156029
06/23/2010 16:00:00,         0.175068
06/23/2010 17:00:00,         0.000000
06/23/2010 18:00:00,         0.141378
06/23/2010 19:00:00,         0.844744
06/23/2010 20:00:00,         1.540445
06/23/2010 21:00:00,         3.550465
06/23/2010 22:00:00,         5.806522
06/23/2010 23:00:00,         6.233481
06/24/2010 00:00:00,        19.553817
06/24/2010 01:00:00,        27.054127
06/24/2010 02:00:00,        32.110621
06/24/2010 03:00:00,        57.492656
06/24/2010 04:00:00,       136.894299
06/24/2010 05:00:00,       154.817656
06/24/2010 06:00:00,       181.491523
06/24/2010 07:00:00,       204.001242
06/24/2010 08:00:00,       175.744476
06/24/2010 09:00:00,       146.490034
06/24/2010 10:00:00,       114.364325
06/24/2010 11:00:00,        97.363557
06/24/2010 12:00:00,        45.332067
06/24/2010 13:00:00,        18.737914
06/24/2010 14:00:00,        18.753990
06/24/2010 15:00:00,        13.500852
06/24/2010 16:00:00,         7.525476
06/24/2010 17:00:00,        16.640878
06/24/2010 18:00:00,        19.174156
06/24/2010 19:00:00,        46.227812
06/24/2010 20:00:00,        49.678178
06/24/2010 21:00:00,       106.494308
06/24/2010 22:00:00,       110.316287
06/24/2010 23:00:00,        76.049189
06/25/2010 00:00:00,       128.181343
06/25/2010 01:00:00,       233.861239
06/25/2010 02:00:00,       174.016698
06/25/2010 03:00:00,       192.953118
06/25/2010 04:00:00,       181.972060
06/25/2010 05:00:00,       156.636893
06/25/2010 06:00:00,       175.953393
06/25/2010 07:00:00,       267.762296
06/25/2010 08:00:00,       265.625093
06/25/2010 09:00:00,       240.528759
06/25/2010 10:00:00,       245.597815
06/25/2010 11:00:00,       227.394753
06/25/2010 12:00:00,       207.619482
06/25/2010 13:00:00,       182.281872
06/25/2010 14:00:00,        99.663437
06/25/2010 15:00:00,        42.798826
06/25/2010 16:00:00,        66.763134
06/25/2010 17:00:00,        78.340361
06/25/2010 18:00:00,        93.124786
06/25/2010 19:00:00,       104.141943
06/25/2010 20:00:00,       112.384507
06/25/2010 21:00:00,       131.950004
06/25/2010 22:00:00,       161.654606
06/25/2010 23:00:00,       240.722681
06/26/2010 00:00:00,       144.625387
06/26/2010 01:00:00,       129.913901
06/26/2010 02:00:00,       198.591285
06/26/2010 03:00:00,       249.724723
06/26/2010 04:00:00,       283.896531
06/26/2010 05:00:00,       234.132548
06/26/2010 06:00:00,       213.905156
06/26/2010 07:00:00,       250.806747
06/26/2010 08:00:00,       197.616362
06/26/2010 09:00:00,       171.784421
06/26/2010 10:00:00,       182.689116
06/26/2010 11:00:00,       162.705830
06/26/2010 12:00:00,        97.191851
06/26/2010 13:00:00,        20.267807
06/26/2010 14:00:00,        32.491888
06/26/2010 15:00:00,        18.466126
06/26/2010 16:00:00,         7.048777
06/26/2010 17:00:00,        18.553147
06/26/2010 18:00:00,       137.910485
06/26/2010 19:00:00,       147.333812
06/26/2010 20:00:00,       131.097499
06/26/2010 21:00:00,        86.074856
06/26/2010 22:00:00,       229.663385
06/26/2010 23:00:00,       217.151000
06/27/2010 00:00:00,       247.781086
06/27/2010 01:00:00,       271.151680
06/27/2010 02:00:00,       296.973457
06/27/2010 03:00:00,       298.465255
06/27/2010 04:00:00,       345.588131
06/27/2010 05:00:00,       346.541566
06/27/2010 06:00:00,       347.801658
06/27/2010 07:00:00,       345.375693
06/27/2010 08:00:00,       334.367151
06/27/2010 09:00:00,       332.892889
06/27/2010 10:00:00,       313.140211
06/27/2010 11:00:00,       301.150175
06/27/2010 12:00:00,       278.833182
06/27/2010 13:00:00,       221.053951
06/27/2010 14:00:00,       125.658308
06/27/2010 15:00:00,        35.278597
06/27/2010 16:00:00,         8.688497
06/27/2010 17:00:00,         2.836516
06/27/2010 18:00:00,         8.101376
06/27/2010 19:00:00,        11.258432
06/27/2010 20:00:00,       111.373801
06/27/2010 21:00:00,        95.328358
06/27/2010 22:00:00,       198.679891
06/27/2010 23:00:00,       142.810318
06/28/2010 00:00:00,        70.688458
06/28/2010 01:00:00,       105.607939
06/28/2010 02:00:00,       221.278194
06/28/2010 03:00:00,       272.372329
06/28/2010 04:00:00,       249.167089
06/28/2010 05:00:00,       275.166524
06/28/2010 06:00:00,       329.333670
06/28/2010 07:00:00,       325.489275
06/28/2010 08:00:00,       294.513068
06/28/2010 09:00:00,       293.622387
06/28/2010 10:00:00,       235.237999
06/28/2010 11:00:00,       182.982955
06/28/2010 12:00:00,       152.988827
06/28/2010 13:00:00,       126.100749
06/28/2010 14:00:00,       101.919606
06/28/2010 15:00:00,        73.490445
06/28/2010 16:00:00,        69.855041
06/28/2010 17:00:00,        96.521689
06/28/2010 18:00:00,        65.305286
06/28/2010 19:00:00,        44.688931
06/28/2010 20:00:00,        42.100038
06/28/2010 21:00:00,        40.738857
06/28/2010 22:00:00,        54.035290
06/28/2010 23:00:00,        64.142692
06/29/2010 00:00:00,       142.367481
06/29/2010 01:00:00,       150.856443
06/29/2010 02:00:00,       147.537965
06/29/2010 03:00:00,       163.715586
06/29/2010 04:00:00,       126.223895
06/29/2010 05:00:00,        80.778408
06/29/2010 06:00:00,       110.507779
06/29/2010 07:00:00,        52.174505
06/29/2010 08:00:00,        32.160942
06/29/2010 09:00:00,        74.927202
06/29/2010 10:00:00,       117.207854
06/29/2010 11:00:00,       251.420516
06/29/2010 12:00:00,       226.302647
06/29/2010 13:00:00,       102.778564
06/29/2010 14:00:00,        98.429121
06/29/2010 15:00:00,         4.747495
06/29/2010 16:00:00,        23.177038
06/29/2010 17:00:00,        25.113755
06/29/2010 18:00:00,        39.059860
06/29/2010 19:00:00,        88.938900
06/29/2010 20:00:00,       118.411312
06/29/2010 21:00:00,        43.780433
06/29/2010 22:00:00,        28.198347
06/29/2010 23:00:00,        23.530519
06/30/2010 00:00:00,        45.666244
06/30/2010 01:00:00,        22.633783
06/30/2010 02:00:00,        39.131298
06/30/2010 03:00:00,        42.553452
06/30/2010 04:00:00,       121.284591
06/30/2010 05:00:00,       142.660190
06/30/2010 06:00:00,       227.434487
06/30/2010 07:00:00,       309.447886
06/30/2010 08:00:00,       288.032255
06/30/2010 09:00:00,       270.028967
06/30/2010 10:00:00,       313.064438
06/30/2010 11:00:00,       348.264803
06/30/2010 12:00:00,       345.683267
06/30/2010 13:00:00,       338.551845
06/30/2010 14:00:00,       332.417570
06/30/2010 15:00:00,       337.029669
06/30/2010 16:00:00,       340.973345
06/30/2010 17:00:00,       347.334079
06/30/2010 18:00:00,       346.915156
06/30/2010 19:00:00,       328.590355
06/30/2010 20:00:00,       254.198511
06/30/2010 21:00:00,       169.944714
06/30/2010 22:00:00,        96.259176
06/30/2010 23:00:00,        63.198045
07/01/2010 00:00:00,        45.422893
07/01/2010 01:00:00,        43.011104
07/01/2010 02:00:00,        36.026152
07/01/2010 03:00:00,        33.335318
07/01/2010 04:00:00,        53.068813
07/01/2010 05:00:00,       141.981763
07/01/2010 06:00:00,       138.402242
07/01/2010 07:00:00,       112.671924
07/01/2010 08:00:00,       121.003687
07/01/2010 09:00:00,       115.940615
07/01/2010 10:00:00,        66.792829
07/01/2010 11:00:00,        27.513529
07/01/2010 12:00:00,        11.866452
07/01/2010 13:00:00,        10.891986
07/01/2010 14:00:00,         0.221765
07/01/2010 15:00:00,         0.110998
07/01/2010 16:00:00,         0.392887
07/01/2010 17:00:00,         0.042275
07/01/2010 18:00:00,         0.086827
07/01/2010 19:00:00,         0.707542
07/01/2010 20:00:00,         0.178314
07/01/2010 21:00:00,         0.114914
07/01/2010 22:00:00,         0.019869
07/01/2010 23:00:00,         0.709932
07/02/2010 00:00:00,         0.133512
07/02/2010 01:00:00,         0.033287
07/02/2010 02:00:00,         5.223880
07/02/2010 03:00:00,        38.108138
07/02/2010 04:00:00,        55.813638
07/02/2010 05:00:00,       100.247095
07/02/2010 06:00:00,        66.400673
07/02/2010 07:00:00,        63.171285
07/02/2010 08:00:00,        61.309531
07/02/2010 09:00:00,       105.717520
07/02/2010 10:00:00,        95.414505
07/02/2010 11:00:00,        82.233758
07/02/2010 12:00:00,       271.549109
07/02/2010 13:00:00,       213.248135
07/02/2010 14:00:00,        88.075268
07/02/2010 15:00:00,       179.677027
07/02/2010 16:00:00,       107.005381
07/02/2010 17:00:00,        67.800444
07/02/2010 18:00:00,        87.583023
07/02/2010 19:00:00,       202.428648
07/02/2010 20:00:00,       202.762767
07/02/2010 21:00:00,       182.339298
07/02/2010 22:00:00,       179.346852
07/02/2010 23:00:00,       159.189466
07/03/2010 00:00:00,       128.761442
07/03/2010 01:00:00,       173.161599
07/03/2010 02:00:00,       260.360293
07/03/2010 03:00:00,       282.354976
07/03/2010 04:00:00,       285.616975
07/03/2010 05:00:00,       296.602184
07/03/2010 06:00:00,       294.101280
07/03/2010 07:00:00,       296.689671
07/03/2010 08:00:00,       297.250725
07/03/2010 09:00:00,       283.288344
07/03/2010 10:00:00,       287.666124
07/03/2010 11:00:00,       300.006804
07/03/2010 12:00:00,       274.020412
07/03/2010 13:00:00,       227.199540
07/03/2010 14:00:00,       144.100463
07/03/2010 15:00:00,        75.338651
07/03/2010 16:00:00,        62.595189
07/03/2010 17:00:00,        54.749076
07/03/2010 18:00:00,       101.638354
07/03/2010 19:00:00,       215.107057
07/03/2010 20:00:00,       102.438534
07/03/2010 21:00:00,       183.470968
07/03/2010 22:00:00,       165.279475
07/03/2010 23:00:00,       123.161626
07/04/2010 00:00:00,       106.225095
07/04/2010 01:00:00,       234.187363
07/04/2010 02:00:00,       296.357030
07/04/2010 03:00:00,       333.602437
07/04/2010 04:00:00,       330.175825
07/04/2010 05:00:00,       342.377714
07/04/2010 06:00:00,       342.938541
07/04/2010 07:00:00,       333.856676
07/04/2010 08:00:00,       331.684388
07/04/2010 09:00:00,       336.407831
07/04/2010 10:00:00,       338.970508
07/04/2010 11:00:00,       341.835852
07/04/2010 12:00:00,       332.960108
07/04/2010 13:00:00,       292.774661
07/04/2010 14:00:00,       191.675262
07/04/2010 15:00:00,        90.110592
07/04/2010 16:00:00,       205.902596
07/04/2010 17:00:00,       258.786284
07/04/2010 18:00:00,       235.570691
07/04/2010 19:00:00,       242.988536
07/04/2010 20:00:00,       273.279586
07/04/2010 21:00:00,       152.331691
07/04/2010 22:00:00,        67.936448
07/04/2010 23:00:00,        60.404114
07/05/2010 00:00:00,        60.690868
07/05/2010 01:00:00,       131.811992
07/05/2010 02:00:00,       244.450845
07/05/2010 03:00:00,       258.004514
07/05/2010 04:00:00,       240.816602
07/05/2010 05:00:00,       240.098116
07/05/2010 06:00:00,       237.375436
07/05/2010 07:00:00,       206.649244
07/05/2010 08:00:00,       199.214670
07/05/2010 09:00:00,       209.616452
07/05/2010 10:00:00,       251.462596
07/05/2010 11:00:00,       274.155366
07/05/2010 12:00:00,       262.473670
07/05/2010 13:00:00,       208.559878
07/05/2010 14:00:00,       113.772434
07/05/2010 15:00:00,        43.026589
07/05/2010 16:00:00,        15.178935
07/05/2010 17:00:00,         3.509097
07/05/2010 18:00:00,        11.506260
07/05/2010 19:00:00,        37.922305
07/05/2010 20:00:00,        29.169411
07/05/2010 21:00:00,        26.729390
07/05/2010 22:00:00,        31.527913
07/05/2010 23:00:00,        66.701601
07/06/2010 00:00:00,        91.699770
07/06/2010 01:00:00,        89.105612
07/06/2010 02:00:00,       117.680364
07/06/2010 03:00:00,       120.369165
07/06/2010 04:00:00,        83.236985
07/06/2010 05:00:00,        65.783487
07/06/2010 06:00:00,       155.439670
07/06/2010 07:00:00,        68.116164
07/06/2010 08:00:00,        78.429339
07/06/2010 09:00:00,       116.954692
07/06/2010 10:00:00,        62.559777
07/06/2010 11:00:00,        39.422444
07/06/2010 12:00:00,        78.094560
07/06/2010 13:00:00,        22.585497
07/06/2010 14:00:00,        34.124498
07/06/2010 15:00:00,        12.171268
07/06/2010 16:00:00,        29.960778
07/06/2010 17:00:00,        70.119280
07/06/2010 18:00:00,        59.778903
07/06/2010 19:00:00,        42.965495
07/06/2010 20:00:00,        50.327056
07/06/2010 21:00:00,        53.365641
07/06/2010 22:00:00,        35.752254
07/06/2010 23:00:00,        85.055062
07/07/2010 00:00:00,        50.216378
07/07/2010 01:00:00,         2.990155
07/07/2010 02:00:00,        33.121416
07/07/2010 03:00:00,         9.629552
07/07/2010 04:00:00,        10.951303
07/07/2010 05:00:00,         9.301428
07/07/2010 06:00:00,         5.737174
07/07/2010 07:00:00,         0.741202
07/07/2010 08:00:00,         0.176744
07/07/2010 09:00:00,         0.361755
07/07/2010 10:00:00,         1.122467
07/07/2010 11:00:00,         3.124456
07/07/2010 12:00:00,        11.218028
07/07/2010 13:00:00,        21.174824
07/07/2010 14:00:00,        10.016007
07/07/2010 15:00:00,         0.302354
07/07/2010 16:00:00,         0.000439
07/07/2010 17:00:00,         0.000000
07/07/2010 18:00:00,         0.000000
07/07/2010 19:00:00,         0.004919
07/07/2010 20:00:00,         1.185357
07/07/2010 21:00:00,         0.825597
07/07/2010 22:00:00,         0.028295
07/07/2010 23:00:00,         0.399056
07/08/2010 00:00:00,         7.142816
07/08/2010 01:00:00,        22.581321
07/08/2010 02:00:00,        29.982982
07/08/2010 03:00:00,        35.637981
07/08/2010 04:00:00,        23.091751
07/08/2010 05:00:00,        34.517145
07/08/2010 06:00:00,        66.038406
07/08/2010 07:00:00,        98.608658
07/08/2010 08:00:00,       156.144495
07/08/2010 09:00:00,       141.393658
07/08/2010 10:00:00,       133.239282
07/08/2010 11:00:00,       159.599749
07/08/2010 12:00:00,       162.093765
07/08/2010 13:00:00,       166.999718
07/08/2010 14:00:00,       153.253342
07/08/2010 15:00:00,        89.890315
07/08/2010 16:00:00,        45.100965
07/08/2010 17:00:00,        33.297624
07/08/2010 18:00:00,        36.080572
07/08/2010 19:00:00,        33.548893
07/08/2010 20:00:00,        24.573833
07/08/2010 21:00:00,        21.159900
07/08/2010 22:00:00,        89.450712
07/08/2010 23:00:00,         5.189818
07/09/2010 00:00:00,        10.135016
07/09/2010 01:00:00,       123.362489
07/09/2010 02:00:00,       146.567677
07/09/2010 03:00:00,        91.934269
07/09/2010 04:00:00,       171.897271
07/09/2010 05:00:00,       131.005334
07/09/2010 06:00:00,       278.877116
07/09/2010 07:00:00,       300.354025
07/09/2010 08:00:00,       249.759492
07/09/2010 09:00:00,       242.496172
07/09/2010 10:00:00,       270.036212
07/09/2010 11:00:00,       271.023033
07/09/2010 12:00:00,       252.992233
07/09/2010 13:00:00,       235.932586
07/09/2010 14:00:00,       147.801389
07/09/2010 15:00:00,        76.169824
07/09/2010 16:00:00,        45.418879
07/09/2010 17:00:00,        28.632009
07/09/2010 18:00:00,        54.674066
07/09/2010 19:00:00,        18.978674
07/09/2010 20:00:00,        84.116383
07/09/2010 21:00:00,        89.899673
07/09/2010 22:00:00,       114.946871
07/09/2010 23:00:00,       259.662927
07/10/2010 00:00:00,        46.220635
07/10/2010 01:00:00,       184.015095
07/10/2010 02:00:00,        82.254688
07/10/2010 03:00:00,        19.404051
07/10/2010 04:00:00,        91.062567
07/10/2010 05:00:00,       324.036544
07/10/2010 06:00:00,       339.205088
07/10/2010 07:00:00,       277.364120
07/10/2010 08:00:00,       219.498205
07/10/2010 09:00:00,       297.621834
07/10/2010 10:00:00,       269.883893
07/10/2010 11:00:00,       254.283590
07/10/2010 12:00:00,       220.797649
07/10/2010 13:00:00,       162.387309
07/10/2010 14:00:00,       106.768622
07/10/2010 15:00:00,        40.164179
07/10/2010 16:00:00,         9.242009
07/10/2010 17:00:00,         7.309157
07/10/2010 18:00:00,        14.328183
07/10/2010 19:00:00,        13.688213
07/10/2010 20:00:00,         3.163656
07/10/2010 21:00:00,        56.544405
07/10/2010 22:00:00,        35.264277
07/10/2010 23:00:00,        50.379461
07/11/2010 00:00:00,        86.624266
07/11/2010 01:00:00,        28.608762
07/11/2010 02:00:00,         2.812621
07/11/2010 03:00:00,         0.504818
07/11/2010 04:00:00,         1.976365
07/11/2010 05:00:00,         6.710919
07/11/2010 06:00:00,         6.007795
07/11/2010 07:00:00,        37.369746
07/11/2010 08:00:00,         8.126134
07/11/2010 09:00:00,         0.000000
07/11/2010 10:00:00,         0.000000
07/11/2010 11:00:00,         0.012167
07/11/2010 12:00:00,         0.123470
07/11/2010 13:00:00,         0.620394
07/11/2010 14:00:00,         0.586634
07/11/2010 15:00:00,         3.207233
07/11/2010 16:00:00,         7.169060
07/11/2010 17:00:00,        15.557600
07/11/2010 18:00:00,        26.478608
07/11/2010 19:00:00,        22.162538
07/11/2010 20:00:00,        18.900435
07/11/2010 21:00:00,        80.249885
07/11/2010 22:00:00,        29.053015
07/11/2010 23:00:00,       111.306539
07/12/2010 00:00:00,        93.012133
07/12/2010 01:00:00,        96.165394
07/12/2010 02:00:00,       180.338651
07/12/2010 03:00:00,       169.497607
07/12/2010 04:00:00,       193.031362
07/12/2010 05:00:00,       235.401573
07/12/2010 06:00:00,       294.066199
07/12/2010 07:00:00,       310.954975
07/12/2010 08:00:00,       282.940466
07/12/2010 09:00:00,       275.120559
07/12/2010 10:00:00,       344.715201
07/12/2010 11:00:00,       347.657931
07/12/2010 12:00:00,       349.460895
07/12/2010 13:00:00,       337.153150
07/12/2010 14:00:00,       291.939250
07/12/2010 15:00:00,       189.294461
07/12/2010 16:00:00,       260.715521
07/12/2010 17:00:00,       255.690948
07/12/2010 18:00:00,       239.647341
07/12/2010 19:00:00,       183.520316
07/12/2010 20:00:00,       242.500276
07/12/2010 21:00:00,       350.305611
07/12/2010 22:00:00,       346.187200
07/12/2010 23:00:00,       346.928219
07/13/2010 00:00:00,       321.078028
07/13/2010 01:00:00,       280.870158
07/13/2010 02:00:00,       331.739701
07/13/2010 03:00:00,       341.621345
07/13/2010 04:00:00,       301.141638
07/13/2010 05:00:00,       246.592473
07/13/2010 06:00:00,       207.643127
07/13/2010 07:00:00,       298.616087
07/13/2010 08:00:00,       284.351998
07/13/2010 09:00:00,       345.506863
07/13/2010 10:00:00,       350.932486
07/13/2010 11:00:00,       350.071812
07/13/2010 12:00:00,       350.631971
07/13/2010 13:00:00,       346.647376
07/13/2010 14:00:00,       327.034296
07/13/2010 15:00:00,       327.313742
07/13/2010 16:00:00,       347.171791
07/13/2010 17:00:00,       348.276295
07/13/2010 18:00:00,       349.679289
07/13/2010 19:00:00,       351.224046
07/13/2010 20:00:00,       350.157277
07/13/2010 21:00:00,       349.650594
07/13/2010 22:00:00,       349.280811
07/13/2010 23:00:00,       350.176149
07/14/2010 00:00:00,       350.185512
07/14/2010 01:00:00,       349.685050
07/14/2010 02:00:00,       349.575818
07/14/2010 03:00:00,       349.304683
07/14/2010 04:00:00,       350.116974
07/14/2010 05:00:00,       347.884211
07/14/2010 06:00:00,       346.384552
07/14/2010 07:00:00,       330.334061
07/14/2010 08:00:00,       327.068163
07/14/2010 09:00:00,       306.721256
07/14/2010 10:00:00,       260.003777
07/14/2010 11:00:00,       247.742202
07/14/2010 12:00:00,       251.306811
07/14/2010 13:00:00,       187.293200
07/14/2010 14:00:00,       130.474674
07/14/2010 15:00:00,        79.541903
07/14/2010 16:00:00,       112.824950
07/14/2010 17:00:00,        80.856942
07/14/2010 18:00:00,        85.695623
07/14/2010 19:00:00,        76.373190
07/14/2010 20:00:00,        60.106594
07/14/2010 21:00:00,        49.469829
07/14/2010 22:00:00,        65.424742
07/14/2010 23:00:00,        72.943969
07/15/2010 00:00:00,       112.795106
07/15/2010 01:00:00,       158.286814
07/15/2010 02:00:00,       111.193884
07/15/2010 03:00:00,       116.551965
07/15/2010 04:00:00,       277.415193
07/15/2010 05:00:00,       341.207717
07/15/2010 06:00:00,       342.456947
07/15/2010 07:00:00,       337.762558
07/15/2010 08:00:00,       335.824913
07/15/2010 09:00:00,       329.580757
07/15/2010 10:00:00,       309.733061
07/15/2010 11:00:00,       300.880290
07/15/2010 12:00:00,       300.352602
07/15/2010 13:00:00,       256.369865
07/15/2010 14:00:00,       169.573902
07/15/2010 15:00:00,        62.199496
07/15/2010 16:00:00,        18.409181
07/15/2010 17:00:00,         8.074039
07/15/2010 18:00:00,        84.069715
07/15/2010 19:00:00,       132.979346
07/15/2010 20:00:00,       111.353465
07/15/2010 21:00:00,       115.098678
07/15/2010 22:00:00,       139.625775
07/15/2010 23:00:00,        83.729447
07/16/2010 00:00:00,        66.971486
07/16/2010 01:00:00,       122.715677
07/16/2010 02:00:00,       148.733067
07/16/2010 03:00:00,        91.945472
07/16/2010 04:00:00,       257.224554
07/16/2010 05:00:00,       318.169377
07/16/2010 06:00:00,       333.165445
07/16/2010 07:00:00,       334.000962
07/16/2010 08:00:00,       309.426593
07/16/2010 09:00:00,       293.287627
07/16/2010 10:00:00,       320.689188
07/16/2010 11:00:00,       339.250476
07/16/2010 12:00:00,       297.870018
07/16/2010 13:00:00,       218.453458
07/16/2010 14:00:00,       140.567649
07/16/2010 15:00:00,        69.336770
07/16/2010 16:00:00,        78.070066
07/16/2010 17:00:00,       111.882229
07/16/2010 18:00:00,       237.423520
07/16/2010 19:00:00,       236.704199
07/16/2010 20:00:00,       184.075819
07/16/2010 21:00:00,       153.408093
07/16/2010 22:00:00,       137.667077
07/16/2010 23:00:00,       271.563450
07/17/2010 00:00:00,       171.233906
07/17/2010 01:00:00,       119.395704
07/17/2010 02:00:00,       204.344854
07/17/2010 03:00:00,       139.026809
07/17/2010 04:00:00,        86.088343
07/17/2010 05:00:00,       216.466049
07/17/2010 06:00:00,       143.481980
07/17/2010 07:00:00,        76.915072
07/17/2010 08:00:00,        56.415208
07/17/2010 09:00:00,        79.537587
07/17/2010 10:00:00,         5.490179
07/17/2010 11:00:00,         2.076344
07/17/2010 12:00:00,         1.945099
07/17/2010 13:00:00,         1.251113
07/17/2010 14:00:00,         0.071080
07/17/2010 15:00:00,         0.000000
07/17/2010 16:00:00,         0.002232
07/17/2010 17:00:00,         0.005240
07/17/2010 18:00:00,         0.074332
07/17/2010 19:00:00,         0.848467
07/17/2010 20:00:00,         3.105820
07/17/2010 21:00:00,         2.778456
07/17/2010 22:00:00,        18.358108
07/17/2010 23:00:00,        15.895848
07/18/2010 00:00:00,        14.544004
07/18/2010 01:00:00,       101.899880
07/18/2010 02:00:00,        81.173100
07/18/2010 03:00:00,       147.441396
07/18/2010 04:00:00,       148.717357
07/18/2010 05:00:00,       192.720815
07/18/2010 06:00:00,        29.988693
07/18/2010 07:00:00,         9.284042
07/18/2010 08:00:00,        36.030531
07/18/2010 09:00:00,        97.521590
07/18/2010 10:00:00,        51.888959
07/18/2010 11:00:00,        11.814904
07/18/2010 12:00:00,         8.031076
07/18/2010 13:00:00,        11.882171
07/18/2010 14:00:00,        51.054892
07/18/2010 15:00:00,        18.122998
07/18/2010 16:00:00,        31.021137
07/18/2010 17:00:00,        39.454412
07/18/2010 18:00:00,        43.889228
07/18/2010 19:00:00,        19.831481
07/18/2010 20:00:00,        42.129924
07/18/2010 21:00:00,        31.257719
07/18/2010 22:00:00,        21.603183
07/18/2010 23:00:00,        94.823521
07/19/2010 00:00:00,       108.204303
07/19/2010 01:00:00,        69.866163
07/19/2010 02:00:00,        69.877604
07/19/2010 03:00:00,        37.897930
07/19/2010 04:00:00,        23.159135
07/19/2010 05:00:00,        37.420586
07/19/2010 06:00:00,         5.895340
07/19/2010 07:00:00,         1.083969
07/19/2010 08:00:00,         4.423298
07/19/2010 09:00:00,        14.626664
07/19/2010 10:00:00,         2.692082
07/19/2010 11:00:00,         7.442816
07/19/2010 12:00:00,        37.087630
07/19/2010 13:00:00,        29.616227
07/19/2010 14:00:00,        11.482277
07/19/2010 15:00:00,         0.778171
07/19/2010 16:00:00,         0.211945
07/19/2010 17:00:00,         5.168229
07/19/2010 18:00:00,        16.674297
07/19/2010 19:00:00,        23.235706
07/19/2010 20:00:00,        16.935546
07/19/2010 21:00:00,        14.232943
07/19/2010 22:00:00,        24.946186
07/19/2010 23:00:00,         6.221791
07/20/2010 00:00:00,        19.770038
07/20/2010 01:00:00,        26.394728
07/20/2010 02:00:00,        19.996663
07/20/2010 03:00:00,        24.873237
07/20/2010 04:00:00,        34.962528
07/20/2010 05:00:00,         9.949433
07/20/2010 06:00:00,         3.366896
07/20/2010 07:00:00,         1.152816
07/20/2010 08:00:00,         0.085974
07/20/2010 09:00:00,         0.731074
07/20/2010 10:00:00,         1.872820
07/20/2010 11:00:00,         1.605070
07/20/2010 12:00:00,         1.035674
07/20/2010 13:00:00,         0.359182
07/20/2010 14:00:00,         0.000000
07/20/2010 15:00:00,         0.000000
07/20/2010 16:00:00,         0.000000
07/20/2010 17:00:00,         0.980321
07/20/2010 18:00:00,         4.022590
07/20/2010 19:00:00,         3.802119
07/20/2010 20:00:00,         0.898540
07/20/2010 21:00:00,         2.437004
07/20/2010 22:00:00,         2.160647
07/20/2010 23:00:00,         2.099358
07/21/2010 00:00:00,         2.235166
07/21/2010 01:00:00,         0.131298
07/21/2010 02:00:00,         0.000016
07/21/2010 03:00:00,         3.546530
07/21/2010 04:00:00,        10.965496
07/21/2010 05:00:00,        29.637904
07/21/2010 06:00:00,        17.256972
07/21/2010 07:00:00,        10.714407
07/21/2010 08:00:00,         7.490537
07/21/2010 09:00:00,        19.654520
07/21/2010 10:00:00,        11.608938
07/21/2010 11:00:00,         5.553964
07/21/2010 12:00:00,         3.949067
07/21/2010 13:00:00,         8.681192
07/21/2010 14:00:00,        18.482043
07/21/2010 15:00:00,         7.683781
07/21/2010 16:00:00,         3.840383
07/21/2010 17:00:00,         3.443442
07/21/2010 18:00:00,         2.835396
07/21/2010 19:00:00,        12.533481
07/21/2010 20:00:00,        10.066880
07/21/2010 21:00:00,         4.327615
07/21/2010 22:00:00,         4.116246
07/21/2010 23:00:00,        18.243386
07/22/2010 00:00:00,        12.878151
07/22/2010 01:00:00,        15.788207
07/22/2010 02:00:00,        10.645469
07/22/2010 03:00:00,         9.088429
07/22/2010 04:00:00,        20.638870
07/22/2010 05:00:00,        57.652744
07/22/2010 06:00:00,       100.697855
07/22/2010 07:00:00,       147.029870
07/22/2010 08:00:00,       199.062553
07/22/2010 09:00:00,       132.924516
07/22/2010 10:00:00,        96.446980
07/22/2010 11:00:00,        77.026597
07/22/2010 12:00:00,        51.331120
07/22/2010 13:00:00,       122.882694
07/22/2010 14:00:00,       105.975123
07/22/2010 15:00:00,        41.529433
07/22/2010 16:00:00,        47.944127
07/22/2010 17:00:00,       126.696423
07/22/2010 18:00:00,       201.581115
07/22/2010 19:00:00,        87.231587
07/22/2010 20:00:00,       153.172128
07/22/2010 21:00:00,       252.746209
07/22/2010 22:00:00,       158.537473
07/22/2010 23:00:00,       116.563014
07/23/2010 00:00:00,        14.089825
07/23/2010 01:00:00,       131.109260
07/23/2010 02:00:00,       219.022947
07/23/2010 03:00:00,       132.669826
07/23/2010 04:00:00,       113.984531
07/23/2010 05:00:00,        82.381906
07/23/2010 06:00:00,        95.092520
07/23/2010 07:00:00,        98.746223
07/23/2010 08:00:00,       192.141976
07/23/2010 09:00:00,       303.842183
07/23/2010 10:00:00,       174.092783
07/23/2010 11:00:00,       207.458619
07/23/2010 12:00:00,       263.632393
07/23/2010 13:00:00,       211.074440
07/23/2010 14:00:00,       160.523861
07/23/2010 15:00:00,       121.961406
07/23/2010 16:00:00,        76.831579
07/23/2010 17:00:00,        96.258662
07/23/2010 18:00:00,        94.640343
07/23/2010 19:00:00,        92.136382
07/23/2010 20:00:00,        86.044104
07/23/2010 21:00:00,        49.359025
07/23/2010 22:00:00,        47.026034
07/23/2010 23:00:00,        48.884170
07/24/2010 00:00:00,         7.599053
07/24/2010 01:00:00,         6.441933
07/24/2010 02:00:00,         0.565709
07/24/2010 03:00:00,         0.224024
07/24/2010 04:00:00,        18.942119
07/24/2010 05:00:00,       117.728834
07/24/2010 06:00:00,        93.662108
07/24/2010 07:00:00,       163.070156
07/24/2010 08:00:00,       203.345731
07/24/2010 09:00:00,       120.248282
07/24/2010 10:00:00,        53.697955
07/24/2010 11:00:00,        38.932924
07/24/2010 12:00:00,        42.475195
07/24/2010 13:00:00,        32.916636
07/24/2010 14:00:00,        29.760944
07/24/2010 15:00:00,        13.338354
07/24/2010 16:00:00,         0.977996
07/24/2010 17:00:00,         1.153696
07/24/2010 18:00:00,         5.042109
07/24/2010 19:00:00,        21.280275
07/24/2010 20:00:00,        21.562969
07/24/2010 21:00:00,        27.076143
07/24/2010 22:00:00,        24.992020
07/24/2010 23:00:00,        20.330751
07/25/2010 00:00:00,        27.905579
07/25/2010 01:00:00,        73.109116
07/25/2010 02:00:00,       122.913590
07/25/2010 03:00:00,       187.488298
07/25/2010 04:00:00,       238.034124
07/25/2010 05:00:00,       276.249972
07/25/2010 06:00:00,       260.755293
07/25/2010 07:00:00,       231.812318
07/25/2010 08:00:00,       212.052678
07/25/2010 09:00:00,       163.594605
07/25/2010 10:00:00,       163.259618
07/25/2010 11:00:00,       131.433618
07/25/2010 12:00:00,        65.635943
07/25/2010 13:00:00,        26.834648
07/25/2010 14:00:00,        10.074959
07/25/2010 15:00:00,         1.430166
07/25/2010 16:00:00,         0.000000
07/25/2010 17:00:00,         0.075176
07/25/2010 18:00:00,         0.005235
07/25/2010 19:00:00,        11.966261
07/25/2010 20:00:00,        74.026742
07/25/2010 21:00:00,        60.911351
07/25/2010 22:00:00,        32.165588
07/25/2010 23:00:00,        90.896887
07/26/2010 00:00:00,        29.312301
07/26/2010 01:00:00,         4.797155
07/26/2010 02:00:00,        71.646386
07/26/2010 03:00:00,        74.772569
07/26/2010 04:00:00,        76.595522
07/26/2010 05:00:00,       289.404216
07/26/2010 06:00:00,       338.174094
07/26/2010 07:00:00,       324.620439
07/26/2010 08:00:00,       294.762212
07/26/2010 09:00:00,       278.027833
07/26/2010 10:00:00,       255.739964
07/26/2010 11:00:00,       160.400252
07/26/2010 12:00:00,       184.426095
07/26/2010 13:00:00,       111.330461
07/26/2010 14:00:00,        53.563347
07/26/2010 15:00:00,        20.449792
07/26/2010 16:00:00,         9.058878
07/26/2010 17:00:00,         3.847216
07/26/2010 18:00:00,         6.302808
07/26/2010 19:00:00,         1.624603
07/26/2010 20:00:00,         0.037423
07/26/2010 21:00:00,         1.813075
07/26/2010 22:00:00,         0.341008
07/26/2010 23:00:00,         2.934702
07/27/2010 00:00:00,        96.866086
07/27/2010 01:00:00,        39.681072
07/27/2010 02:00:00,       144.167429
07/27/2010 03:00:00,        53.080630
07/27/2010 04:00:00,        61.737642
07/27/2010 05:00:00,       123.892231
07/27/2010 06:00:00,       213.368883
07/27/2010 07:00:00,       235.997341
07/27/2010 08:00:00,       209.933269
07/27/2010 09:00:00,       111.534413
07/27/2010 10:00:00,        55.545550
07/27/2010 11:00:00,        63.905848
07/27/2010 12:00:00,        33.311625
07/27/2010 13:00:00,         6.486896
07/27/2010 14:00:00,         0.891359
07/27/2010 15:00:00,         0.312354
07/27/2010 16:00:00,         0.101951
07/27/2010 17:00:00,         0.510862
07/27/2010 18:00:00,         5.153432
07/27/2010 19:00:00,        13.647694
07/27/2010 20:00:00,        17.222378
07/27/2010 21:00:00,        27.387793
07/27/2010 22:00:00,        27.543654
07/27/2010 23:00:00,        21.582381
07/28/2010 00:00:00,        69.070963
07/28/2010 01:00:00,        51.068849
07/28/2010 02:00:00,       103.686003
07/28/2010 03:00:00,       154.548830
07/28/2010 04:00:00,       157.901152
07/28/2010 05:00:00,       152.935579
07/28/2010 06:00:00,       158.183541
07/28/2010 07:00:00,       158.675910
07/28/2010 08:00:00,       134.004511
07/28/2010 09:00:00,       102.892500
07/28/2010 10:00:00,       117.395350
07/28/2010 11:00:00,        93.800153
07/28/2010 12:00:00,        92.059714
07/28/2010 13:00:00,        76.345493
07/28/2010 14:00:00,        60.797538
07/28/2010 15:00:00,        28.142984
07/28/2010 16:00:00,         6.260712
07/28/2010 17:00:00,         0.437385
07/28/2010 18:00:00,         0.000000
07/28/2010 19:00:00,         0.000508
07/28/2010 20:00:00,         0.000000
07/28/2010 21:00:00,         0.020921
07/28/2010 22:00:00,         0.052374
07/28/2010 23:00:00,         0.010491
07/29/2010 00:00:00,        41.608711
07/29/2010 01:00:00,       104.435369
07/29/2010 02:00:00,        69.916623
07/29/2010 03:00:00,        38.920472
07/29/2010 04:00:00,        82.878085
07/29/2010 05:00:00,        10.973781
07/29/2010 06:00:00,        74.010375
07/29/2010 07:00:00,        30.923122
07/29/2010 08:00:00,        22.888375
07/29/2010 09:00:00,        28.283598
07/29/2010 10:00:00,         5.711775
07/29/2010 11:00:00,         3.732532
07/29/2010 12:00:00,        10.663855
07/29/2010 13:00:00,       185.282691
07/29/2010 14:00:00,        99.593737
07/29/2010 15:00:00,        17.617986
07/29/2010 16:00:00,        15.544187
07/29/2010 17:00:00,         7.574755
07/29/2010 18:00:00,        43.727152
07/29/2010 19:00:00,        59.729550
07/29/2010 20:00:00,        60.721725
07/29/2010 21:00:00,        57.217033
07/29/2010 22:00:00,        37.583425
07/29/2010 23:00:00,       104.410986
07/30/2010 00:00:00,        19.875717
07/30/2010 01:00:00,        71.370253
07/30/2010 02:00:00,        33.525714
07/30/2010 03:00:00,       152.694515
07/30/2010 04:00:00,       140.378327
07/30/2010 05:00:00,       157.957116
07/30/2010 06:00:00,       190.097214
07/30/2010 07:00:00,       229.445192
07/30/2010 08:00:00,       228.105640
07/30/2010 09:00:00,       237.729261
07/30/2010 10:00:00,       173.968255
07/30/2010 11:00:00,       115.900257
07/30/2010 12:00:00,        89.977153
07/30/2010 13:00:00,        43.371792
07/30/2010 14:00:00,        13.638944
07/30/2010 15:00:00,         0.798660
07/30/2010 16:00:00,         0.000000
07/30/2010 17:00:00,         0.000000
07/30/2010 18:00:00,         0.000000
07/30/2010 19:00:00,         0.000000
07/30/2010 20:00:00,         0.031598
07/30/2010 21:00:00,         0.210544
07/30/2010 22:00:00,         3.572217
07/30/2010 23:00:00,        81.769258
07/31/2010 00:00:00,       182.181164
07/31/2010 01:00:00,         8.130370
07/31/2010 02:00:00,         8.868192
07/31/2010 03:00:00,        27.074940
07/31/2010 04:00:00,        30.345169
07/31/2010 05:00:00,        43.367922
07/31/2010 06:00:00,        34.731193
07/31/2010 07:00:00,        37.844043
07/31/2010 08:00:00,        13.730639
07/31/2010 09:00:00,        16.749046
07/31/2010 10:00:00,        20.841060
07/31/2010 11:00:00,        17.993035
07/31/2010 12:00:00,        21.979505
07/31/2010 13:00:00,        39.972883
07/31/2010 14:00:00,        35.307178
07/31/2010 15:00:00,         1.123789
07/31/2010 16:00:00,         5.626529
07/31/2010 17:00:00,         1.099727
07/31/2010 18:00:00,         5.534217
07/31/2010 19:00:00,         0.718261
07/31/2010 20:00:00,         0.606750
07/31/2010 21:00:00,         1.347020
07/31/2010 22:00:00,         0.644499
07/31/2010 23:00:00,         2.656202
08/01/2010 00:00:00,        47.703160
08/01/2010 01:00:00,        42.960372
08/01/2010 02:00:00,         9.728462
08/01/2010 03:00:00,        67.010864
08/01/2010 04:00:00,         4.057652
08/01/2010 05:00:00,        12.313983
08/01/2010 06:00:00,        64.977078
08/01/2010 07:00:00,       105.750919
08/01/2010 08:00:00,        24.842976
08/01/2010 09:00:00,         1.694759
08/01/2010 10:00:00,        20.903941
08/01/2010 11:00:00,         2.631576
08/01/2010 12:00:00,         4.865821
08/01/2010 13:00:00,         0.467942
08/01/2010 14:00:00,         0.980438
08/01/2010 15:00:00,         6.403503
08/01/2010 16:00:00,         2.211264
08/01/2010 17:00:00,         0.246484
08/01/2010 18:00:00,         8.218184
08/01/2010 19:00:00,        22.344125
08/01/2010 20:00:00,        42.748155
08/01/2010 21:00:00,        89.704129
08/01/2010 22:00:00,        26.428415
08/01/2010 23:00:00,        70.884353
08/02/2010 00:00:00,       106.416641
08/02/2010 01:00:00,       148.523183
08/02/2010 02:00:00,       103.165000
08/02/2010 03:00:00,       206.887443
08/02/2010 04:00:00,       282.278697
08/02/2010 05:00:00,       274.254870
08/02/2010 06:00:00,       314.666202
08/02/2010 07:00:00,       306.180732
08/02/2010 08:00:00,       310.242056
08/02/2010 09:00:00,       283.365303
08/02/2010 10:00:00,       244.172679
08/02/2010 11:00:00,       181.697505
08/02/2010 12:00:00,       120.696919
08/02/2010 13:00:00,       145.810286
08/02/2010 14:00:00,        93.100298
08/02/2010 15:00:00,        53.495953
08/02/2010 16:00:00,        17.795043
08/02/2010 17:00:00,         2.877598
08/02/2010 18:00:00,         0.285387
08/02/2010 19:00:00,         0.001275
08/02/2010 20:00:00,         0.081657
08/02/2010 21:00:00,         0.088376
08/02/2010 22:00:00,         0.547612
08/02/2010 23:00:00,         5.943806
08/03/2010 00:00:00,         7.636468
08/03/2010 01:00:00,         3.006619
08/03/2010 02:00:00,         5.652216
08/03/2010 03:00:00,         0.568193
08/03/2010 04:00:00,         0.320813
08/03/2010 05:00:00,         0.441686
08/03/2010 06:00:00,         4.604161
08/03/2010 07:00:00,         4.833407
08/03/2010 08:00:00,         0.132866
08/03/2010 09:00:00,         5.659360
08/03/2010 10:00:00,         7.631738
08/03/2010 11:00:00,         2.419084
08/03/2010 12:00:00,         8.567136
08/03/2010 13:00:00,         9.647735
08/03/2010 14:00:00,         7.170858
08/03/2010 15:00:00,        20.959604
08/03/2010 16:00:00,        11.305938
08/03/2010 17:00:00,        14.349291
08/03/2010 18:00:00,        18.985685
08/03/2010 19:00:00,         8.351873
08/03/2010 20:00:00,        11.134298
08/03/2010 21:00:00,         8.224432
08/03/2010 22:00:00,         5.171039
08/03/2010 23:00:00,         4.982958
08/04/2010 00:00:00,        19.827258
08/04/2010 01:00:00,         2.044909
08/04/2010 02:00:00,        24.253695
08/04/2010 03:00:00,         7.331206
08/04/2010 04:00:00,         1.241571
08/04/2010 05:00:00,         0.035706
08/04/2010 06:00:00,         0.000000
08/04/2010 07:00:00,         0.000000
08/04/2010 08:00:00,         0.000000
08/04/2010 09:00:00,         0.000000
08/04/2010 10:00:00,         0.000000
08/04/2010 11:00:00,         0.000000
08/04/2010 12:00:00,         0.000000
08/04/2010 13:00:00,         0.068357
08/04/2010 14:00:00,         1.182959
08/04/2010 15:00:00,         0.777771
08/04/2010 16:00:00,         0.004652
08/04/2010 17:00:00,         0.048465
08/04/2010 18:00:00,         0.108115
08/04/2010 19:00:00,         0.288240
08/04/2010 20:00:00,         1.230584
08/04/2010 21:00:00,         0.072782
08/04/2010 22:00:00,         0.001847
08/04/2010 23:00:00,         0.036216
08/05/2010 00:00:00,         0.052052
08/05/2010 01:00:00,         2.655913
08/05/2010 02:00:00,         0.329509
08/05/2010 03:00:00,         0.175740
08/05/2010 04:00:00,         0.630761
08/05/2010 05:00:00,         0.712105
08/05/2010 06:00:00,         2.839347
08/05/2010 07:00:00,         5.717396
08/05/2010 08:00:00,        11.054767
08/05/2010 09:00:00,        19.433734
08/05/2010 10:00:00,        29.968241
08/05/2010 11:00:00,        48.090351
08/05/2010 12:00:00,        65.412621
08/05/2010 13:00:00,        60.276674
08/05/2010 14:00:00,        67.195550
08/05/2010 15:00:00,        40.987330
08/05/2010 16:00:00,        36.290035
08/05/2010 17:00:00,        61.083137
08/05/2010 18:00:00,        75.166937
08/05/2010 19:00:00,        77.370469
08/05/2010 20:00:00,        89.392656
08/05/2010 21:00:00,        66.694349
08/05/2010 22:00:00,        60.578420
08/05/2010 23:00:00,        57.328540
08/06/2010 00:00:00,        79.357183
08/06/2010 01:00:00,       218.725284
08/06/2010 02:00:00,       287.022840
08/06/2010 03:00:00,       195.707693
08/06/2010 04:00:00,       141.735390
08/06/2010 05:00:00,       113.535551
08/06/2010 06:00:00,       309.416541
08/06/2010 07:00:00,       349.748806
08/06/2010 08:00:00,       345.022651
08/06/2010 09:00:00,       327.582784
08/06/2010 10:00:00,       286.512889
08/06/2010 11:00:00,       326.460964
08/06/2010 12:00:00,       220.831631
08/06/2010 13:00:00,       203.844812
08/06/2010 14:00:00,       193.402203
08/06/2010 15:00:00,       124.031759
08/06/2010 16:00:00,        21.980208
08/06/2010 17:00:00,         2.983960
08/06/2010 18:00:00,        32.609305
08/06/2010 19:00:00,        70.557149
08/06/2010 20:00:00,        36.057525
08/06/2010 21:00:00,        34.009423
08/06/2010 22:00:00,        47.719808
08/06/2010 23:00:00,        87.985703
08/07/2010 00:00:00,       320.850892
08/07/2010 01:00:00,       132.927723
08/07/2010 02:00:00,       130.282553
08/07/2010 03:00:00,       285.731476
08/07/2010 04:00:00,       324.139186
08/07/2010 05:00:00,       294.187449
08/07/2010 06:00:00,       290.092891
08/07/2010 07:00:00,       261.497109
08/07/2010 08:00:00,       207.932274
08/07/2010 09:00:00,       228.241662
08/07/2010 10:00:00,       214.596667
08/07/2010 11:00:00,       195.311740
08/07/2010 12:00:00,       207.676095
08/07/2010 13:00:00,       190.786537
08/07/2010 14:00:00,       163.503008
08/07/2010 15:00:00,       109.816383
08/07/2010 16:00:00,        31.453540
08/07/2010 17:00:00,         3.795495
08/07/2010 18:00:00,        28.281230
08/07/2010 19:00:00,        91.635111
08/07/2010 20:00:00,        90.324623
08/07/2010 21:00:00,       132.109652
08/07/2010 22:00:00,        23.646960
08/07/2010 23:00:00,        84.307608
08/08/2010 00:00:00,        78.599430
08/08/2010 01:00:00,        60.257186
08/08/2010 02:00:00,        82.193772
08/08/2010 03:00:00,       176.391642
08/08/2010 04:00:00,       105.761155
08/08/2010 05:00:00,        62.085329
08/08/2010 06:00:00,       145.212926
08/08/2010 07:00:00,       224.456103
08/08/2010 08:00:00,       195.331622
08/08/2010 09:00:00,       173.042474
08/08/2010 10:00:00,       222.777255
08/08/2010 11:00:00,       271.827000
08/08/2010 12:00:00,       279.320920
08/08/2010 13:00:00,       232.576455
08/08/2010 14:00:00,       235.227700
08/08/2010 15:00:00,       124.797906
08/08/2010 16:00:00,       104.731745
08/08/2010 17:00:00,        76.836045
08/08/2010 18:00:00,       148.268132
08/08/2010 19:00:00,       186.862107
08/08/2010 20:00:00,       148.408959
08/08/2010 21:00:00,        99.611026
08/08/2010 22:00:00,        90.622052
08/08/2010 23:00:00,        97.922126
08/09/2010 00:00:00,        99.945232
08/09/2010 01:00:00,        87.497115
08/09/2010 02:00:00,        94.634622
08/09/2010 03:00:00,        90.278821
08/09/2010 04:00:00,       148.894387
08/09/2010 05:00:00,       168.771771
08/09/2010 06:00:00,       162.845651
08/09/2010 07:00:00,       161.561625
08/09/2010 08:00:00,       173.368611
08/09/2010 09:00:00,       168.480190
08/09/2010 10:00:00,       161.737763
08/09/2010 11:00:00,       106.479551
08/09/2010 12:00:00,        83.627033
08/09/2010 13:00:00,        45.119988
08/09/2010 14:00:00,        15.438999
08/09/2010 15:00:00,         5.463363
08/09/2010 16:00:00,         0.139385
08/09/2010 17:00:00,         0.157764
08/09/2010 18:00:00,         6.133838
08/09/2010 19:00:00,        33.590992
08/09/2010 20:00:00,        11.176176
08/09/2010 21:00:00,         6.010921
08/09/2010 22:00:00,        58.236211
08/09/2010 23:00:00,       110.279296
08/10/2010 00:00:00,        49.002471
08/10/2010 01:00:00,       213.432074
08/10/2010 02:00:00,        97.057300
08/10/2010 03:00:00,        91.772928
08/10/2010 04:00:00,        13.471130
08/10/2010 05:00:00,         2.732492
08/10/2010 06:00:00,        45.113273
08/10/2010 07:00:00,         4.099240
08/10/2010 08:00:00,        11.076582
08/10/2010 09:00:00,        17.205638
08/10/2010 10:00:00,         3.418896
08/10/2010 11:00:00,         0.884666
08/10/2010 12:00:00,         1.138437
08/10/2010 13:00:00,        12.487345
08/10/2010 14:00:00,        23.587054
08/10/2010 15:00:00,         1.642031
08/10/2010 16:00:00,         0.440422
08/10/2010 17:00:00,         0.205255
08/10/2010 18:00:00,         0.566407
08/10/2010 19:00:00,         1.106728
08/10/2010 20:00:00,         1.294318
08/10/2010 21:00:00,        29.197274
08/10/2010 22:00:00,         4.918253
08/10/2010 23:00:00,       118.280355
08/11/2010 00:00:00,       229.891638
08/11/2010 01:00:00,        56.915857
08/11/2010 02:00:00,        63.116180
08/11/2010 03:00:00,         4.645010
08/11/2010 04:00:00,        27.195616
08/11/2010 05:00:00,        32.333980
08/11/2010 06:00:00,        61.558941
08/11/2010 07:00:00,        22.632966
08/11/2010 08:00:00,         6.224624
08/11/2010 09:00:00,         5.502564
08/11/2010 10:00:00,         2.240426
08/11/2010 11:00:00,         2.116677
08/11/2010 12:00:00,         0.075081
08/11/2010 13:00:00,         2.115558
08/11/2010 14:00:00,         2.791269
08/11/2010 15:00:00,         0.220059
08/11/2010 16:00:00,         0.005296
08/11/2010 17:00:00,         0.000000
08/11/2010 18:00:00,         4.544976
08/11/2010 19:00:00,        70.125784
08/11/2010 20:00:00,        10.000185
08/11/2010 21:00:00,         3.232465
08/11/2010 22:00:00,         2.944644
08/11/2010 23:00:00,         5.092121
08/12/2010 00:00:00,        40.769688
08/12/2010 01:00:00,        89.157703
08/12/2010 02:00:00,        19.807473
08/12/2010 03:00:00,         4.611007
08/12/2010 04:00:00,       156.881430
08/12/2010 05:00:00,       155.418021
08/12/2010 06:00:00,       254.917052
08/12/2010 07:00:00,       302.439670
08/12/2010 08:00:00,       206.363110
08/12/2010 09:00:00,       261.986371
08/12/2010 10:00:00,       281.787876
08/12/2010 11:00:00,       223.486392
08/12/2010 12:00:00,       211.620849
08/12/2010 13:00:00,       193.772601
08/12/2010 14:00:00,       169.730292
08/12/2010 15:00:00,        98.047892
08/12/2010 16:00:00,        25.606414
08/12/2010 17:00:00,        52.884261
08/12/2010 18:00:00,       115.052875
08/12/2010 19:00:00,        72.912521
08/12/2010 20:00:00,       139.799965
08/12/2010 21:00:00,        98.163764
08/12/2010 22:00:00,       155.063334
08/12/2010 23:00:00,        85.186410
08/13/2010 00:00:00,       174.077661
08/13/2010 01:00:00,       137.974640
08/13/2010 02:00:00,       201.840062
08/13/2010 03:00:00,       158.175840
08/13/2010 04:00:00,       144.257177
08/13/2010 05:00:00,       198.127804
08/13/2010 06:00:00,       192.601372
08/13/2010 07:00:00,       163.508717
08/13/2010 08:00:00,       142.267174
08/13/2010 09:00:00,       123.003097
08/13/2010 10:00:00,       114.341700
08/13/2010 11:00:00,       140.187756
08/13/2010 12:00:00,       166.800069
08/13/2010 13:00:00,       179.469469
08/13/2010 14:00:00,       171.298481
08/13/2010 15:00:00,       171.373108
08/13/2010 16:00:00,       199.299379
08/13/2010 17:00:00,       229.529700
08/13/2010 18:00:00,       276.905660
08/13/2010 19:00:00,       241.768947
08/13/2010 20:00:00,       243.506753
08/13/2010 21:00:00,       270.902300
08/13/2010 22:00:00,       320.128769
08/13/2010 23:00:00,       294.957177
08/14/2010 00:00:00,       275.902347
08/14/2010 01:00:00,       290.499022
08/14/2010 02:00:00,       295.982780
08/14/2010 03:00:00,       241.401628
08/14/2010 04:00:00,       276.636556
08/14/2010 05:00:00,       254.210150
08/14/2010 06:00:00,       297.229934
08/14/2010 07:00:00,       286.028981
08/14/2010 08:00:00,       241.804599
08/14/2010 09:00:00,       234.597838
08/14/2010 10:00:00,       210.237520
08/14/2010 11:00:00,       179.413581
08/14/2010 12:00:00,       152.575260
08/14/2010 13:00:00,       152.412962
08/14/2010 14:00:00,       117.400224
08/14/2010 15:00:00,        78.045481
08/14/2010 16:00:00,        42.706464
08/14/2010 17:00:00,        30.324162
08/14/2010 18:00:00,        27.541083
08/14/2010 19:00:00,        34.422616
08/14/2010 20:00:00,        54.013826
08/14/2010 21:00:00,        41.859848
08/14/2010 22:00:00,        19.015540
08/14/2010 23:00:00,        12.009554
08/15/2010 00:00:00,         2.570779
08/15/2010 01:00:00,        53.233298
08/15/2010 02:00:00,       113.328284
08/15/2010 03:00:00,         2.854838
08/15/2010 04:00:00,         0.161304
08/15/2010 05:00:00,         0.000000
08/15/2010 06:00:00,         0.000000
08/15/2010 07:00:00,         0.000000
08/15/2010 08:00:00,         0.000000
08/15/2010 09:00:00,         0.000000
08/15/2010 10:00:00,         0.000000
08/15/2010 11:00:00,         0.000000
08/15/2010 12:00:00,         0.000000
08/15/2010 13:00:00,         0.000000
08/15/2010 14:00:00,         0.000000
08/15/2010 15:00:00,         0.000000
08/15/2010 16:00:00,         0.000000
08/15/2010 17:00:00,         0.000000
08/15/2010 18:00:00,         0.000000
08/15/2010 19:00:00,         0.000000
08/15/2010 20:00:00,         0.000000
08/15/2010 21:00:00,         0.015666
08/15/2010 22:00:00,         0.600904
08/15/2010 23:00:00,        11.811161
08/16/2010 00:00:00,        24.506778
08/16/2010 01:00:00,         4.547137
08/16/2010 02:00:00,         1.088911
08/16/2010 03:00:00,         0.030651
08/16/2010 04:00:00,         0.552255
08/16/2010 05:00:00,        15.432434
08/16/2010 06:00:00,        12.735572
08/16/2010 07:00:00,        61.622378
08/16/2010 08:00:00,        91.019311
08/16/2010 09:00:00,       133.196104
08/16/2010 10:00:00,       158.177450
08/16/2010 11:00:00,       146.381560
08/16/2010 12:00:00,       206.219673
08/16/2010 13:00:00,       243.820773
08/16/2010 14:00:00,       206.490009
08/16/2010 15:00:00,       121.887138
08/16/2010 16:00:00,        67.860985
08/16/2010 17:00:00,        66.251279
08/16/2010 18:00:00,        23.792645
08/16/2010 19:00:00,         2.385854
08/16/2010 20:00:00,         0.012357
08/16/2010 21:00:00,         0.049877
08/16/2010 22:00:00,         0.812838
08/16/2010 23:00:00,       117.225151
08/17/2010 00:00:00,        34.452797
08/17/2010 01:00:00,        14.160822
08/17/2010 02:00:00,        97.742614
08/17/2010 03:00:00,        24.350396
08/17/2010 04:00:00,        16.746341
08/17/2010 05:00:00,       107.531001
08/17/2010 06:00:00,       108.431673
08/17/2010 07:00:00,        93.637608
08/17/2010 08:00:00,        40.151820
08/17/2010 09:00:00,        38.199541
08/17/2010 10:00:00,        33.236284
08/17/2010 11:00:00,        17.584147
08/17/2010 12:00:00,        60.468190
08/17/2010 13:00:00,       143.358454
08/17/2010 14:00:00,       143.682740
08/17/2010 15:00:00,        56.249468
08/17/2010 16:00:00,        15.738785
08/17/2010 17:00:00,        12.040666
08/17/2010 18:00:00,        11.579609
08/17/2010 19:00:00,         1.743259
08/17/2010 20:00:00,         2.212403
08/17/2010 21:00:00,         1.258418
08/17/2010 22:00:00,         3.549988
08/17/2010 23:00:00,        13.043797
08/18/2010 00:00:00,        43.320707
08/18/2010 01:00:00,        46.890506
08/18/2010 02:00:00,        27.442457
08/18/2010 03:00:00,        75.197208
08/18/2010 04:00:00,       168.942815
08/18/2010 05:00:00,        30.613092
08/18/2010 06:00:00,       120.136110
08/18/2010 07:00:00,       144.344520
08/18/2010 08:00:00,       224.127347
08/18/2010 09:00:00,       200.251335
08/18/2010 10:00:00,       170.391549
08/18/2010 11:00:00,       121.743198
08/18/2010 12:00:00,        67.675417
08/18/2010 13:00:00,        90.668710
08/18/2010 14:00:00,        81.748494
08/18/2010 15:00:00,        50.589245
08/18/2010 16:00:00,        14.426353
08/18/2010 17:00:00,         1.017744
08/18/2010 18:00:00,         0.006079
08/18/2010 19:00:00,         2.130231
08/18/2010 20:00:00,        19.028426
08/18/2010 21:00:00,       104.129300
08/18/2010 22:00:00,       152.094945
08/18/2010 23:00:00,        88.311733
08/19/2010 00:00:00,       103.170951
08/19/2010 01:00:00,       114.873273
08/19/2010 02:00:00,        93.203063
08/19/2010 03:00:00,       266.040602
08/19/2010 04:00:00,       115.506086
08/19/2010 05:00:00,       161.963574
08/19/2010 06:00:00,       336.091084
08/19/2010 07:00:00,       346.020288
08/19/2010 08:00:00,       345.395974
08/19/2010 09:00:00,       345.605004
08/19/2010 10:00:00,       341.232811
08/19/2010 11:00:00,       342.678961
08/19/2010 12:00:00,       344.419967
08/19/2010 13:00:00,       347.326353
08/19/2010 14:00:00,       301.715761
08/19/2010 15:00:00,       227.584968
08/19/2010 16:00:00,       197.945254
08/19/2010 17:00:00,       194.160830
08/19/2010 18:00:00,       299.179623
08/19/2010 19:00:00,       303.965579
08/19/2010 20:00:00,       216.713871
08/19/2010 21:00:00,       227.455741
08/19/2010 22:00:00,       143.584773
08/19/2010 23:00:00,       214.038023
08/20/2010 00:00:00,       247.804205
08/20/2010 01:00:00,       143.649486
08/20/2010 02:00:00,       237.983114
08/20/2010 03:00:00,       186.604022
08/20/2010 04:00:00,       263.790713
08/20/2010 05:00:00,       321.914535
08/20/2010 06:00:00,       300.534805
08/20/2010 07:00:00,       307.250682
08/20/2010 08:00:00,       312.478199
08/20/2010 09:00:00,       299.348177
08/20/2010 10:00:00,       263.091718
08/20/2010 11:00:00,       280.599236
08/20/2010 12:00:00,       315.121957
08/20/2010 13:00:00,       299.581265
08/20/2010 14:00:00,       126.562377
08/20/2010 15:00:00,        17.487036
08/20/2010 16:00:00,         0.595335
08/20/2010 17:00:00,         0.037383
08/20/2010 18:00:00,         0.917995
08/20/2010 19:00:00,         0.385451
08/20/2010 20:00:00,         0.014903
08/20/2010 21:00:00,         3.766445
08/20/2010 22:00:00,        91.529436
08/20/2010 23:00:00,        71.086405
08/21/2010 00:00:00,        90.552749
08/21/2010 01:00:00,        86.797790
08/21/2010 02:00:00,       146.174477
08/21/2010 03:00:00,       185.236908
08/21/2010 04:00:00,       200.674517
08/21/2010 05:00:00,       183.082102
08/21/2010 06:00:00,       141.988045
08/21/2010 07:00:00,        99.170539
08/21/2010 08:00:00,        73.919367
08/21/2010 09:00:00,        57.241323
08/21/2010 10:00:00,        54.946842
08/21/2010 11:00:00,        84.097370
08/21/2010 12:00:00,        75.318161
08/21/2010 13:00:00,       126.489068
08/21/2010 14:00:00,        22.482585
08/21/2010 15:00:00,        35.693216
08/21/2010 16:00:00,        13.626313
08/21/2010 17:00:00,        15.321794
08/21/2010 18:00:00,        48.428496
08/21/2010 19:00:00,         3.463174
08/21/2010 20:00:00,        64.535199
08/21/2010 21:00:00,        97.180380
08/21/2010 22:00:00,        83.872298
08/21/2010 23:00:00,        54.950210
08/22/2010 00:00:00,        84.804761
08/22/2010 01:00:00,       117.476454
08/22/2010 02:00:00,        48.926992
08/22/2010 03:00:00,        44.805294
08/22/2010 04:00:00,         3.275784
08/22/2010 05:00:00,        17.935930
08/22/2010 06:00:00,        54.207246
08/22/2010 07:00:00,         0.474665
08/22/2010 08:00:00,         1.609724
08/22/2010 09:00:00,        59.764584
08/22/2010 10:00:00,       177.676281
08/22/2010 11:00:00,       309.665820
08/22/2010 12:00:00,       229.245742
08/22/2010 13:00:00,        85.138540
08/22/2010 14:00:00,       123.660704
08/22/2010 15:00:00,       122.496593
08/22/2010 16:00:00,        36.670512
08/22/2010 17:00:00,        41.643680
08/22/2010 18:00:00,        67.299374
08/22/2010 19:00:00,        66.501939
08/22/2010 20:00:00,        37.369058
08/22/2010 21:00:00,       163.791731
08/22/2010 22:00:00,        90.997880
08/22/2010 23:00:00,       114.205142
08/23/2010 00:00:00,       174.166299
08/23/2010 01:00:00,       167.701883
08/23/2010 02:00:00,       212.103888
08/23/2010 03:00:00,       182.772981
08/23/2010 04:00:00,       258.449142
08/23/2010 05:00:00,       239.308728
08/23/2010 06:00:00,       332.222012
08/23/2010 07:00:00,       330.796664
08/23/2010 08:00:00,       299.123190
08/23/2010 09:00:00,       164.377508
08/23/2010 10:00:00,       107.974525
08/23/2010 11:00:00,       124.187264
08/23/2010 12:00:00,        66.360975
08/23/2010 13:00:00,        31.912932
08/23/2010 14:00:00,        12.439738
08/23/2010 15:00:00,         0.236960
08/23/2010 16:00:00,         0.284118
08/23/2010 17:00:00,         7.656079
08/23/2010 18:00:00,        34.005267
08/23/2010 19:00:00,        10.888036
08/23/2010 20:00:00,         2.577619
08/23/2010 21:00:00,        17.703883
08/23/2010 22:00:00,        61.569587
08/23/2010 23:00:00,       133.172636
08/24/2010 00:00:00,       100.676551
08/24/2010 01:00:00,       133.978843
08/24/2010 02:00:00,        94.996666
08/24/2010 03:00:00,         5.581673
08/24/2010 04:00:00,        17.182850
08/24/2010 05:00:00,        78.027743
08/24/2010 06:00:00,       192.992192
08/24/2010 07:00:00,       199.096415
08/24/2010 08:00:00,       178.893540
08/24/2010 09:00:00,       146.225004
08/24/2010 10:00:00,       120.649412
08/24/2010 11:00:00,        81.653757
08/24/2010 12:00:00,        58.026830
08/24/2010 13:00:00,        34.119764
08/24/2010 14:00:00,        14.203840
08/24/2010 15:00:00,         3.809118
08/24/2010 16:00:00,         0.102156
08/24/2010 17:00:00,         0.025582
08/24/2010 18:00:00,         0.116811
08/24/2010 19:00:00,         0.185412
08/24/2010 20:00:00,         0.004495
08/24/2010 21:00:00,         0.000124
08/24/2010 22:00:00,         0.009145
08/24/2010 23:00:00,         0.073073
08/25/2010 00:00:00,         0.103149
08/25/2010 01:00:00,        14.193616
08/25/2010 02:00:00,        13.167335
08/25/2010 03:00:00,        25.587197
08/25/2010 04:00:00,        45.127761
08/25/2010 05:00:00,        27.474886
08/25/2010 06:00:00,        53.611160
08/25/2010 07:00:00,        43.767147
08/25/2010 08:00:00,        16.696794
08/25/2010 09:00:00,         6.193304
08/25/2010 10:00:00,         5.329477
08/25/2010 11:00:00,        16.732663
08/25/2010 12:00:00,        23.273416
08/25/2010 13:00:00,        13.248498
08/25/2010 14:00:00,         3.592102
08/25/2010 15:00:00,         2.894970
08/25/2010 16:00:00,         1.604225
08/25/2010 17:00:00,         0.094918
08/25/2010 18:00:00,         0.001790
08/25/2010 19:00:00,         0.000000
08/25/2010 20:00:00,         0.240461
08/25/2010 21:00:00,         4.777154
08/25/2010 22:00:00,        20.850400
08/25/2010 23:00:00,        29.895242
08/26/2010 00:00:00,        48.761117
08/26/2010 01:00:00,        99.598775
08/26/2010 02:00:00,       198.012179
08/26/2010 03:00:00,       238.252704
08/26/2010 04:00:00,       274.926063
08/26/2010 05:00:00,       279.199930
08/26/2010 06:00:00,       294.333440
08/26/2010 07:00:00,       315.694976
08/26/2010 08:00:00,       298.349425
08/26/2010 09:00:00,       293.256880
08/26/2010 10:00:00,       325.796070
08/26/2010 11:00:00,       325.365723
08/26/2010 12:00:00,       314.282463
08/26/2010 13:00:00,       320.750560
08/26/2010 14:00:00,       270.091643
08/26/2010 15:00:00,       254.723719
08/26/2010 16:00:00,       200.746774
08/26/2010 17:00:00,       112.398999
08/26/2010 18:00:00,        48.098677
08/26/2010 19:00:00,       107.193171
08/26/2010 20:00:00,       208.875070
08/26/2010 21:00:00,       172.477565
08/26/2010 22:00:00,       178.283509
08/26/2010 23:00:00,       190.506644
08/27/2010 00:00:00,       238.318136
08/27/2010 01:00:00,       239.610922
08/27/2010 02:00:00,       297.619651
08/27/2010 03:00:00,       232.095324
08/27/2010 04:00:00,       303.036437
08/27/2010 05:00:00,       202.729711
08/27/2010 06:00:00,       326.040332
08/27/2010 07:00:00,       286.687375
08/27/2010 08:00:00,       222.305199
08/27/2010 09:00:00,       212.244890
08/27/2010 10:00:00,       218.859122
08/27/2010 11:00:00,       260.005312
08/27/2010 12:00:00,       311.425182
08/27/2010 13:00:00,       306.020944
08/27/2010 14:00:00,       241.505065
08/27/2010 15:00:00,       200.378841
08/27/2010 16:00:00,       212.313146
08/27/2010 17:00:00,       232.268870
08/27/2010 18:00:00,       182.756451
08/27/2010 19:00:00,       148.609289
08/27/2010 20:00:00,       190.580772
08/27/2010 21:00:00,       177.112173
08/27/2010 22:00:00,       158.814844
08/27/2010 23:00:00,       124.431706
08/28/2010 00:00:00,       124.773482
08/28/2010 01:00:00,       105.827951
08/28/2010 02:00:00,        73.448657
08/28/2010 03:00:00,       175.427960
08/28/2010 04:00:00,       151.005289
08/28/2010 05:00:00,       150.809236
08/28/2010 06:00:00,       167.328399
08/28/2010 07:00:00,       157.558568
08/28/2010 08:00:00,       172.415786
08/28/2010 09:00:00,       176.689480
08/28/2010 10:00:00,       152.605046
08/28/2010 11:00:00,       148.353387
08/28/2010 12:00:00,       144.105438
08/28/2010 13:00:00,        92.330262
08/28/2010 14:00:00,        47.702958
08/28/2010 15:00:00,        10.369730
08/28/2010 16:00:00,         1.512914
08/28/2010 17:00:00,         8.226517
08/28/2010 18:00:00,         6.752741
08/28/2010 19:00:00,         6.356593
08/28/2010 20:00:00,         5.386460
08/28/2010 21:00:00,         0.783730
08/28/2010 22:00:00,         7.970097
08/28/2010 23:00:00,        13.165352
08/29/2010 00:00:00,        10.179056
08/29/2010 01:00:00,        44.316561
08/29/2010 02:00:00,        48.033838
08/29/2010 03:00:00,         6.700752
08/29/2010 04:00:00,        13.618908
08/29/2010 05:00:00,        33.135722
08/29/2010 06:00:00,        21.239525
08/29/2010 07:00:00,        40.692633
08/29/2010 08:00:00,        47.045483
08/29/2010 09:00:00,        40.147675
08/29/2010 10:00:00,        39.978817
08/29/2010 11:00:00,        47.202547
08/29/2010 12:00:00,        87.464083
08/29/2010 13:00:00,        90.597783
08/29/2010 14:00:00,        55.666516
08/29/2010 15:00:00,        42.912403
08/29/2010 16:00:00,        31.782203
08/29/2010 17:00:00,        20.592067
08/29/2010 18:00:00,        15.862756
08/29/2010 19:00:00,         8.348095
08/29/2010 20:00:00,         1.392452
08/29/2010 21:00:00,         0.435904
08/29/2010 22:00:00,         0.020168
08/29/2010 23:00:00,         0.000000
08/30/2010 00:00:00,         0.061061
08/30/2010 01:00:00,         1.155991
08/30/2010 02:00:00,         4.623743
08/30/2010 03:00:00,         9.408775
08/30/2010 04:00:00,        14.157506
08/30/2010 05:00:00,        28.267860
08/30/2010 06:00:00,        44.514329
08/30/2010 07:00:00,        57.168579
08/30/2010 08:00:00,        72.226141
08/30/2010 09:00:00,        62.490494
08/30/2010 10:00:00,        80.269268
08/30/2010 11:00:00,        95.111230
08/30/2010 12:00:00,        88.036970
08/30/2010 13:00:00,        70.173773
08/30/2010 14:00:00,        62.863748
08/30/2010 15:00:00,        34.819858
08/30/2010 16:00:00,         6.812183
08/30/2010 17:00:00,         1.237329
08/30/2010 18:00:00,         0.038894
08/30/2010 19:00:00,         0.000000
08/30/2010 20:00:00,         0.000000
08/30/2010 21:00:00,         0.000000
08/30/2010 22:00:00,         0.000000
08/30/2010 23:00:00,         0.547231
08/31/2010 00:00:00,         0.656272
08/31/2010 01:00:00,         3.810761
08/31/2010 02:00:00,         8.363045
08/31/2010 03:00:00,        25.471481
08/31/2010 04:00:00,        79.030258
08/31/2010 05:00:00,       216.622065
08/31/2010 06:00:00,       213.464528
08/31/2010 07:00:00,       215.465428
08/31/2010 08:00:00,       191.207596
08/31/2010 09:00:00,       229.180506
08/31/2010 10:00:00,       256.562624
08/31/2010 11:00:00,       265.694479
08/31/2010 12:00:00,       277.858141
08/31/2010 13:00:00,       286.765217
08/31/2010 14:00:00,       296.425759
08/31/2010 15:00:00,       249.606011
08/31/2010 16:00:00,       206.952155
08/31/2010 17:00:00,       239.275862
08/31/2010 18:00:00,       287.199994
08/31/2010 19:00:00,       261.242451
08/31/2010 20:00:00,       266.488495
08/31/2010 21:00:00,       273.738153
08/31/2010 22:00:00,       258.384367
08/31/2010 23:00:00,       294.016689
09/01/2010 00:00:00,       245.104306
09/01/2010 01:00:00,       285.040637
09/01/2010 02:00:00,       328.157847
09/01/2010 03:00:00,       346.702872
09/01/2010 04:00:00,       318.458018
09/01/2010 05:00:00,       224.319573
09/01/2010 06:00:00,       171.020251
09/01/2010 07:00:00,       164.986434
09/01/2010 08:00:00,       213.391235
09/01/2010 09:00:00,       225.937847
09/01/2010 10:00:00,       216.480883
09/01/2010 11:00:00,       268.465695
09/01/2010 12:00:00,       270.837907
09/01/2010 13:00:00,       185.235060
09/01/2010 14:00:00,       154.040163
09/01/2010 15:00:00,        99.007793
09/01/2010 16:00:00,        65.247132
09/01/2010 17:00:00,       121.486461
09/01/2010 18:00:00,       206.112692
09/01/2010 19:00:00,       262.671448
09/01/2010 20:00:00,       248.486686
09/01/2010 21:00:00,       151.540754
09/01/2010 22:00:00,       119.628400
09/01/2010 23:00:00,        89.719684
09/02/2010 00:00:00,        91.261297
09/02/2010 01:00:00,       109.362527
09/02/2010 02:00:00,        75.459120
09/02/2010 03:00:00,        65.913506
09/02/2010 04:00:00,        52.481892
09/02/2010 05:00:00,        58.997052
09/02/2010 06:00:00,        44.504706
09/02/2010 07:00:00,        35.128349
09/02/2010 08:00:00,        22.854101
09/02/2010 09:00:00,         9.215746
09/02/2010 10:00:00,         9.159832
09/02/2010 11:00:00,        10.566703
09/02/2010 12:00:00,        14.128182
09/02/2010 13:00:00,        12.854722
09/02/2010 14:00:00,         4.289137
09/02/2010 15:00:00,         4.617464
09/02/2010 16:00:00,        13.834345
09/02/2010 17:00:00,         6.707441
09/02/2010 18:00:00,         9.356702
09/02/2010 19:00:00,        12.296178
09/02/2010 20:00:00,        23.356459
09/02/2010 21:00:00,        22.835049
09/02/2010 22:00:00,        16.271560
09/02/2010 23:00:00,        11.802484
09/03/2010 00:00:00,         7.990431
09/03/2010 01:00:00,         5.121313
09/03/2010 02:00:00,         2.501563
09/03/2010 03:00:00,        25.026769
09/03/2010 04:00:00,        40.436128
09/03/2010 05:00:00,        20.816954
09/03/2010 06:00:00,         8.398989
09/03/2010 07:00:00,         5.312299
09/03/2010 08:00:00,         3.576971
09/03/2010 09:00:00,        17.654078
09/03/2010 10:00:00,        26.329364
09/03/2010 11:00:00,        62.244381
09/03/2010 12:00:00,       148.959994
09/03/2010 13:00:00,       202.283159
09/03/2010 14:00:00,       259.711680
09/03/2010 15:00:00,       248.509640
09/03/2010 16:00:00,       139.143623
09/03/2010 17:00:00,        80.571660
09/03/2010 18:00:00,        87.213271
09/03/2010 19:00:00,        83.044638
09/03/2010 20:00:00,        64.342252
09/03/2010 21:00:00,        56.391034
09/03/2010 22:00:00,        71.225553
09/03/2010 23:00:00,        77.632923
09/04/2010 00:00:00,        97.612134
09/04/2010 01:00:00,       132.406218
09/04/2010 02:00:00,       183.165722
09/04/2010 03:00:00,       232.920351
09/04/2010 04:00:00,       244.023444
09/04/2010 05:00:00,       300.602581
09/04/2010 06:00:00,       300.989172
09/04/2010 07:00:00,       335.812354
09/04/2010 08:00:00,       312.262879
09/04/2010 09:00:00,       321.861664
09/04/2010 10:00:00,       257.087211
09/04/2010 11:00:00,       285.889302
09/04/2010 12:00:00,       264.269204
09/04/2010 13:00:00,       187.489413
09/04/2010 14:00:00,       216.522874
09/04/2010 15:00:00,       177.820314
09/04/2010 16:00:00,       182.116472
09/04/2010 17:00:00,        79.418638
09/04/2010 18:00:00,       132.377205
09/04/2010 19:00:00,       263.378383
09/04/2010 20:00:00,       245.634898
09/04/2010 21:00:00,       241.135395
09/04/2010 22:00:00,       193.297049
09/04/2010 23:00:00,       186.282568
09/05/2010 00:00:00,       181.228315
09/05/2010 01:00:00,        34.984506
09/05/2010 02:00:00,       201.779530
09/05/2010 03:00:00,       227.465607
09/05/2010 04:00:00,       128.098585
09/05/2010 05:00:00,       163.945860
09/05/2010 06:00:00,       267.019440
09/05/2010 07:00:00,        32.429335
09/05/2010 08:00:00,         1.925092
09/05/2010 09:00:00,         7.073578
09/05/2010 10:00:00,        27.304590
09/05/2010 11:00:00,        22.542098
09/05/2010 12:00:00,        30.585016
09/05/2010 13:00:00,        12.055730
09/05/2010 14:00:00,         2.000707
09/05/2010 15:00:00,         0.440372
09/05/2010 16:00:00,         7.735197
09/05/2010 17:00:00,        27.376118
09/05/2010 18:00:00,        32.883577
09/05/2010 19:00:00,        31.363102
09/05/2010 20:00:00,        24.971431
09/05/2010 21:00:00,        26.634871
09/05/2010 22:00:00,        22.286257
09/05/2010 23:00:00,        20.059449
09/06/2010 00:00:00,        46.785890
09/06/2010 01:00:00,        26.722697
09/06/2010 02:00:00,         2.840407
09/06/2010 03:00:00,        21.613978
09/06/2010 04:00:00,        49.609514
09/06/2010 05:00:00,        58.703216
09/06/2010 06:00:00,        69.508066
09/06/2010 07:00:00,        89.290683
09/06/2010 08:00:00,       101.296971
09/06/2010 09:00:00,        90.410703
09/06/2010 10:00:00,        90.883143
09/06/2010 11:00:00,        30.435219
09/06/2010 12:00:00,        89.213671
09/06/2010 13:00:00,       104.241230
09/06/2010 14:00:00,        87.637070
09/06/2010 15:00:00,        49.648402
09/06/2010 16:00:00,        12.118976
09/06/2010 17:00:00,        11.844867
09/06/2010 18:00:00,        88.886369
09/06/2010 19:00:00,       180.129552
09/06/2010 20:00:00,       176.517808
09/06/2010 21:00:00,       172.227004
09/06/2010 22:00:00,       188.634630
09/06/2010 23:00:00,       134.235092
09/07/2010 00:00:00,       124.719567
09/07/2010 01:00:00,       116.806602
09/07/2010 02:00:00,       123.139600
09/07/2010 03:00:00,       193.213608
09/07/2010 04:00:00,       148.669207
09/07/2010 05:00:00,       144.180247
09/07/2010 06:00:00,       123.384142
09/07/2010 07:00:00,        88.751482
09/07/2010 08:00:00,        67.837428
09/07/2010 09:00:00,        49.726572
09/07/2010 10:00:00,        44.959703
09/07/2010 11:00:00,        30.717973
09/07/2010 12:00:00,        12.043819
09/07/2010 13:00:00,         0.774708
09/07/2010 14:00:00,         0.009390
09/07/2010 15:00:00,         0.495622
09/07/2010 16:00:00,         5.999010
09/07/2010 17:00:00,        16.990024
09/07/2010 18:00:00,        35.604705
09/07/2010 19:00:00,        39.023422
09/07/2010 20:00:00,        21.691598
09/07/2010 21:00:00,        30.880856
09/07/2010 22:00:00,        10.365235
09/07/2010 23:00:00,        65.234313
09/08/2010 00:00:00,        48.431932
09/08/2010 01:00:00,         1.062410
09/08/2010 02:00:00,         9.084167
09/08/2010 03:00:00,        73.144377
09/08/2010 04:00:00,        18.828174
09/08/2010 05:00:00,       124.844692
09/08/2010 06:00:00,       277.939757
09/08/2010 07:00:00,        95.566757
09/08/2010 08:00:00,        21.894656
09/08/2010 09:00:00,        43.280647
09/08/2010 10:00:00,        64.620714
09/08/2010 11:00:00,         2.660605
09/08/2010 12:00:00,         7.198760
09/08/2010 13:00:00,        50.957270
09/08/2010 14:00:00,        17.779921
09/08/2010 15:00:00,        11.383227
09/08/2010 16:00:00,        28.589539
09/08/2010 17:00:00,        19.035322
09/08/2010 18:00:00,        16.274496
09/08/2010 19:00:00,         5.056227
09/08/2010 20:00:00,        15.825509
09/08/2010 21:00:00,         7.048550
09/08/2010 22:00:00,         5.396268
09/08/2010 23:00:00,         7.001463
09/09/2010 00:00:00,         1.674812
09/09/2010 01:00:00,         1.272181
09/09/2010 02:00:00,         0.333390
09/09/2010 03:00:00,         3.252845
09/09/2010 04:00:00,        11.556408
09/09/2010 05:00:00,         3.793330
09/09/2010 06:00:00,         3.697577
09/09/2010 07:00:00,         4.830586
09/09/2010 08:00:00,         9.798905
09/09/2010 09:00:00,        34.985715
09/09/2010 10:00:00,        65.709558
09/09/2010 11:00:00,       101.245003
09/09/2010 12:00:00,        85.492223
09/09/2010 13:00:00,        46.913206
09/09/2010 14:00:00,        24.097441
09/09/2010 15:00:00,         9.345713
09/09/2010 16:00:00,        12.078550
09/09/2010 17:00:00,        12.925346
09/09/2010 18:00:00,        18.382718
09/09/2010 19:00:00,        29.523164
09/09/2010 20:00:00,        38.633056
09/09/2010 21:00:00,        35.267977
09/09/2010 22:00:00,        33.304173
09/09/2010 23:00:00,        58.247196
09/10/2010 00:00:00,        60.659723
09/10/2010 01:00:00,        52.339556
09/10/2010 02:00:00,        65.308962
09/10/2010 03:00:00,        48.861782
09/10/2010 04:00:00,        39.463270
09/10/2010 05:00:00,        23.967132
09/10/2010 06:00:00,        25.323564
09/10/2010 07:00:00,        19.530131
09/10/2010 08:00:00,        14.204715
09/10/2010 09:00:00,        12.440673
09/10/2010 10:00:00,        10.569844
09/10/2010 11:00:00,        19.391377
09/10/2010 12:00:00,        85.635610
09/10/2010 13:00:00,       173.706265
09/10/2010 14:00:00,       192.963547
09/10/2010 15:00:00,       125.949650
09/10/2010 16:00:00,        89.018995
09/10/2010 17:00:00,        29.344519
09/10/2010 18:00:00,        51.356354
09/10/2010 19:00:00,       231.610307
09/10/2010 20:00:00,       276.912687
09/10/2010 21:00:00,       218.042520
09/10/2010 22:00:00,       222.982670
09/10/2010 23:00:00,       240.627263
09/11/2010 00:00:00,       331.931911
09/11/2010 01:00:00,       331.700267
09/11/2010 02:00:00,       315.813174
09/11/2010 03:00:00,       303.833289
09/11/2010 04:00:00,       318.511998
09/11/2010 05:00:00,       343.999468
09/11/2010 06:00:00,       346.849745
09/11/2010 07:00:00,       333.107174
09/11/2010 08:00:00,       330.177202
09/11/2010 09:00:00,       322.753813
09/11/2010 10:00:00,       323.664195
09/11/2010 11:00:00,       331.388704
09/11/2010 12:00:00,       334.309036
09/11/2010 13:00:00,       331.748969
09/11/2010 14:00:00,       305.998838
09/11/2010 15:00:00,       241.453388
09/11/2010 16:00:00,       139.735756
09/11/2010 17:00:00,       197.922542
09/11/2010 18:00:00,       264.680623
09/11/2010 19:00:00,       238.374572
09/11/2010 20:00:00,       230.111521
09/11/2010 21:00:00,       258.809074
09/11/2010 22:00:00,       239.977925
09/11/2010 23:00:00,       208.611657
09/12/2010 00:00:00,       157.932037
09/12/2010 01:00:00,       120.285545
09/12/2010 02:00:00,       101.844936
09/12/2010 03:00:00,       133.196363
09/12/2010 04:00:00,       136.747611
09/12/2010 05:00:00,       152.508148
09/12/2010 06:00:00,       152.406583
09/12/2010 07:00:00,        93.205032
09/12/2010 08:00:00,        70.932837
09/12/2010 09:00:00,        48.671216
09/12/2010 10:00:00,        31.118059
09/12/2010 11:00:00,         8.856185
09/12/2010 12:00:00,         1.007135
09/12/2010 13:00:00,        11.357214
09/12/2010 14:00:00,        33.491176
09/12/2010 15:00:00,        46.589263
09/12/2010 16:00:00,        50.575159
09/12/2010 17:00:00,        19.699175
09/12/2010 18:00:00,        40.771971
09/12/2010 19:00:00,        60.942587
09/12/2010 20:00:00,        65.510988
09/12/2010 21:00:00,        58.451586
09/12/2010 22:00:00,        81.529979
09/12/2010 23:00:00,        81.383133
09/13/2010 00:00:00,        51.082208
09/13/2010 01:00:00,        59.022141
09/13/2010 02:00:00,        25.991247
09/13/2010 03:00:00,        54.890905
09/13/2010 04:00:00,       106.903090
09/13/2010 05:00:00,       118.671900
09/13/2010 06:00:00,       128.368478
09/13/2010 07:00:00,        84.117693
09/13/2010 08:00:00,        60.801060
09/13/2010 09:00:00,        54.791378
09/13/2010 10:00:00,        67.400894
09/13/2010 11:00:00,        38.152627
09/13/2010 12:00:00,        23.088218
09/13/2010 13:00:00,        52.737473
09/13/2010 14:00:00,        60.983295
09/13/2010 15:00:00,        63.499484
09/13/2010 16:00:00,        41.606664
09/13/2010 17:00:00,        22.123807
09/13/2010 18:00:00,         6.940208
09/13/2010 19:00:00,         4.530764
09/13/2010 20:00:00,         0.888369
09/13/2010 21:00:00,         4.437677
09/13/2010 22:00:00,         5.056897
09/13/2010 23:00:00,        14.236610
09/14/2010 00:00:00,        20.321489
09/14/2010 01:00:00,        13.868112
09/14/2010 02:00:00,         5.981641
09/14/2010 03:00:00,         0.829609
09/14/2010 04:00:00,         0.578831
09/14/2010 05:00:00,         0.112031
09/14/2010 06:00:00,         0.316303
09/14/2010 07:00:00,         6.255653
09/14/2010 08:00:00,         7.066584
09/14/2010 09:00:00,         6.618294
09/14/2010 10:00:00,         6.850071
09/14/2010 11:00:00,         7.177077
09/14/2010 12:00:00,         4.386916
09/14/2010 13:00:00,         2.215134
09/14/2010 14:00:00,         3.428072
09/14/2010 15:00:00,         0.901812
09/14/2010 16:00:00,         0.030391
09/14/2010 17:00:00,         0.000000
09/14/2010 18:00:00,         0.000000
09/14/2010 19:00:00,         0.000000
09/14/2010 20:00:00,         0.000000
09/14/2010 21:00:00,         0.000000
09/14/2010 22:00:00,         0.000000
09/14/2010 23:00:00,         0.000000
09/15/2010 00:00:00,         0.000000
09/15/2010 01:00:00,         0.016339
09/15/2010 02:00:00,         0.000000
09/15/2010 03:00:00,         0.000000
09/15/2010 04:00:00,         0.085122
09/15/2010 05:00:00,         3.022971
09/15/2010 06:00:00,         6.453585
09/15/2010 07:00:00,        33.418584
09/15/2010 08:00:00,        83.329255
09/15/2010 09:00:00,       120.946223
09/15/2010 10:00:00,       132.514284
09/15/2010 11:00:00,       123.877013
09/15/2010 12:00:00,       104.500520
09/15/2010 13:00:00,       101.496729
09/15/2010 14:00:00,        92.364146
09/15/2010 15:00:00,        59.327737
09/15/2010 16:00:00,        45.557485
09/15/2010 17:00:00,        40.099010
09/15/2010 18:00:00,        73.728589
09/15/2010 19:00:00,        95.881716
09/15/2010 20:00:00,        88.695807
09/15/2010 21:00:00,       118.353248
09/15/2010 22:00:00,        89.274669
09/15/2010 23:00:00,        87.558018
09/16/2010 00:00:00,        87.266437
09/16/2010 01:00:00,       142.210009
09/16/2010 02:00:00,       211.167344
09/16/2010 03:00:00,       204.366611
09/16/2010 04:00:00,       245.315211
09/16/2010 05:00:00,       230.480990
09/16/2010 06:00:00,       200.708658
09/16/2010 07:00:00,       124.893714
09/16/2010 08:00:00,        55.577152
09/16/2010 09:00:00,        46.156113
09/16/2010 10:00:00,        51.324563
09/16/2010 11:00:00,        24.114575
09/16/2010 12:00:00,        15.462944
09/16/2010 13:00:00,         8.691918
09/16/2010 14:00:00,         0.737230
09/16/2010 15:00:00,         3.139930
09/16/2010 16:00:00,         1.335056
09/16/2010 17:00:00,         1.096140
09/16/2010 18:00:00,         0.482168
09/16/2010 19:00:00,        10.481414
09/16/2010 20:00:00,        30.211944
09/16/2010 21:00:00,        20.974285
09/16/2010 22:00:00,        24.924224
09/16/2010 23:00:00,        43.524618
09/17/2010 00:00:00,        52.855166
09/17/2010 01:00:00,        45.814169
09/17/2010 02:00:00,        25.494133
09/17/2010 03:00:00,        26.563302
09/17/2010 04:00:00,        11.773331
09/17/2010 05:00:00,        34.239973
09/17/2010 06:00:00,        56.127362
09/17/2010 07:00:00,        31.548526
09/17/2010 08:00:00,        26.334162
09/17/2010 09:00:00,         7.703032
09/17/2010 10:00:00,         1.280404
09/17/2010 11:00:00,         2.300417
09/17/2010 12:00:00,         1.403077
09/17/2010 13:00:00,         0.000000
09/17/2010 14:00:00,         0.000000
09/17/2010 15:00:00,         0.000000
09/17/2010 16:00:00,         0.000000
09/17/2010 17:00:00,         1.430576
09/17/2010 18:00:00,         4.407479
09/17/2010 19:00:00,         9.265387
09/17/2010 20:00:00,        23.280789
09/17/2010 21:00:00,        26.603357
09/17/2010 22:00:00,        15.543592
09/17/2010 23:00:00,        17.476988
09/18/2010 00:00:00,        19.102820
09/18/2010 01:00:00,        23.006624
09/18/2010 02:00:00,        34.925159
09/18/2010 03:00:00,        52.313257
09/18/2010 04:00:00,        75.352346
09/18/2010 05:00:00,        96.191318
09/18/2010 06:00:00,       103.536963
09/18/2010 07:00:00,       105.666876
09/18/2010 08:00:00,       132.924245
09/18/2010 09:00:00,       137.536296
09/18/2010 10:00:00,       119.147808
09/18/2010 11:00:00,       123.369110
09/18/2010 12:00:00,       129.816341
09/18/2010 13:00:00,       135.988460
09/18/2010 14:00:00,       125.000167
09/18/2010 15:00:00,        89.528081
09/18/2010 16:00:00,        64.232026
09/18/2010 17:00:00,        43.132180
09/18/2010 18:00:00,        33.247629
09/18/2010 19:00:00,        13.635949
09/18/2010 20:00:00,         5.700856
09/18/2010 21:00:00,         2.091322
09/18/2010 22:00:00,         1.236209
09/18/2010 23:00:00,         0.763183
09/19/2010 00:00:00,         0.354911
09/19/2010 01:00:00,         1.209719
09/19/2010 02:00:00,         6.800265
09/19/2010 03:00:00,        16.795931
09/19/2010 04:00:00,        30.594710
09/19/2010 05:00:00,        33.839094
09/19/2010 06:00:00,        42.050254
09/19/2010 07:00:00,        45.711015
09/19/2010 08:00:00,        63.630829
09/19/2010 09:00:00,        88.031439
09/19/2010 10:00:00,        64.272590
09/19/2010 11:00:00,       152.226804
09/19/2010 12:00:00,       140.491948
09/19/2010 13:00:00,       158.644004
09/19/2010 14:00:00,       186.599839
09/19/2010 15:00:00,       174.463599
09/19/2010 16:00:00,       164.468851
09/19/2010 17:00:00,       112.243192
09/19/2010 18:00:00,        89.763323
09/19/2010 19:00:00,        91.230251
09/19/2010 20:00:00,        55.850640
09/19/2010 21:00:00,        52.521626
09/19/2010 22:00:00,        48.706339
09/19/2010 23:00:00,        30.259772
09/20/2010 00:00:00,        33.117554
09/20/2010 01:00:00,       101.644870
09/20/2010 02:00:00,       155.134549
09/20/2010 03:00:00,       168.328518
09/20/2010 04:00:00,       164.909482
09/20/2010 05:00:00,       231.746764
09/20/2010 06:00:00,       222.992110
09/20/2010 07:00:00,       204.324614
09/20/2010 08:00:00,       210.852635
09/20/2010 09:00:00,       207.867970
09/20/2010 10:00:00,       191.511918
09/20/2010 11:00:00,       249.465957
09/20/2010 12:00:00,       281.111566
09/20/2010 13:00:00,       278.725157
09/20/2010 14:00:00,       155.512191
09/20/2010 15:00:00,        83.736364
09/20/2010 16:00:00,        53.138148
09/20/2010 17:00:00,        34.051392
09/20/2010 18:00:00,        42.102618
09/20/2010 19:00:00,        22.751757
09/20/2010 20:00:00,        12.437816
09/20/2010 21:00:00,         9.607747
09/20/2010 22:00:00,         5.374687
09/20/2010 23:00:00,         0.643098
09/21/2010 00:00:00,         0.008975
09/21/2010 01:00:00,         0.017901
09/21/2010 02:00:00,         0.018573
09/21/2010 03:00:00,         1.210142
09/21/2010 04:00:00,         6.684740
09/21/2010 05:00:00,        16.804153
09/21/2010 06:00:00,        33.072869
09/21/2010 07:00:00,        44.755208
09/21/2010 08:00:00,        41.158939
09/21/2010 09:00:00,        30.274826
09/21/2010 10:00:00,        30.151792
09/21/2010 11:00:00,        11.481808
09/21/2010 12:00:00,        10.232914
09/21/2010 13:00:00,         8.588216
09/21/2010 14:00:00,         9.532071
09/21/2010 15:00:00,         6.359185
09/21/2010 16:00:00,         4.441751
09/21/2010 17:00:00,         5.351720
09/21/2010 18:00:00,         1.037388
09/21/2010 19:00:00,         0.520568
09/21/2010 20:00:00,         0.575797
09/21/2010 21:00:00,         1.427109
09/21/2010 22:00:00,         1.079969
09/21/2010 23:00:00,         0.747621
09/22/2010 00:00:00,         0.983414
09/22/2010 01:00:00,         1.211498
09/22/2010 02:00:00,         1.033800
09/22/2010 03:00:00,         0.763630
09/22/2010 04:00:00,         2.275928
09/22/2010 05:00:00,         3.097284
09/22/2010 06:00:00,         5.209286
09/22/2010 07:00:00,        11.873874
09/22/2010 08:00:00,        16.761653
09/22/2010 09:00:00,        20.507994
09/22/2010 10:00:00,        26.738144
09/22/2010 11:00:00,        36.714303
09/22/2010 12:00:00,        54.598270
09/22/2010 13:00:00,        70.784129
09/22/2010 14:00:00,        76.310978
09/22/2010 15:00:00,        67.421632
09/22/2010 16:00:00,        76.012808
09/22/2010 17:00:00,        94.745897
09/22/2010 18:00:00,       120.274570
09/22/2010 19:00:00,       112.116785
09/22/2010 20:00:00,       103.136880
09/22/2010 21:00:00,        91.647813
09/22/2010 22:00:00,        85.258428
09/22/2010 23:00:00,        75.918588
09/23/2010 00:00:00,        74.481908
09/23/2010 01:00:00,        92.885660
09/23/2010 02:00:00,       117.822727
09/23/2010 03:00:00,       152.464146
09/23/2010 04:00:00,       165.129956
09/23/2010 05:00:00,       195.762836
09/23/2010 06:00:00,       186.822282
09/23/2010 07:00:00,       180.940885
09/23/2010 08:00:00,       155.640409
09/23/2010 09:00:00,       153.525703
09/23/2010 10:00:00,       124.091762
09/23/2010 11:00:00,        90.692579
09/23/2010 12:00:00,        77.470831
09/23/2010 13:00:00,       107.366881
09/23/2010 14:00:00,       221.796532
09/23/2010 15:00:00,       311.872608
09/23/2010 16:00:00,       222.706261
09/23/2010 17:00:00,       115.110938
09/23/2010 18:00:00,       213.689669
09/23/2010 19:00:00,       266.647750
09/23/2010 20:00:00,       250.037275
09/23/2010 21:00:00,       281.948890
09/23/2010 22:00:00,       299.401381
09/23/2010 23:00:00,       265.752728
09/24/2010 00:00:00,       198.005554
09/24/2010 01:00:00,       205.483951
09/24/2010 02:00:00,       301.787859
09/24/2010 03:00:00,       301.816410
09/24/2010 04:00:00,       289.012983
09/24/2010 05:00:00,       279.902785
09/24/2010 06:00:00,       276.918097
09/24/2010 07:00:00,       272.516488
09/24/2010 08:00:00,       309.194372
09/24/2010 09:00:00,       326.121955
09/24/2010 10:00:00,       331.472968
09/24/2010 11:00:00,       336.934953
09/24/2010 12:00:00,       331.125961
09/24/2010 13:00:00,       317.737260
09/24/2010 14:00:00,       298.678370
09/24/2010 15:00:00,       286.581003
09/24/2010 16:00:00,       215.660234
09/24/2010 17:00:00,       159.151276
09/24/2010 18:00:00,       173.756922
09/24/2010 19:00:00,       255.691441
09/24/2010 20:00:00,       269.483051
09/24/2010 21:00:00,       280.284361
09/24/2010 22:00:00,       310.078783
09/24/2010 23:00:00,       315.539525
09/25/2010 00:00:00,       275.013667
09/25/2010 01:00:00,       306.925064
09/25/2010 02:00:00,       334.084724
09/25/2010 03:00:00,       335.110324
09/25/2010 04:00:00,       311.031096
09/25/2010 05:00:00,       257.863147
09/25/2010 06:00:00,       258.095640
09/25/2010 07:00:00,       232.086692
09/25/2010 08:00:00,       292.490761
09/25/2010 09:00:00,       277.199286
09/25/2010 10:00:00,       252.233174
09/25/2010 11:00:00,       305.086006
09/25/2010 12:00:00,       345.290799
09/25/2010 13:00:00,       351.990226
09/25/2010 14:00:00,       352.000000
09/25/2010 15:00:00,       352.000000
09/25/2010 16:00:00,       351.983766
09/25/2010 17:00:00,       351.816857
09/25/2010 18:00:00,       351.277486
09/25/2010 19:00:00,       348.074773
09/25/2010 20:00:00,       342.082976
09/25/2010 21:00:00,       337.173272
09/25/2010 22:00:00,       308.809414
09/25/2010 23:00:00,       273.007117
09/26/2010 00:00:00,       248.069195
09/26/2010 01:00:00,       261.725319
09/26/2010 02:00:00,       262.408420
09/26/2010 03:00:00,       232.337854
09/26/2010 04:00:00,       254.063815
09/26/2010 05:00:00,       268.561673
09/26/2010 06:00:00,       267.101329
09/26/2010 07:00:00,       251.225578
09/26/2010 08:00:00,       273.923523
09/26/2010 09:00:00,       327.378394
09/26/2010 10:00:00,       343.418968
09/26/2010 11:00:00,       342.133747
09/26/2010 12:00:00,       338.611670
09/26/2010 13:00:00,       341.482590
09/26/2010 14:00:00,       343.126850
09/26/2010 15:00:00,       327.429641
09/26/2010 16:00:00,       299.498674
09/26/2010 17:00:00,       132.433637
09/26/2010 18:00:00,       139.626997
09/26/2010 19:00:00,       260.757323
09/26/2010 20:00:00,       263.858042
09/26/2010 21:00:00,       241.717287
09/26/2010 22:00:00,       169.545069
09/26/2010 23:00:00,       202.980731
09/27/2010 00:00:00,       225.793430
09/27/2010 01:00:00,       311.881833
09/27/2010 02:00:00,       295.594444
09/27/2010 03:00:00,       234.113589
09/27/2010 04:00:00,       223.332373
09/27/2010 05:00:00,       191.261721
09/27/2010 06:00:00,       202.165812
09/27/2010 07:00:00,       196.592931
09/27/2010 08:00:00,       149.761986
09/27/2010 09:00:00,       102.857567
09/27/2010 10:00:00,        78.809300
09/27/2010 11:00:00,        86.208246
09/27/2010 12:00:00,       159.053379
09/27/2010 13:00:00,       246.285507
09/27/2010 14:00:00,       242.324305
09/27/2010 15:00:00,       228.487230
09/27/2010 16:00:00,       185.637727
09/27/2010 17:00:00,        56.248814
09/27/2010 18:00:00,        86.602192
09/27/2010 19:00:00,       177.681458
09/27/2010 20:00:00,       157.326628
09/27/2010 21:00:00,       133.486094
09/27/2010 22:00:00,       132.981432
09/27/2010 23:00:00,       149.748379
09/28/2010 00:00:00,       154.339392
09/28/2010 01:00:00,       201.482566
09/28/2010 02:00:00,       289.035734
09/28/2010 03:00:00,       343.677682
09/28/2010 04:00:00,       347.466126
09/28/2010 05:00:00,       347.539138
09/28/2010 06:00:00,       347.627864
09/28/2010 07:00:00,       340.272095
09/28/2010 08:00:00,       341.795754
09/28/2010 09:00:00,       347.887836
09/28/2010 10:00:00,       349.154471
09/28/2010 11:00:00,       350.594674
09/28/2010 12:00:00,       350.520013
09/28/2010 13:00:00,       350.555124
09/28/2010 14:00:00,       348.007738
09/28/2010 15:00:00,       322.262555
09/28/2010 16:00:00,       264.575321
09/28/2010 17:00:00,       306.232570
09/28/2010 18:00:00,       347.784448
09/28/2010 19:00:00,       351.468709
09/28/2010 20:00:00,       344.874515
09/28/2010 21:00:00,       337.616644
09/28/2010 22:00:00,       333.366775
09/28/2010 23:00:00,       208.342095
09/29/2010 00:00:00,       163.859543
09/29/2010 01:00:00,       259.602756
09/29/2010 02:00:00,       210.617663
09/29/2010 03:00:00,       150.206630
09/29/2010 04:00:00,       151.739118
09/29/2010 05:00:00,       210.018234
09/29/2010 06:00:00,       304.412121
09/29/2010 07:00:00,       209.962891
09/29/2010 08:00:00,       183.832887
09/29/2010 09:00:00,       154.538666
09/29/2010 10:00:00,       130.866391
09/29/2010 11:00:00,       127.366269
09/29/2010 12:00:00,        86.565172
09/29/2010 13:00:00,        19.657780
09/29/2010 14:00:00,         0.820880
09/29/2010 15:00:00,         0.000000
09/29/2010 16:00:00,         0.000336
09/29/2010 17:00:00,         0.043316
09/29/2010 18:00:00,         0.306440
09/29/2010 19:00:00,         0.454195
09/29/2010 20:00:00,         0.000000
09/29/2010 21:00:00,         0.000000
09/29/2010 22:00:00,         0.000000
09/29/2010 23:00:00,         0.000000
09/30/2010 00:00:00,         0.000769
09/30/2010 01:00:00,         0.001102
09/30/2010 02:00:00,         1.143788
09/30/2010 03:00:00,        13.659641
09/30/2010 04:00:00,        40.181276
09/30/2010 05:00:00,        45.248038
09/30/2010 06:00:00,        60.388982
09/30/2010 07:00:00,        87.572403
09/30/2010 08:00:00,       113.372539
09/30/2010 09:00:00,        94.664099
09/30/2010 10:00:00,        69.205237
09/30/2010 11:00:00,        56.776087
09/30/2010 12:00:00,        75.505329
09/30/2010 13:00:00,       104.556575
09/30/2010 14:00:00,        63.570018
09/30/2010 15:00:00,        19.147092
09/30/2010 16:00:00,        15.734138
09/30/2010 17:00:00,        20.562042
09/30/2010 18:00:00,        41.860103
09/30/2010 19:00:00,        67.732001
09/30/2010 20:00:00,        50.154149
09/30/2010 21:00:00,        26.079093
09/30/2010 22:00:00,         7.594129
09/30/2010 23:00:00,         0.607395
10/01/2010 00:00:00,         0.509702
10/01/2010 01:00:00,         0.683027
10/01/2010 02:00:00,         2.727476
10/01/2010 03:00:00,        36.752431
10/01/2010 04:00:00,        79.183531
10/01/2010 05:00:00,        65.113106
10/01/2010 06:00:00,        49.137575
10/01/2010 07:00:00,        52.453576
10/01/2010 08:00:00,        76.333989
10/01/2010 09:00:00,        97.531871
10/01/2010 10:00:00,       105.557136
10/01/2010 11:00:00,       123.130279
10/01/2010 12:00:00,       125.250043
10/01/2010 13:00:00,       149.837692
10/01/2010 14:00:00,       227.949601
10/01/2010 15:00:00,       292.486832
10/01/2010 16:00:00,       244.772546
10/01/2010 17:00:00,       147.170371
10/01/2010 18:00:00,       143.145371
10/01/2010 19:00:00,       182.886133
10/01/2010 20:00:00,       244.538729
10/01/2010 21:00:00,       246.287704
10/01/2010 22:00:00,       227.635828
10/01/2010 23:00:00,       202.243323
10/02/2010 00:00:00,       205.362918
10/02/2010 01:00:00,       225.380775
10/02/2010 02:00:00,       224.601200
10/02/2010 03:00:00,       202.581339
10/02/2010 04:00:00,       203.481512
10/02/2010 05:00:00,       235.164691
10/02/2010 06:00:00,       253.682367
10/02/2010 07:00:00,       226.899837
10/02/2010 08:00:00,       139.928315
10/02/2010 09:00:00,        70.426129
10/02/2010 10:00:00,        71.963136
10/02/2010 11:00:00,        68.894973
10/02/2010 12:00:00,        72.349493
10/02/2010 13:00:00,       110.470112
10/02/2010 14:00:00,       177.979230
10/02/2010 15:00:00,       218.098620
10/02/2010 16:00:00,       165.247944
10/02/2010 17:00:00,        33.546541
10/02/2010 18:00:00,         3.639738
10/02/2010 19:00:00,        29.973301
10/02/2010 20:00:00,        95.913690
10/02/2010 21:00:00,       129.050637
10/02/2010 22:00:00,        80.129708
10/02/2010 23:00:00,        42.085068
10/03/2010 00:00:00,        50.873027
10/03/2010 01:00:00,        55.353831
10/03/2010 02:00:00,        99.398899
10/03/2010 03:00:00,       147.966527
10/03/2010 04:00:00,       207.320355
10/03/2010 05:00:00,       197.261615
10/03/2010 06:00:00,       136.736087
10/03/2010 07:00:00,        82.773490
10/03/2010 08:00:00,        45.528344
10/03/2010 09:00:00,        20.779897
10/03/2010 10:00:00,         4.368725
10/03/2010 11:00:00,         0.309049
10/03/2010 12:00:00,         0.279475
10/03/2010 13:00:00,         0.594998
10/03/2010 14:00:00,         0.659228
10/03/2010 15:00:00,        18.120942
10/03/2010 16:00:00,        86.541508
10/03/2010 17:00:00,        49.771599
10/03/2010 18:00:00,        80.898408
10/03/2010 19:00:00,        21.961469
10/03/2010 20:00:00,         9.440051
10/03/2010 21:00:00,        79.817623
10/03/2010 22:00:00,        24.836057
10/03/2010 23:00:00,        73.435066
10/04/2010 00:00:00,        16.307576
10/04/2010 01:00:00,        18.599751
10/04/2010 02:00:00,         0.189664
10/04/2010 03:00:00,         0.906355
10/04/2010 04:00:00,         5.198392
10/04/2010 05:00:00,        20.194860
10/04/2010 06:00:00,       116.349039
10/04/2010 07:00:00,       129.892324
10/04/2010 08:00:00,        37.853738
10/04/2010 09:00:00,        21.973234
10/04/2010 10:00:00,         3.943969
10/04/2010 11:00:00,        78.369590
10/04/2010 12:00:00,        91.549125
10/04/2010 13:00:00,       135.891814
10/04/2010 14:00:00,       169.564608
10/04/2010 15:00:00,       239.558117
10/04/2010 16:00:00,       207.292260
10/04/2010 17:00:00,        98.146675
10/04/2010 18:00:00,        42.980607
10/04/2010 19:00:00,        29.345789
10/04/2010 20:00:00,        68.785450
10/04/2010 21:00:00,        65.522801
10/04/2010 22:00:00,        52.981653
10/04/2010 23:00:00,        35.778900
10/05/2010 00:00:00,        38.056769
10/05/2010 01:00:00,       104.508941
10/05/2010 02:00:00,       127.442593
10/05/2010 03:00:00,       171.323751
10/05/2010 04:00:00,       167.673661
10/05/2010 05:00:00,       174.606097
10/05/2010 06:00:00,       226.961742
10/05/2010 07:00:00,       198.928503
10/05/2010 08:00:00,       168.788124
10/05/2010 09:00:00,       214.666084
10/05/2010 10:00:00,       156.417661
10/05/2010 11:00:00,       201.646470
10/05/2010 12:00:00,       272.050136
10/05/2010 13:00:00,       195.831640
10/05/2010 14:00:00,       104.170161
10/05/2010 15:00:00,        57.770537
10/05/2010 16:00:00,        35.927865
10/05/2010 17:00:00,        18.004459
10/05/2010 18:00:00,        13.976450
10/05/2010 19:00:00,         3.133725
10/05/2010 20:00:00,         0.628049
10/05/2010 21:00:00,         0.386244
10/05/2010 22:00:00,         1.548244
10/05/2010 23:00:00,         5.701631
10/06/2010 00:00:00,         6.275384
10/06/2010 01:00:00,        37.499269
10/06/2010 02:00:00,        96.144399
10/06/2010 03:00:00,       143.891305
10/06/2010 04:00:00,       116.376697
10/06/2010 05:00:00,        76.465184
10/06/2010 06:00:00,        94.728949
10/06/2010 07:00:00,        53.946867
10/06/2010 08:00:00,        35.782910
10/06/2010 09:00:00,        24.659659
10/06/2010 10:00:00,        14.264534
10/06/2010 11:00:00,         7.902766
10/06/2010 12:00:00,         5.104913
10/06/2010 13:00:00,         6.094206
10/06/2010 14:00:00,         2.772297
10/06/2010 15:00:00,         1.569013
10/06/2010 16:00:00,         2.241715
10/06/2010 17:00:00,         0.203314
10/06/2010 18:00:00,         0.000000
10/06/2010 19:00:00,         0.000000
10/06/2010 20:00:00,         0.000000
10/06/2010 21:00:00,         0.000000
10/06/2010 22:00:00,         0.000000
10/06/2010 23:00:00,         0.212436
10/07/2010 00:00:00,         7.031084
10/07/2010 01:00:00,        29.585801
10/07/2010 02:00:00,        86.278417
10/07/2010 03:00:00,       133.598616
10/07/2010 04:00:00,       154.633252
10/07/2010 05:00:00,       193.191655
10/07/2010 06:00:00,       199.167524
10/07/2010 07:00:00,       168.477287
10/07/2010 08:00:00,       106.888363
10/07/2010 09:00:00,        71.420851
10/07/2010 10:00:00,        33.890481
10/07/2010 11:00:00,        18.091378
10/07/2010 12:00:00,        14.475754
10/07/2010 13:00:00,        10.779209
10/07/2010 14:00:00,        11.939149
10/07/2010 15:00:00,        45.404454
10/07/2010 16:00:00,        70.978456
10/07/2010 17:00:00,        41.051292
10/07/2010 18:00:00,        17.917630
10/07/2010 19:00:00,        33.640194
10/07/2010 20:00:00,        62.212052
10/07/2010 21:00:00,       155.445469
10/07/2010 22:00:00,       141.331124
10/07/2010 23:00:00,       178.654377
10/08/2010 00:00:00,       188.933339
10/08/2010 01:00:00,       226.327116
10/08/2010 02:00:00,       250.177120
10/08/2010 03:00:00,       246.793173
10/08/2010 04:00:00,       257.246821
10/08/2010 05:00:00,       263.252114
10/08/2010 06:00:00,       282.110022
10/08/2010 07:00:00,       305.220140
10/08/2010 08:00:00,       320.873936
10/08/2010 09:00:00,       335.765230
10/08/2010 10:00:00,       344.581523
10/08/2010 11:00:00,       346.967005
10/08/2010 12:00:00,       328.106735
10/08/2010 13:00:00,       335.533534
10/08/2010 14:00:00,       344.506155
10/08/2010 15:00:00,       327.354206
10/08/2010 16:00:00,       218.071017
10/08/2010 17:00:00,       130.353467
10/08/2010 18:00:00,       108.935592
10/08/2010 19:00:00,       133.240362
10/08/2010 20:00:00,       124.767529
10/08/2010 21:00:00,       120.640798
10/08/2010 22:00:00,       182.124116
10/08/2010 23:00:00,       188.815909
10/09/2010 00:00:00,       166.952685
10/09/2010 01:00:00,        84.232373
10/09/2010 02:00:00,       144.162694
10/09/2010 03:00:00,       226.549431
10/09/2010 04:00:00,       201.990124
10/09/2010 05:00:00,       224.026230
10/09/2010 06:00:00,       209.917305
10/09/2010 07:00:00,       203.164642
10/09/2010 08:00:00,       174.856104
10/09/2010 09:00:00,       174.433326
10/09/2010 10:00:00,       199.428943
10/09/2010 11:00:00,       225.027821
10/09/2010 12:00:00,       195.040007
10/09/2010 13:00:00,       184.171605
10/09/2010 14:00:00,       175.995423
10/09/2010 15:00:00,       138.159255
10/09/2010 16:00:00,        65.735020
10/09/2010 17:00:00,        27.079925
10/09/2010 18:00:00,       124.195705
10/09/2010 19:00:00,       222.009547
10/09/2010 20:00:00,       246.765687
10/09/2010 21:00:00,       293.004966
10/09/2010 22:00:00,       323.004611
10/09/2010 23:00:00,       313.822810
10/10/2010 00:00:00,       306.206827
10/10/2010 01:00:00,       321.207722
10/10/2010 02:00:00,       320.321860
10/10/2010 03:00:00,       322.603170
10/10/2010 04:00:00,       341.188393
10/10/2010 05:00:00,       346.356848
10/10/2010 06:00:00,       343.804225
10/10/2010 07:00:00,       343.671909
10/10/2010 08:00:00,       343.666139
10/10/2010 09:00:00,       323.120940
10/10/2010 10:00:00,       315.250227
10/10/2010 11:00:00,       334.219043
10/10/2010 12:00:00,       323.507158
10/10/2010 13:00:00,       327.855226
10/10/2010 14:00:00,       351.606254
10/10/2010 15:00:00,       351.411124
10/10/2010 16:00:00,       342.626346
10/10/2010 17:00:00,       323.699405
10/10/2010 18:00:00,       335.226407
10/10/2010 19:00:00,       336.290955
10/10/2010 20:00:00,       334.659424
10/10/2010 21:00:00,       347.171760
10/10/2010 22:00:00,       350.671417
10/10/2010 23:00:00,       347.553090
10/11/2010 00:00:00,       329.525582
10/11/2010 01:00:00,       308.589062
10/11/2010 02:00:00,       230.267060
10/11/2010 03:00:00,       245.469915
10/11/2010 04:00:00,       309.989083
10/11/2010 05:00:00,       334.050946
10/11/2010 06:00:00,       304.859056
10/11/2010 07:00:00,       299.088331
10/11/2010 08:00:00,       296.274776
10/11/2010 09:00:00,       247.454548
10/11/2010 10:00:00,       230.710548
10/11/2010 11:00:00,       213.972051
10/11/2010 12:00:00,       138.227485
10/11/2010 13:00:00,        59.351051
10/11/2010 14:00:00,        46.570298
10/11/2010 15:00:00,        71.469213
10/11/2010 16:00:00,        72.128496
10/11/2010 17:00:00,        40.519439
10/11/2010 18:00:00,         9.914589
10/11/2010 19:00:00,        46.834640
10/11/2010 20:00:00,        85.816210
10/11/2010 21:00:00,       126.407521
10/11/2010 22:00:00,       224.856811
10/11/2010 23:00:00,       309.853940
10/12/2010 00:00:00,       340.050527
10/12/2010 01:00:00,       332.287757
10/12/2010 02:00:00,       345.969557
10/12/2010 03:00:00,       346.881485
10/12/2010 04:00:00,       349.633029
10/12/2010 05:00:00,       351.450869
10/12/2010 06:00:00,       351.220392
10/12/2010 07:00:00,       330.796916
10/12/2010 08:00:00,       188.800386
10/12/2010 09:00:00,       151.798929
10/12/2010 10:00:00,       208.910155
10/12/2010 11:00:00,       277.769623
10/12/2010 12:00:00,       347.917775
10/12/2010 13:00:00,       345.047960
10/12/2010 14:00:00,       328.795292
10/12/2010 15:00:00,       292.356864
10/12/2010 16:00:00,       233.523251
10/12/2010 17:00:00,       149.501752
10/12/2010 18:00:00,       121.526863
10/12/2010 19:00:00,       123.314257
10/12/2010 20:00:00,       133.693827
10/12/2010 21:00:00,       172.224106
10/12/2010 22:00:00,       245.965906
10/12/2010 23:00:00,       263.537984
10/13/2010 00:00:00,       263.172903
10/13/2010 01:00:00,       256.676482
10/13/2010 02:00:00,       299.269889
10/13/2010 03:00:00,       318.377801
10/13/2010 04:00:00,       296.881569
10/13/2010 05:00:00,       262.797125
10/13/2010 06:00:00,       238.575758
10/13/2010 07:00:00,       223.026560
10/13/2010 08:00:00,       257.338430
10/13/2010 09:00:00,       323.988174
10/13/2010 10:00:00,       341.523730
10/13/2010 11:00:00,       345.429990
10/13/2010 12:00:00,       334.480643
10/13/2010 13:00:00,       281.546853
10/13/2010 14:00:00,       218.998268
10/13/2010 15:00:00,       218.072057
10/13/2010 16:00:00,       183.264441
10/13/2010 17:00:00,       149.531581
10/13/2010 18:00:00,       180.584988
10/13/2010 19:00:00,       236.945564
10/13/2010 20:00:00,       277.101740
10/13/2010 21:00:00,       275.950518
10/13/2010 22:00:00,       250.636234
10/13/2010 23:00:00,       216.579080
10/14/2010 00:00:00,       241.304542
10/14/2010 01:00:00,       295.256922
10/14/2010 02:00:00,       295.112467
10/14/2010 03:00:00,       304.004695
10/14/2010 04:00:00,       301.306962
10/14/2010 05:00:00,       286.087997
10/14/2010 06:00:00,       302.761079
10/14/2010 07:00:00,       310.712812
10/14/2010 08:00:00,       322.662279
10/14/2010 09:00:00,       314.219699
10/14/2010 10:00:00,       296.985559
10/14/2010 11:00:00,       257.478214
10/14/2010 12:00:00,       204.990921
10/14/2010 13:00:00,       155.795879
10/14/2010 14:00:00,       106.586833
10/14/2010 15:00:00,       112.217518
10/14/2010 16:00:00,       121.328234
10/14/2010 17:00:00,        60.585780
10/14/2010 18:00:00,        93.068141
10/14/2010 19:00:00,       262.913755
10/14/2010 20:00:00,       311.387280
10/14/2010 21:00:00,       273.641105
10/14/2010 22:00:00,       218.736371
10/14/2010 23:00:00,       179.435343
10/15/2010 00:00:00,       194.959824
10/15/2010 01:00:00,       302.845046
10/15/2010 02:00:00,       299.478318
10/15/2010 03:00:00,       300.640413
10/15/2010 04:00:00,       329.034515
10/15/2010 05:00:00,       344.583216
10/15/2010 06:00:00,       348.056778
10/15/2010 07:00:00,       340.713111
10/15/2010 08:00:00,       343.388886
10/15/2010 09:00:00,       256.316729
10/15/2010 10:00:00,        79.886717
10/15/2010 11:00:00,        81.828135
10/15/2010 12:00:00,       154.356214
10/15/2010 13:00:00,       305.430400
10/15/2010 14:00:00,       338.836261
10/15/2010 15:00:00,       322.713750
10/15/2010 16:00:00,       290.368749
10/15/2010 17:00:00,       313.105242
10/15/2010 18:00:00,       323.425797
10/15/2010 19:00:00,       238.385723
10/15/2010 20:00:00,       178.755925
10/15/2010 21:00:00,       204.342099
10/15/2010 22:00:00,       103.138500
10/15/2010 23:00:00,        38.856453
10/16/2010 00:00:00,        35.566707
10/16/2010 01:00:00,        46.082174
10/16/2010 02:00:00,       121.974150
10/16/2010 03:00:00,       132.742938
10/16/2010 04:00:00,       138.984974
10/16/2010 05:00:00,       107.533866
10/16/2010 06:00:00,        73.204860
10/16/2010 07:00:00,        28.246388
10/16/2010 08:00:00,         1.882592
10/16/2010 09:00:00,         0.004751
10/16/2010 10:00:00,         0.000000
10/16/2010 11:00:00,         0.020622
10/16/2010 12:00:00,         0.309533
10/16/2010 13:00:00,        16.320448
10/16/2010 14:00:00,        42.492440
10/16/2010 15:00:00,        38.380493
10/16/2010 16:00:00,        36.739194
10/16/2010 17:00:00,        33.215191
10/16/2010 18:00:00,        11.678243
10/16/2010 19:00:00,        24.021297
10/16/2010 20:00:00,        38.781116
10/16/2010 21:00:00,        34.645915
10/16/2010 22:00:00,        23.666013
10/16/2010 23:00:00,        13.731371
10/17/2010 00:00:00,        13.213868
10/17/2010 01:00:00,        24.268648
10/17/2010 02:00:00,        43.037577
10/17/2010 03:00:00,        48.413989
10/17/2010 04:00:00,        85.179048
10/17/2010 05:00:00,       106.720784
10/17/2010 06:00:00,       114.879452
10/17/2010 07:00:00,        85.265495
10/17/2010 08:00:00,        52.330699
10/17/2010 09:00:00,        67.089734
10/17/2010 10:00:00,        78.546348
10/17/2010 11:00:00,        73.348559
10/17/2010 12:00:00,        69.561581
10/17/2010 13:00:00,        81.685349
10/17/2010 14:00:00,        87.868955
10/17/2010 15:00:00,        82.058264
10/17/2010 16:00:00,        52.613585
10/17/2010 17:00:00,        13.341552
10/17/2010 18:00:00,         2.748037
10/17/2010 19:00:00,        21.659020
10/17/2010 20:00:00,        32.129221
10/17/2010 21:00:00,        20.149750
10/17/2010 22:00:00,         7.467506
10/17/2010 23:00:00,         2.645668
10/18/2010 00:00:00,         0.239510
10/18/2010 01:00:00,         0.018053
10/18/2010 02:00:00,         0.022095
10/18/2010 03:00:00,         6.165104
10/18/2010 04:00:00,        28.931443
10/18/2010 05:00:00,        57.631322
10/18/2010 06:00:00,        96.625149
10/18/2010 07:00:00,       100.868143
10/18/2010 08:00:00,        73.507421
10/18/2010 09:00:00,        68.719503
10/18/2010 10:00:00,        74.353644
10/18/2010 11:00:00,        98.349170
10/18/2010 12:00:00,       118.097770
10/18/2010 13:00:00,       146.859089
10/18/2010 14:00:00,       186.493826
10/18/2010 15:00:00,       239.130285
10/18/2010 16:00:00,       254.226013
10/18/2010 17:00:00,       155.905785
10/18/2010 18:00:00,        96.203102
10/18/2010 19:00:00,       230.474939
10/18/2010 20:00:00,       272.533684
10/18/2010 21:00:00,       296.486637
10/18/2010 22:00:00,       284.676265
10/18/2010 23:00:00,       259.902388
10/19/2010 00:00:00,       239.977612
10/19/2010 01:00:00,       220.483819
10/19/2010 02:00:00,       216.148615
10/19/2010 03:00:00,       295.821829
10/19/2010 04:00:00,       334.068473
10/19/2010 05:00:00,       342.747343
10/19/2010 06:00:00,       337.182848
10/19/2010 07:00:00,       310.236318
10/19/2010 08:00:00,       283.691078
10/19/2010 09:00:00,       267.353193
10/19/2010 10:00:00,       267.273146
10/19/2010 11:00:00,       271.689612
10/19/2010 12:00:00,       264.262810
10/19/2010 13:00:00,       254.321477
10/19/2010 14:00:00,       270.009541
10/19/2010 15:00:00,       305.010517
10/19/2010 16:00:00,       303.731691
10/19/2010 17:00:00,       174.698763
10/19/2010 18:00:00,        95.259501
10/19/2010 19:00:00,       188.346680
10/19/2010 20:00:00,       260.490066
10/19/2010 21:00:00,       229.279514
10/19/2010 22:00:00,       174.975840
10/19/2010 23:00:00,       170.516209
10/20/2010 00:00:00,       170.639713
10/20/2010 01:00:00,       221.892245
10/20/2010 02:00:00,       260.331222
10/20/2010 03:00:00,       273.426687
10/20/2010 04:00:00,       257.590407
10/20/2010 05:00:00,       261.863730
10/20/2010 06:00:00,       257.015114
10/20/2010 07:00:00,       225.848455
10/20/2010 08:00:00,       189.609959
10/20/2010 09:00:00,       168.975360
10/20/2010 10:00:00,       146.677640
10/20/2010 11:00:00,       120.110691
10/20/2010 12:00:00,        93.391159
10/20/2010 13:00:00,        78.750280
10/20/2010 14:00:00,        83.085914
10/20/2010 15:00:00,        86.774754
10/20/2010 16:00:00,        71.959668
10/20/2010 17:00:00,        56.220780
10/20/2010 18:00:00,        14.702106
10/20/2010 19:00:00,         3.234687
10/20/2010 20:00:00,        21.723539
10/20/2010 21:00:00,        53.703185
10/20/2010 22:00:00,       110.242286
10/20/2010 23:00:00,       113.487044
10/21/2010 00:00:00,        78.092927
10/21/2010 01:00:00,        72.970827
10/21/2010 02:00:00,        95.050040
10/21/2010 03:00:00,       110.456379
10/21/2010 04:00:00,       162.828659
10/21/2010 05:00:00,       207.187210
10/21/2010 06:00:00,       206.889051
10/21/2010 07:00:00,       176.755484
10/21/2010 08:00:00,       167.259589
10/21/2010 09:00:00,       138.820098
10/21/2010 10:00:00,       113.025658
10/21/2010 11:00:00,       112.122887
10/21/2010 12:00:00,       116.687069
10/21/2010 13:00:00,       133.326785
10/21/2010 14:00:00,       167.156187
10/21/2010 15:00:00,       194.480148
10/21/2010 16:00:00,       178.735420
10/21/2010 17:00:00,       103.423796
10/21/2010 18:00:00,        41.466163
10/21/2010 19:00:00,        52.959836
10/21/2010 20:00:00,       100.740162
10/21/2010 21:00:00,       148.929119
10/21/2010 22:00:00,       120.062822
10/21/2010 23:00:00,        72.780969
10/22/2010 00:00:00,        43.208252
10/22/2010 01:00:00,        50.153176
10/22/2010 02:00:00,       142.607793
10/22/2010 03:00:00,       224.407172
10/22/2010 04:00:00,       265.039826
10/22/2010 05:00:00,       311.370135
10/22/2010 06:00:00,       324.035039
10/22/2010 07:00:00,       310.639699
10/22/2010 08:00:00,       254.838863
10/22/2010 09:00:00,       177.578909
10/22/2010 10:00:00,       117.208207
10/22/2010 11:00:00,        70.757220
10/22/2010 12:00:00,        38.914367
10/22/2010 13:00:00,        11.595647
10/22/2010 14:00:00,         1.460885
10/22/2010 15:00:00,        22.369123
10/22/2010 16:00:00,        30.668796
10/22/2010 17:00:00,        21.975550
10/22/2010 18:00:00,        40.982978
10/22/2010 19:00:00,        39.418985
10/22/2010 20:00:00,        40.732619
10/22/2010 21:00:00,        50.872463
10/22/2010 22:00:00,        62.977616
10/22/2010 23:00:00,        60.132880
10/23/2010 00:00:00,        55.167183
10/23/2010 01:00:00,        74.828089
10/23/2010 02:00:00,        99.800740
10/23/2010 03:00:00,       101.143645
10/23/2010 04:00:00,        78.101772
10/23/2010 05:00:00,        61.284588
10/23/2010 06:00:00,        78.811480
10/23/2010 07:00:00,        68.839972
10/23/2010 08:00:00,        45.337619
10/23/2010 09:00:00,        36.278075
10/23/2010 10:00:00,        28.977403
10/23/2010 11:00:00,        25.282331
10/23/2010 12:00:00,        37.146673
10/23/2010 13:00:00,        40.619286
10/23/2010 14:00:00,        26.226154
10/23/2010 15:00:00,        22.524871
10/23/2010 16:00:00,        35.311094
10/23/2010 17:00:00,        23.112190
10/23/2010 18:00:00,        10.661809
10/23/2010 19:00:00,         0.668642
10/23/2010 20:00:00,         0.000000
10/23/2010 21:00:00,         0.853778
10/23/2010 22:00:00,         4.192954
10/23/2010 23:00:00,        36.989008
10/24/2010 00:00:00,        80.373009
10/24/2010 01:00:00,        67.146873
10/24/2010 02:00:00,        68.942298
10/24/2010 03:00:00,        74.682755
10/24/2010 04:00:00,        84.231986
10/24/2010 05:00:00,       150.858438
10/24/2010 06:00:00,       234.340181
10/24/2010 07:00:00,       254.030761
10/24/2010 08:00:00,       191.592415
10/24/2010 09:00:00,       196.221101
10/24/2010 10:00:00,       108.117452
10/24/2010 11:00:00,        60.651721
10/24/2010 12:00:00,       157.389130
10/24/2010 13:00:00,       147.712572
10/24/2010 14:00:00,       109.030426
10/24/2010 15:00:00,       208.017322
10/24/2010 16:00:00,       190.505889
10/24/2010 17:00:00,       138.125668
10/24/2010 18:00:00,        76.877281
10/24/2010 19:00:00,        63.729970
10/24/2010 20:00:00,        66.957202
10/24/2010 21:00:00,       118.200157
10/24/2010 22:00:00,       129.035489
10/24/2010 23:00:00,       150.847075
10/25/2010 00:00:00,       204.569875
10/25/2010 01:00:00,       188.803154
10/25/2010 02:00:00,       176.738680
10/25/2010 03:00:00,       234.047837
10/25/2010 04:00:00,       293.633762
10/25/2010 05:00:00,       331.754016
10/25/2010 06:00:00,       317.043605
10/25/2010 07:00:00,       317.864428
10/25/2010 08:00:00,       344.177464
10/25/2010 09:00:00,       330.420850
10/25/2010 10:00:00,       317.506893
10/25/2010 11:00:00,       295.395410
10/25/2010 12:00:00,       292.366472
10/25/2010 13:00:00,       271.445780
10/25/2010 14:00:00,       276.452694
10/25/2010 15:00:00,       171.941979
10/25/2010 16:00:00,        70.174437
10/25/2010 17:00:00,        27.997368
10/25/2010 18:00:00,        30.754588
10/25/2010 19:00:00,        40.352746
10/25/2010 20:00:00,        36.457748
10/25/2010 21:00:00,        38.863325
10/25/2010 22:00:00,        45.205908
10/25/2010 23:00:00,        37.052628
10/26/2010 00:00:00,        19.245024
10/26/2010 01:00:00,        21.784607
10/26/2010 02:00:00,         4.636384
10/26/2010 03:00:00,         0.082225
10/26/2010 04:00:00,         0.000000
10/26/2010 05:00:00,         0.000000
10/26/2010 06:00:00,         0.000000
10/26/2010 07:00:00,         0.000000
10/26/2010 08:00:00,         0.000000
10/26/2010 09:00:00,         0.000000
10/26/2010 10:00:00,         0.000000
10/26/2010 11:00:00,         0.000000
10/26/2010 12:00:00,         0.000000
10/26/2010 13:00:00,         0.000000
10/26/2010 14:00:00,         0.000000
10/26/2010 15:00:00,         0.000000
10/26/2010 16:00:00,         0.000000
10/26/2010 17:00:00,         0.002794
10/26/2010 18:00:00,         0.159642
10/26/2010 19:00:00,         0.718287
10/26/2010 20:00:00,         0.595990
10/26/2010 21:00:00,         1.425170
10/26/2010 22:00:00,         3.201400
10/26/2010 23:00:00,         0.789859
10/27/2010 00:00:00,         0.000000
10/27/2010 01:00:00,         0.000000
10/27/2010 02:00:00,         0.000000
10/27/2010 03:00:00,         0.000000
10/27/2010 04:00:00,         0.000000
10/27/2010 05:00:00,         0.172416
10/27/2010 06:00:00,         0.312222
10/27/2010 07:00:00,         5.325694
10/27/2010 08:00:00,        58.128568
10/27/2010 09:00:00,       146.611583
10/27/2010 10:00:00,       253.003728
10/27/2010 11:00:00,       332.467377
10/27/2010 12:00:00,       347.765562
10/27/2010 13:00:00,       347.439712
10/27/2010 14:00:00,       348.491974
10/27/2010 15:00:00,       347.637232
10/27/2010 16:00:00,       334.140679
10/27/2010 17:00:00,       234.360916
10/27/2010 18:00:00,       167.705717
10/27/2010 19:00:00,       160.657839
10/27/2010 20:00:00,       145.513445
10/27/2010 21:00:00,       134.578129
10/27/2010 22:00:00,       132.716593
10/27/2010 23:00:00,       122.169146
10/28/2010 00:00:00,       124.079201
10/28/2010 01:00:00,       151.380698
10/28/2010 02:00:00,       190.338396
10/28/2010 03:00:00,       217.124252
10/28/2010 04:00:00,       212.448010
10/28/2010 05:00:00,       183.527161
10/28/2010 06:00:00,       154.695779
10/28/2010 07:00:00,       101.841262
10/28/2010 08:00:00,        39.991977
10/28/2010 09:00:00,         6.232145
10/28/2010 10:00:00,         0.040587
10/28/2010 11:00:00,         0.627009
10/28/2010 12:00:00,        11.261911
10/28/2010 13:00:00,        43.303796
10/28/2010 14:00:00,        60.363912
10/28/2010 15:00:00,        85.507482
10/28/2010 16:00:00,       143.907159
10/28/2010 17:00:00,       104.903485
10/28/2010 18:00:00,        49.333026
10/28/2010 19:00:00,        55.099501
10/28/2010 20:00:00,        66.731915
10/28/2010 21:00:00,        76.480054
10/28/2010 22:00:00,        77.996200
10/28/2010 23:00:00,        77.435663
10/29/2010 00:00:00,        82.607205
10/29/2010 01:00:00,       103.063736
10/29/2010 02:00:00,       157.422414
10/29/2010 03:00:00,       197.045158
10/29/2010 04:00:00,       219.421874
10/29/2010 05:00:00,       233.413843
10/29/2010 06:00:00,       238.839602
10/29/2010 07:00:00,       230.551574
10/29/2010 08:00:00,       212.264828
10/29/2010 09:00:00,       192.509980
10/29/2010 10:00:00,       192.810367
10/29/2010 11:00:00,       243.436610
10/29/2010 12:00:00,       296.334001
10/29/2010 13:00:00,       317.961876
10/29/2010 14:00:00,       340.762017
10/29/2010 15:00:00,       347.829907
10/29/2010 16:00:00,       321.319374
10/29/2010 17:00:00,       246.703819
10/29/2010 18:00:00,       274.424217
10/29/2010 19:00:00,       313.559659
10/29/2010 20:00:00,       308.035385
10/29/2010 21:00:00,       288.568084
10/29/2010 22:00:00,       246.492491
10/29/2010 23:00:00,       191.164295
10/30/2010 00:00:00,       172.965342
10/30/2010 01:00:00,       223.219974
10/30/2010 02:00:00,       244.399126
10/30/2010 03:00:00,       278.807930
10/30/2010 04:00:00,       315.994363
10/30/2010 05:00:00,       312.802792
10/30/2010 06:00:00,       305.302188
10/30/2010 07:00:00,       317.815890
10/30/2010 08:00:00,       332.575926
10/30/2010 09:00:00,       326.603147
10/30/2010 10:00:00,       299.885001
10/30/2010 11:00:00,       261.201601
10/30/2010 12:00:00,       201.659526
10/30/2010 13:00:00,       149.697753
10/30/2010 14:00:00,       167.618192
10/30/2010 15:00:00,       218.614099
10/30/2010 16:00:00,       254.243680
10/30/2010 17:00:00,       234.175952
10/30/2010 18:00:00,       110.615866
10/30/2010 19:00:00,        42.833999
10/30/2010 20:00:00,        84.330664
10/30/2010 21:00:00,        69.211330
10/30/2010 22:00:00,        82.316221
10/30/2010 23:00:00,        98.795603
10/31/2010 00:00:00,       148.637823
10/31/2010 01:00:00,       244.370252
10/31/2010 02:00:00,       259.685078
10/31/2010 03:00:00,       260.267190
10/31/2010 04:00:00,       279.561032
10/31/2010 05:00:00,       327.558348
10/31/2010 06:00:00,       345.043212
10/31/2010 07:00:00,       341.824113
10/31/2010 08:00:00,       339.695995
10/31/2010 09:00:00,       346.887247
10/31/2010 10:00:00,       304.215122
10/31/2010 11:00:00,       241.278893
10/31/2010 12:00:00,       219.836455
10/31/2010 13:00:00,       221.151339
10/31/2010 14:00:00,       229.050840
10/31/2010 15:00:00,       206.773663
10/31/2010 16:00:00,       142.832337
10/31/2010 17:00:00,        99.524134
10/31/2010 18:00:00,       111.859039
10/31/2010 19:00:00,       160.989527
10/31/2010 20:00:00,       188.154964
10/31/2010 21:00:00,       187.504829
10/31/2010 22:00:00,       203.651434
10/31/2010 23:00:00,       227.396680
11/01/2010 00:00:00,       280.998089
11/01/2010 01:00:00,       288.029830
11/01/2010 02:00:00,       303.053716
11/01/2010 03:00:00,       304.973267
11/01/2010 04:00:00,       262.637591
11/01/2010 05:00:00,       174.856080
11/01/2010 06:00:00,       110.214037
11/01/2010 07:00:00,       174.274378
11/01/2010 08:00:00,       219.502047
11/01/2010 09:00:00,       271.598905
11/01/2010 10:00:00,       319.170848
11/01/2010 11:00:00,       343.451699
11/01/2010 12:00:00,       305.296043
11/01/2010 13:00:00,       275.746020
11/01/2010 14:00:00,       183.353688
11/01/2010 15:00:00,       184.871655
11/01/2010 16:00:00,       314.719205
11/01/2010 17:00:00,       351.762267
11/01/2010 18:00:00,       350.773643
11/01/2010 19:00:00,       322.675905
11/01/2010 20:00:00,       286.570068
11/01/2010 21:00:00,       305.587040
11/01/2010 22:00:00,       315.603412
11/01/2010 23:00:00,       284.511865
11/02/2010 00:00:00,       227.548106
11/02/2010 01:00:00,       267.210570
11/02/2010 02:00:00,       309.041037
11/02/2010 03:00:00,       330.065217
11/02/2010 04:00:00,       347.699231
11/02/2010 05:00:00,       351.905913
11/02/2010 06:00:00,       351.975281
11/02/2010 07:00:00,       351.868145
11/02/2010 08:00:00,       350.470905
11/02/2010 09:00:00,       338.813484
11/02/2010 10:00:00,       278.087968
11/02/2010 11:00:00,       189.756561
11/02/2010 12:00:00,       132.100155
11/02/2010 13:00:00,       173.012066
11/02/2010 14:00:00,       280.345169
11/02/2010 15:00:00,       313.532244
11/02/2010 16:00:00,       282.857076
11/02/2010 17:00:00,       227.647243
11/02/2010 18:00:00,       290.948515
11/02/2010 19:00:00,       257.383628
11/02/2010 20:00:00,       214.693582
11/02/2010 21:00:00,       192.862451
11/02/2010 22:00:00,       181.546461
11/02/2010 23:00:00,       158.491425
11/03/2010 00:00:00,       172.661347
11/03/2010 01:00:00,       204.137442
11/03/2010 02:00:00,       236.479349
11/03/2010 03:00:00,       248.054785
11/03/2010 04:00:00,       230.758755
11/03/2010 05:00:00,       195.525047
11/03/2010 06:00:00,       157.147789
11/03/2010 07:00:00,       120.984465
11/03/2010 08:00:00,        94.281180
11/03/2010 09:00:00,        61.050469
11/03/2010 10:00:00,        31.600288
11/03/2010 11:00:00,        15.276957
11/03/2010 12:00:00,         6.970664
11/03/2010 13:00:00,         1.010772
11/03/2010 14:00:00,         1.217865
11/03/2010 15:00:00,         9.859804
11/03/2010 16:00:00,        28.160907
11/03/2010 17:00:00,        29.917786
11/03/2010 18:00:00,        22.476056
11/03/2010 19:00:00,        10.545530
11/03/2010 20:00:00,        10.895314
11/03/2010 21:00:00,        15.388943
11/03/2010 22:00:00,        26.012578
11/03/2010 23:00:00,        43.217318
11/04/2010 00:00:00,        69.790568
11/04/2010 01:00:00,       111.951342
11/04/2010 02:00:00,       145.065520
11/04/2010 03:00:00,       189.641693
11/04/2010 04:00:00,       216.111200
11/04/2010 05:00:00,       216.947875
11/04/2010 06:00:00,       252.855351
11/04/2010 07:00:00,       277.318383
11/04/2010 08:00:00,       253.924428
11/04/2010 09:00:00,       233.265076
11/04/2010 10:00:00,       243.522111
11/04/2010 11:00:00,       256.522279
11/04/2010 12:00:00,       277.061677
11/04/2010 13:00:00,       263.975506
11/04/2010 14:00:00,       154.771939
11/04/2010 15:00:00,       119.111613
11/04/2010 16:00:00,       129.600227
11/04/2010 17:00:00,        88.563184
11/04/2010 18:00:00,        50.585530
11/04/2010 19:00:00,        32.479517
11/04/2010 20:00:00,        88.308466
11/04/2010 21:00:00,       231.376060
11/04/2010 22:00:00,       263.430969
11/04/2010 23:00:00,       257.195293
11/05/2010 00:00:00,       239.853072
11/05/2010 01:00:00,       276.519421
11/05/2010 02:00:00,       321.564869
11/05/2010 03:00:00,       337.303627
11/05/2010 04:00:00,       346.739131
11/05/2010 05:00:00,       346.219066
11/05/2010 06:00:00,       339.842783
11/05/2010 07:00:00,       316.795353
11/05/2010 08:00:00,       280.279013
11/05/2010 09:00:00,       241.356623
11/05/2010 10:00:00,       234.166272
11/05/2010 11:00:00,       271.162801
11/05/2010 12:00:00,       244.479913
11/05/2010 13:00:00,       186.733644
11/05/2010 14:00:00,       225.967296
11/05/2010 15:00:00,       322.842044
11/05/2010 16:00:00,       300.747850
11/05/2010 17:00:00,       284.824123
11/05/2010 18:00:00,       240.438131
11/05/2010 19:00:00,       331.135780
11/05/2010 20:00:00,       350.338357
11/05/2010 21:00:00,       350.602768
11/05/2010 22:00:00,       348.090373
11/05/2010 23:00:00,       331.583367
11/06/2010 00:00:00,       279.858177
11/06/2010 01:00:00,       239.661290
11/06/2010 02:00:00,       206.850363
11/06/2010 03:00:00,       169.543875
11/06/2010 04:00:00,       147.040679
11/06/2010 05:00:00,       128.702644
11/06/2010 06:00:00,       159.815527
11/06/2010 07:00:00,       176.692383
11/06/2010 08:00:00,       180.764781
11/06/2010 09:00:00,       157.839585
11/06/2010 10:00:00,       125.826294
11/06/2010 11:00:00,       104.821821
11/06/2010 12:00:00,        77.568250
11/06/2010 13:00:00,        58.356318
11/06/2010 14:00:00,       127.705592
11/06/2010 15:00:00,       185.503146
11/06/2010 16:00:00,       145.642749
11/06/2010 17:00:00,        78.811941
11/06/2010 18:00:00,        56.603358
11/06/2010 19:00:00,       205.099825
11/06/2010 20:00:00,       240.066673
11/06/2010 21:00:00,       227.430431
11/06/2010 22:00:00,       233.724785
11/06/2010 23:00:00,       268.569496
11/07/2010 00:00:00,       299.706405
11/07/2010 01:00:00,       303.926872
11/07/2010 02:00:00,       310.798894
11/07/2010 03:00:00,       264.873313
11/07/2010 04:00:00,       192.042145
11/07/2010 05:00:00,       189.152984
11/07/2010 06:00:00,       162.960779
11/07/2010 07:00:00,       187.642350
11/07/2010 08:00:00,       164.961115
11/07/2010 09:00:00,       111.494667
11/07/2010 10:00:00,        84.371675
11/07/2010 11:00:00,        89.397073
11/07/2010 12:00:00,       126.022786
11/07/2010 13:00:00,       153.715158
11/07/2010 14:00:00,       152.512552
11/07/2010 15:00:00,       231.974177
11/07/2010 16:00:00,       196.173091
11/07/2010 17:00:00,        91.208047
11/07/2010 18:00:00,        89.804233
11/07/2010 19:00:00,       209.732795
11/07/2010 20:00:00,       240.338395
11/07/2010 21:00:00,       203.229337
11/07/2010 22:00:00,       135.300902
11/07/2010 23:00:00,        96.839205
11/08/2010 00:00:00,       125.276158
11/08/2010 01:00:00,       165.253447
11/08/2010 02:00:00,       184.986258
11/08/2010 03:00:00,       241.665595
11/08/2010 04:00:00,       301.855346
11/08/2010 05:00:00,       311.949562
11/08/2010 06:00:00,       326.742188
11/08/2010 07:00:00,       340.508164
11/08/2010 08:00:00,       314.401868
11/08/2010 09:00:00,       243.564902
11/08/2010 10:00:00,       184.579020
11/08/2010 11:00:00,       125.331415
11/08/2010 12:00:00,        73.631146
11/08/2010 13:00:00,        38.768828
11/08/2010 14:00:00,        47.569655
11/08/2010 15:00:00,        47.395195
11/08/2010 16:00:00,        39.943188
11/08/2010 17:00:00,        41.982002
11/08/2010 18:00:00,        47.748747
11/08/2010 19:00:00,        26.095178
11/08/2010 20:00:00,        16.462041
11/08/2010 21:00:00,        11.479040
11/08/2010 22:00:00,        11.445956
11/08/2010 23:00:00,         7.856952
11/09/2010 00:00:00,         6.953648
11/09/2010 01:00:00,        19.519346
11/09/2010 02:00:00,        34.399558
11/09/2010 03:00:00,        88.615719
11/09/2010 04:00:00,       136.161959
11/09/2010 05:00:00,       154.424250
11/09/2010 06:00:00,       160.724943
11/09/2010 07:00:00,       203.032309
11/09/2010 08:00:00,       209.800547
11/09/2010 09:00:00,       199.472840
11/09/2010 10:00:00,       192.077207
11/09/2010 11:00:00,       220.603568
11/09/2010 12:00:00,       217.483941
11/09/2010 13:00:00,       174.685966
11/09/2010 14:00:00,       162.136758
11/09/2010 15:00:00,       190.455079
11/09/2010 16:00:00,       195.466940
11/09/2010 17:00:00,       151.960880
11/09/2010 18:00:00,       105.085023
11/09/2010 19:00:00,       108.526331
11/09/2010 20:00:00,       114.504555
11/09/2010 21:00:00,        97.184144
11/09/2010 22:00:00,        68.886735
11/09/2010 23:00:00,        44.708714
11/10/2010 00:00:00,        26.755858
11/10/2010 01:00:00,        21.551777
11/10/2010 02:00:00,        28.705652
11/10/2010 03:00:00,        39.006326
11/10/2010 04:00:00,        48.676578
11/10/2010 05:00:00,        50.978053
11/10/2010 06:00:00,        45.719840
11/10/2010 07:00:00,        52.832957
11/10/2010 08:00:00,        52.618522
11/10/2010 09:00:00,        55.830632
11/10/2010 10:00:00,        62.660448
11/10/2010 11:00:00,        66.368369
11/10/2010 12:00:00,        57.791695
11/10/2010 13:00:00,        49.748028
11/10/2010 14:00:00,        50.333511
11/10/2010 15:00:00,        44.721969
11/10/2010 16:00:00,        38.503634
11/10/2010 17:00:00,        18.415571
11/10/2010 18:00:00,         2.655446
11/10/2010 19:00:00,         0.238697
11/10/2010 20:00:00,         0.347359
11/10/2010 21:00:00,         0.518955
11/10/2010 22:00:00,         0.947484
11/10/2010 23:00:00,         0.946099
11/11/2010 00:00:00,         0.544676
11/11/2010 01:00:00,         0.591554
11/11/2010 02:00:00,         9.713017
11/11/2010 03:00:00,        10.646922
11/11/2010 04:00:00,         8.679826
11/11/2010 05:00:00,        16.055519
11/11/2010 06:00:00,        38.733189
11/11/2010 07:00:00,        38.341787
11/11/2010 08:00:00,        54.457777
11/11/2010 09:00:00,       106.224054
11/11/2010 10:00:00,       103.475106
11/11/2010 11:00:00,        63.530210
11/11/2010 12:00:00,        66.114934
11/11/2010 13:00:00,        75.721017
11/11/2010 14:00:00,        97.732064
11/11/2010 15:00:00,       126.135375
11/11/2010 16:00:00,       148.250077
11/11/2010 17:00:00,       130.502281
11/11/2010 18:00:00,        53.472920
11/11/2010 19:00:00,        25.603869
11/11/2010 20:00:00,        76.505599
11/11/2010 21:00:00,       162.374954
11/11/2010 22:00:00,       185.565305
11/11/2010 23:00:00,       182.251072
11/12/2010 00:00:00,       150.628019
11/12/2010 01:00:00,       181.521881
11/12/2010 02:00:00,       292.239441
11/12/2010 03:00:00,       350.326774
11/12/2010 04:00:00,       351.914235
11/12/2010 05:00:00,       351.832472
11/12/2010 06:00:00,       350.941648
11/12/2010 07:00:00,       346.416637
11/12/2010 08:00:00,       347.600289
11/12/2010 09:00:00,       350.696263
11/12/2010 10:00:00,       351.179946
11/12/2010 11:00:00,       349.642519
11/12/2010 12:00:00,       346.966872
11/12/2010 13:00:00,       340.954245
11/12/2010 14:00:00,       343.667664
11/12/2010 15:00:00,       344.891978
11/12/2010 16:00:00,       329.978986
11/12/2010 17:00:00,       245.881742
11/12/2010 18:00:00,       138.492131
11/12/2010 19:00:00,       141.778154
11/12/2010 20:00:00,        94.321797
11/12/2010 21:00:00,       171.346022
11/12/2010 22:00:00,       116.555683
11/12/2010 23:00:00,        69.574738
11/13/2010 00:00:00,        23.557946
11/13/2010 01:00:00,        30.099208
11/13/2010 02:00:00,        58.284920
11/13/2010 03:00:00,       136.905042
11/13/2010 04:00:00,       274.553412
11/13/2010 05:00:00,       312.074263
11/13/2010 06:00:00,       320.474628
11/13/2010 07:00:00,       322.186760
11/13/2010 08:00:00,       319.505794
11/13/2010 09:00:00,       334.266026
11/13/2010 10:00:00,       342.212718
11/13/2010 11:00:00,       341.345432
11/13/2010 12:00:00,       334.284601
11/13/2010 13:00:00,       333.727303
11/13/2010 14:00:00,       336.124461
11/13/2010 15:00:00,       341.812876
11/13/2010 16:00:00,       337.494786
11/13/2010 17:00:00,       289.449057
11/13/2010 18:00:00,       260.374275
11/13/2010 19:00:00,       323.087038
11/13/2010 20:00:00,       336.948365
11/13/2010 21:00:00,       338.049026
11/13/2010 22:00:00,       336.623678
11/13/2010 23:00:00,       335.063913
11/14/2010 00:00:00,       340.443682
11/14/2010 01:00:00,       346.199890
11/14/2010 02:00:00,       348.198464
11/14/2010 03:00:00,       349.953983
11/14/2010 04:00:00,       349.013964
11/14/2010 05:00:00,       343.633843
11/14/2010 06:00:00,       335.551642
11/14/2010 07:00:00,       320.453366
11/14/2010 08:00:00,       303.961931
11/14/2010 09:00:00,       290.137622
11/14/2010 10:00:00,       281.709140
11/14/2010 11:00:00,       273.075046
11/14/2010 12:00:00,       267.608318
11/14/2010 13:00:00,       280.932005
11/14/2010 14:00:00,       293.822225
11/14/2010 15:00:00,       296.300838
11/14/2010 16:00:00,       285.550231
11/14/2010 17:00:00,       251.648443
11/14/2010 18:00:00,       184.775153
11/14/2010 19:00:00,       218.213352
11/14/2010 20:00:00,       285.051337
11/14/2010 21:00:00,       294.640427
11/14/2010 22:00:00,       318.233831
11/14/2010 23:00:00,       332.442869
11/15/2010 00:00:00,       344.523246
11/15/2010 01:00:00,       349.153159
11/15/2010 02:00:00,       348.483714
11/15/2010 03:00:00,       346.570682
11/15/2010 04:00:00,       349.498418
11/15/2010 05:00:00,       349.046308
11/15/2010 06:00:00,       348.436594
11/15/2010 07:00:00,       336.129333
11/15/2010 08:00:00,       314.416873
11/15/2010 09:00:00,       305.057920
11/15/2010 10:00:00,       271.255881
11/15/2010 11:00:00,       255.441113
11/15/2010 12:00:00,       192.678708
11/15/2010 13:00:00,       142.388521
11/15/2010 14:00:00,       168.206153
11/15/2010 15:00:00,       125.144967
11/15/2010 16:00:00,        74.383696
11/15/2010 17:00:00,        26.915344
11/15/2010 18:00:00,         7.358427
11/15/2010 19:00:00,         7.181722
11/15/2010 20:00:00,        20.388295
11/15/2010 21:00:00,        37.266368
11/15/2010 22:00:00,        75.890117
11/15/2010 23:00:00,        82.998543
11/16/2010 00:00:00,       119.417153
11/16/2010 01:00:00,       151.118908
11/16/2010 02:00:00,       146.902070
11/16/2010 03:00:00,       161.264654
11/16/2010 04:00:00,       164.772170
11/16/2010 05:00:00,       115.443469
11/16/2010 06:00:00,       111.356429
11/16/2010 07:00:00,        80.235467
11/16/2010 08:00:00,       115.880442
11/16/2010 09:00:00,       101.618479
11/16/2010 10:00:00,       244.295739
11/16/2010 11:00:00,       332.882584
11/16/2010 12:00:00,       143.970037
11/16/2010 13:00:00,        61.329643
11/16/2010 14:00:00,        63.976766
11/16/2010 15:00:00,        77.235114
11/16/2010 16:00:00,       110.553893
11/16/2010 17:00:00,       194.255824
11/16/2010 18:00:00,       324.406462
11/16/2010 19:00:00,       302.260147
11/16/2010 20:00:00,       250.957088
11/16/2010 21:00:00,       207.670687
11/16/2010 22:00:00,       119.862479
11/16/2010 23:00:00,        63.637804
11/17/2010 00:00:00,        24.693399
11/17/2010 01:00:00,         6.739884
11/17/2010 02:00:00,         1.497977
11/17/2010 03:00:00,         0.249451
11/17/2010 04:00:00,         0.000000
11/17/2010 05:00:00,         0.052749
11/17/2010 06:00:00,         2.668558
11/17/2010 07:00:00,        12.179520
11/17/2010 08:00:00,        25.583926
11/17/2010 09:00:00,        32.865846
11/17/2010 10:00:00,        35.398182
11/17/2010 11:00:00,        34.611892
11/17/2010 12:00:00,        33.145943
11/17/2010 13:00:00,        43.776754
11/17/2010 14:00:00,        55.219508
11/17/2010 15:00:00,        72.535081
11/17/2010 16:00:00,        51.735320
11/17/2010 17:00:00,        39.139875
11/17/2010 18:00:00,        30.048491
11/17/2010 19:00:00,        36.476596
11/17/2010 20:00:00,        53.129260
11/17/2010 21:00:00,        66.922463
11/17/2010 22:00:00,        86.559604
11/17/2010 23:00:00,       112.934394
11/18/2010 00:00:00,       135.546826
11/18/2010 01:00:00,       131.449384
11/18/2010 02:00:00,       106.018235
11/18/2010 03:00:00,        60.944571
11/18/2010 04:00:00,        12.294839
11/18/2010 05:00:00,         2.340214
11/18/2010 06:00:00,         0.216098
11/18/2010 07:00:00,         0.000000
11/18/2010 08:00:00,         0.000000
11/18/2010 09:00:00,         0.000000
11/18/2010 10:00:00,         0.000000
11/18/2010 11:00:00,         0.780317
11/18/2010 12:00:00,        20.198376
11/18/2010 13:00:00,        58.500513
11/18/2010 14:00:00,        53.303883
11/18/2010 15:00:00,        59.998540
11/18/2010 16:00:00,        72.883977
11/18/2010 17:00:00,       165.657374
11/18/2010 18:00:00,       208.937114
11/18/2010 19:00:00,       219.714251
11/18/2010 20:00:00,       215.017202
11/18/2010 21:00:00,       133.506233
11/18/2010 22:00:00,       116.523428
11/18/2010 23:00:00,       103.129690
11/19/2010 00:00:00,        81.722797
11/19/2010 01:00:00,        43.529656
11/19/2010 02:00:00,        22.211618
11/19/2010 03:00:00,        16.524472
11/19/2010 04:00:00,        14.677421
11/19/2010 05:00:00,         8.300449
11/19/2010 06:00:00,         3.489702
11/19/2010 07:00:00,         1.057186
11/19/2010 08:00:00,         0.089297
11/19/2010 09:00:00,         0.000000
11/19/2010 10:00:00,         0.000000
11/19/2010 11:00:00,         0.000000
11/19/2010 12:00:00,         0.043527
11/19/2010 13:00:00,         0.798040
11/19/2010 14:00:00,         6.193351
11/19/2010 15:00:00,        18.599625
11/19/2010 16:00:00,        18.192451
11/19/2010 17:00:00,        18.095533
11/19/2010 18:00:00,        17.902849
11/19/2010 19:00:00,        11.026248
11/19/2010 20:00:00,         8.270604
11/19/2010 21:00:00,        11.105923
11/19/2010 22:00:00,        16.953337
11/19/2010 23:00:00,        25.276890
11/20/2010 00:00:00,        37.081316
11/20/2010 01:00:00,        28.828981
11/20/2010 02:00:00,        12.327637
11/20/2010 03:00:00,         3.334109
11/20/2010 04:00:00,         0.341055
11/20/2010 05:00:00,         0.000000
11/20/2010 06:00:00,         0.000000
11/20/2010 07:00:00,         0.000000
11/20/2010 08:00:00,         0.000000
11/20/2010 09:00:00,         0.014724
11/20/2010 10:00:00,         0.435567
11/20/2010 11:00:00,         2.093018
11/20/2010 12:00:00,         4.880938
11/20/2010 13:00:00,         2.995521
11/20/2010 14:00:00,         2.416789
11/20/2010 15:00:00,         4.228292
11/20/2010 16:00:00,         5.924650
11/20/2010 17:00:00,         8.373669
11/20/2010 18:00:00,        11.535134
11/20/2010 19:00:00,        14.003746
11/20/2010 20:00:00,        13.553508
11/20/2010 21:00:00,        12.541873
11/20/2010 22:00:00,        12.528369
11/20/2010 23:00:00,        14.015904
11/21/2010 00:00:00,        12.938533
11/21/2010 01:00:00,        10.048196
11/21/2010 02:00:00,         8.949314
11/21/2010 03:00:00,         7.678587
11/21/2010 04:00:00,         7.237834
11/21/2010 05:00:00,         9.026166
11/21/2010 06:00:00,         8.878189
11/21/2010 07:00:00,         5.145078
11/21/2010 08:00:00,         3.533798
11/21/2010 09:00:00,         1.588047
11/21/2010 10:00:00,         0.481335
11/21/2010 11:00:00,         0.096904
11/21/2010 12:00:00,         0.001628
11/21/2010 13:00:00,         0.000000
11/21/2010 14:00:00,         0.082849
11/21/2010 15:00:00,         2.029327
11/21/2010 16:00:00,         6.457453
11/21/2010 17:00:00,         9.218466
11/21/2010 18:00:00,        10.682079
11/21/2010 19:00:00,         2.904693
11/21/2010 20:00:00,         0.164132
11/21/2010 21:00:00,         0.005819
11/21/2010 22:00:00,         0.000000
11/21/2010 23:00:00,         0.029419
11/22/2010 00:00:00,         0.390679
11/22/2010 01:00:00,         0.721535
11/22/2010 02:00:00,         0.801452
11/22/2010 03:00:00,         1.000366
11/22/2010 04:00:00,         1.164355
11/22/2010 05:00:00,         2.630997
11/22/2010 06:00:00,         5.340734
11/22/2010 07:00:00,         6.112572
11/22/2010 08:00:00,         6.969520
11/22/2010 09:00:00,         5.898991
11/22/2010 10:00:00,         3.067081
11/22/2010 11:00:00,         1.724324
11/22/2010 12:00:00,         3.486294
11/22/2010 13:00:00,         8.711740
11/22/2010 14:00:00,         6.867805
11/22/2010 15:00:00,         8.162797
11/22/2010 16:00:00,        10.560834
11/22/2010 17:00:00,        10.728104
11/22/2010 18:00:00,        10.878620
11/22/2010 19:00:00,        10.013053
11/22/2010 20:00:00,        15.784556
11/22/2010 21:00:00,        27.296621
11/22/2010 22:00:00,        38.377236
11/22/2010 23:00:00,        52.363057
11/23/2010 00:00:00,        53.822117
11/23/2010 01:00:00,        67.837720
11/23/2010 02:00:00,        77.328322
11/23/2010 03:00:00,        75.679892
11/23/2010 04:00:00,        82.791220
11/23/2010 05:00:00,        82.505062
11/23/2010 06:00:00,        68.640887
11/23/2010 07:00:00,        39.595391
11/23/2010 08:00:00,        23.949325
11/23/2010 09:00:00,        12.463164
11/23/2010 10:00:00,        12.286316
11/23/2010 11:00:00,        14.185246
11/23/2010 12:00:00,        27.767085
11/23/2010 13:00:00,        37.314684
11/23/2010 14:00:00,        45.785886
11/23/2010 15:00:00,        51.259583
11/23/2010 16:00:00,        52.567763
11/23/2010 17:00:00,        44.985247
11/23/2010 18:00:00,        35.379424
11/23/2010 19:00:00,        27.747955
11/23/2010 20:00:00,        22.447227
11/23/2010 21:00:00,        21.379832
11/23/2010 22:00:00,        19.975542
11/23/2010 23:00:00,        22.377063
11/24/2010 00:00:00,        26.595252
11/24/2010 01:00:00,        33.127503
11/24/2010 02:00:00,        38.523415
11/24/2010 03:00:00,        40.470642
11/24/2010 04:00:00,        35.816562
11/24/2010 05:00:00,        20.125480
11/24/2010 06:00:00,         6.894377
11/24/2010 07:00:00,         1.343382
11/24/2010 08:00:00,         1.023738
11/24/2010 09:00:00,         8.669329
11/24/2010 10:00:00,        46.591636
11/24/2010 11:00:00,        79.982466
11/24/2010 12:00:00,        88.668848
11/24/2010 13:00:00,        77.234034
11/24/2010 14:00:00,        70.041479
11/24/2010 15:00:00,       136.909753
11/24/2010 16:00:00,       213.857287
11/24/2010 17:00:00,       285.161631
11/24/2010 18:00:00,       300.199618
11/24/2010 19:00:00,       302.583069
11/24/2010 20:00:00,       273.618287
11/24/2010 21:00:00,       185.986079
11/24/2010 22:00:00,       198.821796
11/24/2010 23:00:00,       282.375338
11/25/2010 00:00:00,       345.151835
11/25/2010 01:00:00,       350.120513
11/25/2010 02:00:00,       350.330436
11/25/2010 03:00:00,       351.326784
11/25/2010 04:00:00,       351.835488
11/25/2010 05:00:00,       351.926877
11/25/2010 06:00:00,       351.961189
11/25/2010 07:00:00,       351.991778
11/25/2010 08:00:00,       351.998607
11/25/2010 09:00:00,       352.000000
11/25/2010 10:00:00,       352.000000
11/25/2010 11:00:00,       352.000000
11/25/2010 12:00:00,       352.000000
11/25/2010 13:00:00,       352.000000
11/25/2010 14:00:00,       352.000000
11/25/2010 15:00:00,       352.000000
11/25/2010 16:00:00,       352.000000
11/25/2010 17:00:00,       351.999780
11/25/2010 18:00:00,       351.998532
11/25/2010 19:00:00,       351.995168
11/25/2010 20:00:00,       351.985397
11/25/2010 21:00:00,       351.955656
11/25/2010 22:00:00,       351.867511
11/25/2010 23:00:00,       351.909507
11/26/2010 00:00:00,       351.970825
11/26/2010 01:00:00,       351.991697
11/26/2010 02:00:00,       351.991521
11/26/2010 03:00:00,       351.986797
11/26/2010 04:00:00,       351.987677
11/26/2010 05:00:00,       351.967767
11/26/2010 06:00:00,       351.931617
11/26/2010 07:00:00,       351.939475
11/26/2010 08:00:00,       351.940944
11/26/2010 09:00:00,       351.963824
11/26/2010 10:00:00,       351.939202
11/26/2010 11:00:00,       351.822752
11/26/2010 12:00:00,       351.074848
11/26/2010 13:00:00,       323.739359
11/26/2010 14:00:00,       249.419707
11/26/2010 15:00:00,       295.797468
11/26/2010 16:00:00,       349.145963
11/26/2010 17:00:00,       348.626389
11/26/2010 18:00:00,       341.961212
11/26/2010 19:00:00,       344.130689
11/26/2010 20:00:00,       337.629203
11/26/2010 21:00:00,       316.242408
11/26/2010 22:00:00,       286.637930
11/26/2010 23:00:00,       284.178567
11/27/2010 00:00:00,       298.728590
11/27/2010 01:00:00,       307.905430
11/27/2010 02:00:00,       322.806115
11/27/2010 03:00:00,       314.775082
11/27/2010 04:00:00,       311.026993
11/27/2010 05:00:00,       316.511982
11/27/2010 06:00:00,       295.068612
11/27/2010 07:00:00,       257.334814
11/27/2010 08:00:00,       238.209392
11/27/2010 09:00:00,       214.538772
11/27/2010 10:00:00,       149.776539
11/27/2010 11:00:00,        73.194734
11/27/2010 12:00:00,        15.773727
11/27/2010 13:00:00,         1.079703
11/27/2010 14:00:00,         1.043761
11/27/2010 15:00:00,         3.899881
11/27/2010 16:00:00,        14.989669
11/27/2010 17:00:00,        17.616959
11/27/2010 18:00:00,        22.190433
11/27/2010 19:00:00,        24.911029
11/27/2010 20:00:00,        20.112617
11/27/2010 21:00:00,        12.787322
11/27/2010 22:00:00,         4.447345
11/27/2010 23:00:00,         1.261699
11/28/2010 00:00:00,         0.200532
11/28/2010 01:00:00,         0.000003
11/28/2010 02:00:00,         0.000000
11/28/2010 03:00:00,         0.093917
11/28/2010 04:00:00,         7.361583
11/28/2010 05:00:00,         8.215303
11/28/2010 06:00:00,         0.000000
11/28/2010 07:00:00,         0.000000
11/28/2010 08:00:00,         0.000000
11/28/2010 09:00:00,         0.000000
11/28/2010 10:00:00,         0.000000
11/28/2010 11:00:00,         0.000000
11/28/2010 12:00:00,         1.134110
11/28/2010 13:00:00,         2.514569
11/28/2010 14:00:00,         0.000000
11/28/2010 15:00:00,         0.000000
11/28/2010 16:00:00,         0.000000
11/28/2010 17:00:00,         0.000000
11/28/2010 18:00:00,         0.000000
11/28/2010 19:00:00,         3.396878
11/28/2010 20:00:00,         7.714737
11/28/2010 21:00:00,         6.656804
11/28/2010 22:00:00,         3.371147
11/28/2010 23:00:00,         2.144354
11/29/2010 00:00:00,         2.661005
11/29/2010 01:00:00,         6.312671
11/29/2010 02:00:00,         4.688430
11/29/2010 03:00:00,        16.038833
11/29/2010 04:00:00,        25.083033
11/29/2010 05:00:00,        21.854371
11/29/2010 06:00:00,        16.898636
11/29/2010 07:00:00,        40.181403
11/29/2010 08:00:00,        47.613780
11/29/2010 09:00:00,        22.200515
11/29/2010 10:00:00,        11.882148
11/29/2010 11:00:00,        15.304297
11/29/2010 12:00:00,        37.358039
11/29/2010 13:00:00,        61.073175
11/29/2010 14:00:00,       122.013055
11/29/2010 15:00:00,       221.928234
11/29/2010 16:00:00,       237.479498
11/29/2010 17:00:00,       227.433461
11/29/2010 18:00:00,       214.609187
11/29/2010 19:00:00,       181.831334
11/29/2010 20:00:00,       162.171429
11/29/2010 21:00:00,       177.666185
11/29/2010 22:00:00,       224.830443
11/29/2010 23:00:00,       248.063259
11/30/2010 00:00:00,       254.174497
11/30/2010 01:00:00,       294.400692
11/30/2010 02:00:00,       315.604085
11/30/2010 03:00:00,       321.346041
11/30/2010 04:00:00,       330.835582
11/30/2010 05:00:00,       342.722504
11/30/2010 06:00:00,       346.405312
11/30/2010 07:00:00,       342.640928
11/30/2010 08:00:00,       339.065977
11/30/2010 09:00:00,       342.019090
11/30/2010 10:00:00,       345.558856
11/30/2010 11:00:00,       344.444619
11/30/2010 12:00:00,       338.069881
11/30/2010 13:00:00,       349.164792
11/30/2010 14:00:00,       351.959949
11/30/2010 15:00:00,       351.965261
11/30/2010 16:00:00,       351.693165
11/30/2010 17:00:00,       351.321433
11/30/2010 18:00:00,       351.244337
11/30/2010 19:00:00,       349.999398
11/30/2010 20:00:00,       347.397121
11/30/2010 21:00:00,       349.072851
11/30/2010 22:00:00,       350.949472
11/30/2010 23:00:00,       351.749125
12/01/2010 00:00:00,       351.990555
12/01/2010 01:00:00,       351.984823
12/01/2010 02:00:00,       351.835400
12/01/2010 03:00:00,       351.844471
12/01/2010 04:00:00,       351.971345
12/01/2010 05:00:00,       351.998814
12/01/2010 06:00:00,       352.000000
12/01/2010 07:00:00,       352.000000
12/01/2010 08:00:00,       351.990774
12/01/2010 09:00:00,       351.710510
12/01/2010 10:00:00,       349.203689
12/01/2010 11:00:00,       350.618032
12/01/2010 12:00:00,       350.870085
12/01/2010 13:00:00,       337.771303
12/01/2010 14:00:00,       290.476830
12/01/2010 15:00:00,       323.549240
12/01/2010 16:00:00,       323.508018
12/01/2010 17:00:00,       305.822230
12/01/2010 18:00:00,       295.550089
12/01/2010 19:00:00,       245.530691
12/01/2010 20:00:00,       211.032271
12/01/2010 21:00:00,       241.140725
12/01/2010 22:00:00,       277.120634
12/01/2010 23:00:00,       284.055215
12/02/2010 00:00:00,       274.059941
12/02/2010 01:00:00,       301.124526
12/02/2010 02:00:00,       295.237605
12/02/2010 03:00:00,       247.083597
12/02/2010 04:00:00,       227.349837
12/02/2010 05:00:00,       213.019114
12/02/2010 06:00:00,       162.673180
12/02/2010 07:00:00,       114.605863
12/02/2010 08:00:00,        65.200377
12/02/2010 09:00:00,        54.151173
12/02/2010 10:00:00,        81.089604
12/02/2010 11:00:00,       116.883198
12/02/2010 12:00:00,       139.571168
12/02/2010 13:00:00,       153.636858
12/02/2010 14:00:00,       197.126393
12/02/2010 15:00:00,       198.518590
12/02/2010 16:00:00,       180.329964
12/02/2010 17:00:00,       205.100330
12/02/2010 18:00:00,       241.493998
12/02/2010 19:00:00,       240.931115
12/02/2010 20:00:00,       195.943733
12/02/2010 21:00:00,       142.865310
12/02/2010 22:00:00,       103.305686
12/02/2010 23:00:00,        79.525062
12/03/2010 00:00:00,        77.219041
12/03/2010 01:00:00,        65.760310
12/03/2010 02:00:00,        62.840793
12/03/2010 03:00:00,        82.466264
12/03/2010 04:00:00,        68.181227
12/03/2010 05:00:00,        75.870115
12/03/2010 06:00:00,        92.191390
12/03/2010 07:00:00,       107.312819
12/03/2010 08:00:00,       114.920474
12/03/2010 09:00:00,       105.962219
12/03/2010 10:00:00,       104.448785
12/03/2010 11:00:00,       101.316833
12/03/2010 12:00:00,       102.776990
12/03/2010 13:00:00,        99.686926
12/03/2010 14:00:00,       124.754952
12/03/2010 15:00:00,       128.328362
12/03/2010 16:00:00,       130.655214
12/03/2010 17:00:00,       112.228794
12/03/2010 18:00:00,        83.849786
12/03/2010 19:00:00,        56.624227
12/03/2010 20:00:00,        42.492235
12/03/2010 21:00:00,        24.656107
12/03/2010 22:00:00,        13.170469
12/03/2010 23:00:00,         7.467689
12/04/2010 00:00:00,         0.458525
12/04/2010 01:00:00,         0.000000
12/04/2010 02:00:00,         0.000000
12/04/2010 03:00:00,         0.000000
12/04/2010 04:00:00,         0.000000
12/04/2010 05:00:00,         0.000000
12/04/2010 06:00:00,         0.000000
12/04/2010 07:00:00,         1.693380
12/04/2010 08:00:00,         9.240600
12/04/2010 09:00:00,        10.687728
12/04/2010 10:00:00,         5.188435
12/04/2010 11:00:00,        17.869372
12/04/2010 12:00:00,        40.564624
12/04/2010 13:00:00,        54.066974
12/04/2010 14:00:00,        75.630229
12/04/2010 15:00:00,        95.813544
12/04/2010 16:00:00,       138.644688
12/04/2010 17:00:00,       145.839943
12/04/2010 18:00:00,       105.448870
12/04/2010 19:00:00,        33.052995
12/04/2010 20:00:00,        13.998673
12/04/2010 21:00:00,        15.999321
12/04/2010 22:00:00,         2.628577
12/04/2010 23:00:00,         0.223236
12/05/2010 00:00:00,         0.072142
12/05/2010 01:00:00,         0.096182
12/05/2010 02:00:00,         0.012259
12/05/2010 03:00:00,         0.000000
12/05/2010 04:00:00,         0.000000
12/05/2010 05:00:00,         0.412941
12/05/2010 06:00:00,         9.811135
12/05/2010 07:00:00,        35.385703
12/05/2010 08:00:00,        53.709956
12/05/2010 09:00:00,        57.938917
12/05/2010 10:00:00,        77.016312
12/05/2010 11:00:00,        66.199801
12/05/2010 12:00:00,        61.470022
12/05/2010 13:00:00,        59.188704
12/05/2010 14:00:00,        43.374959
12/05/2010 15:00:00,        27.434092
12/05/2010 16:00:00,        21.822656
12/05/2010 17:00:00,        22.634344
12/05/2010 18:00:00,        24.604450
12/05/2010 19:00:00,        23.541267
12/05/2010 20:00:00,        14.801411
12/05/2010 21:00:00,         9.553971
12/05/2010 22:00:00,         9.732332
12/05/2010 23:00:00,         8.799964
12/06/2010 00:00:00,         7.300800
12/06/2010 01:00:00,        14.125028
12/06/2010 02:00:00,        22.068045
12/06/2010 03:00:00,        17.353573
12/06/2010 04:00:00,        22.041939
12/06/2010 05:00:00,        33.538948
12/06/2010 06:00:00,        41.941589
12/06/2010 07:00:00,        12.841616
12/06/2010 08:00:00,         3.125184
12/06/2010 09:00:00,         3.185984
12/06/2010 10:00:00,         4.339673
12/06/2010 11:00:00,         6.765861
12/06/2010 12:00:00,        11.347756
12/06/2010 13:00:00,        34.648918
12/06/2010 14:00:00,        79.399567
12/06/2010 15:00:00,       113.043462
12/06/2010 16:00:00,       130.215074
12/06/2010 17:00:00,       122.676639
12/06/2010 18:00:00,       113.489394
12/06/2010 19:00:00,        82.652081
12/06/2010 20:00:00,        55.799674
12/06/2010 21:00:00,        33.983002
12/06/2010 22:00:00,        18.529382
12/06/2010 23:00:00,         9.261939
12/07/2010 00:00:00,         8.283758
12/07/2010 01:00:00,        10.223885
12/07/2010 02:00:00,         8.219430
12/07/2010 03:00:00,         3.586981
12/07/2010 04:00:00,         0.892009
12/07/2010 05:00:00,         0.476574
12/07/2010 06:00:00,         1.747632
12/07/2010 07:00:00,        15.870620
12/07/2010 08:00:00,        46.612352
12/07/2010 09:00:00,        97.380875
12/07/2010 10:00:00,       207.466565
12/07/2010 11:00:00,       285.457989
12/07/2010 12:00:00,       315.410663
12/07/2010 13:00:00,       312.386316
12/07/2010 14:00:00,       313.956231
12/07/2010 15:00:00,       305.943826
12/07/2010 16:00:00,       297.268809
12/07/2010 17:00:00,       288.835999
12/07/2010 18:00:00,       267.879634
12/07/2010 19:00:00,       245.426542
12/07/2010 20:00:00,       228.144278
12/07/2010 21:00:00,       209.676533
12/07/2010 22:00:00,       188.853781
12/07/2010 23:00:00,       182.349878
12/08/2010 00:00:00,       182.398418
12/08/2010 01:00:00,       227.468177
12/08/2010 02:00:00,       274.961551
12/08/2010 03:00:00,       304.995846
12/08/2010 04:00:00,       291.902549
12/08/2010 05:00:00,       272.645502
12/08/2010 06:00:00,       320.897976
12/08/2010 07:00:00,       258.680109
12/08/2010 08:00:00,       294.932276
12/08/2010 09:00:00,       297.488230
12/08/2010 10:00:00,       254.846443
12/08/2010 11:00:00,       200.572842
12/08/2010 12:00:00,       140.979199
12/08/2010 13:00:00,       119.773644
12/08/2010 14:00:00,       188.637524
12/08/2010 15:00:00,       240.978961
12/08/2010 16:00:00,       252.798422
12/08/2010 17:00:00,       291.182090
12/08/2010 18:00:00,       346.492486
12/08/2010 19:00:00,       351.998356
12/08/2010 20:00:00,       351.992091
12/08/2010 21:00:00,       351.951606
12/08/2010 22:00:00,       351.510308
12/08/2010 23:00:00,       348.346477
12/09/2010 00:00:00,       347.882301
12/09/2010 01:00:00,       350.370940
12/09/2010 02:00:00,       351.273307
12/09/2010 03:00:00,       351.378540
12/09/2010 04:00:00,       351.756528
12/09/2010 05:00:00,       351.794879
12/09/2010 06:00:00,       351.795403
12/09/2010 07:00:00,       351.725257
12/09/2010 08:00:00,       351.854580
12/09/2010 09:00:00,       351.964728
12/09/2010 10:00:00,       351.962675
12/09/2010 11:00:00,       351.795129
12/09/2010 12:00:00,       350.507552
12/09/2010 13:00:00,       350.638102
12/09/2010 14:00:00,       350.769620
12/09/2010 15:00:00,       349.053144
12/09/2010 16:00:00,       351.861159
12/09/2010 17:00:00,       351.698346
12/09/2010 18:00:00,       351.772284
12/09/2010 19:00:00,       351.440099
12/09/2010 20:00:00,       351.110563
12/09/2010 21:00:00,       348.442557
12/09/2010 22:00:00,       350.906732
12/09/2010 23:00:00,       345.874837
12/10/2010 00:00:00,       338.579236
12/10/2010 01:00:00,       335.952842
12/10/2010 02:00:00,       337.328287
12/10/2010 03:00:00,       309.460763
12/10/2010 04:00:00,       336.095173
12/10/2010 05:00:00,       334.349507
12/10/2010 06:00:00,       286.987704
12/10/2010 07:00:00,       201.582748
12/10/2010 08:00:00,        85.712444
12/10/2010 09:00:00,        42.538633
12/10/2010 10:00:00,        20.736924
12/10/2010 11:00:00,        72.803951
12/10/2010 12:00:00,        88.643945
12/10/2010 13:00:00,        32.143824
12/10/2010 14:00:00,        23.568448
12/10/2010 15:00:00,        14.319968
12/10/2010 16:00:00,        30.598759
12/10/2010 17:00:00,        55.886156
12/10/2010 18:00:00,        88.191925
12/10/2010 19:00:00,        80.960329
12/10/2010 20:00:00,        49.882161
12/10/2010 21:00:00,        18.672371
12/10/2010 22:00:00,         2.722626
12/10/2010 23:00:00,         0.106472
12/11/2010 00:00:00,         0.313764
12/11/2010 01:00:00,         0.275603
12/11/2010 02:00:00,        14.699830
12/11/2010 03:00:00,        52.531694
12/11/2010 04:00:00,        68.889114
12/11/2010 05:00:00,        41.196168
12/11/2010 06:00:00,        33.473712
12/11/2010 07:00:00,        32.759605
12/11/2010 08:00:00,        48.068010
12/11/2010 09:00:00,       110.459027
12/11/2010 10:00:00,       200.506227
12/11/2010 11:00:00,       293.489245
12/11/2010 12:00:00,       312.390409
12/11/2010 13:00:00,       312.872962
12/11/2010 14:00:00,       310.648599
12/11/2010 15:00:00,       312.327778
12/11/2010 16:00:00,       315.336406
12/11/2010 17:00:00,       316.300079
12/11/2010 18:00:00,       315.161144
12/11/2010 19:00:00,       301.501661
12/11/2010 20:00:00,       229.288507
12/11/2010 21:00:00,       163.628693
12/11/2010 22:00:00,       138.929094
12/11/2010 23:00:00,       123.315107
12/12/2010 00:00:00,       114.237803
12/12/2010 01:00:00,       104.762731
12/12/2010 02:00:00,        88.729535
12/12/2010 03:00:00,        79.419991
12/12/2010 04:00:00,        78.753447
12/12/2010 05:00:00,        77.001151
12/12/2010 06:00:00,        76.866749
12/12/2010 07:00:00,        77.025409
12/12/2010 08:00:00,       145.864646
12/12/2010 09:00:00,       190.712173
12/12/2010 10:00:00,       217.124436
12/12/2010 11:00:00,       278.024510
12/12/2010 12:00:00,       191.393617
12/12/2010 13:00:00,        40.978789
12/12/2010 14:00:00,       190.636904
12/12/2010 15:00:00,       291.702076
12/12/2010 16:00:00,       260.751944
12/12/2010 17:00:00,       217.010015
12/12/2010 18:00:00,       220.257100
12/12/2010 19:00:00,       169.035404
12/12/2010 20:00:00,       168.978007
12/12/2010 21:00:00,       268.632694
12/12/2010 22:00:00,       343.465917
12/12/2010 23:00:00,       351.613027
12/13/2010 00:00:00,       351.336168
12/13/2010 01:00:00,       350.636964
12/13/2010 02:00:00,       349.907252
12/13/2010 03:00:00,       350.206156
12/13/2010 04:00:00,       350.443361
12/13/2010 05:00:00,       349.580236
12/13/2010 06:00:00,       346.079988
12/13/2010 07:00:00,       323.668351
12/13/2010 08:00:00,       230.096486
12/13/2010 09:00:00,       112.462834
12/13/2010 10:00:00,        89.559400
12/13/2010 11:00:00,       136.095701
12/13/2010 12:00:00,       104.882814
12/13/2010 13:00:00,        61.603963
12/13/2010 14:00:00,        56.101438
12/13/2010 15:00:00,        83.160099
12/13/2010 16:00:00,       151.569787
12/13/2010 17:00:00,       257.918769
12/13/2010 18:00:00,       294.013158
12/13/2010 19:00:00,       301.615431
12/13/2010 20:00:00,       305.443672
12/13/2010 21:00:00,       286.202731
12/13/2010 22:00:00,       272.153898
12/13/2010 23:00:00,       289.759924
12/14/2010 00:00:00,       324.470500
12/14/2010 01:00:00,       329.538603
12/14/2010 02:00:00,       329.679720
12/14/2010 03:00:00,       349.578073
12/14/2010 04:00:00,       348.623823
12/14/2010 05:00:00,       342.626491
12/14/2010 06:00:00,       342.913666
12/14/2010 07:00:00,       349.150456
12/14/2010 08:00:00,       313.776039
12/14/2010 09:00:00,       261.385393
12/14/2010 10:00:00,       279.463001
12/14/2010 11:00:00,       295.294382
12/14/2010 12:00:00,       323.548029
12/14/2010 13:00:00,       337.489234
12/14/2010 14:00:00,       349.380710
12/14/2010 15:00:00,       348.208508
12/14/2010 16:00:00,       346.487891
12/14/2010 17:00:00,       343.009992
12/14/2010 18:00:00,       328.499368
12/14/2010 19:00:00,       248.063138
12/14/2010 20:00:00,       217.325848
12/14/2010 21:00:00,       333.866732
12/14/2010 22:00:00,       351.940320
12/14/2010 23:00:00,       351.950443
12/15/2010 00:00:00,       350.903190
12/15/2010 01:00:00,       349.024633
12/15/2010 02:00:00,       345.939952
12/15/2010 03:00:00,       349.561089
12/15/2010 04:00:00,       304.789717
12/15/2010 05:00:00,       288.179350
12/15/2010 06:00:00,       348.110675
12/15/2010 07:00:00,       350.386324
12/15/2010 08:00:00,       350.125393
12/15/2010 09:00:00,       350.757642
12/15/2010 10:00:00,       345.686184
12/15/2010 11:00:00,       336.763488
12/15/2010 12:00:00,       347.457232
12/15/2010 13:00:00,       323.303429
12/15/2010 14:00:00,       279.631002
12/15/2010 15:00:00,       308.947485
12/15/2010 16:00:00,       312.774629
12/15/2010 17:00:00,       327.231589
12/15/2010 18:00:00,       350.243103
12/15/2010 19:00:00,       350.847895
12/15/2010 20:00:00,       349.993060
12/15/2010 21:00:00,       345.548061
12/15/2010 22:00:00,       342.464092
12/15/2010 23:00:00,       338.667044
12/16/2010 00:00:00,       325.859197
12/16/2010 01:00:00,       324.912781
12/16/2010 02:00:00,       333.220647
12/16/2010 03:00:00,       331.183186
12/16/2010 04:00:00,       312.859613
12/16/2010 05:00:00,       294.795283
12/16/2010 06:00:00,       314.534027
12/16/2010 07:00:00,       306.101847
12/16/2010 08:00:00,       288.350909
12/16/2010 09:00:00,       271.762656
12/16/2010 10:00:00,       232.790068
12/16/2010 11:00:00,       223.276799
12/16/2010 12:00:00,       237.294831
12/16/2010 13:00:00,       197.510341
12/16/2010 14:00:00,       154.904154
12/16/2010 15:00:00,       146.747775
12/16/2010 16:00:00,       101.066850
12/16/2010 17:00:00,        26.414653
12/16/2010 18:00:00,        12.278705
12/16/2010 19:00:00,        21.186434
12/16/2010 20:00:00,         8.346403
12/16/2010 21:00:00,         0.434993
12/16/2010 22:00:00,         0.000000
12/16/2010 23:00:00,         0.377095
12/17/2010 00:00:00,         4.198838
12/17/2010 01:00:00,        18.605729
12/17/2010 02:00:00,        33.368813
12/17/2010 03:00:00,        52.409705
12/17/2010 04:00:00,        47.835211
12/17/2010 05:00:00,        31.414646
12/17/2010 06:00:00,        16.812834
12/17/2010 07:00:00,         9.309557
12/17/2010 08:00:00,         6.040472
12/17/2010 09:00:00,         6.543836
12/17/2010 10:00:00,         8.824325
12/17/2010 11:00:00,        13.142583
12/17/2010 12:00:00,        20.175960
12/17/2010 13:00:00,        25.716111
12/17/2010 14:00:00,        35.315942
12/17/2010 15:00:00,        47.503796
12/17/2010 16:00:00,        52.873110
12/17/2010 17:00:00,        43.874709
12/17/2010 18:00:00,        30.842866
12/17/2010 19:00:00,        23.157929
12/17/2010 20:00:00,        27.207360
12/17/2010 21:00:00,        33.329762
12/17/2010 22:00:00,        54.464117
12/17/2010 23:00:00,        67.606145
12/18/2010 00:00:00,        69.302071
12/18/2010 01:00:00,        65.342543
12/18/2010 02:00:00,        54.484384
12/18/2010 03:00:00,        93.426171
12/18/2010 04:00:00,        82.741203
12/18/2010 05:00:00,        64.238001
12/18/2010 06:00:00,        56.157649
12/18/2010 07:00:00,        52.975888
12/18/2010 08:00:00,        55.399382
12/18/2010 09:00:00,        62.002269
12/18/2010 10:00:00,        77.789058
12/18/2010 11:00:00,        74.489911
12/18/2010 12:00:00,        69.259302
12/18/2010 13:00:00,        73.945784
12/18/2010 14:00:00,        74.648348
12/18/2010 15:00:00,        67.401890
12/18/2010 16:00:00,        60.314793
12/18/2010 17:00:00,        53.014926
12/18/2010 18:00:00,        40.038537
12/18/2010 19:00:00,        32.929515
12/18/2010 20:00:00,        30.678871
12/18/2010 21:00:00,        30.261622
12/18/2010 22:00:00,        26.383792
12/18/2010 23:00:00,        20.182624
12/19/2010 00:00:00,        14.904734
12/19/2010 01:00:00,         7.066590
12/19/2010 02:00:00,         2.831101
12/19/2010 03:00:00,         3.946292
12/19/2010 04:00:00,         2.689915
12/19/2010 05:00:00,         1.470372
12/19/2010 06:00:00,         2.452081
12/19/2010 07:00:00,         7.844498
12/19/2010 08:00:00,        10.370504
12/19/2010 09:00:00,        12.308246
12/19/2010 10:00:00,        15.232364
12/19/2010 11:00:00,        18.489477
12/19/2010 12:00:00,        24.419679
12/19/2010 13:00:00,        25.327768
12/19/2010 14:00:00,        24.181553
12/19/2010 15:00:00,        23.063764
12/19/2010 16:00:00,        21.902903
12/19/2010 17:00:00,        26.106432
12/19/2010 18:00:00,        25.372684
12/19/2010 19:00:00,        29.718495
12/19/2010 20:00:00,        24.240155
12/19/2010 21:00:00,        14.748557
12/19/2010 22:00:00,         7.394451
12/19/2010 23:00:00,         7.272499
12/20/2010 00:00:00,         7.095269
12/20/2010 01:00:00,         5.964156
12/20/2010 02:00:00,         2.345525
12/20/2010 03:00:00,         4.489387
12/20/2010 04:00:00,         3.689892
12/20/2010 05:00:00,         2.108180
12/20/2010 06:00:00,         1.564153
12/20/2010 07:00:00,         0.830537
12/20/2010 08:00:00,         1.205938
12/20/2010 09:00:00,         1.271544
12/20/2010 10:00:00,         1.610907
12/20/2010 11:00:00,         1.910937
12/20/2010 12:00:00,         1.473589
12/20/2010 13:00:00,         1.877836
12/20/2010 14:00:00,         7.031736
12/20/2010 15:00:00,        24.115440
12/20/2010 16:00:00,        56.144844
12/20/2010 17:00:00,       110.277244
12/20/2010 18:00:00,       155.089281
12/20/2010 19:00:00,       150.916919
12/20/2010 20:00:00,       128.431230
12/20/2010 21:00:00,        90.277502
12/20/2010 22:00:00,        99.664358
12/20/2010 23:00:00,       133.836957
12/21/2010 00:00:00,       163.886399
12/21/2010 01:00:00,       195.449407
12/21/2010 02:00:00,       250.627632
12/21/2010 03:00:00,       255.940898
12/21/2010 04:00:00,       241.599144
12/21/2010 05:00:00,       273.040474
12/21/2010 06:00:00,       293.729475
12/21/2010 07:00:00,       278.918439
12/21/2010 08:00:00,       263.222029
12/21/2010 09:00:00,       248.015026
12/21/2010 10:00:00,       232.540432
12/21/2010 11:00:00,       188.160972
12/21/2010 12:00:00,       144.518209
12/21/2010 13:00:00,       155.103530
12/21/2010 14:00:00,       247.680465
12/21/2010 15:00:00,       286.582009
12/21/2010 16:00:00,       264.780602
12/21/2010 17:00:00,       246.740885
12/21/2010 18:00:00,       267.379820
12/21/2010 19:00:00,       241.661878
12/21/2010 20:00:00,       178.475039
12/21/2010 21:00:00,       190.828695
12/21/2010 22:00:00,       220.109117
12/21/2010 23:00:00,       195.515568
12/22/2010 00:00:00,       170.610534
12/22/2010 01:00:00,       141.059176
12/22/2010 02:00:00,       123.157568
12/22/2010 03:00:00,       136.133148
12/22/2010 04:00:00,       150.459153
12/22/2010 05:00:00,       217.971035
12/22/2010 06:00:00,       189.243642
12/22/2010 07:00:00,       149.470752
12/22/2010 08:00:00,       168.304593
12/22/2010 09:00:00,       184.409795
12/22/2010 10:00:00,       218.911842
12/22/2010 11:00:00,       251.241498
12/22/2010 12:00:00,       269.282521
12/22/2010 13:00:00,       278.108233
12/22/2010 14:00:00,       265.594200
12/22/2010 15:00:00,       234.975749
12/22/2010 16:00:00,       209.386389
12/22/2010 17:00:00,       189.574277
12/22/2010 18:00:00,       163.084126
12/22/2010 19:00:00,       132.224997
12/22/2010 20:00:00,        92.047570
12/22/2010 21:00:00,        89.574887
12/22/2010 22:00:00,        93.725934
12/22/2010 23:00:00,        84.102238
12/23/2010 00:00:00,        68.599269
12/23/2010 01:00:00,        61.705426
12/23/2010 02:00:00,        58.052812
12/23/2010 03:00:00,        68.904423
12/23/2010 04:00:00,        91.019446
12/23/2010 05:00:00,        86.447096
12/23/2010 06:00:00,        68.195209
12/23/2010 07:00:00,        80.644214
12/23/2010 08:00:00,        73.633864
12/23/2010 09:00:00,        52.880071
12/23/2010 10:00:00,        90.345175
12/23/2010 11:00:00,       124.963551
12/23/2010 12:00:00,       119.085343
12/23/2010 13:00:00,        94.530749
12/23/2010 14:00:00,       129.061040
12/23/2010 15:00:00,       188.273770
12/23/2010 16:00:00,       245.918824
12/23/2010 17:00:00,       318.639387
12/23/2010 18:00:00,       344.166876
12/23/2010 19:00:00,       334.412529
12/23/2010 20:00:00,       254.665735
12/23/2010 21:00:00,       202.057691
12/23/2010 22:00:00,       232.985360
12/23/2010 23:00:00,       242.650250
12/24/2010 00:00:00,       250.583021
12/24/2010 01:00:00,       257.466336
12/24/2010 02:00:00,       276.386709
12/24/2010 03:00:00,       293.389433
12/24/2010 04:00:00,       301.133674
12/24/2010 05:00:00,       298.728319
12/24/2010 06:00:00,       290.782782
12/24/2010 07:00:00,       251.589217
12/24/2010 08:00:00,       184.522509
12/24/2010 09:00:00,       101.177035
12/24/2010 10:00:00,        35.011223
12/24/2010 11:00:00,         4.579872
12/24/2010 12:00:00,         2.537788
12/24/2010 13:00:00,         2.590706
12/24/2010 14:00:00,        17.482083
12/24/2010 15:00:00,        42.853214
12/24/2010 16:00:00,        22.361184
12/24/2010 17:00:00,        55.151181
12/24/2010 18:00:00,       162.281960
12/24/2010 19:00:00,       267.351717
12/24/2010 20:00:00,       291.579484
12/24/2010 21:00:00,       296.342747
12/24/2010 22:00:00,       313.140790
12/24/2010 23:00:00,       336.750798
12/25/2010 00:00:00,       337.008273
12/25/2010 01:00:00,       328.971441
12/25/2010 02:00:00,       327.319876
12/25/2010 03:00:00,       334.536593
12/25/2010 04:00:00,       342.700389
12/25/2010 05:00:00,       344.307996
12/25/2010 06:00:00,       346.201296
12/25/2010 07:00:00,       340.472671
12/25/2010 08:00:00,       330.740109
12/25/2010 09:00:00,       310.699190
12/25/2010 10:00:00,       278.032873
12/25/2010 11:00:00,       249.917818
12/25/2010 12:00:00,       275.854477
12/25/2010 13:00:00,       300.830893
12/25/2010 14:00:00,       274.672551
12/25/2010 15:00:00,       202.243875
12/25/2010 16:00:00,       154.491248
12/25/2010 17:00:00,       131.236075
12/25/2010 18:00:00,       106.071280
12/25/2010 19:00:00,        77.172854
12/25/2010 20:00:00,        73.323733
12/25/2010 21:00:00,       104.037574
12/25/2010 22:00:00,       132.721507
12/25/2010 23:00:00,       132.562659
12/26/2010 00:00:00,        80.767939
12/26/2010 01:00:00,        47.351825
12/26/2010 02:00:00,        40.905323
12/26/2010 03:00:00,        34.201804
12/26/2010 04:00:00,        51.862801
12/26/2010 05:00:00,        97.574521
12/26/2010 06:00:00,       136.066925
12/26/2010 07:00:00,       181.084164
12/26/2010 08:00:00,       190.107388
12/26/2010 09:00:00,       208.059130
12/26/2010 10:00:00,       194.377246
12/26/2010 11:00:00,       304.497435
12/26/2010 12:00:00,       346.554862
12/26/2010 13:00:00,       345.829898
12/26/2010 14:00:00,       338.602657
12/26/2010 15:00:00,       348.214235
12/26/2010 16:00:00,       333.764219
12/26/2010 17:00:00,       317.223243
12/26/2010 18:00:00,       302.324954
12/26/2010 19:00:00,       300.673961
12/26/2010 20:00:00,       298.300887
12/26/2010 21:00:00,       328.997270
12/26/2010 22:00:00,       326.837476
12/26/2010 23:00:00,       323.640855
12/27/2010 00:00:00,       321.276616
12/27/2010 01:00:00,       337.312757
12/27/2010 02:00:00,       346.573286
12/27/2010 03:00:00,       350.967458
12/27/2010 04:00:00,       351.832364
12/27/2010 05:00:00,       351.778028
12/27/2010 06:00:00,       351.913169
12/27/2010 07:00:00,       351.897635
12/27/2010 08:00:00,       351.897080
12/27/2010 09:00:00,       351.262514
12/27/2010 10:00:00,       351.206416
12/27/2010 11:00:00,       348.664817
12/27/2010 12:00:00,       350.263958
12/27/2010 13:00:00,       351.188750
12/27/2010 14:00:00,       351.462474
12/27/2010 15:00:00,       351.703683
12/27/2010 16:00:00,       351.524877
12/27/2010 17:00:00,       350.870939
12/27/2010 18:00:00,       351.515889
12/27/2010 19:00:00,       351.779735
12/27/2010 20:00:00,       351.805482
12/27/2010 21:00:00,       351.650309
12/27/2010 22:00:00,       351.481456
12/27/2010 23:00:00,       351.764639
12/28/2010 00:00:00,       351.917786
12/28/2010 01:00:00,       351.652833
12/28/2010 02:00:00,       351.702775
12/28/2010 03:00:00,       349.285254
12/28/2010 04:00:00,       351.084205
12/28/2010 05:00:00,       350.593194
12/28/2010 06:00:00,       342.404143
12/28/2010 07:00:00,       316.973362
12/28/2010 08:00:00,       326.372317
12/28/2010 09:00:00,       332.171799
12/28/2010 10:00:00,       325.376151
12/28/2010 11:00:00,       282.375086
12/28/2010 12:00:00,       227.437049
12/28/2010 13:00:00,       256.991808
12/28/2010 14:00:00,       334.297839
12/28/2010 15:00:00,       341.744754
12/28/2010 16:00:00,       344.868385
12/28/2010 17:00:00,       347.216977
12/28/2010 18:00:00,       350.904122
12/28/2010 19:00:00,       351.519617
12/28/2010 20:00:00,       349.485919
12/28/2010 21:00:00,       339.358838
12/28/2010 22:00:00,       308.285546
12/28/2010 23:00:00,       307.588942
12/29/2010 00:00:00,       275.455424
12/29/2010 01:00:00,       274.454930
12/29/2010 02:00:00,       216.742847
12/29/2010 03:00:00,        67.749723
12/29/2010 04:00:00,        61.094540
12/29/2010 05:00:00,        79.413774
12/29/2010 06:00:00,        83.927461
12/29/2010 07:00:00,       107.759882
12/29/2010 08:00:00,        85.030188
12/29/2010 09:00:00,        88.951094
12/29/2010 10:00:00,        40.362715
12/29/2010 11:00:00,        17.475474
12/29/2010 12:00:00,        40.419030
12/29/2010 13:00:00,        48.525821
12/29/2010 14:00:00,        59.348791
12/29/2010 15:00:00,        56.789694
12/29/2010 16:00:00,        43.660316
12/29/2010 17:00:00,        41.878594
12/29/2010 18:00:00,        48.593839
12/29/2010 19:00:00,        47.729026
12/29/2010 20:00:00,        52.025581
12/29/2010 21:00:00,        50.725202
12/29/2010 22:00:00,        48.821973
12/29/2010 23:00:00,        36.327031
12/30/2010 00:00:00,        34.247827
12/30/2010 01:00:00,        27.224185
12/30/2010 02:00:00,        22.430033
12/30/2010 03:00:00,        19.587774
12/30/2010 04:00:00,        14.715909
12/30/2010 05:00:00,         9.597147
12/30/2010 06:00:00,         6.987878
12/30/2010 07:00:00,         3.868205
12/30/2010 08:00:00,         3.389075
12/30/2010 09:00:00,         1.718459
12/30/2010 10:00:00,         1.329007
12/30/2010 11:00:00,         1.214824
12/30/2010 12:00:00,         0.995639
12/30/2010 13:00:00,         1.625978
12/30/2010 14:00:00,         2.479449
12/30/2010 15:00:00,         2.752710
12/30/2010 16:00:00,         2.284355
12/30/2010 17:00:00,         1.977013
12/30/2010 18:00:00,         2.031871
12/30/2010 19:00:00,         1.841055
12/30/2010 20:00:00,         1.100330
12/30/2010 21:00:00,         0.819543
12/30/2010 22:00:00,         0.847817
12/30/2010 23:00:00,         0.831241
12/31/2010 00:00:00,         1.076644
12/31/2010 01:00:00,         0.992464
12/31/2010 02:00:00,         0.364983
12/31/2010 03:00:00,         0.266036
12/31/2010 04:00:00,         0.133969
12/31/2010 05:00:00,         0.214855
12/31/2010 06:00:00,         2.459419
12/31/2010 07:00:00,        13.143003
12/31/2010 08:00:00,        38.658127
12/31/2010 09:00:00,        80.287094
12/31/2010 10:00:00,       159.646203
12/31/2010 11:00:00,       237.365825
12/31/2010 12:00:00,       277.127292
12/31/2010 13:00:00,       303.215385
12/31/2010 14:00:00,       318.059524
12/31/2010 15:00:00,       316.990912
12/31/2010 16:00:00,       247.575490
12/31/2010 17:00:00,       125.987404
12/31/2010 18:00:00,       107.030237
12/31/2010 19:00:00,        58.287637
12/31/2010 20:00:00,        29.754482
12/31/2010 21:00:00,        17.256337
12/31/2010 22:00:00,        21.401248
12/31/2010 23:00:00,        53.435433
